# Blender 4.5.4 LTS
# www.blender.org
mtllib barrel_stove_4ka.mtl
o barrel_stove
v -0.000000 0.853872 -0.295000
v 0.028915 0.853872 -0.293580
v 0.057552 0.853872 -0.289332
v 0.085634 0.853872 -0.282298
v 0.112892 0.853872 -0.272545
v 0.139062 0.853872 -0.260167
v 0.163893 0.853872 -0.245284
v 0.187146 0.853872 -0.228038
v 0.208597 0.853872 -0.208597
v 0.228038 0.853872 -0.187146
v 0.245284 0.853872 -0.163893
v 0.260167 0.853872 -0.139062
v 0.272544 0.853872 -0.112892
v 0.282297 0.853872 -0.085634
v 0.289332 0.853872 -0.057552
v 0.293580 0.853872 -0.028915
v 0.295000 0.853872 -0.000000
v 0.293580 0.853872 0.028915
v 0.289332 0.853872 0.057552
v 0.282297 0.853872 0.085634
v 0.272544 0.853872 0.112892
v 0.260167 0.853872 0.139062
v 0.245284 0.853872 0.163893
v 0.228038 0.853872 0.187146
v 0.208597 0.853872 0.208596
v 0.187146 0.853872 0.228038
v 0.163893 0.853872 0.245283
v 0.139062 0.853872 0.260167
v 0.112892 0.853872 0.272544
v 0.085634 0.853872 0.282297
v 0.057552 0.853872 0.289332
v 0.028915 0.853872 0.293579
v -0.000000 0.853872 0.295000
v -0.028915 0.853872 0.293579
v -0.057552 0.853872 0.289332
v -0.085634 0.853872 0.282297
v -0.112892 0.853872 0.272544
v -0.139062 0.853872 0.260167
v -0.163893 0.853872 0.245283
v -0.187146 0.853872 0.228038
v -0.208597 0.853872 0.208596
v -0.228038 0.853872 0.187146
v -0.245284 0.853872 0.163893
v -0.260167 0.853872 0.139062
v -0.272544 0.853872 0.112892
v -0.282297 0.853872 0.085634
v -0.289332 0.853872 0.057552
v -0.293580 0.853872 0.028915
v -0.295000 0.853872 -0.000000
v -0.293580 0.853872 -0.028915
v -0.289332 0.853872 -0.057552
v -0.282297 0.853872 -0.085634
v -0.272544 0.853872 -0.112892
v -0.260167 0.853872 -0.139062
v -0.245284 0.853872 -0.163893
v -0.228038 0.853872 -0.187146
v -0.208597 0.853872 -0.208597
v -0.187146 0.853872 -0.228038
v -0.163893 0.853872 -0.245284
v -0.139062 0.853872 -0.260167
v -0.112892 0.853872 -0.272545
v -0.085634 0.853872 -0.282298
v -0.057552 0.853872 -0.289332
v -0.028915 0.853872 -0.293580
v -0.028260 0.000000 -0.286929
v -0.056248 0.000000 -0.282778
v -0.083694 0.000000 -0.275903
v -0.110334 0.000000 -0.266371
v -0.135912 0.000000 -0.254274
v -0.160181 0.000000 -0.239727
v -0.182907 0.000000 -0.222873
v -0.203871 0.000000 -0.203871
v -0.222873 0.000000 -0.182907
v -0.239727 0.000000 -0.160181
v -0.254273 0.000000 -0.135912
v -0.266371 0.000000 -0.110335
v -0.275903 0.000000 -0.083694
v -0.282778 0.000000 -0.056248
v -0.286929 0.000000 -0.028260
v -0.288318 0.000000 -0.000000
v -0.286929 0.000000 0.028260
v -0.282778 0.000000 0.056248
v -0.275903 0.000000 0.083694
v -0.266371 0.000000 0.110334
v -0.254273 0.000000 0.135912
v -0.239727 0.000000 0.160181
v -0.222873 0.000000 0.182907
v -0.203871 0.000000 0.203871
v -0.182907 0.000000 0.222872
v -0.160181 0.000000 0.239727
v -0.135912 0.000000 0.254273
v -0.110334 0.000000 0.266371
v -0.083694 0.000000 0.275903
v -0.056248 0.000000 0.282778
v -0.028260 0.000000 0.286929
v -0.000000 0.000000 0.288317
v 0.028260 0.000000 0.286929
v 0.056248 0.000000 0.282778
v 0.083694 0.000000 0.275903
v 0.110334 0.000000 0.266371
v 0.135912 0.000000 0.254273
v 0.160181 0.000000 0.239727
v 0.182907 0.000000 0.222872
v 0.203871 0.000000 0.203871
v 0.222873 0.000000 0.182907
v 0.239727 0.000000 0.160181
v 0.254273 0.000000 0.135912
v 0.266371 0.000000 0.110334
v 0.275903 0.000000 0.083694
v 0.282778 0.000000 0.056248
v 0.286929 0.000000 0.028260
v 0.288318 0.000000 -0.000000
v 0.286929 0.000000 -0.028260
v 0.282778 0.000000 -0.056248
v 0.275903 0.000000 -0.083694
v 0.266371 0.000000 -0.110335
v 0.254273 0.000000 -0.135912
v 0.239727 0.000000 -0.160181
v 0.222873 0.000000 -0.182907
v 0.203871 0.000000 -0.203871
v 0.182907 0.000000 -0.222873
v 0.160181 0.000000 -0.239727
v 0.135912 0.000000 -0.254274
v 0.110334 0.000000 -0.266371
v 0.083694 0.000000 -0.275903
v 0.056248 0.000000 -0.282778
v 0.028260 0.000000 -0.286929
v -0.000000 0.000000 -0.288318
v -0.000000 0.846147 -0.290765
v 0.028500 0.846147 -0.289365
v 0.056725 0.846147 -0.285178
v 0.084404 0.846147 -0.278245
v 0.111271 0.846147 -0.268632
v 0.137066 0.846147 -0.256432
v 0.161540 0.846147 -0.241762
v 0.184459 0.846147 -0.224764
v 0.205602 0.846147 -0.205602
v 0.224764 0.846147 -0.184459
v 0.241762 0.846147 -0.161540
v 0.256431 0.846147 -0.137066
v 0.268631 0.846147 -0.111271
v 0.278244 0.846147 -0.084405
v 0.285178 0.846147 -0.056725
v 0.289364 0.846147 -0.028500
v 0.290765 0.846147 -0.000000
v 0.289364 0.846147 0.028500
v 0.285178 0.846147 0.056725
v 0.278244 0.846147 0.084404
v 0.268631 0.846147 0.111271
v 0.256431 0.846147 0.137065
v 0.241762 0.846147 0.161540
v 0.224764 0.846147 0.184459
v 0.205602 0.846147 0.205602
v 0.184459 0.846147 0.224764
v 0.161540 0.846147 0.241762
v 0.137066 0.846147 0.256431
v 0.111271 0.846147 0.268631
v 0.084404 0.846147 0.278244
v 0.056725 0.846147 0.285178
v 0.028500 0.846147 0.289364
v -0.000000 0.846147 0.290764
v -0.028500 0.846147 0.289364
v -0.056725 0.846147 0.285178
v -0.084404 0.846147 0.278244
v -0.111271 0.846147 0.268631
v -0.137066 0.846147 0.256431
v -0.161540 0.846147 0.241762
v -0.184459 0.846147 0.224764
v -0.205602 0.846147 0.205602
v -0.224764 0.846147 0.184459
v -0.241762 0.846147 0.161540
v -0.256431 0.846147 0.137065
v -0.268631 0.846147 0.111271
v -0.278244 0.846147 0.084404
v -0.285178 0.846147 0.056725
v -0.289364 0.846147 0.028500
v -0.290765 0.846147 -0.000000
v -0.289364 0.846147 -0.028500
v -0.285178 0.846147 -0.056725
v -0.278244 0.846147 -0.084405
v -0.268631 0.846147 -0.111271
v -0.256431 0.846147 -0.137066
v -0.241762 0.846147 -0.161540
v -0.224764 0.846147 -0.184459
v -0.205602 0.846147 -0.205602
v -0.184459 0.846147 -0.224764
v -0.161540 0.846147 -0.241762
v -0.137066 0.846147 -0.256432
v -0.111271 0.846147 -0.268632
v -0.084404 0.846147 -0.278245
v -0.056725 0.846147 -0.285178
v -0.028500 0.846147 -0.289365
v -0.000037 0.293824 -0.292139
v -0.000012 0.281474 -0.293596
v 0.000005 0.287755 -0.294247
v 0.028728 0.281603 -0.291864
v 0.028497 0.293628 -0.290463
v 0.028791 0.287742 -0.292513
v 0.057215 0.281665 -0.287491
v 0.056868 0.293482 -0.286058
v 0.057265 0.287722 -0.288008
v 0.084922 0.281735 -0.280203
v 0.084561 0.293484 -0.278774
v 0.085115 0.287637 -0.280770
v 0.111931 0.281865 -0.270123
v 0.111331 0.293260 -0.268789
v 0.112167 0.287600 -0.270692
v 0.137673 0.282006 -0.257514
v 0.137127 0.293070 -0.256392
v 0.137983 0.287616 -0.258025
v 0.162191 0.282113 -0.242679
v 0.161504 0.293103 -0.241684
v 0.162503 0.287562 -0.243176
v 0.185313 0.282070 -0.225755
v 0.184505 0.293021 -0.224845
v 0.185742 0.287692 -0.226232
v 0.206644 0.281944 -0.206606
v 0.205793 0.293324 -0.205755
v 0.207178 0.287658 -0.207199
v 0.225916 0.281951 -0.185437
v 0.225277 0.293389 -0.184899
v 0.226630 0.287797 -0.186070
v 0.243222 0.281824 -0.162490
v 0.242504 0.293472 -0.162058
v 0.244024 0.287730 -0.163055
v 0.258161 0.281769 -0.137853
v 0.257397 0.293605 -0.137562
v 0.258864 0.287750 -0.138354
v 0.270242 0.281931 -0.111981
v 0.269800 0.293679 -0.111775
v 0.271357 0.287807 -0.112419
v 0.279617 0.282077 -0.084856
v 0.279516 0.293700 -0.084791
v 0.280960 0.287828 -0.085231
v 0.286408 0.282245 -0.057078
v 0.286411 0.293694 -0.056949
v 0.287678 0.287872 -0.057185
v 0.290207 0.282306 -0.028702
v 0.290300 0.293780 -0.028727
v 0.291628 0.287891 -0.028713
v 0.291193 0.282317 0.000054
v 0.291432 0.293507 -0.000034
v 0.292570 0.287882 -0.000004
v 0.289082 0.282677 0.028402
v 0.289591 0.293310 0.028512
v 0.290463 0.287867 0.028549
v 0.284139 0.282927 0.056617
v 0.284699 0.293176 0.056488
v 0.285433 0.288015 0.056644
v 0.276505 0.283340 0.083874
v 0.277024 0.293170 0.084073
v 0.277502 0.288198 0.083991
v 0.266432 0.283382 0.110348
v 0.267091 0.293042 0.110572
v 0.267543 0.288236 0.110862
v 0.254250 0.283476 0.135720
v 0.254906 0.292818 0.136197
v 0.255326 0.288335 0.136480
v 0.239670 0.283080 0.160033
v 0.240219 0.293072 0.160528
v 0.240563 0.288397 0.160785
v 0.223053 0.282862 0.182082
v 0.223269 0.292774 0.183052
v 0.223490 0.288181 0.183650
v 0.203501 0.283573 0.203468
v 0.204304 0.293021 0.204304
v 0.204573 0.288659 0.204533
v 0.182539 0.283236 0.222206
v 0.183271 0.293336 0.223191
v 0.183374 0.288760 0.223454
v 0.159605 0.283635 0.238749
v 0.160315 0.293276 0.240026
v 0.160371 0.288646 0.240256
v 0.135503 0.284369 0.252754
v 0.135925 0.293356 0.254402
v 0.136155 0.288904 0.254323
v 0.109677 0.284585 0.264152
v 0.110090 0.293615 0.265729
v 0.110321 0.288775 0.265676
v 0.082984 0.285285 0.273209
v 0.083703 0.293230 0.274345
v 0.083283 0.289656 0.274489
v 0.055630 0.284894 0.278923
v 0.055294 0.293355 0.280348
v 0.056056 0.289066 0.280329
v 0.028054 0.285399 0.282587
v 0.028666 0.292924 0.283770
v 0.027910 0.288999 0.283857
v -0.000289 0.284561 0.283535
v 0.000341 0.292804 0.284706
v -0.000044 0.288544 0.284816
v -0.027779 0.284483 0.282420
v -0.028291 0.292754 0.283664
v -0.027847 0.288584 0.283563
v -0.056417 0.284483 0.278618
v -0.056918 0.292754 0.279605
v -0.057208 0.288403 0.279861
v -0.083086 0.283949 0.273102
v -0.083137 0.293113 0.274443
v -0.083073 0.288568 0.274619
v -0.108941 0.284294 0.264844
v -0.110286 0.292958 0.265936
v -0.110489 0.288616 0.265887
v -0.135767 0.284052 0.253333
v -0.136323 0.293289 0.254665
v -0.136559 0.288488 0.254766
v -0.160830 0.283845 0.239805
v -0.160981 0.293502 0.241130
v -0.161298 0.288134 0.241101
v -0.183904 0.283080 0.223870
v -0.184827 0.293552 0.224881
v -0.184996 0.288087 0.225184
v -0.205831 0.282649 0.205647
v -0.206614 0.293893 0.206506
v -0.206885 0.288116 0.206931
v -0.225988 0.282086 0.185083
v -0.226382 0.294055 0.185798
v -0.227083 0.288083 0.186315
v -0.243627 0.281723 0.162764
v -0.243946 0.294227 0.162997
v -0.245199 0.287870 0.163836
v -0.259311 0.281355 0.138609
v -0.259523 0.294452 0.138710
v -0.260606 0.287850 0.139300
v -0.271616 0.281354 0.112506
v -0.272060 0.294583 0.112647
v -0.272952 0.287836 0.113086
v -0.280953 0.281521 0.085225
v -0.281671 0.294559 0.085424
v -0.282856 0.287790 0.085794
v -0.287464 0.281766 0.057167
v -0.288055 0.294341 0.057297
v -0.289175 0.287875 0.057519
v -0.290636 0.281784 0.028644
v -0.290772 0.293863 0.028788
v -0.292067 0.287862 0.028882
v -0.290526 0.282376 0.000313
v -0.290406 0.293117 0.000198
v -0.291672 0.287826 0.000201
v -0.287425 0.283281 -0.027816
v -0.287249 0.292290 -0.027203
v -0.288282 0.287802 -0.027891
v -0.281460 0.283508 -0.055601
v -0.281095 0.291602 -0.055258
v -0.281996 0.287362 -0.055806
v -0.273588 0.283357 -0.082640
v -0.272385 0.290808 -0.083402
v -0.273529 0.286983 -0.083449
v -0.264207 0.284105 -0.109619
v -0.263567 0.291506 -0.109856
v -0.264502 0.287476 -0.109625
v -0.252501 0.283483 -0.135423
v -0.252319 0.291766 -0.135132
v -0.253021 0.287558 -0.135545
v -0.238928 0.283395 -0.159545
v -0.238792 0.291830 -0.159375
v -0.239137 0.287788 -0.160121
v -0.222561 0.283090 -0.183140
v -0.222447 0.292177 -0.182675
v -0.223105 0.287838 -0.183541
v -0.204322 0.282981 -0.204407
v -0.203931 0.292376 -0.204106
v -0.204810 0.287644 -0.205055
v -0.183775 0.282808 -0.224416
v -0.183423 0.292511 -0.223781
v -0.184245 0.287705 -0.224794
v -0.161629 0.282556 -0.241936
v -0.161045 0.292941 -0.241197
v -0.161952 0.287542 -0.242567
v -0.137426 0.282161 -0.257468
v -0.136873 0.293137 -0.256464
v -0.137770 0.287772 -0.258138
v -0.111967 0.281913 -0.270385
v -0.111473 0.293386 -0.269206
v -0.112301 0.287596 -0.271051
v -0.085123 0.281613 -0.280664
v -0.084741 0.293660 -0.279320
v -0.085353 0.287759 -0.281364
v -0.057274 0.281485 -0.288017
v -0.056986 0.293734 -0.286584
v -0.057423 0.287807 -0.288740
v -0.028798 0.281448 -0.292346
v -0.028646 0.293768 -0.290850
v -0.028845 0.287794 -0.292960
v -0.000001 0.310854 -0.286638
v 0.000004 0.268483 -0.287502
v 0.028124 0.268652 -0.285551
v 0.028060 0.310920 -0.285140
v 0.055835 0.268760 -0.281097
v 0.055932 0.310921 -0.280683
v 0.083138 0.268955 -0.274021
v 0.083042 0.310967 -0.273869
v 0.109417 0.269084 -0.264056
v 0.109320 0.310944 -0.263974
v 0.134628 0.269258 -0.251793
v 0.134377 0.311009 -0.251398
v 0.158742 0.269271 -0.237425
v 0.158069 0.310956 -0.236944
v 0.181354 0.269181 -0.220977
v 0.180670 0.311033 -0.220186
v 0.202382 0.268934 -0.202326
v 0.201437 0.310976 -0.201411
v 0.221428 0.268756 -0.181707
v 0.220294 0.311206 -0.181097
v 0.238491 0.268671 -0.159351
v 0.237286 0.310975 -0.158526
v 0.253144 0.268600 -0.135305
v 0.251947 0.310976 -0.134605
v 0.265058 0.268632 -0.109782
v 0.264113 0.310961 -0.109363
v 0.274264 0.268684 -0.083207
v 0.273651 0.310871 -0.082979
v 0.280807 0.268680 -0.055844
v 0.280426 0.310964 -0.055835
v 0.284581 0.268692 -0.027959
v 0.284045 0.310817 -0.027989
v 0.285531 0.268723 -0.000016
v 0.284988 0.310668 -0.000081
v 0.283664 0.268748 0.027898
v 0.282868 0.310768 0.027736
v 0.278706 0.268649 0.055291
v 0.277969 0.310514 0.055313
v 0.271021 0.268736 0.082123
v 0.270295 0.310300 0.081920
v 0.261304 0.268537 0.108229
v 0.260547 0.310232 0.107999
v 0.249475 0.268842 0.133131
v 0.248848 0.309812 0.132796
v 0.234976 0.268532 0.156885
v 0.235051 0.310718 0.156202
v 0.218224 0.268387 0.179175
v 0.218105 0.309265 0.179084
v 0.199718 0.268143 0.199751
v 0.199729 0.309356 0.199661
v 0.179144 0.267999 0.218074
v 0.179229 0.309106 0.218458
v 0.156670 0.267829 0.234391
v 0.157002 0.309110 0.235129
v 0.132719 0.267801 0.248206
v 0.133422 0.308773 0.249366
v 0.107417 0.268115 0.259147
v 0.108219 0.308567 0.260787
v 0.081413 0.267791 0.267674
v 0.081930 0.308337 0.268603
v 0.054635 0.267581 0.273848
v 0.054887 0.307569 0.274256
v 0.027258 0.267554 0.277557
v 0.027607 0.306765 0.277496
v -0.000176 0.267745 0.278683
v -0.000100 0.305965 0.278744
v -0.027536 0.267689 0.277759
v -0.027531 0.306444 0.277339
v -0.054689 0.267634 0.274547
v -0.054783 0.306885 0.274041
v -0.081392 0.267816 0.268350
v -0.081579 0.307513 0.268088
v -0.107627 0.268056 0.259470
v -0.107999 0.308734 0.259565
v -0.132938 0.268002 0.248390
v -0.133360 0.309287 0.249023
v -0.157236 0.268083 0.234948
v -0.157366 0.310397 0.235913
v -0.180338 0.268338 0.219460
v -0.180676 0.310344 0.220122
v -0.202093 0.268509 0.201888
v -0.202483 0.310914 0.202439
v -0.222168 0.268571 0.182351
v -0.221899 0.310775 0.182023
v -0.240362 0.268415 0.160841
v -0.239648 0.310589 0.160419
v -0.255731 0.268524 0.136562
v -0.254323 0.310673 0.135741
v -0.267179 0.268758 0.110787
v -0.266748 0.310728 0.110523
v -0.275986 0.268787 0.083603
v -0.276797 0.310912 0.084042
v -0.281533 0.268660 0.056014
v -0.283420 0.310632 0.056269
v -0.283818 0.268750 0.028106
v -0.285386 0.310867 0.028141
v -0.283868 0.268736 0.000221
v -0.284107 0.311244 0.000285
v -0.281338 0.269444 -0.027764
v -0.280408 0.312101 -0.026134
v -0.275567 0.269460 -0.054279
v -0.273945 0.313969 -0.054734
v -0.267962 0.269843 -0.081496
v -0.265477 0.311998 -0.079820
v -0.258665 0.269738 -0.107642
v -0.256904 0.312276 -0.104548
v -0.247678 0.269640 -0.132020
v -0.245035 0.310577 -0.131665
v -0.233827 0.269113 -0.155844
v -0.232280 0.311497 -0.155591
v -0.217519 0.269049 -0.178820
v -0.216963 0.311299 -0.178495
v -0.199892 0.270279 -0.199732
v -0.199148 0.311609 -0.199507
v -0.179823 0.270259 -0.219188
v -0.179404 0.311671 -0.218764
v -0.157832 0.269749 -0.236442
v -0.157621 0.311343 -0.235762
v -0.134443 0.269140 -0.251646
v -0.134188 0.311275 -0.250904
v -0.109572 0.268785 -0.264590
v -0.109191 0.311099 -0.263802
v -0.083393 0.268560 -0.274898
v -0.083020 0.310916 -0.274004
v -0.056146 0.268438 -0.282232
v -0.055976 0.310840 -0.281172
v -0.028183 0.268371 -0.286457
v -0.028106 0.310836 -0.285406
v -0.075159 0.409772 -0.259532
v 0.000105 0.549627 -0.288927
v -0.000001 0.575283 -0.292391
v -0.000079 0.562106 -0.293877
v 0.000011 0.569201 -0.294319
v 0.028198 0.549775 -0.287251
v 0.238593 0.410344 0.124914
v 0.028785 0.562208 -0.292309
v 0.028636 0.575254 -0.290783
v 0.028858 0.569190 -0.292703
v 0.056487 0.549915 -0.282713
v 0.225001 0.410161 0.147323
v 0.057087 0.562386 -0.287908
v 0.056950 0.575148 -0.286295
v 0.057327 0.569164 -0.288317
v 0.083617 0.550016 -0.275534
v 0.266292 0.410114 0.051469
v 0.085133 0.562393 -0.280422
v 0.084604 0.575012 -0.278937
v 0.085166 0.569118 -0.280820
v 0.110130 0.550186 -0.265484
v 0.209291 0.410080 0.168361
v 0.112022 0.562544 -0.270352
v 0.111322 0.574799 -0.268809
v 0.112157 0.569010 -0.270759
v 0.135215 0.550352 -0.253083
v 0.227407 0.410164 -0.150404
v 0.137733 0.562706 -0.257644
v 0.136928 0.574674 -0.256214
v 0.137927 0.568922 -0.258057
v 0.159121 0.550605 -0.238135
v 0.028446 0.412518 0.258595
v 0.162095 0.562853 -0.242597
v 0.161268 0.574575 -0.241319
v 0.162355 0.568890 -0.243015
v 0.181410 0.550762 -0.221050
v 0.056175 0.409799 -0.266036
v 0.184892 0.562943 -0.225293
v 0.184034 0.574551 -0.224288
v 0.185269 0.568849 -0.225783
v 0.202046 0.550876 -0.202045
v -0.236628 0.409685 0.127483
v 0.206021 0.562976 -0.206022
v 0.205165 0.574538 -0.205189
v 0.206530 0.568922 -0.206552
v 0.220836 0.550899 -0.181233
v -0.255892 0.409941 0.077899
v 0.225190 0.562995 -0.184808
v 0.224550 0.574657 -0.184303
v 0.225973 0.568945 -0.185478
v 0.237658 0.550833 -0.158798
v -0.263921 0.410193 0.025769
v 0.242354 0.562924 -0.161945
v 0.241762 0.574741 -0.161520
v 0.243255 0.568968 -0.162541
v 0.252210 0.550771 -0.134816
v -0.122816 0.410679 -0.237128
v 0.257323 0.562799 -0.137556
v 0.256705 0.574875 -0.137207
v 0.258332 0.568981 -0.138080
v 0.264513 0.550617 -0.109589
v 0.079828 0.412637 0.249615
v 0.270005 0.562778 -0.111871
v 0.269240 0.574973 -0.111527
v 0.270925 0.569011 -0.112232
v 0.274303 0.550589 -0.083244
v -0.230144 0.411359 -0.125299
v 0.279589 0.562697 -0.084880
v 0.279151 0.575082 -0.084680
v 0.280754 0.568980 -0.085190
v 0.281394 0.550577 -0.055954
v -0.201614 0.411176 -0.169021
v 0.286539 0.562696 -0.056991
v 0.286332 0.575174 -0.056954
v 0.288049 0.569022 -0.057305
v 0.285423 0.550347 -0.028286
v -0.023257 0.409428 -0.270817
v 0.290703 0.562687 -0.028571
v 0.290700 0.575243 -0.028630
v 0.292295 0.568981 -0.028810
v 0.286681 0.550577 -0.000004
v 0.152908 0.410377 -0.224502
v 0.291803 0.562825 0.000006
v 0.291992 0.575211 -0.000014
v 0.293348 0.569062 0.000060
v 0.284986 0.550667 0.028124
v 0.267884 0.410010 -0.053322
v 0.290088 0.562929 0.028571
v 0.290476 0.575165 0.028608
v 0.291697 0.568989 0.028739
v 0.280122 0.550898 0.055717
v 0.271551 0.409890 -0.027191
v 0.285297 0.563127 0.056736
v 0.285943 0.575029 0.056877
v 0.286936 0.569001 0.057061
v 0.272577 0.551037 0.082650
v 0.259122 0.410218 0.076777
v 0.277807 0.563333 0.084293
v 0.278576 0.574897 0.084474
v 0.279326 0.569038 0.084701
v 0.262742 0.551237 0.108833
v -0.249930 0.411343 -0.077439
v 0.267642 0.563587 0.110768
v 0.268702 0.574822 0.111297
v 0.269223 0.569164 0.111559
v 0.250521 0.551229 0.133887
v 0.081785 0.409938 -0.259329
v 0.255259 0.563643 0.136497
v 0.256392 0.574794 0.137017
v 0.256842 0.569206 0.137253
v 0.236138 0.551168 0.157754
v 0.241146 0.410096 -0.127808
v 0.240410 0.563648 0.160705
v 0.241685 0.574781 0.161495
v 0.242019 0.569321 0.161634
v 0.219510 0.551174 0.180175
v -0.167261 0.409805 0.206909
v 0.223506 0.563839 0.183315
v 0.224664 0.574764 0.184346
v 0.224881 0.569258 0.184583
v 0.200795 0.550907 0.200855
v -0.144772 0.411247 -0.222932
v 0.204325 0.563916 0.204306
v 0.205418 0.574737 0.205387
v 0.205621 0.569292 0.205618
v 0.180290 0.550774 0.219712
v -0.256959 0.411086 -0.052097
v 0.183219 0.563800 0.223248
v 0.184177 0.574751 0.224405
v 0.184382 0.569417 0.224725
v 0.157664 0.550903 0.235717
v 0.193654 0.410331 -0.190989
v 0.160271 0.563881 0.239570
v 0.161106 0.574449 0.240820
v 0.161193 0.569424 0.241087
v 0.133185 0.551199 0.247846
v -0.222606 0.409764 0.150408
v 0.135343 0.564677 0.252614
v 0.136119 0.574111 0.253948
v 0.135958 0.569495 0.254157
v 0.107391 0.553167 0.256584
v -0.048569 0.411611 0.256535
v 0.109229 0.566063 0.262513
v 0.110046 0.574032 0.263792
v 0.109997 0.570120 0.263851
v 0.081033 0.556909 0.264418
v 0.272588 0.410005 -0.000745
v 0.082816 0.566082 0.269627
v 0.082818 0.573781 0.270952
v 0.082882 0.570188 0.270940
v 0.056946 0.556674 0.269735
v 0.151286 0.409646 0.220429
v 0.057147 0.565719 0.274948
v 0.057137 0.571926 0.274024
v 0.057066 0.568756 0.275517
v 0.026051 0.557016 0.273635
v 0.055863 0.412381 0.255018
v 0.027693 0.566518 0.279007
v 0.027614 0.573623 0.279920
v 0.027563 0.569992 0.279875
v 0.001390 0.557928 0.275310
v -0.145506 0.409753 0.221738
v -0.000903 0.567666 0.281320
v -0.000179 0.573690 0.281901
v -0.000817 0.570156 0.281971
v -0.027276 0.555710 0.274111
v -0.049677 0.409741 -0.266619
v -0.028091 0.566775 0.280582
v -0.027987 0.573419 0.281701
v -0.027999 0.570260 0.281707
v -0.055404 0.554882 0.272230
v 0.249914 0.410208 0.101400
v -0.056406 0.565877 0.277815
v -0.055902 0.573613 0.279109
v -0.056192 0.569749 0.279189
v -0.081640 0.552550 0.267551
v 0.252536 0.410033 -0.103935
v -0.083552 0.565515 0.273058
v -0.083537 0.573755 0.274203
v -0.083508 0.569770 0.274434
v -0.108343 0.551400 0.260734
v 0.174045 0.410404 -0.208714
v -0.110108 0.564510 0.265505
v -0.110533 0.574134 0.266593
v -0.110827 0.569458 0.266938
v -0.134192 0.550958 0.250862
v 0.106621 0.410082 -0.249913
v -0.136418 0.563626 0.255129
v -0.136962 0.574679 0.256127
v -0.137270 0.569243 0.256590
v -0.158958 0.550832 0.237936
v 0.104527 0.410987 0.241889
v -0.161590 0.563177 0.241776
v -0.162157 0.575151 0.242712
v -0.162591 0.569051 0.243290
v -0.182114 0.550671 0.221892
v -0.099635 0.410168 -0.249546
v -0.185201 0.562944 0.225863
v -0.185890 0.575519 0.226580
v -0.186223 0.568927 0.226911
v -0.203376 0.550619 0.203487
v -0.165557 0.411668 -0.206588
v -0.206766 0.562570 0.206824
v -0.207745 0.575744 0.207824
v -0.208338 0.568722 0.208305
v -0.222786 0.550568 0.182956
v -0.241013 0.411484 -0.102178
v -0.226490 0.562481 0.185889
v -0.227268 0.575782 0.186442
v -0.228018 0.568760 0.187160
v -0.239756 0.550537 0.160378
v -0.261954 0.410905 -0.026715
v -0.243801 0.562362 0.162899
v -0.244160 0.575702 0.163134
v -0.245400 0.568881 0.164038
v -0.254234 0.550262 0.135864
v -0.247616 0.409903 0.103305
v -0.258479 0.562453 0.138109
v -0.258983 0.575681 0.138444
v -0.260043 0.568838 0.139118
v -0.266166 0.550449 0.110182
v -0.206076 0.409863 0.171133
v -0.270404 0.562487 0.111931
v -0.270781 0.575553 0.112139
v -0.272108 0.568948 0.112622
v -0.274955 0.550456 0.083333
v -0.098384 0.410047 0.243996
v -0.279485 0.562734 0.084737
v -0.279742 0.575319 0.084841
v -0.281095 0.568940 0.085180
v -0.280954 0.550686 0.055846
v -0.022513 0.412033 0.258935
v -0.285809 0.562959 0.056844
v -0.285778 0.574956 0.056850
v -0.287243 0.568984 0.057134
v -0.284184 0.550926 0.027986
v 0.172458 0.409655 0.205251
v -0.289227 0.563239 0.028488
v -0.288970 0.574574 0.028541
v -0.290474 0.568975 0.028632
v -0.284531 0.551225 0.000033
v 0.270913 0.410054 0.025609
v -0.289803 0.563524 0.000014
v -0.289377 0.574143 0.000037
v -0.290833 0.568991 0.000086
v -0.282472 0.551714 -0.027691
v 0.211461 0.410245 -0.171486
v -0.287605 0.563677 -0.028290
v -0.287019 0.573914 -0.028170
v -0.288406 0.568813 -0.028352
v -0.277630 0.552072 -0.055097
v 0.029816 0.409670 -0.270266
v -0.282612 0.563720 -0.056309
v -0.281995 0.573614 -0.055985
v -0.283267 0.568656 -0.056194
v -0.270311 0.552208 -0.081662
v -0.073487 0.410538 0.251395
v -0.275243 0.564038 -0.083251
v -0.274403 0.573490 -0.082971
v -0.275620 0.568700 -0.083509
v -0.260664 0.552574 -0.108032
v 0.128566 0.409830 0.232614
v -0.264964 0.563771 -0.109897
v -0.263746 0.573389 -0.109881
v -0.264903 0.568395 -0.110307
v -0.248558 0.552362 -0.132757
v -0.217067 0.411326 -0.147760
v -0.252882 0.564082 -0.135080
v -0.251988 0.573165 -0.134682
v -0.253102 0.568587 -0.135227
v -0.234628 0.552790 -0.156636
v -0.261325 0.410016 0.052000
v -0.238460 0.564330 -0.159304
v -0.237366 0.573136 -0.158855
v -0.238542 0.568388 -0.159420
v -0.218116 0.552544 -0.178828
v 0.130298 0.410250 -0.238305
v -0.221856 0.563995 -0.181937
v -0.220778 0.573006 -0.181412
v -0.221934 0.568260 -0.182174
v -0.199515 0.552551 -0.199486
v 0.261472 0.410034 -0.079037
v -0.202980 0.563877 -0.203134
v -0.202114 0.573059 -0.202090
v -0.203199 0.568200 -0.203210
v -0.179213 0.552407 -0.218285
v -0.122438 0.409778 0.234136
v -0.182417 0.564056 -0.222110
v -0.181402 0.572784 -0.221088
v -0.182286 0.568090 -0.222384
v -0.157061 0.552068 -0.235755
v 0.003371 0.409503 -0.271969
v -0.159802 0.563607 -0.239472
v -0.158981 0.572882 -0.237364
v -0.159934 0.568010 -0.238963
v -0.133825 0.551508 -0.250708
v -0.184562 0.411764 -0.188585
v -0.136209 0.563373 -0.255137
v -0.134993 0.573353 -0.253490
v -0.135985 0.568312 -0.255113
v -0.109432 0.550796 -0.264152
v -0.264109 0.410332 -0.000507
v -0.111378 0.563058 -0.268929
v -0.110455 0.574089 -0.267147
v -0.111291 0.568657 -0.269035
v -0.083542 0.550172 -0.275085
v -0.187500 0.409864 0.189983
v -0.084995 0.562612 -0.279919
v -0.084313 0.574731 -0.278296
v -0.085000 0.568964 -0.280225
v -0.056578 0.550199 -0.282822
v 0.003911 0.413090 0.259930
v -0.057201 0.562255 -0.287801
v -0.056943 0.575128 -0.286245
v -0.057358 0.569143 -0.288194
v -0.028344 0.549600 -0.287525
v 0.191773 0.409807 0.187773
v -0.028902 0.562191 -0.292380
v -0.028661 0.575257 -0.290912
v -0.028873 0.569176 -0.292875
v -0.056170 0.534886 -0.282616
v -0.083510 0.534793 -0.275347
v -0.109833 0.534604 -0.264901
v -0.134262 0.534087 -0.251666
v -0.157699 0.533688 -0.236098
v -0.179328 0.533595 -0.218893
v -0.198981 0.533995 -0.199457
v -0.216384 0.534751 -0.178120
v -0.232247 0.534888 -0.155268
v -0.246794 0.535204 -0.131607
v -0.259431 0.534238 -0.106977
v -0.269696 0.534399 -0.081541
v -0.277512 0.534384 -0.055031
v -0.282814 0.534331 -0.027665
v -0.285232 0.534485 0.000204
v -0.285140 0.534710 0.028193
v -0.282230 0.534872 0.056186
v -0.276407 0.534915 0.083870
v -0.267459 0.534985 0.110788
v -0.255658 0.534993 0.136634
v -0.241208 0.535073 0.161190
v -0.224075 0.535016 0.183922
v -0.204587 0.534967 0.204586
v -0.183226 0.534906 0.223240
v -0.160080 0.534835 0.239437
v -0.135195 0.534720 0.252149
v -0.108990 0.534847 0.261179
v -0.082845 0.536741 0.266162
v -0.054798 0.537554 0.268762
v -0.026854 0.538005 0.271477
v 0.001323 0.536518 0.273839
v 0.026751 0.533082 0.275178
v 0.054619 0.533358 0.271013
v 0.078148 0.533749 0.263089
v 0.108085 0.536685 0.254446
v 0.133963 0.535548 0.247747
v 0.158900 0.534664 0.237427
v 0.181608 0.534716 0.221414
v 0.202013 0.534667 0.202133
v 0.220452 0.534653 0.181184
v 0.237113 0.534567 0.158437
v 0.251481 0.534722 0.134378
v 0.263623 0.534708 0.109051
v 0.273476 0.534674 0.082984
v 0.281083 0.534737 0.055869
v 0.285871 0.534858 0.028162
v 0.287663 0.534738 -0.000061
v 0.286445 0.534790 -0.028250
v 0.282291 0.534966 -0.056236
v 0.275046 0.534840 -0.083335
v 0.265164 0.534825 -0.109707
v 0.252742 0.534585 -0.135090
v 0.237909 0.534716 -0.158854
v 0.220851 0.534624 -0.181248
v 0.201947 0.534625 -0.201860
v 0.181113 0.534692 -0.220842
v 0.158877 0.534740 -0.237952
v 0.135129 0.534768 -0.252923
v 0.109932 0.534744 -0.265704
v 0.083693 0.534818 -0.275820
v 0.056195 0.534846 -0.282758
v 0.028262 0.534915 -0.287207
v 0.000003 0.534928 -0.288556
v -0.028261 0.534908 -0.287073
v -0.056089 0.323246 -0.281942
v -0.083409 0.323400 -0.275218
v -0.109893 0.323312 -0.265330
v -0.134997 0.323621 -0.252847
v -0.158433 0.323519 -0.237666
v -0.180331 0.323557 -0.220113
v -0.200314 0.323658 -0.200444
v -0.217654 0.323483 -0.179217
v -0.232691 0.323488 -0.156269
v -0.245665 0.323263 -0.131736
v -0.256958 0.323355 -0.106185
v -0.267321 0.324456 -0.080046
v -0.275811 0.324489 -0.054056
v -0.282774 0.324124 -0.027018
v -0.286350 0.323527 0.000297
v -0.287308 0.323180 0.028334
v -0.284991 0.323039 0.056660
v -0.278407 0.323036 0.084496
v -0.268287 0.323044 0.111132
v -0.255593 0.323106 0.136610
v -0.240493 0.323231 0.160701
v -0.223014 0.323282 0.182948
v -0.203472 0.323416 0.203382
v -0.181981 0.323324 0.221451
v -0.158607 0.323645 0.236970
v -0.133587 0.323386 0.250039
v -0.108229 0.323883 0.260076
v -0.081938 0.323962 0.267533
v -0.054291 0.323336 0.272889
v -0.027603 0.324121 0.275808
v -0.000068 0.323796 0.276551
v 0.027982 0.323851 0.276163
v 0.055122 0.323140 0.273284
v 0.082050 0.324008 0.268221
v 0.108656 0.323090 0.260394
v 0.133630 0.323607 0.249822
v 0.157550 0.323874 0.235806
v 0.179940 0.323676 0.219130
v 0.200537 0.323914 0.200654
v 0.219071 0.323533 0.179931
v 0.235721 0.323690 0.157558
v 0.250066 0.323985 0.133661
v 0.262082 0.323651 0.108238
v 0.271973 0.323856 0.081977
v 0.279752 0.323055 0.054721
v 0.284339 0.323449 0.027833
v 0.286201 0.323397 -0.000262
v 0.285314 0.323360 -0.028068
v 0.281740 0.323339 -0.056143
v 0.275088 0.323442 -0.083442
v 0.265506 0.323173 -0.110101
v 0.253335 0.323358 -0.135270
v 0.238346 0.323526 -0.159309
v 0.221260 0.323342 -0.181798
v 0.202323 0.323295 -0.202327
v 0.181565 0.323590 -0.220765
v 0.158878 0.323353 -0.237804
v 0.134585 0.323436 -0.252655
v 0.109740 0.323220 -0.265317
v 0.083606 0.323353 -0.275689
v 0.056087 0.323289 -0.282261
v 0.028185 0.323240 -0.286782
v 0.000118 0.323213 -0.287819
v -0.028234 0.323145 -0.286180
v 0.000000 0.253655 -0.288358
v 0.028110 0.253639 -0.285845
v -0.028304 0.253695 -0.287299
v 0.055833 0.253549 -0.280959
v 0.083121 0.253497 -0.274124
v 0.109390 0.253547 -0.264266
v 0.134659 0.253526 -0.251874
v 0.158789 0.253451 -0.237649
v 0.181674 0.253560 -0.221352
v 0.202832 0.253591 -0.202719
v 0.221914 0.253583 -0.182167
v 0.239002 0.253608 -0.159653
v 0.253671 0.253645 -0.135592
v 0.274658 0.253571 -0.083318
v 0.281357 0.253585 -0.055947
v 0.285541 0.253524 -0.028134
v 0.286512 0.253480 -0.000010
v 0.284792 0.253550 0.027974
v 0.279819 0.253595 0.055656
v 0.272354 0.253437 0.082549
v 0.262731 0.253383 0.108736
v 0.250761 0.253338 0.134039
v 0.236301 0.253358 0.157656
v 0.219343 0.253460 0.180061
v 0.200731 0.253249 0.200960
v 0.180107 0.253262 0.219224
v 0.157515 0.253468 0.235649
v 0.133610 0.253299 0.249342
v 0.107963 0.253294 0.260227
v 0.081632 0.253085 0.268759
v 0.054855 0.253190 0.275103
v 0.027667 0.253154 0.278722
v -0.000139 0.253118 0.279845
v -0.027824 0.252801 0.278943
v -0.054950 0.253145 0.275609
v -0.081864 0.253256 0.269403
v -0.108036 0.253281 0.260655
v -0.133701 0.253435 0.249643
v -0.158041 0.253324 0.236312
v -0.181363 0.253483 0.220736
v -0.203071 0.253568 0.202972
v -0.223100 0.253647 0.183116
v -0.241231 0.253749 0.161390
v -0.256904 0.253664 0.137126
v -0.268597 0.253793 0.111223
v -0.277166 0.253767 0.084023
v -0.282991 0.253659 0.056269
v -0.285656 0.253484 0.028191
v -0.285776 0.253414 0.000065
v -0.283112 0.253202 -0.027691
v -0.277391 0.253085 -0.055058
v -0.269884 0.252908 -0.081767
v -0.260643 0.253011 -0.107763
v -0.248785 0.253080 -0.133071
v -0.234879 0.253336 -0.156942
v -0.218737 0.253176 -0.179615
v -0.200583 0.253227 -0.200674
v -0.180331 0.253334 -0.219941
v -0.158437 0.253371 -0.237367
v -0.135010 0.253481 -0.252614
v -0.109991 0.253600 -0.265635
v -0.083687 0.253652 -0.275879
v -0.056323 0.253683 -0.283136
v 0.028514 0.007534 -0.289510
v 0.028504 0.001686 -0.289403
v 0.028660 0.005652 -0.290985
v 0.028656 0.003512 -0.290946
v 0.056733 0.001686 -0.285215
v 0.056754 0.007534 -0.285321
v 0.057035 0.003512 -0.286736
v 0.057043 0.005652 -0.286775
v 0.084416 0.001686 -0.278281
v 0.084447 0.007534 -0.278384
v 0.084866 0.003512 -0.279765
v 0.084877 0.005652 -0.279803
v 0.111285 0.001686 -0.268667
v 0.111327 0.007534 -0.268766
v 0.111879 0.003512 -0.270100
v 0.111894 0.005652 -0.270136
v 0.137084 0.001686 -0.256465
v 0.137134 0.007534 -0.256560
v 0.137815 0.003512 -0.257833
v 0.137833 0.005652 -0.257868
v 0.161561 0.001686 -0.241794
v 0.161621 0.007534 -0.241883
v 0.162423 0.003512 -0.243083
v 0.162445 0.005652 -0.243116
v 0.184483 0.001686 -0.224794
v 0.184552 0.007534 -0.224877
v 0.185467 0.003512 -0.225992
v 0.185492 0.005652 -0.226023
v 0.205629 0.001686 -0.205629
v 0.205705 0.007534 -0.205705
v 0.206725 0.003512 -0.206725
v 0.206753 0.005652 -0.206753
v 0.224794 0.001686 -0.184484
v 0.224877 0.007534 -0.184552
v 0.225992 0.003512 -0.185467
v 0.226023 0.005652 -0.185492
v 0.241794 0.001686 -0.161562
v 0.241883 0.007534 -0.161621
v 0.243083 0.003512 -0.162423
v 0.243116 0.005652 -0.162445
v 0.256465 0.001686 -0.137084
v 0.256560 0.007534 -0.137134
v 0.257833 0.003512 -0.137815
v 0.257868 0.005652 -0.137833
v 0.268667 0.001686 -0.111286
v 0.268766 0.007534 -0.111327
v 0.270099 0.003512 -0.111879
v 0.270136 0.005652 -0.111894
v 0.278281 0.001686 -0.084416
v 0.278384 0.007534 -0.084447
v 0.279765 0.003512 -0.084866
v 0.279803 0.005652 -0.084877
v 0.285215 0.001686 -0.056733
v 0.285321 0.007534 -0.056754
v 0.286736 0.003512 -0.057035
v 0.286775 0.005652 -0.057043
v 0.289403 0.001686 -0.028504
v 0.289510 0.007534 -0.028514
v 0.290946 0.003512 -0.028656
v 0.290985 0.005652 -0.028660
v 0.290803 0.001686 -0.000000
v 0.290911 0.007534 -0.000000
v 0.292354 0.003512 -0.000000
v 0.292393 0.005652 -0.000000
v 0.289403 0.001686 0.028504
v 0.289510 0.007534 0.028514
v 0.290946 0.003512 0.028656
v 0.290985 0.005652 0.028659
v 0.285215 0.001686 0.056733
v 0.285321 0.007534 0.056754
v 0.286736 0.003512 0.057035
v 0.286775 0.005652 0.057043
v 0.278281 0.001686 0.084415
v 0.278384 0.007534 0.084447
v 0.279765 0.003512 0.084866
v 0.279803 0.005652 0.084877
v 0.268667 0.001686 0.111285
v 0.268766 0.007534 0.111327
v 0.270099 0.003512 0.111879
v 0.270136 0.005652 0.111894
v 0.256465 0.001686 0.137083
v 0.256560 0.007534 0.137134
v 0.257833 0.003512 0.137814
v 0.257868 0.005652 0.137833
v 0.241794 0.001686 0.161561
v 0.241883 0.007534 0.161621
v 0.243083 0.003512 0.162423
v 0.243116 0.005652 0.162445
v 0.224794 0.001686 0.184483
v 0.224877 0.007534 0.184552
v 0.225992 0.003512 0.185467
v 0.226023 0.005652 0.185492
v 0.205629 0.001686 0.205629
v 0.205705 0.007534 0.205705
v 0.206725 0.003512 0.206725
v 0.206753 0.005652 0.206753
v 0.184483 0.001686 0.224794
v 0.184552 0.007534 0.224877
v 0.185467 0.003512 0.225992
v 0.185492 0.005652 0.226023
v 0.161561 0.001686 0.241794
v 0.161621 0.007534 0.241883
v 0.162423 0.003512 0.243083
v 0.162445 0.005652 0.243116
v 0.137084 0.001686 0.256465
v 0.137134 0.007534 0.256560
v 0.137815 0.003512 0.257833
v 0.137833 0.005652 0.257867
v 0.111285 0.001686 0.268667
v 0.111327 0.007534 0.268766
v 0.111879 0.003512 0.270099
v 0.111894 0.005652 0.270136
v 0.084416 0.001686 0.278281
v 0.084447 0.007534 0.278384
v 0.084866 0.003512 0.279765
v 0.084877 0.005652 0.279803
v 0.056733 0.001686 0.285215
v 0.056754 0.007534 0.285321
v 0.057035 0.003512 0.286736
v 0.057043 0.005652 0.286775
v 0.028504 0.001686 0.289402
v 0.028514 0.007534 0.289510
v 0.028656 0.003512 0.290946
v 0.028660 0.005652 0.290985
v -0.000000 0.001686 0.290803
v -0.000000 0.007534 0.290910
v -0.000000 0.003512 0.292353
v -0.000000 0.005652 0.292393
v -0.028504 0.001686 0.289402
v -0.028514 0.007534 0.289510
v -0.028656 0.003512 0.290946
v -0.028660 0.005652 0.290985
v -0.056733 0.001686 0.285215
v -0.056754 0.007534 0.285321
v -0.057035 0.003512 0.286736
v -0.057043 0.005652 0.286775
v -0.084416 0.001686 0.278281
v -0.084447 0.007534 0.278384
v -0.084866 0.003512 0.279765
v -0.084877 0.005652 0.279803
v -0.111285 0.001686 0.268667
v -0.111327 0.007534 0.268766
v -0.111879 0.003512 0.270099
v -0.111894 0.005652 0.270136
v -0.137084 0.001686 0.256465
v -0.137134 0.007534 0.256560
v -0.137815 0.003512 0.257833
v -0.137833 0.005652 0.257867
v -0.161561 0.001686 0.241794
v -0.161621 0.007534 0.241883
v -0.162423 0.003512 0.243083
v -0.162445 0.005652 0.243116
v -0.184483 0.001686 0.224794
v -0.184552 0.007534 0.224877
v -0.185467 0.003512 0.225992
v -0.185492 0.005652 0.226023
v -0.205629 0.001686 0.205629
v -0.205705 0.007534 0.205705
v -0.206725 0.003512 0.206725
v -0.206753 0.005652 0.206753
v -0.224794 0.001686 0.184483
v -0.224877 0.007534 0.184552
v -0.225992 0.003512 0.185467
v -0.226023 0.005652 0.185492
v -0.241794 0.001686 0.161561
v -0.241883 0.007534 0.161621
v -0.243083 0.003512 0.162423
v -0.243116 0.005652 0.162445
v -0.256465 0.001686 0.137083
v -0.256560 0.007534 0.137134
v -0.257833 0.003512 0.137814
v -0.257868 0.005652 0.137833
v -0.268667 0.001686 0.111285
v -0.268766 0.007534 0.111327
v -0.270099 0.003512 0.111879
v -0.270136 0.005652 0.111894
v -0.278281 0.001686 0.084415
v -0.278384 0.007534 0.084447
v -0.279765 0.003512 0.084866
v -0.279803 0.005652 0.084877
v -0.285215 0.001686 0.056733
v -0.285321 0.007534 0.056754
v -0.286736 0.003512 0.057035
v -0.286775 0.005652 0.057043
v -0.289403 0.001686 0.028504
v -0.289510 0.007534 0.028514
v -0.290946 0.003512 0.028656
v -0.290985 0.005652 0.028659
v -0.290803 0.001686 -0.000000
v -0.290911 0.007534 -0.000000
v -0.292354 0.003512 -0.000000
v -0.292393 0.005652 -0.000000
v -0.289403 0.001686 -0.028504
v -0.289510 0.007534 -0.028514
v -0.290946 0.003512 -0.028656
v -0.290985 0.005652 -0.028660
v -0.285215 0.001686 -0.056733
v -0.285321 0.007534 -0.056754
v -0.286736 0.003512 -0.057035
v -0.286775 0.005652 -0.057043
v -0.278281 0.001686 -0.084416
v -0.278384 0.007534 -0.084447
v -0.279765 0.003512 -0.084866
v -0.279803 0.005652 -0.084877
v -0.268667 0.001686 -0.111286
v -0.268766 0.007534 -0.111327
v -0.270099 0.003512 -0.111879
v -0.270136 0.005652 -0.111894
v -0.256465 0.001686 -0.137084
v -0.256560 0.007534 -0.137134
v -0.257833 0.003512 -0.137815
v -0.257868 0.005652 -0.137833
v -0.241794 0.001686 -0.161562
v -0.241883 0.007534 -0.161621
v -0.243083 0.003512 -0.162423
v -0.243116 0.005652 -0.162445
v -0.224794 0.001686 -0.184484
v -0.224877 0.007534 -0.184552
v -0.225992 0.003512 -0.185467
v -0.226023 0.005652 -0.185492
v -0.205629 0.001686 -0.205629
v -0.205705 0.007534 -0.205705
v -0.206725 0.003512 -0.206725
v -0.206753 0.005652 -0.206753
v -0.184483 0.001686 -0.224794
v -0.184552 0.007534 -0.224877
v -0.185467 0.003512 -0.225992
v -0.185492 0.005652 -0.226023
v -0.161561 0.001686 -0.241794
v -0.161621 0.007534 -0.241883
v -0.162423 0.003512 -0.243083
v -0.162445 0.005652 -0.243116
v -0.137084 0.001686 -0.256465
v -0.137134 0.007534 -0.256560
v -0.137815 0.003512 -0.257833
v -0.137833 0.005652 -0.257868
v -0.111285 0.001686 -0.268667
v -0.111327 0.007534 -0.268766
v -0.111879 0.003512 -0.270100
v -0.111894 0.005652 -0.270136
v -0.084416 0.001686 -0.278281
v -0.084447 0.007534 -0.278384
v -0.084866 0.003512 -0.279765
v -0.084877 0.005652 -0.279803
v -0.056733 0.001686 -0.285215
v -0.056754 0.007534 -0.285321
v -0.057035 0.003512 -0.286736
v -0.057043 0.005652 -0.286775
v -0.028514 0.007534 -0.289510
v -0.028504 0.001686 -0.289403
v -0.028660 0.005652 -0.290985
v -0.028656 0.003512 -0.290946
v -0.000000 0.001686 -0.290803
v -0.000000 0.007534 -0.290911
v -0.000000 0.003512 -0.292354
v -0.000000 0.005652 -0.292393
v -0.028330 0.008273 -0.287637
v -0.028165 0.007534 -0.285963
v -0.084354 0.839837 -0.278079
v -0.000000 0.007534 -0.287347
v -0.000000 0.008273 -0.289029
v -0.111205 0.839837 -0.268472
v 0.028330 0.008273 -0.287637
v 0.028165 0.007534 -0.285963
v -0.136984 0.839837 -0.256279
v 0.056059 0.007534 -0.281826
v 0.056387 0.008273 -0.283475
v -0.161444 0.839837 -0.241618
v 0.083412 0.007534 -0.274974
v 0.083901 0.008273 -0.276583
v -0.184350 0.839837 -0.224631
v 0.109963 0.007534 -0.265474
v 0.110606 0.008273 -0.267028
v -0.205479 0.839837 -0.205480
v 0.135454 0.007534 -0.253417
v 0.136247 0.008273 -0.254900
v -0.224631 0.839837 -0.184350
v 0.159641 0.007534 -0.238920
v 0.160576 0.008273 -0.240319
v -0.241618 0.839837 -0.161444
v 0.182291 0.007534 -0.222122
v 0.183358 0.008273 -0.223422
v -0.256279 0.839837 -0.136984
v 0.203185 0.007534 -0.203185
v 0.204374 0.008273 -0.204374
v -0.268472 0.839837 -0.111205
v 0.222122 0.007534 -0.182291
v 0.223422 0.008273 -0.183358
v -0.278079 0.839837 -0.084354
v 0.238920 0.007534 -0.159641
v 0.240318 0.008273 -0.160576
v -0.285008 0.839837 -0.056692
v 0.253417 0.007534 -0.135454
v 0.254900 0.008273 -0.136247
v -0.289193 0.839837 -0.028483
v 0.265474 0.007534 -0.109963
v 0.267028 0.008273 -0.110607
v -0.290592 0.839837 -0.000000
v 0.274974 0.007534 -0.083412
v 0.276583 0.008273 -0.083901
v -0.289193 0.839837 0.028483
v 0.281825 0.007534 -0.056059
v 0.283475 0.008273 -0.056387
v -0.285008 0.839837 0.056692
v 0.285963 0.007534 -0.028165
v 0.287637 0.008273 -0.028330
v -0.278079 0.839837 0.084354
v 0.287347 0.007534 -0.000000
v 0.289029 0.008273 -0.000000
v -0.268472 0.839837 0.111205
v 0.285963 0.007534 0.028165
v 0.287637 0.008273 0.028330
v -0.256279 0.839837 0.136984
v 0.281825 0.007534 0.056058
v 0.283475 0.008273 0.056387
v -0.241618 0.839837 0.161444
v 0.274974 0.007534 0.083412
v 0.276583 0.008273 0.083900
v -0.224631 0.839837 0.184349
v 0.265474 0.007534 0.109963
v 0.267028 0.008273 0.110606
v -0.205479 0.839837 0.205479
v 0.253417 0.007534 0.135454
v 0.254900 0.008273 0.136247
v -0.184350 0.839837 0.224630
v 0.238920 0.007534 0.159641
v 0.240318 0.008273 0.160576
v -0.161444 0.839837 0.241618
v 0.222122 0.007534 0.182291
v 0.223422 0.008273 0.183358
v -0.136984 0.839837 0.256279
v 0.203185 0.007534 0.203185
v 0.204374 0.008273 0.204374
v -0.111205 0.839837 0.268472
v 0.182291 0.007534 0.222122
v 0.183358 0.008273 0.223422
v -0.084354 0.839837 0.278079
v 0.159641 0.007534 0.238920
v 0.160576 0.008273 0.240318
v -0.056692 0.839837 0.285008
v 0.135454 0.007534 0.253417
v 0.136247 0.008273 0.254900
v -0.028483 0.839837 0.289192
v 0.109963 0.007534 0.265474
v 0.110606 0.008273 0.267027
v -0.000000 0.839837 0.290592
v 0.083412 0.007534 0.274974
v 0.083901 0.008273 0.276583
v 0.028483 0.839837 0.289192
v 0.056059 0.007534 0.281825
v 0.056387 0.008273 0.283475
v 0.056692 0.839837 0.285008
v 0.028165 0.007534 0.285963
v 0.028330 0.008273 0.287637
v 0.084354 0.839837 0.278079
v -0.000000 0.007534 0.287347
v -0.000000 0.008273 0.289028
v 0.111205 0.839837 0.268472
v -0.028165 0.007534 0.285963
v -0.028330 0.008273 0.287637
v 0.136984 0.839837 0.256279
v -0.056059 0.007534 0.281825
v -0.056387 0.008273 0.283475
v 0.161444 0.839837 0.241618
v -0.083412 0.007534 0.274974
v -0.083901 0.008273 0.276583
v 0.184350 0.839837 0.224630
v -0.109963 0.007534 0.265474
v -0.110606 0.008273 0.267027
v 0.205479 0.839837 0.205479
v -0.135454 0.007534 0.253417
v -0.136247 0.008273 0.254900
v 0.224631 0.839837 0.184349
v -0.159641 0.007534 0.238920
v -0.160576 0.008273 0.240318
v 0.241618 0.839837 0.161444
v -0.182291 0.007534 0.222122
v -0.183358 0.008273 0.223422
v 0.256279 0.839837 0.136984
v -0.203185 0.007534 0.203185
v -0.204374 0.008273 0.204374
v 0.268472 0.839837 0.111205
v -0.222122 0.007534 0.182291
v -0.223422 0.008273 0.183358
v 0.278079 0.839837 0.084354
v -0.238920 0.007534 0.159641
v -0.240318 0.008273 0.160576
v 0.285008 0.839837 0.056692
v -0.253417 0.007534 0.135454
v -0.254900 0.008273 0.136247
v 0.289193 0.839837 0.028483
v -0.265474 0.007534 0.109963
v -0.267028 0.008273 0.110606
v 0.290592 0.839837 -0.000000
v -0.274974 0.007534 0.083412
v -0.276583 0.008273 0.083900
v 0.289193 0.839837 -0.028483
v -0.281825 0.007534 0.056058
v -0.283475 0.008273 0.056387
v 0.285008 0.839837 -0.056692
v -0.285963 0.007534 0.028165
v -0.287637 0.008273 0.028330
v 0.278079 0.839837 -0.084354
v -0.287347 0.007534 -0.000000
v -0.289029 0.008273 -0.000000
v 0.268472 0.839837 -0.111205
v -0.285963 0.007534 -0.028165
v -0.287637 0.008273 -0.028330
v 0.256279 0.839837 -0.136984
v -0.281825 0.007534 -0.056059
v -0.283475 0.008273 -0.056387
v 0.241618 0.839837 -0.161444
v -0.274974 0.007534 -0.083412
v -0.276583 0.008273 -0.083901
v 0.224631 0.839837 -0.184350
v -0.265474 0.007534 -0.109963
v -0.267028 0.008273 -0.110607
v 0.205479 0.839837 -0.205480
v -0.253417 0.007534 -0.135454
v -0.254900 0.008273 -0.136247
v 0.184350 0.839837 -0.224631
v -0.238920 0.007534 -0.159641
v -0.240318 0.008273 -0.160576
v 0.161444 0.839837 -0.241618
v -0.222122 0.007534 -0.182291
v -0.223422 0.008273 -0.183358
v 0.136984 0.839837 -0.256279
v -0.203185 0.007534 -0.203185
v -0.204374 0.008273 -0.204374
v 0.111205 0.839837 -0.268472
v -0.182291 0.007534 -0.222122
v -0.183358 0.008273 -0.223422
v 0.084354 0.839837 -0.278079
v -0.159641 0.007534 -0.238920
v -0.160576 0.008273 -0.240319
v 0.056692 0.839837 -0.285008
v -0.135454 0.007534 -0.253417
v -0.136247 0.008273 -0.254900
v 0.028483 0.839837 -0.289193
v -0.109963 0.007534 -0.265474
v -0.110606 0.008273 -0.267028
v -0.056692 0.839837 -0.285008
v -0.083412 0.007534 -0.274974
v -0.083901 0.008273 -0.276583
v -0.000000 0.839837 -0.290592
v -0.056059 0.007534 -0.281826
v -0.056387 0.008273 -0.283475
v -0.028483 0.839837 -0.289193
v -0.028608 0.855604 -0.290457
v -0.056939 0.855604 -0.286254
v -0.084723 0.855604 -0.279295
v -0.111691 0.855604 -0.269646
v -0.137583 0.855604 -0.257400
v -0.162150 0.855604 -0.242675
v -0.185155 0.855604 -0.225613
v -0.206378 0.855604 -0.206378
v -0.225613 0.855604 -0.185156
v -0.242675 0.855604 -0.162150
v -0.257399 0.855604 -0.137583
v -0.269646 0.855604 -0.111691
v -0.279295 0.855604 -0.084723
v -0.286254 0.855604 -0.056940
v -0.290457 0.855604 -0.028608
v -0.291862 0.855604 -0.000000
v -0.290457 0.855604 0.028607
v -0.286254 0.855604 0.056939
v -0.279295 0.855604 0.084723
v -0.269646 0.855604 0.111691
v -0.257399 0.855604 0.137583
v -0.242675 0.855604 0.162150
v -0.225613 0.855604 0.185155
v -0.206378 0.855604 0.206378
v -0.185155 0.855604 0.225612
v -0.162150 0.855604 0.242674
v -0.137583 0.855604 0.257399
v -0.111691 0.855604 0.269645
v -0.084723 0.855604 0.279295
v -0.056939 0.855604 0.286254
v -0.028608 0.855604 0.290457
v -0.000000 0.855604 0.291862
v 0.028607 0.855604 0.290457
v 0.056939 0.855604 0.286254
v 0.084723 0.855604 0.279295
v 0.111691 0.855604 0.269645
v 0.137583 0.855604 0.257399
v 0.162150 0.855604 0.242674
v 0.185155 0.855604 0.225612
v 0.206378 0.855604 0.206378
v 0.225613 0.855604 0.185155
v 0.242675 0.855604 0.162150
v 0.257399 0.855604 0.137583
v 0.269646 0.855604 0.111691
v 0.279295 0.855604 0.084723
v 0.286254 0.855604 0.056939
v 0.290457 0.855604 0.028607
v 0.291862 0.855604 -0.000000
v 0.290457 0.855604 -0.028608
v 0.286254 0.855604 -0.056940
v 0.279295 0.855604 -0.084723
v 0.269646 0.855604 -0.111691
v 0.257399 0.855604 -0.137583
v 0.242675 0.855604 -0.162150
v 0.225613 0.855604 -0.185156
v 0.206378 0.855604 -0.206378
v 0.185155 0.855604 -0.225613
v 0.162150 0.855604 -0.242675
v 0.137583 0.855604 -0.257400
v 0.111691 0.855604 -0.269646
v 0.084723 0.855604 -0.279295
v 0.056939 0.855604 -0.286254
v 0.028607 0.855604 -0.290457
v -0.000000 0.855604 -0.291862
v 0.057795 0.851647 -0.290555
v 0.057579 0.847236 -0.289470
v 0.057802 0.849294 -0.290591
v 0.139650 0.851647 -0.261267
v 0.139128 0.847236 -0.260291
v 0.139667 0.849294 -0.261299
v 0.209478 0.851647 -0.209478
v 0.208696 0.847236 -0.208696
v 0.209504 0.849294 -0.209504
v 0.261267 0.851647 -0.139650
v 0.260291 0.847236 -0.139128
v 0.261299 0.849294 -0.139667
v 0.290555 0.851647 -0.057795
v 0.289470 0.847236 -0.057579
v 0.290591 0.849294 -0.057802
v 0.294821 0.851647 0.029037
v 0.293720 0.847236 0.028929
v 0.294857 0.849294 0.029041
v 0.273697 0.851647 0.113369
v 0.272674 0.847236 0.112945
v 0.273730 0.849294 0.113383
v 0.229002 0.851647 0.187937
v 0.228147 0.847236 0.187235
v 0.229030 0.849294 0.187960
v 0.164586 0.851647 0.246320
v 0.163971 0.847236 0.245400
v 0.164606 0.849294 0.246351
v 0.085996 0.851647 0.283491
v 0.085675 0.847236 0.282432
v 0.086007 0.849294 0.283526
v -0.000000 0.851647 0.296247
v -0.000000 0.847236 0.295141
v -0.000000 0.849294 0.296284
v -0.085996 0.851647 0.283491
v -0.085675 0.847236 0.282432
v -0.086007 0.849294 0.283526
v -0.164586 0.851647 0.246320
v -0.163971 0.847236 0.245400
v -0.164606 0.849294 0.246351
v -0.229002 0.851647 0.187937
v -0.228147 0.847236 0.187235
v -0.229030 0.849294 0.187960
v -0.273697 0.851647 0.113369
v -0.272674 0.847236 0.112945
v -0.273730 0.849294 0.113383
v -0.294821 0.851647 0.029037
v -0.293720 0.847236 0.028929
v -0.294857 0.849294 0.029041
v -0.290555 0.851647 -0.057795
v -0.289470 0.847236 -0.057579
v -0.290591 0.849294 -0.057802
v -0.261267 0.851647 -0.139650
v -0.260291 0.847236 -0.139128
v -0.261299 0.849294 -0.139667
v -0.209478 0.851647 -0.209478
v -0.208696 0.847236 -0.208696
v -0.209504 0.849294 -0.209504
v -0.139650 0.851647 -0.261267
v -0.139128 0.847236 -0.260291
v -0.139667 0.849294 -0.261299
v -0.029037 0.851647 -0.294821
v -0.028929 0.847236 -0.293720
v -0.029041 0.849294 -0.294857
v -0.057579 0.847236 -0.289470
v -0.057795 0.851647 -0.290555
v -0.057802 0.849294 -0.290591
v -0.000000 0.847236 -0.295141
v -0.000000 0.851647 -0.296247
v -0.000000 0.849294 -0.296284
v 0.085996 0.851647 -0.283491
v 0.085675 0.847236 -0.282432
v 0.086007 0.849294 -0.283526
v 0.164586 0.851647 -0.246321
v 0.163971 0.847236 -0.245401
v 0.164606 0.849294 -0.246351
v 0.229002 0.851647 -0.187937
v 0.228147 0.847236 -0.187235
v 0.229030 0.849294 -0.187961
v 0.273697 0.851647 -0.113369
v 0.272674 0.847236 -0.112946
v 0.273730 0.849294 -0.113383
v 0.294821 0.851647 -0.029037
v 0.293720 0.847236 -0.028929
v 0.294857 0.849294 -0.029041
v 0.290555 0.851647 0.057795
v 0.289470 0.847236 0.057579
v 0.290591 0.849294 0.057802
v 0.261267 0.851647 0.139650
v 0.260291 0.847236 0.139128
v 0.261299 0.849294 0.139667
v 0.209478 0.851647 0.209478
v 0.208696 0.847236 0.208696
v 0.209504 0.849294 0.209504
v 0.139650 0.851647 0.261266
v 0.139128 0.847236 0.260291
v 0.139667 0.849294 0.261299
v 0.057795 0.851647 0.290555
v 0.057579 0.847236 0.289470
v 0.057802 0.849294 0.290591
v -0.029037 0.851647 0.294820
v -0.028929 0.847236 0.293719
v -0.029041 0.849294 0.294857
v -0.113369 0.851647 0.273696
v -0.112945 0.847236 0.272674
v -0.113383 0.849294 0.273730
v -0.187937 0.851647 0.229002
v -0.187235 0.847236 0.228147
v -0.187960 0.849294 0.229030
v -0.246320 0.851647 0.164586
v -0.245401 0.847236 0.163971
v -0.246351 0.849294 0.164606
v -0.283491 0.851647 0.085996
v -0.282432 0.847236 0.085675
v -0.283526 0.849294 0.086006
v -0.296247 0.851647 -0.000000
v -0.295141 0.847236 -0.000000
v -0.296284 0.849294 -0.000000
v -0.283491 0.851647 -0.085996
v -0.282432 0.847236 -0.085675
v -0.283526 0.849294 -0.086007
v -0.246320 0.851647 -0.164586
v -0.245401 0.847236 -0.163971
v -0.246351 0.849294 -0.164607
v -0.187937 0.851647 -0.229002
v -0.187235 0.847236 -0.228147
v -0.187960 0.849294 -0.229031
v -0.113369 0.851647 -0.273697
v -0.112945 0.847236 -0.272675
v -0.113383 0.849294 -0.273731
v 0.028929 0.847236 -0.293720
v 0.029037 0.851647 -0.294821
v 0.029041 0.849294 -0.294857
v 0.113369 0.851647 -0.273697
v 0.112945 0.847236 -0.272675
v 0.113383 0.849294 -0.273731
v 0.187937 0.851647 -0.229002
v 0.187235 0.847236 -0.228147
v 0.187960 0.849294 -0.229031
v 0.246320 0.851647 -0.164586
v 0.245401 0.847236 -0.163971
v 0.246351 0.849294 -0.164607
v 0.283491 0.851647 -0.085996
v 0.282432 0.847236 -0.085675
v 0.283526 0.849294 -0.086007
v 0.296247 0.851647 -0.000000
v 0.295141 0.847236 -0.000000
v 0.296284 0.849294 -0.000000
v 0.283491 0.851647 0.085996
v 0.282432 0.847236 0.085675
v 0.283526 0.849294 0.086006
v 0.246320 0.851647 0.164586
v 0.245401 0.847236 0.163971
v 0.246351 0.849294 0.164606
v 0.187937 0.851647 0.229002
v 0.187235 0.847236 0.228147
v 0.187960 0.849294 0.229030
v 0.113369 0.851647 0.273696
v 0.112945 0.847236 0.272674
v 0.113383 0.849294 0.273730
v 0.029037 0.851647 0.294820
v 0.028929 0.847236 0.293719
v 0.029041 0.849294 0.294857
v -0.057795 0.851647 0.290555
v -0.057579 0.847236 0.289470
v -0.057802 0.849294 0.290591
v -0.139650 0.851647 0.261266
v -0.139128 0.847236 0.260291
v -0.139667 0.849294 0.261299
v -0.209478 0.851647 0.209478
v -0.208696 0.847236 0.208696
v -0.209504 0.849294 0.209504
v -0.261267 0.851647 0.139650
v -0.260291 0.847236 0.139128
v -0.261299 0.849294 0.139667
v -0.290555 0.851647 0.057795
v -0.289470 0.847236 0.057579
v -0.290591 0.849294 0.057802
v -0.294821 0.851647 -0.029037
v -0.293720 0.847236 -0.028929
v -0.294857 0.849294 -0.029041
v -0.273697 0.851647 -0.113369
v -0.272674 0.847236 -0.112946
v -0.273730 0.849294 -0.113383
v -0.229002 0.851647 -0.187937
v -0.228147 0.847236 -0.187235
v -0.229030 0.849294 -0.187961
v -0.164586 0.851647 -0.246321
v -0.163971 0.847236 -0.245401
v -0.164606 0.849294 -0.246351
v -0.085996 0.851647 -0.283491
v -0.085675 0.847236 -0.282432
v -0.086007 0.849294 -0.283526
v -0.028196 0.855604 -0.286282
v -0.056121 0.855604 -0.282139
v -0.083505 0.855604 -0.275280
v -0.110085 0.855604 -0.265769
v -0.135605 0.855604 -0.253699
v -0.159819 0.855604 -0.239186
v -0.182494 0.855604 -0.222369
v -0.203411 0.855604 -0.203411
v -0.222369 0.855604 -0.182494
v -0.239186 0.855604 -0.159819
v -0.253699 0.855604 -0.135605
v -0.265769 0.855604 -0.110085
v -0.275280 0.855604 -0.083505
v -0.282139 0.855604 -0.056121
v -0.286281 0.855604 -0.028196
v -0.287667 0.855604 -0.000000
v -0.286281 0.855604 0.028196
v -0.282139 0.855604 0.056121
v -0.275280 0.855604 0.083505
v -0.265769 0.855604 0.110085
v -0.253699 0.855604 0.135605
v -0.239186 0.855604 0.159819
v -0.222369 0.855604 0.182494
v -0.203411 0.855604 0.203411
v -0.182494 0.855604 0.222369
v -0.159819 0.855604 0.239186
v -0.135605 0.855604 0.253699
v -0.110085 0.855604 0.265769
v -0.083505 0.855604 0.275280
v -0.056121 0.855604 0.282139
v -0.028196 0.855604 0.286281
v -0.000000 0.855604 0.287666
v 0.028196 0.855604 0.286281
v 0.056121 0.855604 0.282139
v 0.083505 0.855604 0.275280
v 0.110085 0.855604 0.265769
v 0.135605 0.855604 0.253699
v 0.159819 0.855604 0.239186
v 0.182494 0.855604 0.222369
v 0.203411 0.855604 0.203411
v 0.222369 0.855604 0.182494
v 0.239186 0.855604 0.159819
v 0.253699 0.855604 0.135605
v 0.265769 0.855604 0.110085
v 0.275280 0.855604 0.083505
v 0.282139 0.855604 0.056121
v 0.286281 0.855604 0.028196
v 0.287667 0.855604 -0.000000
v 0.286281 0.855604 -0.028196
v 0.282139 0.855604 -0.056121
v 0.275280 0.855604 -0.083505
v 0.265769 0.855604 -0.110085
v 0.253699 0.855604 -0.135605
v 0.239186 0.855604 -0.159819
v 0.222369 0.855604 -0.182494
v 0.203411 0.855604 -0.203411
v 0.182494 0.855604 -0.222369
v 0.159819 0.855604 -0.239186
v 0.135605 0.855604 -0.253699
v 0.110085 0.855604 -0.265769
v 0.083505 0.855604 -0.275280
v 0.056121 0.855604 -0.282139
v 0.028196 0.855604 -0.286282
v -0.000000 0.855604 -0.287667
v -0.056119 0.043185 -0.282130
v -0.028317 0.168258 -0.287508
v -0.028195 0.043185 -0.286272
v -0.000000 0.168258 -0.288899
v 0.028317 0.168258 -0.287508
v 0.028256 0.105721 -0.286890
v 0.056119 0.043185 -0.282130
v 0.083502 0.043185 -0.275271
v 0.136186 0.168258 -0.254787
v 0.160504 0.168258 -0.240211
v 0.160159 0.105721 -0.239695
v 0.183276 0.168258 -0.223322
v 0.182488 0.043185 -0.222362
v 0.204283 0.168258 -0.204283
v 0.203404 0.043185 -0.203404
v 0.223322 0.168258 -0.183276
v 0.222362 0.043185 -0.182488
v 0.240211 0.168258 -0.160504
v 0.254786 0.168258 -0.136186
v 0.254239 0.105721 -0.135894
v 0.266908 0.168258 -0.110557
v 0.265761 0.043185 -0.110082
v 0.276459 0.168258 -0.083863
v 0.275271 0.043185 -0.083503
v 0.283348 0.168258 -0.056362
v 0.282130 0.043185 -0.056119
v 0.287508 0.168258 -0.028317
v 0.288899 0.168258 -0.000000
v 0.288278 0.105721 -0.000000
v 0.286272 0.043185 0.028195
v 0.282130 0.043185 0.056119
v 0.276459 0.168258 0.083863
v 0.266908 0.168258 0.110557
v 0.266334 0.105721 0.110319
v 0.254786 0.168258 0.136186
v 0.253691 0.043185 0.135601
v 0.240211 0.168258 0.160504
v 0.239178 0.043185 0.159814
v 0.223322 0.168258 0.183276
v 0.222362 0.043185 0.182488
v 0.204283 0.168258 0.204283
v 0.183276 0.168258 0.223322
v 0.182882 0.105721 0.222842
v 0.160504 0.168258 0.240211
v 0.136186 0.168258 0.254786
v 0.135601 0.043185 0.253691
v 0.110557 0.168258 0.266908
v 0.110082 0.043185 0.265760
v 0.083863 0.168258 0.276459
v 0.056361 0.168258 0.283348
v 0.056240 0.105721 0.282739
v 0.028317 0.168258 0.287508
v 0.028195 0.043185 0.286272
v -0.000000 0.168258 0.288899
v -0.000000 0.043185 0.287657
v -0.028317 0.168258 0.287508
v -0.028195 0.043185 0.286272
v -0.056361 0.168258 0.283348
v -0.083863 0.168258 0.276459
v -0.110557 0.168258 0.266908
v -0.110082 0.043185 0.265760
v -0.136186 0.168258 0.254786
v -0.135601 0.043185 0.253691
v -0.160504 0.168258 0.240211
v -0.159814 0.043185 0.239178
v -0.183276 0.168258 0.223322
v -0.204283 0.168258 0.204283
v -0.203844 0.105721 0.203843
v -0.222362 0.043185 0.182488
v -0.239696 0.105880 0.160160
v -0.239178 0.043185 0.159814
v -0.254786 0.168258 0.136186
v -0.254239 0.105721 0.135893
v -0.275865 0.105721 0.083683
v -0.275271 0.043185 0.083502
v -0.286893 0.105996 0.028256
v -0.282130 0.043185 0.056119
v -0.287508 0.168258 0.028317
v -0.286272 0.043185 0.028195
v -0.288899 0.168258 -0.000000
v -0.287657 0.043185 -0.000000
v -0.286272 0.043185 -0.028195
v -0.282739 0.105721 -0.056240
v -0.282130 0.043185 -0.056119
v -0.276459 0.168258 -0.083863
v -0.275271 0.043185 -0.083503
v -0.265761 0.043185 -0.110082
v -0.253691 0.043185 -0.135601
v -0.239178 0.043185 -0.159814
v -0.223322 0.168258 -0.183276
v -0.159814 0.043185 -0.239178
v -0.136186 0.168258 -0.254787
v -0.135601 0.043185 -0.253691
v -0.110557 0.168258 -0.266908
v -0.110319 0.105721 -0.266335
v 0.108557 0.000000 -0.262081
v 0.133723 0.000000 -0.250178
v -0.133723 0.000000 -0.250178
v -0.108557 0.000000 -0.262081
v -0.235866 0.000000 0.157601
v -0.250178 0.000000 0.133723
v -0.000000 0.000000 0.283674
v -0.027805 0.000000 0.282308
v 0.179961 0.000000 -0.219283
v 0.200588 0.000000 -0.200588
v 0.157601 0.000000 -0.235866
v -0.179961 0.000000 0.219283
v -0.200588 0.000000 0.200588
v 0.235866 0.000000 -0.157601
v 0.250178 0.000000 -0.133723
v -0.108557 0.000000 0.262080
v -0.133723 0.000000 0.250178
v 0.271459 0.000000 -0.082346
v 0.278223 0.000000 -0.055342
v -0.200588 0.000000 -0.200588
v -0.179961 0.000000 -0.219283
v -0.055342 0.000000 0.278223
v 0.082346 0.000000 0.271459
v 0.055342 0.000000 0.278223
v 0.283674 0.000000 -0.000000
v 0.282308 0.000000 0.027805
v 0.055342 0.000000 -0.278223
v 0.082346 0.000000 -0.271459
v 0.027805 0.000000 0.282308
v 0.271459 0.000000 0.082346
v 0.262080 0.000000 0.108557
v 0.133723 0.000000 0.250178
v 0.108557 0.000000 0.262080
v 0.235866 0.000000 0.157601
v 0.219283 0.000000 0.179961
v -0.250178 0.000000 -0.133723
v -0.235866 0.000000 -0.157601
v 0.200588 0.000000 0.200588
v 0.179961 0.000000 0.219283
v 0.157601 0.000000 0.235866
v -0.000000 0.000000 -0.283674
v 0.027805 0.000000 -0.282308
v 0.250178 0.000000 0.133723
v 0.278223 0.000000 0.055342
v -0.278223 0.000000 -0.055342
v -0.271459 0.000000 -0.082346
v 0.282308 0.000000 -0.027805
v -0.082346 0.000000 0.271459
v 0.262080 0.000000 -0.108557
v -0.157601 0.000000 0.235866
v 0.219283 0.000000 -0.179961
v -0.219283 0.000000 0.179961
v -0.282308 0.000000 0.027805
v -0.283674 0.000000 -0.000000
v -0.262080 0.000000 0.108557
v -0.278223 0.000000 0.055342
v -0.282308 0.000000 -0.027805
v -0.271459 0.000000 0.082346
v -0.262080 0.000000 -0.108557
v -0.219283 0.000000 -0.179961
v -0.157601 0.000000 -0.235866
v -0.082346 0.000000 -0.271459
v -0.055342 0.000000 -0.278223
v -0.027805 0.000000 -0.282308
v -0.000000 0.009706 -0.263246
v 0.025803 0.009706 -0.261978
v 0.051357 0.009706 -0.258188
v 0.076416 0.009706 -0.251910
v 0.100740 0.009706 -0.243207
v 0.124093 0.009706 -0.232162
v 0.146251 0.009706 -0.218881
v 0.167001 0.009706 -0.203492
v 0.186143 0.009706 -0.186143
v 0.203492 0.009706 -0.167001
v 0.218881 0.009706 -0.146252
v 0.232162 0.009706 -0.124093
v 0.243207 0.009706 -0.100740
v 0.251910 0.009706 -0.076416
v 0.258187 0.009706 -0.051357
v 0.261978 0.009706 -0.025803
v 0.263246 0.009706 -0.000000
v 0.261978 0.009706 0.025802
v 0.258187 0.009706 0.051357
v 0.251910 0.009706 0.076416
v 0.243207 0.009706 0.100740
v 0.232162 0.009706 0.124093
v 0.218881 0.009706 0.146251
v 0.203492 0.009706 0.167001
v 0.186143 0.009706 0.186143
v 0.167001 0.009706 0.203491
v 0.146251 0.009706 0.218881
v 0.124093 0.009706 0.232162
v 0.100740 0.009706 0.243207
v 0.076416 0.009706 0.251910
v 0.051357 0.009706 0.258187
v 0.025803 0.009706 0.261978
v -0.000000 0.009706 0.263245
v -0.025803 0.009706 0.261978
v -0.051357 0.009706 0.258187
v -0.076416 0.009706 0.251910
v -0.100740 0.009706 0.243207
v -0.124093 0.009706 0.232162
v -0.146251 0.009706 0.218881
v -0.167001 0.009706 0.203491
v -0.186143 0.009706 0.186143
v -0.203492 0.009706 0.167001
v -0.218881 0.009706 0.146251
v -0.232162 0.009706 0.124093
v -0.243207 0.009706 0.100740
v -0.251910 0.009706 0.076416
v -0.258187 0.009706 0.051357
v -0.261978 0.009706 0.025802
v -0.263246 0.009706 -0.000000
v -0.261978 0.009706 -0.025803
v -0.258187 0.009706 -0.051357
v -0.251910 0.009706 -0.076416
v -0.243207 0.009706 -0.100740
v -0.232162 0.009706 -0.124093
v -0.218881 0.009706 -0.146252
v -0.203492 0.009706 -0.167001
v -0.186143 0.009706 -0.186143
v -0.167001 0.009706 -0.203492
v -0.146251 0.009706 -0.218881
v -0.124093 0.009706 -0.232162
v -0.100740 0.009706 -0.243207
v -0.076416 0.009706 -0.251910
v -0.051357 0.009706 -0.258188
v -0.025803 0.009706 -0.261978
v -0.000000 0.009706 -0.000000
v 0.105691 0.009706 -0.255161
v 0.130192 0.009706 -0.243572
v -0.130192 0.009706 -0.243572
v -0.105691 0.009706 -0.255161
v -0.229638 0.009706 0.153439
v -0.243572 0.009706 0.130192
v -0.000000 0.009706 0.276184
v -0.027071 0.009706 0.274854
v 0.175209 0.009706 -0.213493
v 0.195291 0.009706 -0.195291
v 0.153439 0.009706 -0.229638
v -0.175209 0.009706 0.213493
v -0.195291 0.009706 0.195291
v 0.229638 0.009706 -0.153440
v 0.243572 0.009706 -0.130192
v -0.105691 0.009706 0.255160
v -0.130192 0.009706 0.243572
v 0.264291 0.009706 -0.080172
v 0.270877 0.009706 -0.053881
v -0.195291 0.009706 -0.195291
v -0.175209 0.009706 -0.213493
v -0.053881 0.009706 0.270877
v 0.080172 0.009706 0.264291
v 0.053881 0.009706 0.270877
v 0.276184 0.009706 -0.000000
v 0.274854 0.009706 0.027071
v 0.053881 0.009706 -0.270877
v 0.080172 0.009706 -0.264291
v 0.027071 0.009706 0.274854
v 0.264291 0.009706 0.080172
v 0.255160 0.009706 0.105691
v 0.130192 0.009706 0.243572
v 0.105691 0.009706 0.255160
v 0.229638 0.009706 0.153439
v 0.213493 0.009706 0.175209
v -0.243572 0.009706 -0.130192
v -0.229638 0.009706 -0.153440
v 0.195291 0.009706 0.195291
v 0.175209 0.009706 0.213493
v 0.153439 0.009706 0.229638
v -0.000000 0.009706 -0.276184
v 0.027071 0.009706 -0.274854
v 0.243572 0.009706 0.130192
v 0.270877 0.009706 0.053881
v -0.270877 0.009706 -0.053881
v -0.264291 0.009706 -0.080172
v 0.274854 0.009706 -0.027071
v -0.080172 0.009706 0.264291
v 0.255160 0.009706 -0.105691
v -0.153439 0.009706 0.229638
v 0.213493 0.009706 -0.175209
v -0.213493 0.009706 0.175209
v -0.274854 0.009706 0.027071
v -0.276184 0.009706 -0.000000
v -0.255160 0.009706 0.105691
v -0.270877 0.009706 0.053881
v -0.274854 0.009706 -0.027071
v -0.264291 0.009706 0.080172
v -0.255160 0.009706 -0.105691
v -0.213493 0.009706 -0.175209
v -0.153439 0.009706 -0.229638
v -0.080172 0.009706 -0.264291
v -0.053881 0.009706 -0.270877
v -0.027071 0.009706 -0.274854
v 0.160159 0.105721 0.239695
v 0.203404 0.043185 0.203404
v 0.159814 0.043185 0.239178
v 0.182488 0.043185 0.222362
v 0.222842 0.105721 0.182882
v 0.203844 0.105721 0.203843
v 0.254239 0.105721 0.135893
v 0.239695 0.105721 0.160159
v 0.287508 0.168258 0.028317
v 0.286890 0.105721 0.028256
v 0.283348 0.168258 0.056361
v 0.282739 0.105721 0.056240
v 0.275865 0.105721 0.083683
v 0.275271 0.043185 0.083502
v 0.265761 0.043185 0.110082
v 0.266334 0.105721 -0.110319
v 0.275865 0.105721 -0.083683
v 0.286890 0.105721 -0.028256
v 0.286272 0.043185 -0.028195
v 0.287657 0.043185 -0.000000
v 0.282739 0.105721 -0.056240
v 0.182882 0.105721 -0.222842
v 0.203844 0.105721 -0.203844
v 0.239695 0.105721 -0.160159
v 0.239178 0.043185 -0.159814
v 0.253691 0.043185 -0.135601
v 0.222842 0.105721 -0.182882
v 0.056361 0.168258 -0.283348
v 0.056240 0.105721 -0.282739
v 0.110557 0.168258 -0.266908
v 0.110082 0.043185 -0.265761
v 0.135893 0.105721 -0.254239
v 0.159814 0.043185 -0.239178
v 0.083863 0.168258 -0.276460
v 0.135601 0.043185 -0.253691
v -0.056240 0.105721 -0.282739
v -0.056361 0.168258 -0.283348
v -0.000000 0.105721 -0.288278
v -0.000000 0.043185 -0.287657
v 0.028195 0.043185 -0.286272
v -0.083863 0.168258 -0.276460
v -0.083683 0.105721 -0.275865
v -0.204283 0.168258 -0.204283
v -0.160504 0.168258 -0.240211
v -0.160159 0.105721 -0.239695
v -0.135893 0.105721 -0.254239
v -0.110082 0.043185 -0.265761
v -0.083502 0.043185 -0.275271
v -0.183276 0.168258 -0.223322
v -0.266908 0.168258 -0.110557
v -0.240211 0.168258 -0.160504
v -0.239695 0.105721 -0.160159
v -0.222842 0.105721 -0.182882
v -0.222362 0.043185 -0.182488
v -0.182882 0.105721 -0.222842
v -0.182488 0.043185 -0.222362
v -0.254786 0.168258 -0.136186
v -0.203404 0.043185 -0.203404
v -0.203844 0.105721 -0.203844
v -0.287508 0.168258 -0.028317
v -0.286890 0.105721 -0.028256
v -0.283348 0.168258 -0.056362
v -0.275865 0.105721 -0.083683
v -0.254239 0.105721 -0.135894
v -0.282654 0.105993 0.056592
v -0.266334 0.105721 -0.110319
v -0.266908 0.168258 0.110557
v -0.283348 0.168258 0.056361
v -0.288278 0.105721 -0.000000
v -0.276459 0.168258 0.083863
v -0.223322 0.168258 0.183276
v -0.222842 0.105721 0.182882
v -0.240211 0.168258 0.160504
v -0.253691 0.043185 0.135601
v -0.266334 0.105721 0.110319
v -0.265761 0.043185 0.110082
v -0.083683 0.105721 0.275865
v -0.135893 0.105721 0.254239
v -0.182882 0.105721 0.222842
v -0.182488 0.043185 0.222362
v -0.203404 0.043185 0.203404
v -0.110319 0.105721 0.266334
v -0.160159 0.105728 0.239695
v 0.028256 0.105721 0.286890
v -0.000000 0.105721 0.288278
v -0.056240 0.105721 0.282739
v -0.056119 0.043185 0.282130
v -0.083502 0.043185 0.275271
v -0.028256 0.105721 0.286890
v 0.135893 0.105721 0.254239
v 0.083683 0.105721 0.275865
v 0.083502 0.043185 0.275271
v 0.056119 0.043185 0.282130
v 0.110319 0.105721 0.266334
v 0.265618 0.253675 -0.109865
v 0.057152 0.846147 -0.287324
v 0.085040 0.846147 -0.280338
v 0.028714 0.846147 -0.291542
v 0.138097 0.846147 -0.258361
v 0.162756 0.846147 -0.243581
v 0.112108 0.846147 -0.270653
v 0.207149 0.846147 -0.207149
v 0.226455 0.846147 -0.185847
v 0.185847 0.846147 -0.226456
v 0.258361 0.846147 -0.138097
v 0.270653 0.846147 -0.112108
v 0.243581 0.846147 -0.162756
v 0.287324 0.846147 -0.057152
v 0.291542 0.846147 -0.028715
v 0.280338 0.846147 -0.085040
v 0.291542 0.846147 0.028714
v 0.287324 0.846147 0.057152
v 0.292953 0.846147 -0.000000
v 0.270653 0.846147 0.112108
v 0.258361 0.846147 0.138097
v 0.280338 0.846147 0.085040
v 0.226455 0.846147 0.185847
v 0.207149 0.846147 0.207149
v 0.243581 0.846147 0.162756
v 0.162756 0.846147 0.243581
v 0.138097 0.846147 0.258361
v 0.185847 0.846147 0.226455
v 0.085040 0.846147 0.280338
v 0.057152 0.846147 0.287324
v 0.112108 0.846147 0.270653
v -0.000000 0.846147 0.292953
v -0.028714 0.846147 0.291542
v 0.028714 0.846147 0.291542
v -0.085040 0.846147 0.280338
v -0.112108 0.846147 0.270653
v -0.057152 0.846147 0.287324
v -0.162756 0.846147 0.243581
v -0.185847 0.846147 0.226455
v -0.138097 0.846147 0.258361
v -0.226455 0.846147 0.185847
v -0.243581 0.846147 0.162756
v -0.207149 0.846147 0.207149
v -0.270653 0.846147 0.112108
v -0.280338 0.846147 0.085040
v -0.258361 0.846147 0.138097
v -0.291542 0.846147 0.028714
v -0.292953 0.846147 -0.000000
v -0.287324 0.846147 0.057152
v -0.287324 0.846147 -0.057152
v -0.280338 0.846147 -0.085040
v -0.291542 0.846147 -0.028715
v -0.258361 0.846147 -0.138097
v -0.243581 0.846147 -0.162756
v -0.270653 0.846147 -0.112108
v -0.207149 0.846147 -0.207149
v -0.185847 0.846147 -0.226456
v -0.226455 0.846147 -0.185847
v -0.138097 0.846147 -0.258361
v -0.112108 0.846147 -0.270653
v -0.162756 0.846147 -0.243581
v -0.028714 0.846147 -0.291542
v -0.000000 0.846147 -0.292953
v -0.057152 0.846147 -0.287324
v -0.085040 0.846147 -0.280338
v -0.028169 0.012627 -0.286007
v -0.000000 0.012627 -0.287391
v 0.028169 0.012627 -0.286007
v 0.056067 0.012627 -0.281869
v 0.083425 0.012627 -0.275016
v 0.109980 0.012627 -0.265515
v 0.135475 0.012627 -0.253456
v 0.159666 0.012627 -0.238957
v 0.182319 0.012627 -0.222156
v 0.203216 0.012627 -0.203216
v 0.222156 0.012627 -0.182319
v 0.238957 0.012627 -0.159666
v 0.253456 0.012627 -0.135475
v 0.265515 0.012627 -0.109980
v 0.275016 0.012627 -0.083425
v 0.281869 0.012627 -0.056067
v 0.286007 0.012627 -0.028169
v 0.287391 0.012627 -0.000000
v 0.286007 0.012627 0.028169
v 0.281869 0.012627 0.056067
v 0.275016 0.012627 0.083425
v 0.265515 0.012627 0.109980
v 0.253456 0.012627 0.135475
v 0.238957 0.012627 0.159666
v 0.222156 0.012627 0.182319
v 0.203216 0.012627 0.203216
v 0.182319 0.012627 0.222156
v 0.159666 0.012627 0.238957
v 0.135475 0.012627 0.253456
v 0.109980 0.012627 0.265515
v 0.083425 0.012627 0.275016
v 0.056067 0.012627 0.281869
v 0.028169 0.012627 0.286007
v -0.000000 0.012627 0.287391
v -0.028169 0.012627 0.286007
v -0.056067 0.012627 0.281869
v -0.083425 0.012627 0.275016
v -0.109980 0.012627 0.265515
v -0.135475 0.012627 0.253456
v -0.159666 0.012627 0.238957
v -0.182319 0.012627 0.222156
v -0.203216 0.012627 0.203216
v -0.222156 0.012627 0.182319
v -0.238957 0.012627 0.159666
v -0.253456 0.012627 0.135475
v -0.265515 0.012627 0.109980
v -0.275016 0.012627 0.083425
v -0.281869 0.012627 0.056067
v -0.286007 0.012627 0.028169
v -0.287391 0.012627 -0.000000
v -0.286007 0.012627 -0.028169
v -0.281869 0.012627 -0.056067
v -0.275016 0.012627 -0.083425
v -0.265515 0.012627 -0.109980
v -0.253456 0.012627 -0.135475
v -0.238957 0.012627 -0.159666
v -0.222156 0.012627 -0.182319
v -0.203216 0.012627 -0.203216
v -0.182319 0.012627 -0.222156
v -0.159666 0.012627 -0.238957
v -0.135475 0.012627 -0.253456
v -0.109980 0.012627 -0.265515
v -0.083425 0.012627 -0.275016
v -0.056067 0.012627 -0.281869
v -0.000017 0.619437 -0.290678
v 0.028313 0.619386 -0.288579
v 0.056628 0.619423 -0.284665
v 0.084150 0.619426 -0.277661
v 0.110842 0.619394 -0.267609
v 0.136512 0.619410 -0.255149
v 0.160712 0.619626 -0.240551
v 0.183234 0.619521 -0.223388
v 0.204311 0.619486 -0.204322
v 0.223591 0.619477 -0.183446
v 0.240722 0.619568 -0.160863
v 0.255567 0.619502 -0.136606
v 0.267759 0.619397 -0.110996
v 0.277269 0.619417 -0.084187
v 0.284306 0.619483 -0.056523
v 0.288552 0.619465 -0.028465
v 0.289891 0.619458 0.000002
v 0.288313 0.619442 0.028358
v 0.283809 0.619498 0.056396
v 0.276528 0.619395 0.083809
v 0.266710 0.619523 0.110320
v 0.254391 0.619402 0.135900
v 0.239662 0.619455 0.160090
v 0.222715 0.619476 0.182542
v 0.203468 0.619443 0.203426
v 0.182439 0.619492 0.222279
v 0.159742 0.619286 0.238727
v 0.135379 0.619461 0.252521
v 0.109683 0.619517 0.263376
v 0.082877 0.619646 0.271853
v 0.055762 0.619797 0.277988
v 0.027843 0.619646 0.281675
v 0.000285 0.619377 0.282379
v -0.028242 0.619693 0.281885
v -0.056043 0.619516 0.278799
v -0.083267 0.619694 0.273379
v -0.110157 0.619618 0.264974
v -0.136052 0.619468 0.254013
v -0.160724 0.619430 0.240309
v -0.184098 0.619434 0.224142
v -0.205737 0.619421 0.205667
v -0.225060 0.619413 0.184716
v -0.241972 0.619406 0.161695
v -0.256454 0.619448 0.137093
v -0.268347 0.619345 0.111148
v -0.277464 0.619352 0.084267
v -0.283763 0.619486 0.056529
v -0.287378 0.619423 0.028421
v -0.288082 0.619559 0.000120
v -0.286288 0.619502 -0.028094
v -0.281702 0.619468 -0.056080
v -0.274644 0.619695 -0.083192
v -0.264912 0.619592 -0.109529
v -0.252699 0.619589 -0.134774
v -0.237992 0.619506 -0.159133
v -0.221295 0.619446 -0.181537
v -0.202287 0.619613 -0.202338
v -0.181537 0.619602 -0.220977
v -0.158778 0.619518 -0.238244
v -0.135074 0.619532 -0.253343
v -0.109997 0.619501 -0.266296
v -0.083775 0.619405 -0.276864
v -0.056547 0.619426 -0.284774
v -0.028494 0.619460 -0.289274
v -0.083548 0.365453 -0.275104
v -0.083021 0.406553 -0.270584
v -0.083091 0.450546 -0.273423
v -0.083648 0.492646 -0.275645
v -0.110611 0.365500 -0.266985
v -0.110595 0.407825 -0.266369
v -0.110628 0.450227 -0.266946
v -0.110525 0.492584 -0.266799
v -0.136177 0.365498 -0.254767
v -0.136939 0.407797 -0.256136
v -0.136521 0.450206 -0.255412
v -0.136142 0.492572 -0.254717
v -0.159619 0.365591 -0.239315
v -0.160388 0.407848 -0.240141
v -0.160902 0.450206 -0.240803
v -0.160680 0.492572 -0.240486
v -0.181116 0.365533 -0.221256
v -0.181264 0.407836 -0.221601
v -0.181229 0.450231 -0.221817
v -0.179163 0.492181 -0.221170
v -0.287696 0.365501 0.000112
v -0.287733 0.407841 -0.000026
v -0.287536 0.450265 0.000029
v -0.287092 0.492536 0.000055
v -0.287955 0.365463 0.028388
v -0.287437 0.407819 0.028380
v -0.287002 0.450175 0.028385
v -0.286678 0.492560 0.028264
v -0.285046 0.365454 0.056687
v -0.284457 0.407828 0.056564
v -0.284082 0.450209 0.056500
v -0.283612 0.492589 0.056433
v -0.278914 0.365466 0.084554
v -0.278468 0.407832 0.084468
v -0.277907 0.450162 0.084335
v -0.277798 0.492581 0.084241
v -0.269520 0.365463 0.111527
v -0.269263 0.407822 0.111491
v -0.269058 0.450174 0.111385
v -0.268823 0.492627 0.111267
v -0.256891 0.365413 0.137307
v -0.257034 0.407814 0.137277
v -0.256911 0.450272 0.137347
v -0.256861 0.492631 0.137302
v -0.241757 0.365462 0.161566
v -0.241993 0.407712 0.161665
v -0.242143 0.450210 0.161741
v -0.242211 0.492687 0.161811
v -0.224253 0.365451 0.184042
v -0.224424 0.407817 0.184212
v -0.224764 0.450232 0.184530
v -0.225004 0.492536 0.184623
v -0.204682 0.365458 0.204659
v -0.204895 0.407830 0.204894
v -0.204850 0.450209 0.204853
v -0.205072 0.492573 0.205104
v -0.183196 0.365443 0.223200
v -0.183587 0.407809 0.223663
v -0.183699 0.450206 0.223837
v -0.184092 0.492583 0.224282
v -0.159831 0.365493 0.239129
v -0.160534 0.407868 0.240207
v -0.160767 0.450197 0.240560
v -0.161165 0.492615 0.241270
v -0.108951 0.365238 0.261429
v -0.108894 0.407539 0.261046
v -0.109197 0.449800 0.259788
v -0.109952 0.494321 0.256210
v -0.000419 0.365272 0.277343
v 0.000092 0.407682 0.276725
v -0.000034 0.449994 0.276704
v 0.000895 0.491908 0.276058
v 0.027621 0.365515 0.276269
v 0.028135 0.407422 0.276521
v 0.027795 0.450192 0.276476
v 0.027975 0.492187 0.276419
v 0.054994 0.365014 0.274558
v 0.055079 0.407548 0.274125
v 0.054709 0.449940 0.273555
v 0.054303 0.492128 0.272931
v 0.081927 0.365070 0.268753
v 0.081574 0.407933 0.267987
v 0.081290 0.449938 0.267225
v 0.080605 0.492198 0.266487
v 0.108577 0.365193 0.260815
v 0.108090 0.407933 0.259771
v 0.107153 0.450250 0.258689
v 0.105883 0.491318 0.256675
v 0.134340 0.365002 0.250469
v 0.134234 0.408071 0.250026
v 0.134195 0.449739 0.248857
v 0.132781 0.491450 0.245156
v 0.158091 0.365473 0.237000
v 0.158732 0.407829 0.237446
v 0.159414 0.450191 0.237815
v 0.158919 0.492144 0.235368
v 0.201920 0.365485 0.202092
v 0.202160 0.407806 0.202276
v 0.202604 0.450136 0.202628
v 0.202716 0.492566 0.202863
v 0.220137 0.365367 0.180904
v 0.220647 0.407789 0.180870
v 0.220633 0.450282 0.181313
v 0.221042 0.492598 0.181440
v 0.236905 0.365490 0.158559
v 0.237106 0.407825 0.158295
v 0.237367 0.450304 0.158616
v 0.237684 0.492584 0.158788
v 0.251386 0.365434 0.134334
v 0.251483 0.407795 0.134437
v 0.251744 0.450273 0.134416
v 0.252030 0.492618 0.134688
v 0.263518 0.365374 0.109314
v 0.263763 0.407811 0.109156
v 0.264020 0.450255 0.109315
v 0.264319 0.492598 0.109516
v 0.273365 0.365536 0.083077
v 0.273680 0.407809 0.082931
v 0.274055 0.450249 0.083005
v 0.274278 0.492496 0.083188
v 0.281021 0.365450 0.055819
v 0.281235 0.407875 0.055748
v 0.281563 0.450210 0.055936
v 0.281881 0.492616 0.055964
v 0.285799 0.365398 0.028066
v 0.286089 0.407873 0.028233
v 0.286428 0.450191 0.028182
v 0.286481 0.492565 0.028175
v 0.287191 0.365494 0.000019
v 0.288064 0.407805 0.000034
v 0.288471 0.450259 0.000020
v 0.288422 0.492554 0.000007
v 0.286561 0.365421 -0.028286
v 0.286858 0.407905 -0.028265
v 0.287514 0.450240 -0.028315
v 0.287512 0.492594 -0.028343
v 0.282688 0.365390 -0.056203
v 0.282816 0.407859 -0.056268
v 0.283317 0.450198 -0.056375
v 0.283407 0.492556 -0.056409
v 0.276003 0.365542 -0.083650
v 0.275853 0.407884 -0.083586
v 0.276173 0.450075 -0.083742
v 0.276212 0.492564 -0.083794
v 0.266324 0.365424 -0.110300
v 0.266180 0.407922 -0.110315
v 0.266221 0.450150 -0.110225
v 0.266408 0.492644 -0.110357
v 0.254010 0.365427 -0.135831
v 0.254067 0.407770 -0.135867
v 0.253273 0.450147 -0.135324
v 0.254094 0.492572 -0.135753
v 0.239398 0.365504 -0.160177
v 0.239318 0.407831 -0.159656
v 0.238341 0.450429 -0.159049
v 0.239118 0.492595 -0.159763
v 0.222241 0.365424 -0.182343
v 0.222172 0.407808 -0.182240
v 0.221371 0.450274 -0.181596
v 0.221954 0.492566 -0.182145
v 0.202977 0.365420 -0.203061
v 0.202815 0.407788 -0.202737
v 0.202270 0.450403 -0.202267
v 0.202782 0.492600 -0.202823
v 0.181946 0.365405 -0.221892
v 0.181616 0.407774 -0.221493
v 0.181512 0.450371 -0.221129
v 0.181908 0.492627 -0.221757
v 0.159538 0.365418 -0.238688
v 0.159362 0.407857 -0.238647
v 0.159117 0.450385 -0.238289
v 0.159555 0.492606 -0.238839
v 0.135595 0.365484 -0.253642
v 0.135549 0.407834 -0.253772
v 0.135511 0.450347 -0.253546
v 0.135742 0.492595 -0.254057
v 0.110510 0.365459 -0.266887
v 0.110547 0.407804 -0.266982
v 0.110563 0.450244 -0.266996
v 0.110690 0.492583 -0.267242
v 0.084233 0.365453 -0.277642
v 0.084406 0.407828 -0.278008
v 0.084452 0.450218 -0.278116
v 0.084306 0.492573 -0.277841
v 0.056748 0.365394 -0.285120
v 0.056979 0.408012 -0.286407
v 0.056895 0.450129 -0.285998
v 0.056671 0.492622 -0.285034
v 0.028422 0.365447 -0.289061
v 0.028753 0.407814 -0.285287
v 0.028384 0.450193 -0.288717
v 0.028441 0.492583 -0.288580
v 0.000157 0.365345 -0.287928
v 0.000986 0.408594 -0.282376
v 0.000225 0.450511 -0.287220
v 0.000020 0.492582 -0.289162
v -0.056052 0.492705 -0.281835
v -0.055660 0.450983 -0.278336
v -0.055220 0.406861 -0.274146
v -0.055863 0.365258 -0.280580
v -0.028133 0.492714 -0.286327
v -0.027647 0.450868 -0.283001
v -0.027009 0.407994 -0.278329
v -0.027874 0.365340 -0.284875
v -0.216667 0.365229 -0.178783
v -0.212773 0.406474 -0.177974
v -0.207096 0.448663 -0.175504
v -0.209877 0.496252 -0.174258
v -0.278513 0.365658 -0.054755
v -0.279362 0.408213 -0.055031
v -0.280654 0.450291 -0.055255
v -0.279892 0.492391 -0.055563
v -0.135146 0.365505 0.251796
v -0.135286 0.407806 0.252527
v -0.135764 0.450197 0.252992
v -0.135792 0.492621 0.252908
v 0.180774 0.365734 0.219898
v 0.181626 0.407948 0.221192
v 0.182127 0.450203 0.222030
v 0.182822 0.492576 0.222926
v -0.200114 0.365629 -0.201172
v -0.199051 0.407424 -0.200929
v -0.195938 0.449278 -0.199807
v -0.193999 0.494723 -0.197545
v -0.241615 0.362943 -0.130417
v -0.236189 0.407424 -0.125808
v -0.236528 0.451213 -0.125292
v -0.242043 0.496404 -0.127420
v -0.230042 0.364010 -0.155280
v -0.223653 0.404967 -0.154277
v -0.221693 0.450805 -0.148986
v -0.225699 0.496484 -0.150892
v -0.082531 0.365412 0.268419
v -0.082150 0.407362 0.267489
v -0.081864 0.448988 0.265320
v -0.081144 0.491774 0.260130
v -0.251763 0.362100 -0.105065
v -0.252217 0.408386 -0.100159
v -0.252756 0.450069 -0.100821
v -0.257708 0.495119 -0.104017
v -0.054978 0.364961 0.273735
v -0.054483 0.407806 0.272227
v -0.054109 0.448439 0.270097
v -0.052286 0.490934 0.265439
v -0.266479 0.365999 -0.076428
v -0.267621 0.408153 -0.077824
v -0.268048 0.450486 -0.078067
v -0.271152 0.492983 -0.081328
v -0.027935 0.365250 0.276766
v -0.027557 0.407264 0.275678
v -0.026457 0.449386 0.274831
v -0.024758 0.492034 0.272230
v -0.284714 0.365409 -0.027821
v -0.285404 0.407864 -0.027982
v -0.285535 0.450190 -0.028127
v -0.284836 0.492465 -0.027981
v 0.110318 0.105416 -0.266332
v 0.083440 0.105568 -0.275577
v -0.027840 0.852898 -0.282665
v -0.055412 0.852898 -0.278575
v -0.082450 0.852898 -0.271803
v -0.108695 0.852898 -0.262412
v -0.133892 0.852898 -0.250495
v -0.157800 0.852898 -0.236165
v -0.180189 0.852898 -0.219561
v -0.200842 0.852898 -0.200842
v -0.219560 0.852898 -0.180189
v -0.236165 0.852898 -0.157800
v -0.250495 0.852898 -0.133892
v -0.262412 0.852898 -0.108695
v -0.271803 0.852898 -0.082451
v -0.278575 0.852898 -0.055412
v -0.282665 0.852898 -0.027840
v -0.284033 0.852898 -0.000000
v -0.282665 0.852898 0.027840
v -0.278575 0.852898 0.055412
v -0.271803 0.852898 0.082450
v -0.262412 0.852898 0.108695
v -0.250495 0.852898 0.133892
v -0.236165 0.852898 0.157800
v -0.219560 0.852898 0.180189
v -0.200842 0.852898 0.200842
v -0.180189 0.852898 0.219560
v -0.157800 0.852898 0.236165
v -0.133892 0.852898 0.250495
v -0.108695 0.852898 0.262412
v -0.082450 0.852898 0.271803
v -0.055412 0.852898 0.278575
v -0.027840 0.852898 0.282665
v -0.000000 0.852898 0.284033
v 0.027840 0.852898 0.282665
v 0.055412 0.852898 0.278575
v 0.082450 0.852898 0.271803
v 0.108695 0.852898 0.262412
v 0.133892 0.852898 0.250495
v 0.157800 0.852898 0.236165
v 0.180189 0.852898 0.219560
v 0.200842 0.852898 0.200842
v 0.219560 0.852898 0.180189
v 0.236165 0.852898 0.157800
v 0.250495 0.852898 0.133892
v 0.262412 0.852898 0.108695
v 0.271803 0.852898 0.082450
v 0.278575 0.852898 0.055412
v 0.282665 0.852898 0.027840
v 0.284033 0.852898 -0.000000
v 0.282665 0.852898 -0.027840
v 0.278575 0.852898 -0.055412
v 0.271803 0.852898 -0.082451
v 0.262412 0.852898 -0.108695
v 0.250495 0.852898 -0.133892
v 0.236165 0.852898 -0.157800
v 0.219560 0.852898 -0.180189
v 0.200842 0.852898 -0.200842
v 0.180189 0.852898 -0.219561
v 0.157800 0.852898 -0.236165
v 0.133892 0.852898 -0.250495
v 0.108695 0.852898 -0.262412
v 0.082450 0.852898 -0.271803
v 0.055412 0.852898 -0.278575
v 0.027840 0.852898 -0.282665
v -0.000000 0.852898 -0.284033
v -0.027714 0.839869 -0.281387
v -0.055161 0.839869 -0.277315
v -0.082077 0.839869 -0.270573
v -0.108203 0.839869 -0.261225
v -0.133287 0.839869 -0.249362
v -0.157086 0.839869 -0.235097
v -0.179374 0.839869 -0.218567
v -0.199933 0.839869 -0.199933
v -0.218567 0.839869 -0.179374
v -0.235097 0.839869 -0.157087
v -0.249362 0.839869 -0.133287
v -0.261225 0.839869 -0.108203
v -0.270573 0.839869 -0.082078
v -0.277315 0.839869 -0.055162
v -0.281387 0.839869 -0.027714
v -0.282748 0.839869 -0.000000
v -0.281387 0.839869 0.027714
v -0.277315 0.839869 0.055161
v -0.270573 0.839869 0.082077
v -0.261225 0.839869 0.108203
v -0.249362 0.839869 0.133286
v -0.235097 0.839869 0.157086
v -0.218567 0.839869 0.179373
v -0.199933 0.839869 0.199933
v -0.179374 0.839869 0.218567
v -0.157086 0.839869 0.235096
v -0.133287 0.839869 0.249362
v -0.108203 0.839869 0.261225
v -0.082077 0.839869 0.270573
v -0.055161 0.839869 0.277315
v -0.027714 0.839869 0.281387
v -0.000000 0.839869 0.282748
v 0.027714 0.839869 0.281387
v 0.055161 0.839869 0.277315
v 0.082077 0.839869 0.270573
v 0.108203 0.839869 0.261225
v 0.133287 0.839869 0.249362
v 0.157086 0.839869 0.235096
v 0.179374 0.839869 0.218567
v 0.199933 0.839869 0.199933
v 0.218567 0.839869 0.179373
v 0.235097 0.839869 0.157086
v 0.249362 0.839869 0.133286
v 0.261225 0.839869 0.108203
v 0.270573 0.839869 0.082077
v 0.277315 0.839869 0.055161
v 0.281387 0.839869 0.027714
v 0.282748 0.839869 -0.000000
v 0.281387 0.839869 -0.027714
v 0.277315 0.839869 -0.055162
v 0.270573 0.839869 -0.082078
v 0.261225 0.839869 -0.108203
v 0.249362 0.839869 -0.133287
v 0.235097 0.839869 -0.157087
v 0.218567 0.839869 -0.179374
v 0.199933 0.839869 -0.199933
v 0.179374 0.839869 -0.218567
v 0.157086 0.839869 -0.235097
v 0.133287 0.839869 -0.249362
v 0.108203 0.839869 -0.261225
v 0.082077 0.839869 -0.270573
v 0.055161 0.839869 -0.277315
v 0.027714 0.839869 -0.281387
v -0.000000 0.839869 -0.282748
v -0.171671 0.839869 -0.209181
v -0.191654 0.839869 -0.191654
v -0.027279 0.839869 -0.277513
v -0.055096 0.839869 -0.270692
v -0.257937 0.839869 0.106841
v -0.243928 0.839869 0.130382
v 0.204169 0.839869 0.167202
v 0.223371 0.839869 0.147954
v 0.170512 0.839869 -0.209618
v 0.149838 0.839869 -0.227307
v -0.232684 0.839869 0.155474
v -0.208457 0.839869 -0.171077
v -0.224028 0.839869 -0.149691
v 0.027475 0.839869 -0.279870
v 0.000295 0.839869 -0.281722
v 0.189779 0.839869 -0.190761
v 0.276236 0.839869 -0.027181
v 0.271085 0.839869 -0.053230
v 0.166387 0.839869 0.202743
v 0.185458 0.839869 0.185458
v 0.025708 0.839869 0.260072
v 0.051639 0.839869 0.261481
v -0.171219 0.839869 0.209343
v -0.150899 0.839869 0.227032
v -0.127761 0.839869 0.240029
v 0.258434 0.839869 0.106461
v 0.267150 0.839869 0.080445
v -0.271083 0.839869 -0.053922
v -0.276514 0.839869 -0.027234
v -0.102634 0.839869 -0.247781
v -0.127150 0.839869 -0.237881
v -0.103198 0.839869 0.249737
v -0.075075 0.839869 0.247685
v 0.254687 0.839869 -0.105967
v 0.238870 0.839869 -0.127958
v -0.272233 0.839869 -0.000000
v -0.269928 0.839869 0.026586
v 0.102705 0.839869 0.247433
v 0.126895 0.839869 0.235788
v 0.130216 0.839869 -0.243191
v -0.234108 0.839869 -0.125133
v -0.210793 0.839869 0.173997
v -0.193727 0.839869 0.193727
v 0.279115 0.839869 0.027263
v 0.279227 0.839869 -0.000072
v -0.149024 0.839869 -0.223031
v 0.240879 0.839869 0.128524
v 0.078139 0.839869 0.257348
v 0.263652 0.839869 -0.079572
v -0.025354 0.839869 0.258540
v 0.000471 0.839869 0.260157
v 0.211483 0.839869 -0.171494
v -0.266949 0.839869 0.053099
v -0.263985 0.839869 0.080079
v -0.245069 0.839869 -0.101511
v -0.259696 0.839869 -0.078778
v -0.078110 0.839869 -0.257496
v 0.081438 0.839869 -0.267875
v 0.054900 0.839869 -0.275897
v 0.106360 0.839869 -0.259008
v 0.225147 0.839869 -0.151017
v 0.273783 0.839869 0.054986
v 0.146121 0.839869 0.218891
v -0.050579 0.839869 0.255353
v 0.221788 0.091039 -0.183828
v 0.222703 0.087659 -0.182768
v 0.222755 0.094416 -0.182811
v 0.227870 0.091039 -0.175858
v 0.227023 0.094583 -0.177059
v 0.226968 0.087495 -0.177015
v 0.224844 0.086027 -0.179855
v 0.222743 0.087495 -0.182712
v 0.224922 0.096051 -0.179917
v 0.250731 0.057912 -0.140824
v 0.250006 0.061456 -0.142101
v 0.249945 0.054368 -0.142066
v 0.245577 0.057912 -0.149423
v 0.246362 0.061456 -0.148181
v 0.248111 0.052900 -0.145098
v 0.246301 0.054368 -0.148146
v 0.248197 0.062924 -0.145148
v 0.270740 0.132354 -0.098791
v 0.270212 0.128809 -0.100161
v 0.270278 0.135898 -0.100186
v 0.269097 0.137366 -0.103529
v 0.267362 0.132354 -0.108232
v 0.267824 0.128809 -0.106837
v 0.267889 0.135898 -0.106862
v 0.269005 0.127342 -0.103494
v 0.282088 0.105104 -0.058817
v 0.281990 0.095080 -0.058796
v 0.280820 0.100092 -0.063672
v 0.281143 0.096548 -0.062240
v 0.281211 0.103636 -0.062254
v 0.282646 0.096180 -0.056222
v 0.283031 0.100092 -0.053893
v 0.282849 0.103636 -0.055355
v 0.287462 0.059518 -0.007283
v 0.287425 0.063062 -0.008750
v 0.287354 0.055974 -0.008747
v 0.286970 0.059518 -0.017295
v 0.287077 0.063062 -0.015830
v 0.287166 0.054506 -0.012287
v 0.287007 0.055974 -0.015827
v 0.287265 0.064530 -0.012291
v 0.276305 0.099065 0.081656
v 0.276628 0.095521 0.080222
v 0.276695 0.102609 0.080241
v 0.277571 0.104077 0.076806
v 0.278741 0.099065 0.071930
v 0.278350 0.095521 0.073345
v 0.278418 0.102609 0.073364
v 0.277475 0.094053 0.076780
v 0.266038 0.058096 0.109746
v 0.266565 0.061640 0.108376
v 0.266500 0.054552 0.108351
v 0.269416 0.058096 0.100304
v 0.268889 0.054552 0.101674
v 0.268954 0.061640 0.101700
v 0.267681 0.053084 0.105007
v 0.267773 0.063108 0.105043
v 0.243428 0.126157 0.154324
v 0.244213 0.129701 0.153083
v 0.244153 0.122613 0.153047
v 0.248582 0.126157 0.145726
v 0.247797 0.122613 0.146967
v 0.245962 0.121145 0.149999
v 0.247857 0.129701 0.147004
v 0.246047 0.131169 0.150051
v 0.215447 0.102379 0.190992
v 0.216406 0.098835 0.189881
v 0.216402 0.105721 0.189987
v 0.221168 0.098835 0.184627
v 0.222181 0.102379 0.183562
v 0.221276 0.105721 0.184610
v 0.218776 0.097367 0.187244
v 0.218852 0.107391 0.187309
v 0.184387 0.071966 0.221026
v 0.185498 0.075510 0.220066
v 0.185452 0.068422 0.220013
v 0.191817 0.071966 0.214292
v 0.190752 0.075510 0.215305
v 0.190706 0.068422 0.215251
v 0.188135 0.076978 0.217696
v 0.188070 0.066954 0.217621
v 0.157177 0.119167 0.241638
v 0.155936 0.122711 0.242422
v 0.148577 0.119167 0.246792
v 0.149818 0.115623 0.246007
v 0.149855 0.122711 0.246067
v 0.152903 0.124179 0.244257
v 0.155899 0.115623 0.242363
v 0.152850 0.114155 0.244173
v 0.110446 0.081572 0.266009
v 0.111789 0.085116 0.265413
v 0.110472 0.088660 0.266075
v 0.102407 0.085116 0.268948
v 0.103777 0.081572 0.268421
v 0.103803 0.088660 0.268486
v 0.107110 0.080104 0.267213
v 0.107147 0.090128 0.267305
v 0.064006 0.059613 0.280322
v 0.065439 0.063157 0.280000
v 0.065422 0.056069 0.279931
v 0.073730 0.059613 0.277887
v 0.072314 0.063157 0.278277
v 0.068856 0.054601 0.279056
v 0.072298 0.056069 0.278209
v 0.068880 0.064625 0.279153
v 0.009271 0.122948 0.287994
v 0.010739 0.126492 0.287957
v 0.010736 0.119404 0.287887
v 0.019283 0.122948 0.287502
v 0.017819 0.126492 0.287609
v 0.014275 0.117936 0.287698
v 0.017815 0.119404 0.287539
v 0.014280 0.127960 0.287798
v -0.027861 0.091272 0.286766
v -0.027871 0.101296 0.286865
v -0.022854 0.096284 0.287062
v -0.024318 0.092740 0.286955
v -0.024325 0.099829 0.287025
v -0.032833 0.096284 0.286116
v -0.031376 0.092740 0.286297
v -0.031383 0.099829 0.286367
v -0.072902 0.066897 0.278169
v -0.071469 0.063353 0.278491
v -0.071486 0.070441 0.278559
v -0.068028 0.061885 0.279338
v -0.068051 0.071909 0.279435
v -0.063178 0.066897 0.280604
v -0.064593 0.063353 0.280213
v -0.064610 0.070441 0.280282
v -0.158778 0.101925 0.240478
v -0.157537 0.105469 0.241263
v -0.157499 0.098381 0.241204
v -0.150177 0.101925 0.245634
v -0.151417 0.098381 0.244849
v -0.151455 0.105469 0.244908
v -0.154451 0.096913 0.243014
v -0.154504 0.106937 0.243098
v -0.114455 0.132571 0.264673
v -0.113112 0.129027 0.265269
v -0.113139 0.136115 0.265334
v -0.190894 0.075746 0.215179
v -0.187147 0.070734 0.218507
v -0.188212 0.067190 0.217495
v -0.188259 0.074278 0.217548
v -0.194575 0.070734 0.211775
v -0.193511 0.074278 0.212788
v -0.190828 0.065722 0.215104
v -0.193464 0.067190 0.212735
v -0.241161 0.108218 0.157760
v -0.244807 0.108218 0.151678
v -0.242996 0.109686 0.154727
v -0.287360 0.087768 0.015054
v -0.287396 0.084366 0.013645
v -0.287463 0.091170 0.013647
v -0.287797 0.091170 0.006851
v -0.287644 0.092580 0.010250
v -0.287549 0.082957 0.010246
v -0.287833 0.087768 0.005442
v -0.287730 0.084366 0.006848
v -0.275070 0.137509 0.086840
v -0.274609 0.141053 0.088234
v -0.275138 0.144597 0.086860
v -0.287022 0.140226 -0.029703
v -0.286771 0.136682 -0.031151
v -0.286841 0.143770 -0.031160
v -0.285550 0.140226 -0.039622
v -0.285801 0.143770 -0.038174
v -0.285731 0.136682 -0.038165
v -0.286237 0.135214 -0.034656
v -0.286335 0.145238 -0.034668
v -0.269587 0.087925 -0.100706
v -0.269059 0.084381 -0.102076
v -0.269125 0.091469 -0.102102
v -0.266208 0.087925 -0.110149
v -0.266670 0.084381 -0.108753
v -0.266736 0.091469 -0.108779
v -0.267944 0.092937 -0.105446
v -0.267851 0.082913 -0.105409
v -0.281893 0.114778 -0.059987
v -0.281502 0.111234 -0.061403
v -0.281571 0.118322 -0.061419
v -0.279457 0.114778 -0.069712
v -0.279848 0.118322 -0.068296
v -0.280627 0.109766 -0.064838
v -0.279780 0.111234 -0.068280
v -0.280724 0.119790 -0.064861
v -0.257114 0.158119 -0.131031
v -0.256454 0.154575 -0.132343
v -0.256516 0.161663 -0.132376
v -0.254924 0.153107 -0.135543
v -0.255012 0.163131 -0.135590
v -0.252443 0.158119 -0.139900
v -0.253168 0.154575 -0.138623
v -0.253230 0.161663 -0.138656
v -0.238950 0.118378 -0.161374
v -0.238046 0.114834 -0.162533
v -0.238104 0.121922 -0.162574
v -0.232976 0.118378 -0.169428
v -0.233880 0.121922 -0.168269
v -0.235922 0.113366 -0.165372
v -0.233822 0.114834 -0.168228
v -0.236004 0.123390 -0.165429
v -0.190131 0.158668 -0.216981
v -0.188829 0.154173 -0.218100
v -0.188664 0.161940 -0.218354
v -0.183363 0.154852 -0.223063
v -0.186371 0.152345 -0.220304
v -0.183409 0.161940 -0.223117
v -0.186046 0.163408 -0.220747
v -0.023809 0.101768 -0.287069
v -0.025273 0.098224 -0.286962
v -0.025280 0.105312 -0.287032
v -0.182219 0.158396 -0.223984
v -0.146734 0.105288 -0.247736
v -0.151059 0.110300 -0.245202
v -0.149782 0.106756 -0.245927
v -0.149817 0.113844 -0.245987
v -0.142461 0.110300 -0.250356
v -0.143702 0.106756 -0.249571
v -0.143738 0.113844 -0.249631
v -0.146785 0.115312 -0.247822
v -0.104205 0.051240 -0.267948
v -0.099503 0.056252 -0.269684
v -0.100872 0.052708 -0.269156
v -0.100898 0.059796 -0.269222
v -0.108944 0.056252 -0.266305
v -0.107574 0.059796 -0.266833
v -0.104241 0.061264 -0.268041
v -0.107549 0.052708 -0.266767
v -0.206001 0.074652 -0.201005
v -0.207152 0.077942 -0.199783
v -0.206152 0.081611 -0.200940
v -0.033779 0.101768 -0.286031
v -0.032322 0.098224 -0.286212
v -0.032329 0.105312 -0.286282
v -0.028811 0.096756 -0.286718
v -0.283886 0.115806 0.049053
v -0.284060 0.112371 0.047641
v -0.284132 0.119240 0.047652
v -0.285323 0.115806 0.039446
v -0.285077 0.112371 0.040848
v -0.284554 0.110949 0.044242
v -0.285148 0.119240 0.040859
v -0.284654 0.120663 0.044258
v 0.003337 0.063169 -0.287692
v 0.004803 0.059625 -0.287585
v 0.008345 0.068181 -0.287496
v 0.004805 0.066713 -0.287655
v 0.008343 0.058157 -0.287396
v 0.013351 0.063169 -0.287200
v 0.011883 0.059625 -0.287237
v 0.011886 0.066713 -0.287307
v -0.255414 0.073332 0.132658
v -0.256010 0.069788 0.131315
v -0.256073 0.076876 0.131346
v -0.259700 0.073332 0.123595
v -0.259041 0.069788 0.124906
v -0.257512 0.068320 0.128104
v -0.259104 0.076876 0.124938
v -0.257601 0.078344 0.128148
v 0.079304 0.139890 -0.277154
v 0.080745 0.143434 -0.276849
v 0.080714 0.136346 -0.276745
v -0.240377 0.104674 0.159001
v -0.241102 0.101130 0.157722
v -0.245532 0.104674 0.150400
v -0.242912 0.099662 0.154673
v -0.244747 0.101130 0.151640
v -0.028820 0.106780 -0.286817
v 0.131001 0.061743 -0.256070
v 0.132346 0.065287 -0.255473
v 0.135513 0.056731 -0.253881
v 0.135664 0.056800 -0.253810
v 0.135711 0.066686 -0.253897
v 0.135560 0.066755 -0.253969
v 0.132313 0.058199 -0.255411
v -0.109878 0.127559 0.266722
v -0.109916 0.137583 0.266814
v -0.105173 0.132571 0.268459
v -0.106570 0.136115 0.267996
v -0.106543 0.129027 0.267931
v 0.100001 0.095559 -0.269776
v 0.101377 0.092015 -0.269266
v 0.101403 0.099103 -0.269331
v 0.109488 0.095559 -0.266514
v 0.108086 0.092015 -0.266959
v 0.108112 0.099103 -0.267024
v 0.104763 0.100571 -0.268191
v 0.104726 0.090547 -0.268099
v -0.203390 0.072967 -0.203734
v -0.203591 0.083028 -0.203670
v -0.199750 0.077954 -0.207173
v -0.200926 0.074470 -0.206052
v -0.201011 0.081212 -0.206067
v 0.139849 0.061743 -0.251360
v 0.138605 0.065287 -0.252146
v 0.138572 0.058199 -0.252084
v 0.084180 0.144902 -0.275961
v 0.084134 0.134878 -0.275812
v 0.088881 0.139890 -0.274196
v 0.087482 0.136346 -0.274638
v 0.087514 0.143434 -0.274744
v -0.066500 0.138721 -0.280507
v -0.063058 0.137253 -0.281354
v -0.058206 0.142265 -0.282621
v -0.059622 0.138721 -0.282230
v -0.059638 0.145809 -0.282298
v -0.063080 0.147277 -0.281451
v -0.067932 0.142265 -0.280184
v -0.066516 0.145809 -0.280575
v -0.276224 0.136041 0.083486
v -0.276320 0.146065 0.083515
v -0.277491 0.141053 0.078633
v -0.277100 0.137509 0.080049
v -0.277168 0.144597 0.080069
v 0.284912 0.143020 0.044113
v 0.285446 0.144488 0.040610
v 0.286133 0.139476 0.035645
v 0.285882 0.135931 0.037092
v 0.285952 0.143020 0.037102
v 0.285348 0.134463 0.040596
v 0.284662 0.139476 0.045561
v 0.284842 0.135931 0.044104
v -0.227759 0.140588 0.176833
v -0.228642 0.144056 0.175700
v -0.230642 0.135683 0.172864
v -0.228587 0.137120 0.175658
v -0.230720 0.145493 0.172922
v -0.233602 0.140588 0.168954
v -0.232719 0.137120 0.170087
v -0.232774 0.144056 0.170128
v 0.198017 0.136457 -0.209536
v 0.195381 0.134989 -0.211906
v 0.194268 0.131445 -0.212866
v 0.195332 0.127901 -0.211855
v 0.197949 0.126433 -0.209464
v 0.200585 0.127901 -0.207094
v 0.201697 0.131445 -0.206133
v 0.200634 0.134989 -0.207145
v -0.000000 0.852462 -0.293582
v -0.000000 0.852462 0.293582
v -0.028776 0.852462 0.292168
v -0.057275 0.852462 0.287941
v -0.085222 0.852462 0.280940
v -0.112349 0.852462 0.271234
v -0.138394 0.852462 0.258916
v -0.163105 0.852462 0.244104
v -0.186246 0.852462 0.226942
v -0.207594 0.852462 0.207594
v -0.226942 0.852462 0.186246
v -0.244104 0.852462 0.163105
v -0.258916 0.852462 0.138393
v -0.271234 0.852462 0.112349
v -0.280940 0.852462 0.085222
v -0.287941 0.852462 0.057275
v -0.292168 0.852462 0.028776
v -0.293582 0.852462 -0.000000
v -0.292168 0.852462 -0.028776
v -0.287941 0.852462 -0.057275
v -0.280940 0.852462 -0.085222
v -0.271234 0.852462 -0.112349
v -0.258916 0.852462 -0.138394
v -0.244104 0.852462 -0.163105
v -0.226942 0.852462 -0.186246
v -0.207594 0.852462 -0.207594
v -0.186246 0.852462 -0.226942
v -0.163105 0.852462 -0.244104
v -0.138394 0.852462 -0.258916
v -0.112349 0.852462 -0.271234
v -0.085222 0.852462 -0.280940
v -0.057275 0.852462 -0.287941
v -0.028776 0.852462 -0.292168
v -0.028201 0.001907 -0.286328
v -0.056130 0.001907 -0.282185
v -0.083519 0.001907 -0.275325
v -0.110103 0.001907 -0.265813
v -0.135627 0.001907 -0.253741
v -0.159845 0.001907 -0.239225
v -0.182524 0.001907 -0.222406
v -0.203444 0.001907 -0.203444
v -0.222406 0.001907 -0.182524
v -0.239225 0.001907 -0.159845
v -0.253741 0.001907 -0.135627
v -0.265813 0.001907 -0.110103
v -0.275325 0.001907 -0.083519
v -0.282185 0.001907 -0.056130
v -0.286328 0.001907 -0.028201
v -0.287714 0.001907 -0.000000
v -0.286328 0.001907 0.028201
v -0.282185 0.001907 0.056130
v -0.275325 0.001907 0.083519
v -0.265813 0.001907 0.110103
v -0.253741 0.001907 0.135627
v -0.239225 0.001907 0.159845
v -0.222406 0.001907 0.182523
v -0.203444 0.001907 0.203444
v -0.182524 0.001907 0.222405
v -0.159845 0.001907 0.239225
v -0.135627 0.001907 0.253741
v -0.110103 0.001907 0.265813
v -0.083519 0.001907 0.275325
v -0.056130 0.001907 0.282185
v -0.028201 0.001907 0.286328
v -0.000000 0.001907 0.287713
v -0.000000 0.001907 -0.287714
v -0.000000 0.847602 -0.289393
v -0.000000 0.847602 0.289393
v -0.028365 0.847602 0.287999
v -0.056458 0.847602 0.283832
v -0.084006 0.847602 0.276932
v -0.110746 0.847602 0.267364
v -0.136419 0.847602 0.255222
v -0.160778 0.847602 0.240621
v -0.183589 0.847602 0.223704
v -0.204632 0.847602 0.204632
v -0.223704 0.847602 0.183589
v -0.240621 0.847602 0.160778
v -0.255222 0.847602 0.136419
v -0.267364 0.847602 0.110746
v -0.276932 0.847602 0.084006
v -0.283832 0.847602 0.056458
v -0.287999 0.847602 0.028365
v -0.289393 0.847602 -0.000000
v -0.287999 0.847602 -0.028366
v -0.283832 0.847602 -0.056458
v -0.276932 0.847602 -0.084006
v -0.267364 0.847602 -0.110746
v -0.255222 0.847602 -0.136419
v -0.240621 0.847602 -0.160778
v -0.223704 0.847602 -0.183589
v -0.204632 0.847602 -0.204632
v -0.183589 0.847602 -0.223704
v -0.160778 0.847602 -0.240622
v -0.136419 0.847602 -0.255222
v -0.110746 0.847602 -0.267364
v -0.084006 0.847602 -0.276932
v -0.056458 0.847602 -0.283832
v -0.028365 0.847602 -0.288000
v -0.000031 0.268875 -0.284910
v 0.027833 0.269084 -0.282985
v 0.055311 0.269221 -0.278575
v 0.082366 0.269419 -0.271565
v 0.108402 0.269544 -0.261690
v 0.133403 0.269715 -0.249529
v 0.157319 0.269710 -0.235274
v 0.179731 0.269598 -0.218965
v 0.200564 0.269329 -0.200482
v 0.219434 0.269133 -0.180047
v 0.236342 0.269039 -0.157893
v 0.250852 0.268966 -0.134081
v 0.262650 0.268997 -0.108807
v 0.271772 0.269050 -0.082475
v 0.278254 0.269037 -0.055358
v 0.281990 0.269031 -0.027731
v 0.282928 0.269046 -0.000052
v 0.281077 0.269055 0.027590
v 0.276164 0.268943 0.054721
v 0.268543 0.269019 0.081322
v 0.258902 0.268800 0.107214
v 0.247180 0.269106 0.131894
v 0.232816 0.268799 0.155427
v 0.216214 0.268649 0.177514
v 0.197878 0.268384 0.197899
v 0.177503 0.268230 0.216043
v 0.155246 0.268052 0.232202
v 0.131538 0.268023 0.245878
v 0.106477 0.268355 0.256716
v 0.080702 0.268026 0.265167
v 0.054162 0.267794 0.271284
v 0.027028 0.267754 0.274959
v -0.000181 0.267947 0.276076
v -0.027324 0.267889 0.275160
v -0.054227 0.267841 0.271979
v -0.080677 0.268041 0.265842
v -0.106678 0.268297 0.257041
v -0.131773 0.268248 0.246056
v -0.155859 0.268338 0.232732
v -0.178760 0.268599 0.217380
v -0.200323 0.268769 0.199964
v -0.220217 0.268816 0.180603
v -0.238229 0.268639 0.159310
v -0.253421 0.268754 0.135310
v -0.264742 0.269024 0.109824
v -0.273467 0.269092 0.082907
v -0.278962 0.268995 0.055595
v -0.281224 0.269098 0.027953
v -0.281272 0.269063 0.000321
v -0.278767 0.269753 -0.027393
v -0.273039 0.269748 -0.053683
v -0.265486 0.270127 -0.080715
v -0.256260 0.270023 -0.106665
v -0.245372 0.269946 -0.130833
v -0.231646 0.269436 -0.154443
v -0.215484 0.269396 -0.177219
v -0.198024 0.270678 -0.197951
v -0.178136 0.270676 -0.217238
v -0.156338 0.270159 -0.234336
v -0.133156 0.269531 -0.249400
v -0.108516 0.269159 -0.262221
v -0.082595 0.268926 -0.272427
v -0.055619 0.268803 -0.279687
v -0.027936 0.268742 -0.283871
v 0.000102 0.550070 -0.280323
v 0.027342 0.550211 -0.278696
v 0.054781 0.550342 -0.274293
v 0.081090 0.550435 -0.267330
v 0.106802 0.550610 -0.257586
v 0.131138 0.550789 -0.245559
v 0.154335 0.551055 -0.231060
v 0.175969 0.551220 -0.214480
v 0.195999 0.551333 -0.196033
v 0.214234 0.551347 -0.175833
v 0.230557 0.551271 -0.154059
v 0.244674 0.551204 -0.130789
v 0.256606 0.551043 -0.106317
v 0.266097 0.550994 -0.080766
v 0.272969 0.550957 -0.054302
v 0.276871 0.550715 -0.027478
v 0.278092 0.550939 -0.000054
v 0.276449 0.551029 0.027213
v 0.271735 0.551264 0.053964
v 0.264415 0.551404 0.080095
v 0.254869 0.551598 0.105509
v 0.243006 0.551579 0.129824
v 0.229048 0.551501 0.152980
v 0.212913 0.551481 0.174730
v 0.194750 0.551179 0.194790
v 0.174880 0.551016 0.213061
v 0.153021 0.551170 0.228530
v 0.129392 0.551578 0.240262
v 0.104368 0.553639 0.248771
v 0.078685 0.557363 0.256427
v 0.055262 0.557062 0.261575
v 0.025305 0.557383 0.265351
v 0.001362 0.558374 0.267012
v -0.026540 0.556252 0.265857
v -0.053917 0.555429 0.264023
v -0.079392 0.553021 0.259436
v -0.105263 0.551758 0.252797
v -0.130285 0.551251 0.243226
v -0.154261 0.551111 0.230709
v -0.176688 0.550963 0.215170
v -0.197301 0.550920 0.197326
v -0.216122 0.550869 0.177420
v -0.232567 0.550839 0.155540
v -0.246600 0.550565 0.131775
v -0.258169 0.550750 0.106881
v -0.266688 0.550762 0.080857
v -0.272509 0.551010 0.054204
v -0.275646 0.551274 0.027187
v -0.275987 0.551594 0.000070
v -0.273997 0.552101 -0.026828
v -0.269307 0.552480 -0.053415
v -0.262211 0.552638 -0.079196
v -0.252859 0.553030 -0.104790
v -0.241113 0.552848 -0.128795
v -0.227591 0.553280 -0.151986
v -0.211556 0.553010 -0.173520
v -0.193496 0.552965 -0.193554
v -0.173787 0.552772 -0.211787
v -0.152278 0.552410 -0.228742
v -0.129711 0.551853 -0.243260
v -0.106043 0.551164 -0.256308
v -0.080961 0.550576 -0.266905
v -0.054838 0.550631 -0.274406
v -0.027474 0.550047 -0.278964
v -0.000000 0.003171 0.289462
v -0.000000 0.005936 0.289707
v -0.000000 0.004212 0.290480
v -0.000000 0.005021 0.290495
v -0.028372 0.003170 0.288068
v -0.028396 0.005936 0.288312
v -0.028472 0.004212 0.289081
v -0.028474 0.005021 0.289096
v -0.056471 0.003170 0.283900
v -0.056519 0.005936 0.284141
v -0.056670 0.004212 0.284898
v -0.056673 0.005021 0.284913
v -0.084026 0.003170 0.276998
v -0.084098 0.005936 0.277233
v -0.084322 0.004212 0.277972
v -0.084326 0.005021 0.277986
v -0.110772 0.003170 0.267428
v -0.110866 0.005936 0.267655
v -0.111162 0.004212 0.268369
v -0.111168 0.005021 0.268382
v -0.136452 0.003170 0.255283
v -0.136567 0.005936 0.255499
v -0.136931 0.004212 0.256180
v -0.136938 0.005021 0.256194
v -0.160817 0.003170 0.240679
v -0.160953 0.005936 0.240883
v -0.161382 0.004212 0.241525
v -0.161390 0.005021 0.241538
v -0.183633 0.003170 0.223757
v -0.183788 0.005936 0.223947
v -0.184279 0.004212 0.224544
v -0.184288 0.005021 0.224556
v -0.204681 0.003170 0.204681
v -0.204854 0.005936 0.204854
v -0.205400 0.004212 0.205400
v -0.205411 0.005021 0.205411
v -0.223757 0.003170 0.183633
v -0.223947 0.005936 0.183788
v -0.224544 0.004212 0.184278
v -0.224556 0.005021 0.184288
v -0.240679 0.003170 0.160817
v -0.240883 0.005936 0.160953
v -0.241525 0.004212 0.161382
v -0.241538 0.005021 0.161390
v -0.255283 0.003170 0.136452
v -0.255499 0.005936 0.136567
v -0.256181 0.004212 0.136931
v -0.256194 0.005021 0.136938
v -0.267428 0.003170 0.110772
v -0.267655 0.005936 0.110866
v -0.268369 0.004212 0.111162
v -0.268383 0.005021 0.111168
v -0.276998 0.003170 0.084026
v -0.277233 0.005936 0.084097
v -0.277972 0.004212 0.084322
v -0.277987 0.005021 0.084326
v -0.283900 0.003170 0.056471
v -0.284141 0.005936 0.056519
v -0.284899 0.004212 0.056670
v -0.284913 0.005021 0.056673
v -0.288069 0.003170 0.028372
v -0.288312 0.005936 0.028396
v -0.289081 0.004212 0.028472
v -0.289096 0.005021 0.028473
v -0.289462 0.003170 -0.000000
v -0.289707 0.005936 -0.000000
v -0.290480 0.004212 -0.000000
v -0.290495 0.005021 -0.000000
v -0.288069 0.003170 -0.028372
v -0.288312 0.005936 -0.028396
v -0.289081 0.004212 -0.028472
v -0.289096 0.005021 -0.028474
v -0.283900 0.003171 -0.056471
v -0.284141 0.005936 -0.056519
v -0.284899 0.004212 -0.056670
v -0.284913 0.005021 -0.056673
v -0.276998 0.003171 -0.084027
v -0.277233 0.005936 -0.084098
v -0.277972 0.004212 -0.084322
v -0.277987 0.005021 -0.084326
v -0.267428 0.003170 -0.110773
v -0.267655 0.005936 -0.110866
v -0.268369 0.004212 -0.111162
v -0.268383 0.005021 -0.111168
v -0.255283 0.003170 -0.136452
v -0.255499 0.005936 -0.136567
v -0.256181 0.004212 -0.136931
v -0.256194 0.005021 -0.136939
v -0.240679 0.003170 -0.160817
v -0.240883 0.005936 -0.160953
v -0.241525 0.004212 -0.161382
v -0.241538 0.005021 -0.161391
v -0.223757 0.003170 -0.183633
v -0.223947 0.005936 -0.183789
v -0.224544 0.004212 -0.184279
v -0.224556 0.005021 -0.184288
v -0.204681 0.003170 -0.204681
v -0.204854 0.005936 -0.204854
v -0.205400 0.004212 -0.205401
v -0.205411 0.005021 -0.205411
v -0.183633 0.003170 -0.223758
v -0.183788 0.005936 -0.223947
v -0.184279 0.004212 -0.224544
v -0.184288 0.005021 -0.224556
v -0.160817 0.003170 -0.240679
v -0.160953 0.005936 -0.240883
v -0.161382 0.004212 -0.241525
v -0.161390 0.005021 -0.241538
v -0.136452 0.003171 -0.255283
v -0.136567 0.005936 -0.255499
v -0.136931 0.004212 -0.256181
v -0.136938 0.005021 -0.256194
v -0.110772 0.003170 -0.267429
v -0.110866 0.005936 -0.267655
v -0.111162 0.004212 -0.268369
v -0.111168 0.005021 -0.268383
v -0.084026 0.003170 -0.276998
v -0.084098 0.005936 -0.277233
v -0.084322 0.004212 -0.277972
v -0.084326 0.005021 -0.277987
v -0.056471 0.003170 -0.283901
v -0.056519 0.005936 -0.284141
v -0.056670 0.004212 -0.284899
v -0.056673 0.005021 -0.284914
v -0.028396 0.005936 -0.288313
v -0.028372 0.003171 -0.288069
v -0.028474 0.005021 -0.289097
v -0.028472 0.004212 -0.289081
v -0.000000 0.003171 -0.289463
v -0.000000 0.005936 -0.289708
v -0.000000 0.004212 -0.290480
v -0.000000 0.005021 -0.290495
v -0.028331 0.006273 -0.287653
v -0.028061 0.005839 -0.284905
v -0.083756 0.839871 -0.276171
v -0.000000 0.005839 -0.286284
v -0.000000 0.006273 -0.289044
v -0.110422 0.839875 -0.266632
v -0.136028 0.839880 -0.254523
v -0.160325 0.839883 -0.239961
v -0.183080 0.839885 -0.223086
v -0.204067 0.839885 -0.204064
v -0.223086 0.839884 -0.183080
v -0.239957 0.839884 -0.160332
v -0.254517 0.839883 -0.136039
v -0.266626 0.839882 -0.110435
v -0.276167 0.839881 -0.083769
v -0.283048 0.839879 -0.056296
v -0.287203 0.839878 -0.028280
v -0.288592 0.839875 0.000010
v -0.287201 0.839873 0.028298
v -0.283045 0.839870 0.056312
v -0.276163 0.839867 0.083783
v -0.266622 0.839865 0.110446
v -0.254513 0.839864 0.136046
v -0.239954 0.839863 0.160336
v -0.223085 0.839862 0.183080
v -0.204072 0.839864 0.204058
v -0.183093 0.839867 0.223075
v -0.160347 0.839871 0.239946
v -0.136058 0.839876 0.254507
v -0.110458 0.839881 0.266617
v -0.083795 0.839887 0.276159
v -0.056322 0.839892 0.283043
v -0.028304 0.839897 0.287201
v -0.000002 0.839900 0.288593
v 0.028297 0.839899 0.287202
v 0.056311 0.839896 0.283045
v 0.083788 0.839893 0.276161
v -0.000000 0.005839 0.286284
v -0.000000 0.006273 0.289044
v 0.110458 0.839888 0.266617
v -0.028061 0.005839 0.284905
v -0.028331 0.006273 0.287652
v 0.136056 0.839883 0.254508
v -0.055851 0.005839 0.280783
v -0.056390 0.006273 0.283490
v 0.160341 0.839880 0.239951
v -0.083104 0.005839 0.273956
v -0.083905 0.006273 0.276598
v 0.183084 0.839878 0.223082
v -0.109556 0.005839 0.264492
v -0.110613 0.006273 0.267042
v 0.204068 0.839877 0.204063
v -0.134953 0.005839 0.252480
v -0.136255 0.006273 0.254914
v 0.223087 0.839876 0.183078
v -0.159051 0.005839 0.238036
v -0.160584 0.006273 0.240331
v 0.239958 0.839875 0.160330
v -0.181617 0.005839 0.221300
v -0.183368 0.006273 0.223434
v 0.254517 0.839874 0.136038
v -0.202433 0.005839 0.202433
v -0.204385 0.006273 0.204385
v 0.266626 0.839873 0.110435
v -0.221300 0.005839 0.181616
v -0.223434 0.006273 0.183368
v 0.276167 0.839872 0.083768
v -0.238036 0.005839 0.159051
v -0.240332 0.006273 0.160584
v 0.283048 0.839870 0.056295
v -0.252480 0.005839 0.134953
v -0.254914 0.006273 0.136254
v 0.287203 0.839869 0.028282
v -0.264492 0.005839 0.109556
v -0.267042 0.006273 0.110612
v 0.288592 0.839868 -0.000002
v -0.273957 0.005839 0.083104
v -0.276598 0.006273 0.083905
v 0.287202 0.839867 -0.028287
v -0.280783 0.005839 0.055851
v -0.283490 0.006273 0.056390
v 0.283047 0.839868 -0.056300
v -0.284905 0.005839 0.028061
v -0.287653 0.006273 0.028331
v 0.276165 0.839868 -0.083774
v -0.286284 0.005839 -0.000000
v -0.289044 0.006273 -0.000000
v 0.266624 0.839868 -0.110440
v -0.284905 0.005839 -0.028061
v -0.287653 0.006273 -0.028331
v 0.254517 0.839868 -0.136039
v -0.280783 0.005839 -0.055851
v -0.283490 0.006273 -0.056390
v 0.239958 0.839869 -0.160329
v -0.273957 0.005839 -0.083104
v -0.276598 0.006273 -0.083905
v 0.223088 0.839871 -0.183077
v -0.264492 0.005839 -0.109556
v -0.267042 0.006273 -0.110613
v 0.204067 0.839872 -0.204064
v -0.252480 0.005839 -0.134953
v -0.254914 0.006273 -0.136255
v 0.183079 0.839872 -0.223087
v -0.238036 0.005839 -0.159051
v -0.240332 0.006273 -0.160585
v 0.160330 0.839871 -0.239958
v -0.221300 0.005839 -0.181617
v -0.223434 0.006273 -0.183368
v 0.136039 0.839870 -0.254517
v -0.202433 0.005839 -0.202433
v -0.204385 0.006273 -0.204385
v 0.110433 0.839868 -0.266627
v -0.181617 0.005839 -0.221301
v -0.183368 0.006273 -0.223434
v 0.083769 0.839867 -0.276167
v -0.159051 0.005839 -0.238036
v -0.160584 0.006273 -0.240332
v 0.056303 0.839866 -0.283047
v -0.134953 0.005839 -0.252480
v -0.136255 0.006273 -0.254914
v 0.028283 0.839866 -0.287203
v -0.109556 0.005839 -0.264492
v -0.110613 0.006273 -0.267042
v -0.056290 0.839866 -0.283049
v -0.083104 0.005839 -0.273957
v -0.083905 0.006273 -0.276598
v -0.000006 0.839865 -0.288592
v -0.055851 0.005839 -0.280783
v -0.056390 0.006273 -0.283491
v -0.028284 0.839864 -0.287203
v -0.028557 0.853671 -0.289946
v -0.056839 0.853671 -0.285751
v -0.084574 0.853671 -0.278803
v -0.111494 0.853671 -0.269171
v -0.137341 0.853671 -0.256947
v -0.161865 0.853671 -0.242248
v -0.184830 0.853671 -0.225216
v -0.206015 0.853671 -0.206015
v -0.225216 0.853671 -0.184830
v -0.242248 0.853671 -0.161865
v -0.256947 0.853671 -0.137341
v -0.269171 0.853671 -0.111494
v -0.278803 0.853671 -0.084574
v -0.285750 0.853671 -0.056839
v -0.289946 0.853671 -0.028557
v -0.291349 0.853671 -0.000000
v -0.289946 0.853671 0.028557
v -0.285750 0.853671 0.056839
v -0.278803 0.853671 0.084574
v -0.269171 0.853671 0.111494
v -0.256947 0.853671 0.137341
v -0.242248 0.853671 0.161865
v -0.225216 0.853671 0.184829
v -0.206015 0.853671 0.206014
v -0.184830 0.853671 0.225215
v -0.161865 0.853671 0.242247
v -0.137341 0.853671 0.256946
v -0.111494 0.853671 0.269171
v -0.084574 0.853671 0.278803
v -0.056839 0.853671 0.285750
v -0.028557 0.853671 0.289946
v -0.000000 0.853671 0.291348
v -0.000000 0.853671 -0.291349
v -0.000000 0.851130 0.294315
v -0.000000 0.848672 0.293749
v -0.000000 0.849776 0.294343
v -0.085435 0.851130 0.281642
v -0.085271 0.848672 0.281100
v -0.085443 0.849776 0.281668
v -0.163513 0.851130 0.244714
v -0.163198 0.848672 0.244243
v -0.163528 0.849776 0.244737
v -0.227508 0.851130 0.186711
v -0.227071 0.848672 0.186352
v -0.227530 0.849776 0.186729
v -0.271912 0.851130 0.112629
v -0.271389 0.848672 0.112413
v -0.271937 0.849776 0.112640
v -0.292898 0.851130 0.028848
v -0.292335 0.848672 0.028792
v -0.292926 0.849776 0.028851
v -0.288660 0.851130 -0.057418
v -0.288105 0.848672 -0.057308
v -0.288687 0.849776 -0.057424
v -0.259563 0.851130 -0.138739
v -0.259064 0.848672 -0.138473
v -0.259587 0.849776 -0.138752
v -0.208112 0.851130 -0.208112
v -0.207712 0.848672 -0.207712
v -0.208132 0.849776 -0.208132
v -0.138739 0.851130 -0.259563
v -0.138472 0.848672 -0.259064
v -0.138752 0.849776 -0.259587
v -0.028848 0.851130 -0.292898
v -0.028792 0.848672 -0.292335
v -0.028851 0.849776 -0.292926
v -0.057308 0.848672 -0.288105
v -0.057418 0.851130 -0.288660
v -0.057423 0.849776 -0.288687
v -0.000000 0.848672 -0.293749
v -0.000000 0.851130 -0.294315
v -0.000000 0.849776 -0.294343
v -0.028848 0.851130 0.292898
v -0.028792 0.848672 0.292335
v -0.028851 0.849776 0.292925
v -0.112629 0.851130 0.271911
v -0.112413 0.848672 0.271389
v -0.112640 0.849776 0.271937
v -0.186711 0.851130 0.227508
v -0.186353 0.848672 0.227071
v -0.186729 0.849776 0.227530
v -0.244714 0.851130 0.163512
v -0.244244 0.848672 0.163198
v -0.244737 0.849776 0.163528
v -0.281642 0.851130 0.085435
v -0.281100 0.848672 0.085271
v -0.281669 0.849776 0.085443
v -0.294315 0.851130 -0.000000
v -0.293749 0.848672 -0.000000
v -0.294343 0.849776 -0.000000
v -0.281642 0.851130 -0.085435
v -0.281100 0.848672 -0.085271
v -0.281669 0.849776 -0.085443
v -0.244714 0.851130 -0.163513
v -0.244244 0.848672 -0.163198
v -0.244737 0.849776 -0.163528
v -0.186711 0.851130 -0.227509
v -0.186353 0.848672 -0.227071
v -0.186729 0.849776 -0.227530
v -0.112629 0.851130 -0.271912
v -0.112413 0.848672 -0.271389
v -0.112640 0.849776 -0.271937
v -0.057418 0.851130 0.288660
v -0.057308 0.848672 0.288105
v -0.057423 0.849776 0.288687
v -0.138739 0.851130 0.259562
v -0.138472 0.848672 0.259064
v -0.138752 0.849776 0.259587
v -0.208112 0.851130 0.208112
v -0.207712 0.848672 0.207712
v -0.208132 0.849776 0.208132
v -0.259563 0.851130 0.138739
v -0.259064 0.848672 0.138472
v -0.259587 0.849776 0.138752
v -0.288660 0.851130 0.057418
v -0.288105 0.848672 0.057308
v -0.288687 0.849776 0.057423
v -0.292898 0.851130 -0.028848
v -0.292335 0.848672 -0.028793
v -0.292926 0.849776 -0.028851
v -0.271912 0.851130 -0.112630
v -0.271389 0.848672 -0.112413
v -0.271937 0.849776 -0.112640
v -0.227508 0.851130 -0.186712
v -0.227071 0.848672 -0.186353
v -0.227530 0.849776 -0.186729
v -0.163513 0.851130 -0.244714
v -0.163198 0.848672 -0.244244
v -0.163528 0.849776 -0.244737
v -0.085435 0.851130 -0.281642
v -0.085271 0.848672 -0.281101
v -0.085443 0.849776 -0.281669
v -0.028256 0.853700 -0.286890
v -0.056240 0.853700 -0.282739
v -0.083683 0.853700 -0.275865
v -0.110319 0.853700 -0.266334
v -0.135893 0.853700 -0.254239
v -0.160159 0.853700 -0.239695
v -0.182882 0.853700 -0.222842
v -0.203843 0.853700 -0.203843
v -0.222842 0.853700 -0.182882
v -0.239694 0.853700 -0.160159
v -0.254238 0.853700 -0.135893
v -0.266334 0.853700 -0.110319
v -0.275865 0.853700 -0.083683
v -0.282739 0.853700 -0.056240
v -0.286890 0.853700 -0.028256
v -0.288278 0.853700 -0.000000
v -0.286890 0.853700 0.028256
v -0.282739 0.853700 0.056240
v -0.275865 0.853700 0.083683
v -0.266334 0.853700 0.110319
v -0.254238 0.853700 0.135893
v -0.239694 0.853700 0.160159
v -0.222842 0.853700 0.182882
v -0.203843 0.853700 0.203843
v -0.182882 0.853700 0.222842
v -0.160159 0.853700 0.239694
v -0.135893 0.853700 0.254238
v -0.110319 0.853700 0.266334
v -0.083683 0.853700 0.275865
v -0.056240 0.853700 0.282739
v -0.028256 0.853700 0.286890
v -0.000000 0.853700 0.288278
v -0.000000 0.853700 -0.288278
v -0.055729 0.043203 -0.280169
v -0.028124 0.168265 -0.285518
v -0.027999 0.043203 -0.284282
v -0.000013 0.168259 -0.286900
v 0.028104 0.168249 -0.285520
v 0.028060 0.105741 -0.284900
v 0.055726 0.043202 -0.280169
v 0.082920 0.043201 -0.273358
v 0.135242 0.168231 -0.253024
v 0.159398 0.168233 -0.238545
v 0.159048 0.105741 -0.238032
v 0.182014 0.168238 -0.221771
v 0.181219 0.043203 -0.220816
v 0.202873 0.168243 -0.202864
v 0.201990 0.043203 -0.201990
v 0.221780 0.168247 -0.182003
v 0.220816 0.043203 -0.181219
v 0.238551 0.168250 -0.159389
v 0.253023 0.168252 -0.135243
v 0.252475 0.105741 -0.134951
v 0.265058 0.168250 -0.109797
v 0.263913 0.043203 -0.109316
v 0.274544 0.168247 -0.083288
v 0.273357 0.043203 -0.082922
v 0.281387 0.168245 -0.055972
v 0.280169 0.043203 -0.055729
v 0.285518 0.168243 -0.028124
v 0.286899 0.168240 -0.000007
v 0.286278 0.105741 -0.000000
v 0.284282 0.043203 0.027999
v 0.280169 0.043203 0.055729
v 0.274548 0.168219 0.083274
v 0.265062 0.168215 0.109790
v 0.264487 0.105741 0.109554
v 0.253024 0.168214 0.135241
v 0.251927 0.043203 0.134658
v 0.238551 0.168211 0.159389
v 0.237515 0.043203 0.158703
v 0.221777 0.168209 0.182007
v 0.220816 0.043203 0.181219
v 0.202869 0.168209 0.202868
v 0.182011 0.168207 0.221773
v 0.181613 0.105741 0.221296
v 0.159399 0.168203 0.238545
v 0.135257 0.168196 0.253016
v 0.134658 0.043203 0.251927
v 0.109808 0.168185 0.265055
v 0.109316 0.043203 0.263913
v 0.083293 0.168175 0.274544
v 0.055978 0.168170 0.281387
v 0.055850 0.105741 0.280778
v 0.028127 0.168165 0.285519
v 0.027999 0.043203 0.284282
v -0.000002 0.168164 0.286901
v -0.000000 0.043203 0.285657
v -0.028131 0.168168 0.285519
v -0.027999 0.043203 0.284282
v -0.055983 0.168175 0.281386
v -0.083292 0.168182 0.274544
v -0.109805 0.168190 0.265056
v -0.109316 0.043203 0.263913
v -0.135260 0.168201 0.253014
v -0.134658 0.043203 0.251927
v -0.159411 0.168215 0.238536
v -0.158703 0.043203 0.237515
v -0.182027 0.168230 0.221761
v -0.202887 0.168247 0.202850
v -0.202429 0.105741 0.202429
v -0.220816 0.043203 0.181219
v -0.238033 0.105900 0.159049
v -0.237515 0.043203 0.158703
v -0.253025 0.168291 0.135240
v -0.252475 0.105741 0.134951
v -0.273951 0.105741 0.083102
v -0.273357 0.043203 0.082922
v -0.284903 0.106016 0.028060
v -0.280169 0.043203 0.055729
v -0.285516 0.168247 0.028145
v -0.284282 0.043203 0.027999
v -0.286900 0.168231 0.000023
v -0.285657 0.043203 -0.000000
v -0.284282 0.043203 -0.027999
v -0.280778 0.105741 -0.055850
v -0.280169 0.043203 -0.055729
v -0.274549 0.168189 -0.083277
v -0.273357 0.043203 -0.082922
v -0.263913 0.043203 -0.109316
v -0.251927 0.043203 -0.134658
v -0.237515 0.043203 -0.158703
v -0.221770 0.168200 -0.182016
v -0.158703 0.043203 -0.237515
v -0.135227 0.168239 -0.253032
v -0.134658 0.043203 -0.251927
v -0.109776 0.168251 -0.265067
v -0.109554 0.105741 -0.264487
v -0.134128 0.001806 -0.250936
v -0.108886 0.001806 -0.262875
v -0.236581 0.001806 0.158078
v -0.250936 0.001806 0.134128
v -0.000000 0.001806 0.284533
v -0.027889 0.001806 0.283163
v -0.180506 0.001806 0.219947
v -0.201196 0.001806 0.201195
v -0.108886 0.001806 0.262874
v -0.134128 0.001806 0.250936
v -0.201196 0.001806 -0.201196
v -0.180506 0.001806 -0.219947
v -0.055510 0.001806 0.279066
v -0.250936 0.001806 -0.134128
v -0.236581 0.001806 -0.158078
v -0.000000 0.001806 -0.284534
v -0.279066 0.001806 -0.055510
v -0.272282 0.001806 -0.082596
v -0.082596 0.001806 0.272281
v -0.158078 0.001806 0.236581
v -0.219947 0.001806 0.180506
v -0.283163 0.001806 0.027889
v -0.284533 0.001806 -0.000000
v -0.262875 0.001806 0.108886
v -0.279066 0.001806 0.055510
v -0.283163 0.001806 -0.027889
v -0.272282 0.001806 0.082596
v -0.262875 0.001806 -0.108886
v -0.219947 0.001806 -0.180506
v -0.158078 0.001806 -0.236581
v -0.082596 0.001806 -0.272282
v -0.055510 0.001806 -0.279066
v -0.027889 0.001806 -0.283163
v -0.000000 0.011706 -0.000000
v 0.109756 0.012644 -0.264974
v -0.109756 0.012644 -0.264974
v -0.000000 0.012644 0.286805
v 0.202802 0.012644 -0.202802
v -0.202802 0.012644 0.202802
v -0.109756 0.012644 0.264973
v -0.202802 0.012644 -0.202802
v 0.286805 0.012644 -0.000000
v 0.264974 0.012644 0.109756
v 0.109756 0.012644 0.264973
v 0.202802 0.012644 0.202802
v -0.000000 0.012644 -0.286805
v 0.264974 0.012644 -0.109756
v -0.286805 0.012644 -0.000000
v -0.264974 0.012644 0.109756
v -0.264974 0.012644 -0.109756
v 0.159048 0.105741 0.238032
v 0.201990 0.043203 0.201990
v 0.158703 0.043203 0.237515
v 0.181219 0.043203 0.220816
v 0.221296 0.105741 0.181613
v 0.202429 0.105741 0.202429
v 0.252475 0.105741 0.134951
v 0.238032 0.105741 0.159048
v 0.285519 0.168234 0.028110
v 0.284900 0.105741 0.028060
v 0.281390 0.168226 0.055958
v 0.280778 0.105741 0.055850
v 0.273951 0.105741 0.083102
v 0.273357 0.043203 0.082922
v 0.263913 0.043203 0.109316
v 0.264487 0.105741 -0.109554
v 0.273951 0.105741 -0.083102
v 0.284900 0.105741 -0.028060
v 0.284282 0.043203 -0.027999
v 0.285657 0.043203 -0.000000
v 0.280779 0.105762 -0.055843
v 0.181613 0.105741 -0.221296
v 0.202429 0.105741 -0.202430
v 0.238032 0.105741 -0.159048
v 0.237515 0.043203 -0.158703
v 0.251927 0.043203 -0.134658
v 0.221296 0.105741 -0.181613
v 0.055963 0.168243 -0.281388
v 0.055842 0.105741 -0.280779
v 0.109786 0.168236 -0.265063
v 0.109317 0.043203 -0.263913
v 0.134951 0.105741 -0.252475
v 0.158703 0.043203 -0.237515
v 0.083279 0.168244 -0.274547
v 0.134658 0.043203 -0.251927
v -0.055850 0.105741 -0.280778
v -0.055968 0.168264 -0.281388
v -0.000000 0.105741 -0.286278
v -0.000000 0.043203 -0.285657
v 0.027999 0.043203 -0.284282
v -0.083273 0.168260 -0.274549
v -0.083102 0.105741 -0.273951
v -0.202860 0.168207 -0.202878
v -0.159378 0.168227 -0.238558
v -0.159048 0.105741 -0.238032
v -0.134951 0.105741 -0.252475
v -0.109316 0.043203 -0.263913
v -0.082922 0.043203 -0.273357
v -0.181996 0.168216 -0.221786
v -0.265061 0.168187 -0.109794
v -0.238545 0.168193 -0.159400
v -0.238032 0.105741 -0.159048
v -0.221296 0.105741 -0.181613
v -0.220816 0.043203 -0.181219
v -0.181613 0.105741 -0.221296
v -0.181219 0.043203 -0.220816
v -0.253022 0.168191 -0.135248
v -0.201990 0.043203 -0.201990
v -0.202430 0.105742 -0.202429
v -0.285521 0.168215 -0.028095
v -0.284900 0.105741 -0.028060
v -0.281392 0.168199 -0.055950
v -0.273951 0.105741 -0.083102
v -0.252475 0.105741 -0.134951
v -0.280692 0.106013 0.056201
v -0.264487 0.105741 -0.109554
v -0.265055 0.168287 0.109805
v -0.281382 0.168263 0.055994
v -0.286278 0.105741 -0.000000
v -0.274540 0.168276 0.083301
v -0.221794 0.168265 0.181986
v -0.221296 0.105741 0.181613
v -0.238561 0.168282 0.159374
v -0.251927 0.043203 0.134658
v -0.264487 0.105741 0.109554
v -0.263913 0.043203 0.109316
v -0.083102 0.105741 0.273951
v -0.134951 0.105741 0.252475
v -0.181613 0.105741 0.221296
v -0.181219 0.043203 0.220816
v -0.201990 0.043203 0.201990
v -0.109554 0.105741 0.264487
v -0.159048 0.105748 0.238032
v 0.028060 0.105741 0.284900
v -0.000000 0.105741 0.286278
v -0.055850 0.105741 0.280778
v -0.055729 0.043203 0.280168
v -0.082922 0.043203 0.273357
v -0.028060 0.105743 0.284900
v 0.134951 0.105741 0.252475
v 0.083102 0.105741 0.273951
v 0.082922 0.043203 0.273357
v 0.055729 0.043203 0.280168
v 0.109554 0.105741 0.264487
v -0.000000 0.848090 0.292481
v -0.028668 0.848090 0.291073
v -0.084903 0.848090 0.279887
v -0.111928 0.848090 0.270217
v -0.057060 0.848090 0.286861
v -0.162494 0.848090 0.243189
v -0.185548 0.848090 0.226091
v -0.137875 0.848090 0.257945
v -0.226091 0.848090 0.185548
v -0.243189 0.848090 0.162494
v -0.206816 0.848090 0.206815
v -0.270218 0.848090 0.111928
v -0.279887 0.848090 0.084903
v -0.257946 0.848090 0.137875
v -0.291073 0.848090 0.028668
v -0.292481 0.848090 -0.000000
v -0.286861 0.848090 0.057060
v -0.286861 0.848090 -0.057060
v -0.279887 0.848090 -0.084903
v -0.291073 0.848090 -0.028668
v -0.257946 0.848090 -0.137875
v -0.243189 0.848090 -0.162494
v -0.270218 0.848090 -0.111928
v -0.206816 0.848090 -0.206816
v -0.185548 0.848090 -0.226091
v -0.226091 0.848090 -0.185548
v -0.137875 0.848090 -0.257946
v -0.111928 0.848090 -0.270218
v -0.162494 0.848090 -0.243190
v -0.028668 0.848090 -0.291073
v -0.000000 0.848090 -0.292482
v -0.057060 0.848090 -0.286862
v -0.084903 0.848090 -0.279887
v -0.027519 0.012644 -0.279404
v -0.000000 0.012644 -0.280755
v 0.027519 0.012644 -0.279404
v 0.054773 0.012644 -0.275361
v 0.081499 0.012644 -0.268666
v 0.107440 0.012644 -0.259384
v 0.132347 0.012644 -0.247604
v 0.155979 0.012644 -0.233440
v 0.178109 0.012644 -0.217027
v 0.198524 0.012644 -0.198524
v 0.217027 0.012644 -0.178109
v 0.233440 0.012644 -0.155979
v 0.247604 0.012644 -0.132347
v 0.259384 0.012644 -0.107441
v 0.268666 0.012644 -0.081499
v 0.275361 0.012644 -0.054773
v 0.279403 0.012644 -0.027519
v 0.280755 0.012644 -0.000000
v 0.279403 0.012644 0.027519
v 0.275361 0.012644 0.054773
v 0.268666 0.012644 0.081499
v 0.259384 0.012644 0.107440
v 0.247604 0.012644 0.132347
v 0.233440 0.012644 0.155979
v 0.217027 0.012644 0.178109
v 0.198524 0.012644 0.198524
v 0.178109 0.012644 0.217027
v 0.155979 0.012644 0.233439
v 0.132347 0.012644 0.247604
v 0.107440 0.012644 0.259384
v 0.081499 0.012644 0.268666
v 0.054773 0.012644 0.275361
v 0.027519 0.012644 0.279403
v -0.000000 0.012644 0.280755
v -0.027519 0.012644 0.279403
v -0.054773 0.012644 0.275361
v -0.081499 0.012644 0.268666
v -0.107440 0.012644 0.259384
v -0.132347 0.012644 0.247604
v -0.155979 0.012644 0.233439
v -0.178109 0.012644 0.217027
v -0.198524 0.012644 0.198524
v -0.217027 0.012644 0.178109
v -0.233440 0.012644 0.155979
v -0.247604 0.012644 0.132347
v -0.259384 0.012644 0.107440
v -0.268666 0.012644 0.081499
v -0.275361 0.012644 0.054773
v -0.279403 0.012644 0.027519
v -0.280755 0.012644 -0.000000
v -0.279403 0.012644 -0.027519
v -0.275361 0.012644 -0.054773
v -0.268666 0.012644 -0.081499
v -0.259384 0.012644 -0.107441
v -0.247604 0.012644 -0.132347
v -0.233440 0.012644 -0.155979
v -0.217027 0.012644 -0.178109
v -0.198524 0.012644 -0.198524
v -0.178109 0.012644 -0.217027
v -0.155979 0.012644 -0.233440
v -0.132347 0.012644 -0.247604
v -0.107440 0.012644 -0.259384
v -0.081499 0.012644 -0.268666
v -0.054773 0.012644 -0.275361
v 0.109563 0.105437 -0.264480
v 0.082861 0.105589 -0.273662
v -0.028010 0.851903 -0.284392
v -0.055751 0.851903 -0.280277
v -0.082954 0.851903 -0.273463
v -0.109359 0.851903 -0.264015
v -0.134710 0.851903 -0.252025
v -0.158764 0.851903 -0.237607
v -0.181289 0.851903 -0.220902
v -0.202068 0.851903 -0.202068
v -0.220902 0.851903 -0.181289
v -0.237607 0.851903 -0.158764
v -0.252025 0.851903 -0.134710
v -0.264015 0.851903 -0.109359
v -0.273463 0.851903 -0.082954
v -0.280277 0.851903 -0.055751
v -0.284392 0.851903 -0.028010
v -0.285768 0.851903 -0.000000
v -0.284392 0.851903 0.028010
v -0.280277 0.851903 0.055750
v -0.273463 0.851903 0.082954
v -0.264015 0.851903 0.109358
v -0.252025 0.851903 0.134710
v -0.237607 0.851903 0.158764
v -0.220902 0.851903 0.181289
v -0.202068 0.851903 0.202068
v -0.181289 0.851903 0.220901
v -0.158764 0.851903 0.237607
v -0.134710 0.851903 0.252025
v -0.109359 0.851903 0.264015
v -0.082954 0.851903 0.273463
v -0.055751 0.851903 0.280277
v -0.028010 0.851903 0.284392
v -0.000000 0.851903 0.285768
v -0.000000 0.851903 -0.285768
v -0.028325 0.838408 -0.287589
v -0.056377 0.838408 -0.283428
v -0.083887 0.838408 -0.276537
v -0.110588 0.838408 -0.266983
v -0.136224 0.838408 -0.254858
v -0.160549 0.838408 -0.240278
v -0.183327 0.838408 -0.223385
v -0.204340 0.838408 -0.204340
v -0.223385 0.838408 -0.183327
v -0.240278 0.838408 -0.160549
v -0.254858 0.838408 -0.136224
v -0.266983 0.838408 -0.110588
v -0.276537 0.838408 -0.083887
v -0.283427 0.838408 -0.056377
v -0.287589 0.838408 -0.028325
v -0.288980 0.838408 -0.000000
v -0.287589 0.838408 0.028325
v -0.283427 0.838408 0.056377
v -0.276537 0.838408 0.083886
v -0.266983 0.838408 0.110588
v -0.254858 0.838408 0.136224
v -0.240278 0.838408 0.160549
v -0.223385 0.838408 0.183327
v -0.204340 0.838408 0.204340
v -0.183327 0.838408 0.223384
v -0.160549 0.838408 0.240278
v -0.136224 0.838408 0.254858
v -0.110588 0.838408 0.266983
v -0.083886 0.838408 0.276537
v -0.056377 0.838408 0.283427
v -0.028325 0.838408 0.287588
v -0.000000 0.838408 0.288980
v 0.028325 0.838408 0.287588
v 0.056377 0.838408 0.283427
v 0.083886 0.838408 0.276537
v 0.110588 0.838408 0.266983
v 0.136224 0.838408 0.254858
v 0.160549 0.838408 0.240278
v 0.183327 0.838408 0.223384
v 0.204340 0.838408 0.204340
v 0.223385 0.838408 0.183327
v 0.240278 0.838408 0.160549
v 0.254858 0.838408 0.136224
v 0.266983 0.838408 0.110588
v 0.276537 0.838408 0.083886
v 0.283427 0.838408 0.056377
v 0.287589 0.838408 0.028325
v 0.288980 0.838408 -0.000000
v 0.287589 0.838408 -0.028325
v 0.283427 0.838408 -0.056377
v 0.276537 0.838408 -0.083887
v 0.266983 0.838408 -0.110588
v 0.254858 0.838408 -0.136224
v 0.240278 0.838408 -0.160549
v 0.223385 0.838408 -0.183327
v 0.204340 0.838408 -0.204340
v 0.183327 0.838408 -0.223385
v 0.160549 0.838408 -0.240278
v 0.136224 0.838408 -0.254858
v 0.110588 0.838408 -0.266983
v 0.083886 0.838408 -0.276537
v 0.056377 0.838408 -0.283428
v 0.028325 0.838408 -0.287589
v -0.000000 0.838704 -0.288704
v -0.171671 0.837869 -0.209181
v -0.191654 0.837869 -0.191654
v -0.027279 0.837869 -0.277513
v -0.055096 0.837869 -0.270692
v -0.257937 0.837869 0.106841
v -0.243928 0.837869 0.130382
v 0.204169 0.837869 0.167202
v 0.223371 0.837869 0.147954
v 0.170512 0.837869 -0.209618
v 0.149838 0.837869 -0.227307
v -0.232684 0.837869 0.155474
v -0.208457 0.837869 -0.171077
v -0.224028 0.837869 -0.149691
v 0.027475 0.837869 -0.279870
v 0.000295 0.838267 -0.281722
v 0.189779 0.837869 -0.190761
v 0.276236 0.837869 -0.027181
v 0.271085 0.837869 -0.053230
v 0.166387 0.837869 0.202743
v 0.185458 0.837869 0.185458
v 0.025708 0.837869 0.260072
v 0.051639 0.837869 0.261481
v -0.171219 0.837869 0.209343
v -0.150899 0.837869 0.227032
v -0.127761 0.837869 0.240029
v 0.258434 0.837869 0.106461
v 0.267150 0.837869 0.080445
v -0.271083 0.837869 -0.053922
v -0.276514 0.837869 -0.027234
v -0.102634 0.837869 -0.247781
v -0.127150 0.837869 -0.237881
v -0.103198 0.837869 0.249737
v -0.075075 0.837869 0.247685
v 0.254687 0.837869 -0.105967
v 0.238870 0.837869 -0.127958
v -0.272233 0.837869 -0.000000
v -0.269928 0.837869 0.026586
v 0.102705 0.837869 0.247433
v 0.126895 0.837869 0.235788
v 0.130216 0.837869 -0.243191
v -0.234108 0.837869 -0.125133
v -0.210793 0.837869 0.173997
v -0.193727 0.837869 0.193727
v 0.279115 0.837869 0.027263
v 0.279227 0.837869 -0.000072
v -0.149024 0.837869 -0.223031
v 0.240879 0.837869 0.128524
v 0.078139 0.837869 0.257348
v 0.263652 0.837869 -0.079572
v -0.025354 0.837869 0.258540
v 0.000471 0.837869 0.260157
v 0.211483 0.837869 -0.171494
v -0.266949 0.837869 0.053099
v -0.263985 0.837869 0.080079
v -0.245069 0.837869 -0.101511
v -0.259696 0.837869 -0.078778
v -0.078110 0.837869 -0.257496
v 0.081438 0.837869 -0.267875
v 0.054900 0.837869 -0.275897
v 0.106360 0.837869 -0.259008
v 0.225147 0.837869 -0.151017
v 0.273783 0.837869 0.054986
v 0.146121 0.837869 0.218891
v -0.050579 0.837869 0.255353
v 0.220306 0.091058 -0.182485
v 0.222504 0.087661 -0.182592
v 0.221235 0.094436 -0.181511
v 0.226264 0.091058 -0.174666
v 0.225417 0.094602 -0.175868
v 0.225362 0.087514 -0.175824
v 0.223238 0.086046 -0.178664
v 0.222529 0.087497 -0.182554
v 0.223315 0.096070 -0.178726
v 0.249015 0.057932 -0.139796
v 0.248291 0.061476 -0.141073
v 0.248230 0.054388 -0.141037
v 0.243861 0.057932 -0.148394
v 0.244647 0.061476 -0.147153
v 0.246395 0.052920 -0.144070
v 0.244586 0.054388 -0.147117
v 0.246481 0.062944 -0.144120
v 0.268857 0.132373 -0.098117
v 0.268329 0.128829 -0.099487
v 0.268395 0.135917 -0.099512
v 0.267214 0.137385 -0.102855
v 0.265479 0.132373 -0.107558
v 0.265941 0.128829 -0.106163
v 0.266006 0.135917 -0.106188
v 0.267122 0.127361 -0.102820
v 0.280147 0.105136 -0.058333
v 0.280050 0.095100 -0.058310
v 0.278880 0.100112 -0.063186
v 0.279203 0.096568 -0.061754
v 0.279271 0.103656 -0.061768
v 0.280678 0.096199 -0.055868
v 0.281053 0.100112 -0.053600
v 0.280877 0.103671 -0.055027
v 0.285464 0.059538 -0.007185
v 0.285427 0.063082 -0.008652
v 0.285357 0.055993 -0.008649
v 0.284972 0.059538 -0.017197
v 0.285079 0.063082 -0.015732
v 0.285169 0.054525 -0.012189
v 0.285009 0.055993 -0.015729
v 0.285268 0.064550 -0.012193
v 0.274365 0.099085 0.081170
v 0.274688 0.095541 0.079737
v 0.274755 0.102629 0.079755
v 0.275631 0.104097 0.076320
v 0.276801 0.099085 0.071444
v 0.276410 0.095541 0.072859
v 0.276478 0.102629 0.072878
v 0.275535 0.094073 0.076294
v 0.264212 0.058116 0.108930
v 0.264682 0.061660 0.107703
v 0.264617 0.054572 0.107677
v 0.267533 0.058116 0.099630
v 0.267006 0.054572 0.101000
v 0.267071 0.061660 0.101026
v 0.265798 0.053104 0.104333
v 0.265890 0.063128 0.104370
v 0.241713 0.126177 0.153296
v 0.242497 0.129721 0.152055
v 0.242437 0.122633 0.152019
v 0.246866 0.126177 0.144698
v 0.246081 0.122633 0.145939
v 0.244247 0.121165 0.148971
v 0.246141 0.129721 0.145975
v 0.244332 0.131189 0.149023
v 0.213965 0.102398 0.189649
v 0.214924 0.098854 0.188538
v 0.214920 0.105741 0.188644
v 0.219686 0.098854 0.183284
v 0.220699 0.102398 0.182219
v 0.219794 0.105741 0.183266
v 0.217294 0.097386 0.185901
v 0.217370 0.107410 0.185966
v 0.183044 0.071986 0.219544
v 0.184155 0.075530 0.218584
v 0.184109 0.068442 0.218531
v 0.190474 0.071986 0.212810
v 0.189409 0.075530 0.213823
v 0.189363 0.068442 0.213770
v 0.186792 0.076998 0.216215
v 0.186726 0.066974 0.216139
v 0.156148 0.119186 0.239922
v 0.154908 0.122730 0.240707
v 0.147549 0.119186 0.245077
v 0.148790 0.115642 0.244292
v 0.148827 0.122730 0.244351
v 0.151875 0.124198 0.242541
v 0.154870 0.115642 0.240647
v 0.151822 0.114174 0.242457
v 0.109641 0.081591 0.264179
v 0.110934 0.085136 0.263605
v 0.109667 0.088681 0.264244
v 0.101733 0.085136 0.267065
v 0.103103 0.081592 0.266538
v 0.103129 0.088680 0.266603
v 0.106431 0.080123 0.265332
v 0.106469 0.090149 0.265424
v 0.063520 0.059633 0.278382
v 0.064953 0.063177 0.278060
v 0.064936 0.056089 0.277991
v 0.073244 0.059633 0.275947
v 0.071828 0.063177 0.276337
v 0.068370 0.054621 0.277116
v 0.071812 0.056089 0.276269
v 0.068394 0.064645 0.277213
v 0.009173 0.122968 0.285996
v 0.010641 0.126512 0.285959
v 0.010638 0.119423 0.285889
v 0.019185 0.122968 0.285504
v 0.017721 0.126512 0.285612
v 0.014177 0.117956 0.285701
v 0.017717 0.119423 0.285541
v 0.014182 0.127980 0.285800
v -0.027676 0.091292 0.284775
v -0.027692 0.101323 0.284873
v -0.022756 0.096304 0.285064
v -0.024220 0.092760 0.284957
v -0.024227 0.099848 0.285027
v -0.032540 0.096304 0.284138
v -0.031089 0.092760 0.284318
v -0.031094 0.099851 0.284388
v -0.072416 0.066917 0.276229
v -0.070983 0.063373 0.276551
v -0.071000 0.070461 0.276619
v -0.067542 0.061905 0.277398
v -0.067566 0.071929 0.277495
v -0.062692 0.066917 0.278664
v -0.064107 0.063373 0.278273
v -0.064124 0.070461 0.278342
v -0.157750 0.101945 0.238763
v -0.156509 0.105489 0.239548
v -0.156471 0.098401 0.239488
v -0.149149 0.101945 0.243918
v -0.150389 0.098401 0.243134
v -0.150427 0.105489 0.243193
v -0.153422 0.096933 0.241299
v -0.153476 0.106957 0.241383
v -0.113599 0.132591 0.262865
v -0.112265 0.129046 0.263457
v -0.112292 0.136136 0.263522
v -0.189551 0.075766 0.213697
v -0.185804 0.070754 0.217026
v -0.186869 0.067210 0.216013
v -0.186916 0.074298 0.216066
v -0.193232 0.070754 0.210294
v -0.192168 0.074298 0.211306
v -0.189485 0.065742 0.213622
v -0.192121 0.067210 0.211253
v -0.239446 0.108238 0.156732
v -0.243091 0.108238 0.150650
v -0.241281 0.109706 0.153699
v -0.285363 0.087788 0.014956
v -0.285398 0.084386 0.013547
v -0.285466 0.091190 0.013549
v -0.285800 0.091190 0.006753
v -0.285647 0.092599 0.010151
v -0.285551 0.082977 0.010148
v -0.285835 0.087788 0.005344
v -0.285732 0.084386 0.006750
v -0.273186 0.137528 0.086170
v -0.272726 0.141073 0.087560
v -0.273253 0.144617 0.086191
v -0.285043 0.140246 -0.029409
v -0.284793 0.136701 -0.030858
v -0.284863 0.143790 -0.030866
v -0.283572 0.140246 -0.039328
v -0.283822 0.143790 -0.037880
v -0.283753 0.136701 -0.037872
v -0.284258 0.135234 -0.034363
v -0.284357 0.145258 -0.034375
v -0.267704 0.087944 -0.100032
v -0.267176 0.084400 -0.101402
v -0.267242 0.091488 -0.101428
v -0.264383 0.087944 -0.109330
v -0.264787 0.084400 -0.108079
v -0.264853 0.091488 -0.108105
v -0.266061 0.092956 -0.104772
v -0.265968 0.082932 -0.104735
v -0.279953 0.114798 -0.059501
v -0.279562 0.111254 -0.060917
v -0.279631 0.118342 -0.060933
v -0.277517 0.114798 -0.069226
v -0.277908 0.118342 -0.067810
v -0.278687 0.109786 -0.064352
v -0.277840 0.111254 -0.067794
v -0.278784 0.119810 -0.064375
v -0.255306 0.158139 -0.130176
v -0.254646 0.154595 -0.131488
v -0.254708 0.161683 -0.131521
v -0.253152 0.153126 -0.134617
v -0.253236 0.163160 -0.134670
v -0.250728 0.158139 -0.138872
v -0.251447 0.154595 -0.137604
v -0.251510 0.161687 -0.137635
v -0.237344 0.118398 -0.160182
v -0.236440 0.114854 -0.161342
v -0.236498 0.121942 -0.161382
v -0.231370 0.118398 -0.168237
v -0.232274 0.121942 -0.167077
v -0.234316 0.113386 -0.164181
v -0.232216 0.114854 -0.167037
v -0.234398 0.123410 -0.164238
v -0.188788 0.158688 -0.215499
v -0.187486 0.154192 -0.216619
v -0.187321 0.161960 -0.216872
v -0.182130 0.154875 -0.221489
v -0.185028 0.152365 -0.218822
v -0.182145 0.161964 -0.221567
v -0.184703 0.163428 -0.219265
v -0.023710 0.101788 -0.285072
v -0.025166 0.098243 -0.284965
v -0.025173 0.105332 -0.285035
v -0.181028 0.158425 -0.222378
v -0.145706 0.105308 -0.246021
v -0.150031 0.110320 -0.243487
v -0.148753 0.106776 -0.244211
v -0.148789 0.113864 -0.244272
v -0.141433 0.110320 -0.248640
v -0.142674 0.106776 -0.247855
v -0.142710 0.113864 -0.247916
v -0.145757 0.115332 -0.246106
v -0.103532 0.051260 -0.266065
v -0.098829 0.056272 -0.267801
v -0.100199 0.052728 -0.267273
v -0.100224 0.059816 -0.267339
v -0.108270 0.056272 -0.264422
v -0.106900 0.059816 -0.264950
v -0.103568 0.061284 -0.266158
v -0.106875 0.052728 -0.264884
v -0.204528 0.074671 -0.199652
v -0.205670 0.077962 -0.198440
v -0.204678 0.081633 -0.199589
v -0.033485 0.101788 -0.284053
v -0.032028 0.098244 -0.284234
v -0.032035 0.105332 -0.284304
v -0.028598 0.096775 -0.284730
v -0.281908 0.115827 0.048757
v -0.282083 0.112392 0.047345
v -0.282154 0.119261 0.047356
v -0.283345 0.115827 0.039150
v -0.283099 0.112392 0.040552
v -0.282576 0.110970 0.043946
v -0.283170 0.119260 0.040563
v -0.282677 0.120683 0.043962
v 0.003239 0.063189 -0.285694
v 0.004704 0.059645 -0.285587
v 0.008247 0.068201 -0.285498
v 0.004706 0.066733 -0.285657
v 0.008244 0.058177 -0.285399
v 0.013253 0.063189 -0.285202
v 0.011785 0.059645 -0.285239
v 0.011787 0.066733 -0.285310
v -0.253606 0.073352 0.131803
v -0.254202 0.069808 0.130460
v -0.254265 0.076896 0.130491
v -0.257892 0.073352 0.122740
v -0.257233 0.069808 0.124051
v -0.255704 0.068340 0.127249
v -0.257296 0.076896 0.124082
v -0.255794 0.078364 0.127293
v 0.078808 0.139914 -0.275217
v 0.080252 0.143466 -0.274911
v 0.080206 0.136371 -0.274811
v -0.238661 0.104694 0.157972
v -0.239387 0.101150 0.156694
v -0.243817 0.104694 0.149371
v -0.241197 0.099682 0.153645
v -0.243032 0.101150 0.150612
v -0.028608 0.106801 -0.284829
v 0.130146 0.061763 -0.254263
v 0.131491 0.065307 -0.253665
v 0.135398 0.056733 -0.253636
v 0.135534 0.056802 -0.253573
v 0.135580 0.066689 -0.253660
v 0.135445 0.066758 -0.253724
v 0.131458 0.058219 -0.253603
v -0.109129 0.127577 0.264868
v -0.109166 0.137605 0.264960
v -0.104499 0.132591 0.266576
v -0.105896 0.136135 0.266113
v -0.105869 0.129047 0.266048
v 0.099350 0.095579 -0.267885
v 0.100722 0.092025 -0.267377
v 0.100753 0.099123 -0.267440
v 0.108838 0.095579 -0.264623
v 0.107436 0.092035 -0.265068
v 0.107461 0.099123 -0.265133
v 0.104112 0.100591 -0.266300
v 0.104071 0.090561 -0.266209
v -0.201982 0.072982 -0.202314
v -0.202181 0.083054 -0.202253
v -0.198406 0.077974 -0.205693
v -0.199575 0.074490 -0.204577
v -0.199659 0.081233 -0.204592
v 0.138821 0.061763 -0.249644
v 0.137577 0.065307 -0.250431
v 0.137543 0.058219 -0.250369
v 0.083585 0.144935 -0.274052
v 0.083538 0.134907 -0.273903
v 0.088218 0.139914 -0.272309
v 0.086822 0.136372 -0.272750
v 0.086840 0.143465 -0.272861
v -0.066014 0.138741 -0.278567
v -0.062572 0.137273 -0.279414
v -0.057720 0.142285 -0.280681
v -0.059136 0.138741 -0.280290
v -0.059152 0.145829 -0.280358
v -0.062594 0.147297 -0.279511
v -0.067446 0.142285 -0.278244
v -0.066030 0.145829 -0.278635
v -0.274308 0.136060 0.082914
v -0.274403 0.146086 0.082943
v -0.275551 0.141073 0.078147
v -0.275161 0.137529 0.079563
v -0.275228 0.144617 0.079583
v 0.282934 0.143039 0.043820
v 0.283468 0.144507 0.040316
v 0.284154 0.139495 0.035351
v 0.283904 0.135951 0.036799
v 0.283974 0.143039 0.036809
v 0.283370 0.134483 0.040302
v 0.282683 0.139495 0.045267
v 0.282864 0.135951 0.043810
v -0.226153 0.140608 0.175641
v -0.227036 0.144076 0.174508
v -0.229035 0.135703 0.171673
v -0.226981 0.137140 0.174467
v -0.229113 0.145512 0.171731
v -0.231996 0.140608 0.167762
v -0.231113 0.137140 0.168896
v -0.231168 0.144076 0.168937
v 0.196674 0.136477 -0.208054
v 0.194038 0.135009 -0.210424
v 0.192925 0.131465 -0.211385
v 0.193989 0.127921 -0.210373
v 0.196606 0.126453 -0.207982
v 0.199242 0.127921 -0.205612
v 0.200354 0.131465 -0.204651
v 0.199291 0.135009 -0.205663
v -0.000001 0.587067 -0.288903
v 0.275141 0.586776 0.083414
v 0.134512 0.586223 0.250924
v -0.133606 0.585692 -0.250821
v -0.082592 0.586026 0.271128
v -0.255617 0.587358 0.136641
v 0.083608 0.586868 -0.275705
v -0.271609 0.585834 -0.082172
v 0.253739 0.586788 -0.135627
v 0.202810 0.586540 -0.202831
v 0.288404 0.587020 -0.000015
v 0.202770 0.586672 0.202727
v -0.000050 0.585896 0.279090
v -0.205050 0.587397 0.205087
v -0.286021 0.586272 0.000053
v -0.200054 0.585500 -0.200059
v 0.081976 0.586033 0.268367
v 0.135398 0.586618 -0.253274
v -0.135293 0.586637 0.252899
v -0.276227 0.587070 0.083801
v -0.249551 0.585571 -0.133311
v 0.275755 0.586916 -0.083675
v -0.083290 0.586658 -0.275029
v 0.253201 0.586703 0.135291
v 0.056277 0.586965 -0.282893
v 0.238977 0.586708 -0.159672
v 0.282409 0.586899 0.056153
v 0.159074 0.586422 0.237756
v -0.055354 0.585876 0.276118
v -0.241038 0.587363 0.161052
v -0.278980 0.585865 -0.055433
v -0.157270 0.585346 -0.235133
v -0.183479 0.587237 0.223574
v -0.285540 0.586549 0.028206
v -0.218614 0.585417 -0.179564
v -0.028315 0.587054 -0.287459
v 0.181913 0.586558 -0.221723
v 0.287113 0.587045 -0.028294
v 0.221817 0.586701 0.181947
v 0.027391 0.585918 0.277466
v 0.110041 0.586704 -0.265702
v 0.266052 0.586831 -0.110233
v 0.265385 0.586756 0.109876
v 0.108810 0.586181 0.260933
v -0.109280 0.586281 0.263387
v -0.267317 0.587238 0.110705
v -0.261307 0.585734 -0.108651
v -0.109181 0.586218 -0.264149
v -0.283837 0.586091 -0.027863
v -0.179547 0.585298 -0.218765
v 0.028257 0.587032 -0.287182
v 0.221965 0.586624 -0.182165
v 0.286888 0.586983 0.028238
v 0.181807 0.586695 0.221503
v -0.027760 0.585783 0.278814
v -0.224317 0.587422 0.184041
v 0.159448 0.586603 -0.238612
v 0.282823 0.587000 -0.056254
v 0.238641 0.586707 0.159438
v 0.056317 0.586283 0.272154
v -0.160088 0.586969 0.239547
v -0.282269 0.586843 0.056168
v -0.235059 0.585528 -0.157282
v -0.056242 0.586952 -0.282885
vn 0.3955 0.1060 -0.9123
vn 0.3027 0.1094 -0.9468
vn 0.2984 -0.0316 -0.9539
vn 0.3922 -0.0338 -0.9192
vn 0.8721 0.1073 -0.4774
vn 0.8210 0.1051 -0.5611
vn 0.8268 -0.0342 -0.5614
vn 0.8789 -0.0329 -0.4760
vn 0.9151 0.1133 -0.3869
vn 0.9227 -0.0302 -0.3844
vn 0.9482 0.1199 -0.2941
vn 0.9560 -0.0270 -0.2920
vn 0.9721 0.1238 -0.1993
vn 0.9799 -0.0249 -0.1980
vn 0.9873 0.1253 -0.0980
vn 0.9587 0.2687 -0.0935
vn 0.9410 0.2774 -0.1939
vn 0.9921 0.1256 0.0042
vn 0.9949 -0.0242 -0.0984
vn 0.9997 -0.0242 0.0031
vn 0.9864 0.1259 0.1059
vn 0.9646 0.2422 0.1048
vn 0.9669 0.2549 0.0055
vn 0.9702 0.1259 0.2072
vn 0.9942 -0.0243 0.1046
vn 0.9785 -0.0247 0.2046
vn 0.9456 0.1257 0.3002
vn 0.9310 0.2117 0.2974
vn 0.9518 0.2278 0.2056
vn 0.9135 0.1261 0.3869
vn 0.9539 -0.0255 0.2991
vn 0.9211 -0.0256 0.3884
vn 0.8725 0.1283 0.4715
vn 0.8795 -0.0251 0.4752
vn 0.8221 0.1313 0.5540
vn 0.8286 -0.0238 0.5593
vn 0.7626 0.1348 0.6327
vn 0.7581 0.1789 0.6271
vn 0.8158 0.1825 0.5487
vn 0.6963 0.1370 0.7046
vn 0.7695 -0.0225 0.6383
vn 0.7035 -0.0219 0.7104
vn 0.6195 0.1353 0.7733
vn 0.6136 0.1815 0.7685
vn 0.6920 0.1803 0.6990
vn 0.5244 0.1279 0.8418
vn 0.6289 -0.0228 0.7772
vn 0.5412 -0.0275 0.8405
vn 0.4185 0.1101 0.9015
vn 0.4065 0.1511 0.9010
vn 0.5149 0.1711 0.8400
vn 0.3182 0.0845 0.9442
vn 0.4433 -0.0373 0.8956
vn 0.3472 -0.0515 0.9364
vn 0.2131 0.0451 0.9760
vn 0.1916 0.1561 0.9690
vn 0.3037 0.1304 0.9438
vn 0.1658 0.0127 0.9861
vn 0.2547 -0.0715 0.9644
vn 0.1774 -0.0863 0.9803
vn 0.1149 0.0305 0.9929
vn 0.1266 0.1439 0.9815
vn 0.1546 0.1884 0.9699
vn 0.0211 0.0585 0.9981
vn 0.0941 -0.0815 0.9922
vn 0.0084 -0.0693 0.9976
vn -0.0551 0.0716 0.9959
vn -0.0701 -0.0614 0.9956
vn -0.1399 0.0811 0.9868
vn -0.1601 -0.0545 0.9856
vn -0.2302 0.0949 0.9685
vn -0.2538 -0.0453 0.9662
vn -0.3255 0.1111 0.9390
vn -0.3498 -0.0354 0.9362
vn -0.8264 0.1407 0.5452
vn -0.8075 0.2498 0.5343
vn -0.7517 0.2329 0.6170
vn -0.7661 0.1422 0.6267
vn -0.5143 0.1383 0.8464
vn -0.4213 0.1265 0.8981
vn -0.4433 -0.0263 0.8960
vn -0.5329 -0.0192 0.8460
vn 0.6041 -0.0808 -0.7928
vn 0.6023 -0.0109 -0.7982
vn 0.5182 -0.0100 -0.8552
vn 0.5275 -0.0858 -0.8452
vn -0.4093 0.1963 0.8910
vn -0.3129 0.1781 0.9329
vn -0.6873 0.1449 0.7118
vn -0.6974 -0.0138 0.7166
vn -0.7726 -0.0147 0.6347
vn -0.6009 0.1444 0.7862
vn -0.6157 -0.0150 0.7878
vn -0.8779 0.1408 0.4577
vn -0.8338 -0.0155 0.5518
vn -0.8853 -0.0158 0.4648
vn -0.9228 0.1376 0.3599
vn -0.9284 -0.0179 0.3712
vn -0.9562 0.1307 0.2619
vn -0.9326 0.2583 0.2522
vn -0.9019 0.2536 0.3495
vn -0.9789 0.1221 0.1637
vn -0.9613 -0.0219 0.2746
vn -0.9838 -0.0266 0.1775
vn -0.9914 0.1130 0.0660
vn -0.9963 -0.0319 0.0795
vn -0.9942 0.1034 -0.0299
vn -0.9632 0.2663 -0.0352
vn -0.9617 0.2675 0.0592
vn -0.9879 0.0923 -0.1243
vn -0.9575 0.2586 -0.1277
vn -0.9726 0.0811 -0.2179
vn -0.9434 0.2500 -0.2180
vn -0.9477 0.0681 -0.3119
vn -0.9771 -0.0493 -0.2070
vn -0.9522 -0.0555 -0.3005
vn -0.9165 0.0595 -0.3957
vn -0.9191 -0.0602 -0.3895
vn -0.8784 0.0594 -0.4743
vn -0.8551 0.2378 -0.4607
vn -0.8908 0.2358 -0.3884
vn -0.8292 0.0611 -0.5556
vn -0.8786 -0.0608 -0.4737
vn -0.8292 -0.0599 -0.5557
vn -0.7717 0.0646 -0.6327
vn -0.7709 -0.0586 -0.6342
vn -0.7058 0.0679 -0.7052
vn -0.6844 0.2642 -0.6796
vn -0.7498 0.2527 -0.6115
vn -0.6326 0.0697 -0.7713
vn -0.6091 0.2764 -0.7434
vn -0.5718 0.0685 -0.8175
vn -0.5517 0.2870 -0.7831
vn -0.5137 0.0779 -0.8544
vn -0.5024 0.2970 -0.8120
vn -0.4315 0.0952 -0.8971
vn -0.4953 -0.0503 -0.8673
vn -0.4118 -0.0406 -0.9104
vn -0.3328 0.1077 -0.9368
vn -0.3190 -0.0334 -0.9472
vn -0.2202 0.1125 -0.9689
vn -0.2132 -0.0299 -0.9766
vn -0.1030 -0.0282 -0.9943
vn -0.1057 0.1148 -0.9877
vn 0.6988 0.1042 -0.7077
vn 0.6336 0.1021 -0.7669
vn 0.6367 -0.0364 -0.7702
vn 0.7037 -0.0355 -0.7096
vn 0.5589 0.1002 -0.8231
vn 0.4781 0.1023 -0.8723
vn 0.4764 -0.0359 -0.8785
vn 0.5599 -0.0368 -0.8277
vn 0.1056 0.1219 -0.9869
vn 0.2005 0.1167 -0.9727
vn 0.1974 0.3005 -0.9331
vn 0.1014 0.2986 -0.9490
vn -0.6779 0.2109 0.7042
vn -0.5940 0.2016 0.7788
vn 0.0062 0.1192 -0.9928
vn 0.0030 0.2952 -0.9554
vn -0.1026 0.2955 -0.9498
vn -0.1885 0.2583 -0.9475
vn -0.1383 0.7051 -0.6955
vn -0.0695 0.7051 -0.7057
vn -0.0947 0.2583 -0.9614
vn -0.0983 0.1205 -0.9878
vn -0.1090 -0.0239 -0.9938
vn -0.0225 -0.0518 -0.9984
vn 0.0014 0.1066 -0.9943
vn 0.1955 -0.0281 -0.9803
vn 0.1149 -0.2163 -0.9695
vn 0.0174 -0.1959 -0.9805
vn 0.0103 -0.2663 -0.9638
vn 0.1053 -0.2722 -0.9565
vn 0.2007 -0.2309 -0.9521
vn 0.1971 -0.2744 -0.9412
vn 0.2945 -0.2326 -0.9269
vn 0.2910 -0.2785 -0.9153
vn 0.3867 -0.2307 -0.8929
vn 0.3805 -0.2828 -0.8805
vn 0.4641 -0.2291 -0.8556
vn 0.4598 -0.2817 -0.8422
vn 0.5366 -0.2205 -0.8145
vn 0.5319 -0.2775 -0.8000
vn 0.6114 -0.2094 -0.7631
vn 0.6031 -0.2773 -0.7479
vn 0.6860 -0.1976 -0.7003
vn 0.6736 -0.2811 -0.6836
vn 0.7525 -0.1885 -0.6311
vn 0.7365 -0.2825 -0.6146
vn 0.8117 -0.1843 -0.5542
vn 0.7944 -0.2788 -0.5397
vn 0.8668 -0.1826 -0.4640
vn 0.8467 -0.2787 -0.4533
vn 0.9118 -0.1828 -0.3678
vn 0.8857 -0.2924 -0.3605
vn 0.9437 -0.1833 -0.2754
vn 0.9137 -0.3055 -0.2679
vn 0.9668 -0.1784 -0.1830
vn 0.9347 -0.3089 -0.1758
vn 0.9819 -0.1695 -0.0842
vn 0.9467 -0.3121 -0.0803
vn 0.9867 -0.1616 0.0171
vn 0.9495 -0.3130 0.0196
vn 0.9806 -0.1537 0.1217
vn 0.9434 -0.3094 0.1193
vn 0.9637 -0.1468 0.2229
vn 0.9288 -0.3003 0.2170
vn 0.9406 -0.1413 0.3086
vn 0.9081 -0.2911 0.3010
vn 0.9127 -0.1312 0.3870
vn 0.8789 -0.2950 0.3750
vn 0.8725 -0.1319 0.4705
vn 0.8407 -0.2977 0.4524
vn 0.8209 -0.1338 0.5551
vn 0.7935 -0.2947 0.5324
vn 0.7642 -0.1306 0.6316
vn 0.7371 -0.2985 0.6063
vn 0.6998 -0.1200 0.7042
vn 0.6704 -0.3018 0.6779
vn 0.6228 -0.1147 0.7739
vn 0.5983 -0.3030 0.7418
vn 0.5394 -0.1102 0.8348
vn 0.5155 -0.3137 0.7974
vn 0.4441 -0.1102 0.8892
vn 0.4251 -0.3288 0.8433
vn 0.3513 -0.1190 0.9287
vn 0.3360 -0.3277 0.8830
vn 0.2657 -0.1161 0.9570
vn 0.2500 -0.3127 0.9164
vn 0.1764 -0.1051 0.9787
vn 0.1632 -0.3043 0.9385
vn 0.0853 -0.0989 0.9914
vn 0.0817 -0.3012 0.9501
vn 0.0029 -0.0994 0.9950
vn -0.0002 -0.2879 0.9576
vn -0.0781 -0.0947 0.9924
vn -0.0795 -0.2778 0.9573
vn -0.1689 -0.0950 0.9810
vn -0.1581 -0.2855 0.9452
vn -0.2662 -0.1086 0.9578
vn -0.2481 -0.3028 0.9202
vn -0.3552 -0.1196 0.9271
vn -0.3303 -0.3209 0.8877
vn -0.4354 -0.1222 0.8919
vn -0.4109 -0.3349 0.8480
vn -0.5150 -0.1266 0.8478
vn -0.4903 -0.3345 0.8048
vn -0.5899 -0.1300 0.7970
vn -0.5640 -0.3325 0.7559
vn -0.6617 -0.1297 0.7384
vn -0.6379 -0.3188 0.7011
vn -0.7305 -0.1227 0.6718
vn -0.7100 -0.2983 0.6379
vn -0.8016 -0.1115 0.5874
vn -0.7776 -0.2815 0.5623
vn -0.8729 -0.1152 0.4741
vn -0.8426 -0.2743 0.4634
vn -0.9241 -0.1329 0.3583
vn -0.8868 -0.2944 0.3563
vn -0.9549 -0.1525 0.2546
vn -0.9091 -0.3290 0.2556
vn -0.9749 -0.1675 0.1466
vn -0.9264 -0.3459 0.1489
vn -0.9837 -0.1744 0.0442
vn -0.9385 -0.3426 0.0429
vn -0.9851 -0.1639 -0.0516
vn -0.9445 -0.3233 -0.0584
vn -0.9754 -0.1556 -0.1563
vn -0.9424 -0.2954 -0.1569
vn -0.9602 -0.1445 -0.2392
vn -0.9343 -0.2650 -0.2384
vn -0.9425 -0.1436 -0.3017
vn -0.9243 -0.2412 -0.2958
vn -0.9173 -0.1440 -0.3712
vn -0.9028 -0.2353 -0.3600
vn -0.8800 -0.1542 -0.4493
vn -0.8634 -0.2526 -0.4367
vn -0.8325 -0.1620 -0.5299
vn -0.8175 -0.2649 -0.5114
vn -0.7773 -0.1742 -0.6046
vn -0.7580 -0.2863 -0.5860
vn -0.7133 -0.2014 -0.6713
vn -0.6945 -0.3012 -0.6534
vn -0.6451 -0.2103 -0.7346
vn -0.6296 -0.3011 -0.7163
vn -0.5728 -0.2062 -0.7934
vn -0.5586 -0.2983 -0.7740
vn -0.4955 -0.1960 -0.8462
vn -0.4795 -0.2934 -0.8270
vn -0.4068 -0.1877 -0.8940
vn -0.3930 -0.2822 -0.8752
vn -0.3073 -0.1829 -0.9339
vn -0.2980 -0.2726 -0.9148
vn -0.2010 -0.1823 -0.9625
vn -0.1963 -0.2649 -0.9441
vn -0.2145 -0.2004 -0.9559
vn -0.3240 -0.1857 -0.9277
vn -0.3263 -0.2129 -0.9210
vn -0.2139 -0.2198 -0.9518
vn -0.4298 -0.1749 -0.8858
vn -0.4319 -0.1998 -0.8795
vn -0.5102 -0.1717 -0.8427
vn -0.5140 -0.1797 -0.8388
vn -0.5758 -0.1767 -0.7983
vn -0.5729 -0.1754 -0.8006
vn -0.6411 -0.1924 -0.7430
vn -0.6320 -0.2018 -0.7482
vn -0.7027 -0.2195 -0.6768
vn -0.6942 -0.2246 -0.6838
vn -0.7584 -0.2461 -0.6035
vn -0.7587 -0.2207 -0.6129
vn -0.8060 -0.2611 -0.5312
vn -0.8144 -0.2137 -0.5395
vn -0.8492 -0.2540 -0.4630
vn -0.8600 -0.2158 -0.4625
vn -0.8893 -0.2411 -0.3886
vn -0.8951 -0.2238 -0.3857
vn -0.9254 -0.2236 -0.3060
vn -0.9215 -0.2415 -0.3042
vn -0.9524 -0.2103 -0.2208
vn -0.9400 -0.2641 -0.2160
vn -0.9723 -0.1957 -0.1280
vn -0.9527 -0.2771 -0.1246
vn -0.9830 -0.1805 -0.0350
vn -0.9569 -0.2885 -0.0324
vn -0.9843 -0.1661 0.0596
vn -0.9527 -0.2977 0.0613
vn -0.9756 -0.1508 0.1597
vn -0.9394 -0.3046 0.1573
vn -0.9556 -0.1390 0.2598
vn -0.9169 -0.3101 0.2514
vn -0.9221 -0.1367 0.3621
vn -0.8837 -0.3155 0.3458
vn -0.8779 -0.1353 0.4594
vn -0.8393 -0.3226 0.4376
vn -0.8229 -0.1384 0.5510
vn -0.7847 -0.3301 0.5246
vn -0.7564 -0.1381 0.6393
vn -0.7198 -0.3378 0.6064
vn -0.6854 -0.1384 0.7149
vn -0.6512 -0.3363 0.6803
vn -0.6068 -0.1350 0.7833
vn -0.5758 -0.3225 0.7513
vn -0.5097 -0.1299 0.8505
vn -0.4869 -0.3191 0.8131
vn -0.4000 -0.1385 0.9060
vn -0.3883 -0.3246 0.8625
vn -0.2840 -0.1772 0.9423
vn -0.2877 -0.3347 0.8974
vn -0.1762 -0.2488 0.9524
vn -0.1959 -0.3560 0.9137
vn -0.0996 -0.3152 0.9438
vn -0.1108 -0.3866 0.9156
vn -0.0501 -0.3224 0.9453
vn -0.0392 -0.4019 0.9148
vn 0.0001 -0.2999 0.9540
vn 0.0233 -0.3880 0.9214
vn 0.0741 -0.2474 0.9661
vn 0.0899 -0.3692 0.9250
vn 0.1836 -0.2564 0.9490
vn 0.1546 -0.3711 0.9156
vn 0.2399 -0.2933 0.9254
vn 0.2095 -0.3872 0.8979
vn 0.2706 -0.2563 0.9279
vn 0.2651 -0.3809 0.8858
vn 0.3576 -0.1854 0.9153
vn 0.3664 -0.3501 0.8621
vn 0.5012 -0.1246 0.8563
vn 0.4883 -0.3277 0.8089
vn 0.6250 -0.1102 0.7728
vn 0.5909 -0.3277 0.7372
vn 0.7056 -0.1268 0.6972
vn 0.6642 -0.3382 0.6667
vn 0.7656 -0.1482 0.6260
vn 0.7235 -0.3460 0.5974
vn 0.8197 -0.1616 0.5495
vn 0.7763 -0.3482 0.5255
vn 0.8661 -0.1708 0.4698
vn 0.8229 -0.3486 0.4487
vn 0.9038 -0.1763 0.3900
vn 0.8617 -0.3449 0.3721
vn 0.9348 -0.1772 0.3077
vn 0.8938 -0.3386 0.2942
vn 0.9601 -0.1749 0.2180
vn 0.9204 -0.3319 0.2064
vn 0.9785 -0.1704 0.1159
vn 0.9401 -0.3230 0.1092
vn 0.9855 -0.1693 0.0101
vn 0.9483 -0.3173 0.0106
vn 0.9811 -0.1696 -0.0927
vn 0.9441 -0.3181 -0.0868
vn 0.9644 -0.1784 -0.1953
vn 0.9306 -0.3148 -0.1870
vn 0.9367 -0.1911 -0.2935
vn 0.9099 -0.3061 -0.2800
vn 0.9001 -0.2027 -0.3857
vn 0.8771 -0.3028 -0.3729
vn 0.8568 -0.2078 -0.4719
vn 0.8340 -0.3050 -0.4597
vn 0.8075 -0.2114 -0.5507
vn 0.7879 -0.3022 -0.5365
vn 0.7521 -0.2172 -0.6223
vn 0.7368 -0.2927 -0.6094
vn 0.6915 -0.2215 -0.6875
vn 0.6805 -0.2765 -0.6786
vn 0.6271 -0.2206 -0.7470
vn 0.6186 -0.2590 -0.7418
vn 0.5573 -0.2145 -0.8021
vn 0.5498 -0.2446 -0.7987
vn 0.4790 -0.2052 -0.8535
vn 0.4728 -0.2345 -0.8494
vn 0.3944 -0.1959 -0.8978
vn 0.3879 -0.2283 -0.8930
vn 0.2997 -0.1915 -0.9346
vn 0.2979 -0.2256 -0.9276
vn 0.2031 -0.1946 -0.9596
vn 0.2010 -0.2241 -0.9536
vn 0.1049 -0.1976 -0.9746
vn 0.1036 -0.2213 -0.9697
vn 0.0029 -0.1994 -0.9799
vn 0.0024 -0.2181 -0.9759
vn 0.7620 0.1048 -0.6391
vn 0.7334 0.2896 -0.6150
vn 0.6713 0.2942 -0.6802
vn 0.1174 0.7988 -0.5900
vn -0.0015 1.0000 0.0078
vn -0.0023 1.0000 0.0076
vn 0.1746 0.7988 -0.5756
vn 0.3059 0.0302 -0.9516
vn 0.1992 0.0260 -0.9796
vn -0.3032 0.1077 -0.9468
vn -0.2848 -0.0509 -0.9572
vn -0.1915 -0.0239 -0.9812
vn -0.1996 0.1201 -0.9725
vn -0.0000 -0.9719 -0.2356
vn -0.0000 -0.7183 -0.6957
vn 0.0682 -0.7183 -0.6924
vn 0.0231 -0.9719 -0.2345
vn -0.0098 -0.0558 0.9984
vn -0.0113 -0.0163 0.9998
vn 0.0995 -0.0178 0.9949
vn 0.0965 -0.0562 0.9937
vn -0.1053 -0.2009 -0.9739
vn -0.1051 -0.2188 -0.9701
vn -0.3550 -0.0947 -0.9301
vn -0.3291 -0.0274 -0.9439
vn -0.4178 -0.0220 -0.9083
vn -0.4459 -0.0873 -0.8908
vn -0.0030 1.0000 0.0073
vn 0.2302 0.7988 -0.5558
vn -0.0684 -0.9719 -0.2255
vn -0.2020 -0.7183 -0.6658
vn -0.1357 -0.7183 -0.6824
vn -0.0460 -0.9718 -0.2311
vn -0.2609 0.0582 -0.9636
vn -0.3267 0.0551 -0.9435
vn -0.2591 -0.0287 -0.9654
vn -0.4498 0.7051 0.5481
vn -0.3939 0.7051 0.5896
vn -0.1427 0.9665 0.2135
vn -0.1629 0.9665 0.1985
vn 0.2119 -0.0185 0.9771
vn 0.2042 -0.0586 0.9772
vn -0.0000 0.8471 -0.5314
vn -0.0000 1.0000 0.0079
vn 0.0008 1.0000 0.0079
vn -0.0521 0.8471 -0.5288
vn -0.5367 0.2583 -0.8033
vn -0.3939 0.7051 -0.5896
vn -0.3343 0.7051 -0.6254
vn -0.4554 0.2583 -0.8520
vn -0.9807 -0.0534 0.1878
vn -0.9815 -0.0193 0.1907
vn -0.9568 -0.0210 0.2901
vn -0.9571 -0.0527 0.2849
vn -0.1746 0.7988 -0.5756
vn 0.0023 1.0000 0.0076
vn 0.0015 1.0000 0.0078
vn -0.1174 0.7988 -0.5900
vn -0.0231 -0.9719 -0.2345
vn -0.0682 -0.7183 -0.6924
vn 0.9905 0.0654 0.1211
vn 0.9903 -0.0158 0.1381
vn 0.9729 -0.0139 0.2306
vn 0.9741 0.0673 0.2159
vn -0.2302 0.7988 -0.5558
vn 0.0030 1.0000 0.0073
vn -0.1495 -0.9718 -0.1821
vn -0.4414 -0.7183 -0.5378
vn -0.3865 -0.7183 -0.5785
vn -0.1309 -0.9718 -0.1959
vn 0.4208 0.0508 0.9057
vn 0.5011 0.0534 0.8638
vn 0.5071 -0.0241 0.8615
vn 0.4247 -0.0225 0.9050
vn -0.2836 0.7988 -0.5305
vn 0.0037 1.0000 0.0070
vn -0.7468 0.2583 -0.6129
vn -0.5481 0.7051 -0.4498
vn -0.5014 0.7051 -0.5014
vn -0.6831 0.2583 -0.6831
vn -0.5292 -0.0163 -0.8483
vn -0.5413 -0.0811 -0.8369
vn -0.3342 0.7988 -0.5002
vn 0.0044 1.0000 0.0066
vn -0.1111 -0.9719 -0.2078
vn -0.3280 -0.7183 -0.6136
vn -0.2662 -0.7183 -0.6428
vn -0.0902 -0.9719 -0.2177
vn -0.2991 -0.0577 0.9525
vn -0.3049 -0.0156 0.9522
vn -0.2067 -0.0154 0.9783
vn -0.2017 -0.0571 0.9778
vn -0.3816 0.7988 -0.4650
vn 0.0050 1.0000 0.0061
vn -0.1959 -0.9718 -0.1309
vn -0.5785 -0.7183 -0.3865
vn -0.5378 -0.7183 -0.4414
vn -0.1821 -0.9718 -0.1495
vn 0.9839 0.0591 -0.1687
vn 0.9618 0.0570 -0.2679
vn 0.9659 -0.0246 -0.2577
vn 0.9882 -0.0229 -0.1517
vn -0.4254 0.7988 -0.4254
vn 0.0056 1.0000 0.0056
vn -0.2177 -0.9719 -0.0902
vn -0.6428 -0.7183 -0.2662
vn -0.6136 -0.7183 -0.3280
vn -0.2078 -0.9719 -0.1111
vn -0.5265 0.0511 -0.8486
vn -0.6288 0.0493 -0.7760
vn -0.6282 -0.0148 -0.7779
vn -0.4650 0.7988 -0.3816
vn 0.0061 1.0000 0.0050
vn 0.9949 -0.0821 -0.0589
vn 0.9984 -0.0202 -0.0525
vn 0.9848 -0.0757 -0.1566
vn -0.5002 0.7988 -0.3342
vn 0.0066 1.0000 0.0044
vn -0.8033 0.2583 -0.5367
vn -0.5896 0.7051 -0.3939
vn -0.7020 -0.0573 0.7098
vn -0.7056 -0.0224 0.7083
vn -0.6355 -0.0206 0.7718
vn -0.6297 -0.0586 0.7747
vn -0.5305 0.7988 -0.2836
vn 0.0070 1.0000 0.0037
vn -0.9614 0.2583 -0.0947
vn -0.7057 0.7051 -0.0695
vn -0.6955 0.7051 -0.1383
vn -0.9475 0.2583 -0.1885
vn 0.9977 0.0636 0.0251
vn 0.9957 0.0615 -0.0695
vn 0.9991 -0.0189 0.0375
vn -0.5558 0.7988 -0.2302
vn 0.0073 1.0000 0.0030
vn -0.8925 0.2583 -0.3697
vn -0.6551 0.7051 -0.2714
vn -0.6254 0.7051 -0.3343
vn -0.8520 0.2583 -0.4554
vn 0.7816 -0.0941 0.6166
vn 0.7823 -0.0201 0.6226
vn 0.8370 -0.0171 0.5469
vn 0.8336 -0.0972 0.5437
vn -0.5756 0.7988 -0.1746
vn 0.0076 1.0000 0.0023
vn -0.2356 -0.9718 -0.0000
vn -0.6957 -0.7183 -0.0000
vn -0.6924 -0.7183 -0.0682
vn -0.2345 -0.9719 -0.0231
vn 0.2700 -0.1001 -0.9576
vn 0.2420 -0.0232 -0.9700
vn 0.1454 -0.0272 -0.9890
vn 0.1720 -0.1041 -0.9796
vn -0.5900 0.7988 -0.1174
vn 0.0078 1.0000 0.0015
vn -0.9475 0.2583 0.1885
vn -0.6955 0.7051 0.1383
vn -0.7057 0.7051 0.0695
vn -0.9614 0.2583 0.0947
vn -0.7078 0.0478 -0.7048
vn -0.7079 -0.0152 -0.7062
vn -0.5987 0.7988 -0.0590
vn 0.0079 1.0000 0.0008
vn -0.2311 -0.9719 -0.0460
vn -0.6824 -0.7183 -0.1357
vn -0.6658 -0.7183 -0.2020
vn -0.2254 -0.9719 -0.0684
vn -0.9915 -0.0592 -0.1157
vn -0.9927 -0.0165 -0.1197
vn -0.9998 -0.0172 -0.0120
vn -0.9983 -0.0564 -0.0112
vn -0.6015 0.7988 -0.0000
vn 0.0079 1.0000 -0.0000
vn -0.2255 -0.9719 0.0684
vn -0.6658 -0.7183 0.2020
vn -0.6824 -0.7183 0.1357
vn -0.2311 -0.9719 0.0460
vn -0.7721 0.0468 -0.6338
vn -0.7728 -0.0153 -0.6344
vn -0.5987 0.7988 0.0590
vn 0.0079 1.0000 -0.0008
vn -0.2078 -0.9719 0.1111
vn -0.6136 -0.7183 0.3280
vn -0.6428 -0.7183 0.2662
vn -0.2177 -0.9718 0.0902
vn 0.3224 -0.0208 0.9464
vn 0.3094 -0.0631 0.9488
vn -0.5900 0.7988 0.1174
vn 0.0078 1.0000 -0.0015
vn -0.9238 -0.0526 0.3792
vn -0.9228 -0.0230 0.3845
vn -0.8795 -0.0243 0.4753
vn -0.8798 -0.0530 0.4723
vn -0.5756 0.7988 0.1746
vn 0.0076 1.0000 -0.0023
vn -0.9245 0.2583 0.2804
vn -0.6785 0.7051 0.2058
vn 0.9278 0.0552 -0.3690
vn 0.9317 -0.0255 -0.3624
vn -0.5558 0.7988 0.2302
vn 0.0073 1.0000 -0.0030
vn -0.6831 0.2583 0.6831
vn -0.5014 0.7051 0.5014
vn -0.5481 0.7051 0.4498
vn -0.7468 0.2583 0.6129
vn 0.6462 0.0584 0.7610
vn 0.7118 0.0608 0.6998
vn 0.7216 -0.0214 0.6920
vn 0.6529 -0.0237 0.7571
vn -0.5305 0.7988 0.2836
vn 0.0070 1.0000 -0.0037
vn -0.8520 0.2582 0.4554
vn -0.6254 0.7051 0.3343
vn -0.6551 0.7051 0.2714
vn -0.8925 0.2583 0.3697
vn 0.8803 -0.0641 -0.4701
vn 0.8828 -0.0262 -0.4689
vn 0.8185 -0.0232 -0.5741
vn 0.8143 -0.0652 -0.5768
vn -0.5002 0.7988 0.3342
vn 0.0066 1.0000 -0.0044
vn -0.1495 -0.9718 0.1821
vn -0.4414 -0.7183 0.5378
vn -0.4920 -0.7183 0.4920
vn -0.1666 -0.9718 0.1666
vn -0.3921 -0.0586 0.9181
vn -0.3982 -0.0158 0.9171
vn -0.4650 0.7988 0.3816
vn 0.0061 1.0000 -0.0050
vn -0.4554 0.2583 0.8520
vn -0.3343 0.7051 0.6254
vn -0.5367 0.2583 0.8033
vn 0.8328 0.0648 0.5498
vn 0.8807 0.0665 0.4689
vn 0.8850 -0.0160 0.4654
vn -0.4254 0.7988 0.4254
vn 0.0056 1.0000 -0.0056
vn -0.1821 -0.9718 0.1495
vn -0.5378 -0.7183 0.4414
vn -0.5785 -0.7183 0.3865
vn -0.1959 -0.9719 0.1309
vn -0.8785 0.0447 -0.4756
vn -0.9192 0.0438 -0.3914
vn -0.9198 -0.0157 -0.3920
vn -0.8792 -0.0158 -0.4763
vn -0.3816 0.7988 0.4650
vn 0.0050 1.0000 -0.0061
vn -0.0902 -0.9719 0.2177
vn -0.2663 -0.7183 0.6428
vn -0.3280 -0.7183 0.6136
vn -0.1111 -0.9719 0.2078
vn -0.0910 -0.1079 -0.9900
vn -0.0925 -0.0331 -0.9952
vn -0.1752 -0.0326 -0.9840
vn -0.1806 -0.1050 -0.9779
vn -0.3342 0.7988 0.5002
vn 0.0044 1.0000 -0.0066
vn -0.0460 -0.9719 0.2311
vn -0.1357 -0.7183 0.6824
vn -0.2020 -0.7183 0.6658
vn -0.0684 -0.9719 0.2255
vn 0.9494 -0.1009 0.2975
vn 0.9527 -0.0128 0.3037
vn 0.9695 -0.0977 0.2249
vn -0.2836 0.7988 0.5305
vn 0.0037 1.0000 -0.0070
vn 0.8272 0.0549 -0.5592
vn 0.7614 0.0568 -0.6458
vn 0.7476 -0.0183 -0.6639
vn -0.2302 0.7988 0.5558
vn 0.0030 1.0000 -0.0073
vn -0.3697 0.2583 0.8925
vn -0.2714 0.7051 0.6551
vn -0.0092 0.0627 -0.9980
vn -0.0094 -0.0304 -0.9995
vn 0.0640 -0.0316 -0.9974
vn 0.0659 0.0620 -0.9959
vn -0.1746 0.7988 0.5756
vn 0.0023 1.0000 -0.0076
vn 0.0947 0.2583 0.9614
vn 0.0695 0.7051 0.7057
vn -0.0000 0.7051 0.7091
vn -0.0000 0.2583 0.9661
vn 0.6911 0.0590 -0.7204
vn 0.6771 -0.0139 -0.7358
vn -0.1174 0.7988 0.5900
vn 0.0015 1.0000 -0.0078
vn -0.1885 0.2583 0.9475
vn -0.1383 0.7051 0.6955
vn -0.2058 0.7051 0.6785
vn -0.2804 0.2583 0.9245
vn 0.4077 -0.0692 0.9105
vn -0.0590 0.7988 0.5987
vn 0.0008 1.0000 -0.0079
vn 0.0460 -0.9718 0.2311
vn 0.1357 -0.7183 0.6824
vn 0.0682 -0.7183 0.6924
vn 0.0231 -0.9718 0.2345
vn -0.6386 0.0394 0.7686
vn -0.5633 0.0406 0.8252
vn -0.5607 -0.0184 0.8278
vn -0.0000 0.7988 0.6016
vn -0.0000 1.0000 -0.0079
vn 0.3697 0.2583 0.8925
vn 0.2714 0.7051 0.6551
vn 0.2058 0.7051 0.6785
vn 0.2804 0.2583 0.9245
vn -0.9928 0.0390 -0.1131
vn -0.9744 -0.0159 -0.2243
vn -0.9756 0.0408 -0.2158
vn 0.0590 0.7988 0.5987
vn -0.0008 1.0000 -0.0079
vn -0.0000 -0.9718 0.2356
vn -0.0000 -0.7183 0.6957
vn -0.0682 -0.7183 0.6924
vn -0.0231 -0.9719 0.2345
vn 0.8826 0.0545 -0.4670
vn 0.1174 0.7988 0.5900
vn -0.0015 1.0000 -0.0078
vn 0.1111 -0.9719 0.2078
vn 0.3280 -0.7183 0.6136
vn 0.2662 -0.7183 0.6428
vn 0.0902 -0.9719 0.2177
vn 0.4944 -0.0758 0.8659
vn 0.5801 -0.0244 0.8142
vn 0.5721 -0.0816 0.8161
vn 0.1746 0.7988 0.5756
vn -0.0023 1.0000 -0.0076
vn 0.1495 -0.9718 0.1821
vn 0.4414 -0.7183 0.5378
vn 0.3865 -0.7183 0.5785
vn 0.1309 -0.9718 0.1959
vn 0.6151 0.0609 -0.7861
vn 0.2302 0.7988 0.5558
vn -0.0030 1.0000 -0.0073
vn 0.9199 0.0676 0.3863
vn 0.9514 0.0683 0.3002
vn 0.9236 -0.0139 0.3831
vn 0.2836 0.7988 0.5305
vn -0.0037 1.0000 -0.0070
vn 0.4554 0.2583 0.8520
vn 0.3343 0.7051 0.6254
vn -0.7699 -0.0746 -0.6338
vn -0.8292 -0.0159 -0.5588
vn -0.8263 -0.0733 -0.5585
vn 0.3342 0.7988 0.5002
vn -0.0044 1.0000 -0.0066
vn 0.8033 0.2583 0.5367
vn 0.5896 0.7051 0.3939
vn 0.5481 0.7051 0.4498
vn 0.7468 0.2583 0.6129
vn 0.5744 0.0560 0.8167
vn 0.3816 0.7988 0.4650
vn -0.0050 1.0000 -0.0061
vn 0.6129 0.2583 0.7468
vn 0.4498 0.7051 0.5481
vn 0.3939 0.7051 0.5896
vn 0.5367 0.2583 0.8033
vn -0.9192 -0.0700 -0.3875
vn -0.9501 -0.0153 -0.3115
vn -0.9496 -0.0673 -0.3062
vn 0.4254 0.7988 0.4254
vn -0.0056 1.0000 -0.0056
vn 0.2078 -0.9719 0.1111
vn 0.6136 -0.7183 0.3280
vn 0.5785 -0.7183 0.3865
vn 0.1959 -0.9718 0.1309
vn -0.9207 0.0354 0.3886
vn -0.9548 0.0357 0.2951
vn 0.4650 0.7988 0.3816
vn -0.0061 1.0000 -0.0050
vn 0.9245 0.2583 0.2804
vn 0.6785 0.7051 0.2058
vn 0.6551 0.7051 0.2714
vn 0.8925 0.2583 0.3697
vn 0.3296 0.0625 -0.9420
vn 0.2380 0.0621 -0.9693
vn 0.3313 -0.0170 -0.9434
vn 0.5002 0.7988 0.3342
vn -0.0066 1.0000 -0.0044
vn 0.1821 -0.9718 0.1495
vn 0.5378 -0.7183 0.4414
vn 0.4920 -0.7183 0.4920
vn 0.1666 -0.9718 0.1666
vn -0.9946 -0.0546 0.0887
vn -0.9958 -0.0183 0.0892
vn 0.5305 0.7988 0.2836
vn -0.0070 1.0000 -0.0037
vn 0.2311 -0.9719 0.0460
vn 0.6824 -0.7183 0.1357
vn 0.6658 -0.7183 0.2020
vn 0.2254 -0.9719 0.0684
vn 0.4450 -0.0908 -0.8909
vn 0.4261 -0.0123 -0.9046
vn 0.3585 -0.0957 -0.9286
vn 0.5558 0.7988 0.2302
vn -0.0073 1.0000 -0.0030
vn 0.2356 -0.9718 -0.0000
vn 0.6957 -0.7183 -0.0000
vn 0.6924 -0.7183 0.0682
vn 0.2345 -0.9719 0.0231
vn -0.2703 -0.1005 -0.9575
vn 0.5756 0.7988 0.1746
vn -0.0076 1.0000 -0.0023
vn -0.1084 -0.0565 0.9925
vn -0.1121 -0.0155 0.9936
vn 0.5900 0.7988 0.1174
vn -0.0078 1.0000 -0.0015
vn 0.9475 0.2583 0.1885
vn 0.6955 0.7051 0.1383
vn 0.7741 0.0631 0.6300
vn 0.5987 0.7988 0.0590
vn -0.0079 1.0000 -0.0008
vn 0.9245 0.2583 -0.2804
vn 0.6785 0.7051 -0.2058
vn 0.6955 0.7051 -0.1383
vn 0.9475 0.2583 -0.1885
vn 0.6015 0.7988 -0.0000
vn -0.0079 1.0000 -0.0000
vn 0.9661 0.2582 -0.0000
vn 0.7091 0.7051 -0.0000
vn 0.7057 0.7051 0.0695
vn 0.9614 0.2583 0.0947
vn -0.7708 0.0371 0.6360
vn -0.7689 -0.0236 0.6389
vn -0.8270 -0.0244 0.5617
vn -0.8283 0.0361 0.5592
vn 0.5987 0.7988 -0.0590
vn -0.0079 1.0000 0.0008
vn 0.2177 -0.9718 -0.0902
vn 0.6428 -0.7183 -0.2662
vn 0.6658 -0.7183 -0.2020
vn 0.2255 -0.9719 -0.0684
vn 0.5900 0.7988 -0.1174
vn -0.0078 1.0000 0.0015
vn 0.8033 0.2582 -0.5367
vn 0.5896 0.7051 -0.3939
vn 0.6254 0.7051 -0.3343
vn 0.8520 0.2582 -0.4554
vn -0.5532 -0.0593 0.8310
vn -0.4816 -0.0166 0.8763
vn -0.4744 -0.0594 0.8783
vn 0.5756 0.7988 -0.1746
vn -0.0076 1.0000 0.0023
vn 0.2311 -0.9719 -0.0460
vn 0.6824 -0.7183 -0.1357
vn 0.6924 -0.7183 -0.0682
vn 0.2345 -0.9718 -0.0231
vn 0.1454 0.0620 -0.9874
vn 0.5558 0.7988 -0.2302
vn -0.0073 1.0000 0.0030
vn 0.1821 -0.9718 -0.1495
vn 0.5378 -0.7183 -0.4414
vn 0.5785 -0.7183 -0.3865
vn 0.1959 -0.9719 -0.1309
vn -0.7671 -0.0559 0.6391
vn 0.5305 0.7988 -0.2836
vn -0.0070 1.0000 0.0037
vn 0.1495 -0.9718 -0.1821
vn 0.4414 -0.7183 -0.5378
vn 0.4920 -0.7183 -0.4920
vn 0.1666 -0.9718 -0.1666
vn -0.8262 -0.0543 0.5607
vn 0.5002 0.7988 -0.3342
vn -0.0066 1.0000 0.0044
vn 0.4650 0.7988 -0.3816
vn -0.0061 1.0000 0.0050
vn 0.7468 0.2583 -0.6129
vn 0.5481 0.7051 -0.4498
vn 0.4254 0.7988 -0.4254
vn -0.0056 1.0000 0.0056
vn 0.3697 0.2583 -0.8925
vn 0.2714 0.7051 -0.6551
vn 0.3343 0.7051 -0.6254
vn 0.4554 0.2583 -0.8520
vn -0.3942 0.0420 0.9181
vn -0.4812 0.0415 0.8756
vn 0.3816 0.7988 -0.4650
vn -0.0050 1.0000 0.0061
vn 0.6129 0.2583 -0.7468
vn 0.4498 0.7051 -0.5481
vn 0.5014 0.7051 -0.5014
vn 0.6831 0.2583 -0.6831
vn -0.8777 -0.0718 -0.4738
vn 0.3342 0.7988 -0.5002
vn -0.0044 1.0000 0.0066
vn 0.0684 -0.9719 -0.2255
vn 0.2020 -0.7183 -0.6658
vn 0.2663 -0.7183 -0.6428
vn 0.0902 -0.9719 -0.2177
vn 0.7678 -0.0349 -0.6398
vn 0.0876 -0.0835 -0.9927
vn 0.1042 0.0911 -0.9904
vn 0.2836 0.7988 -0.5305
vn -0.0037 1.0000 0.0070
vn 0.0947 0.2583 -0.9614
vn 0.0695 0.7051 -0.7057
vn 0.1383 0.7051 -0.6955
vn 0.1885 0.2583 -0.9475
vn -0.0922 -0.1848 -0.9784
vn -0.0925 -0.2614 -0.9608
vn 0.1111 -0.9719 -0.2078
vn 0.3280 -0.7183 -0.6136
vn 0.3865 -0.7183 -0.5785
vn 0.1309 -0.9718 -0.1959
vn -0.0943 0.0609 -0.9937
vn -0.3064 0.0136 -0.9518
vn -0.4132 0.0463 -0.9095
vn 0.2004 0.0820 -0.9763
vn 0.1975 -0.0974 -0.9755
vn 0.3044 -0.0939 -0.9479
vn 0.2996 0.0772 -0.9509
vn -0.2058 -0.0126 -0.9785
vn 0.4007 0.0871 -0.9121
vn 0.4107 -0.0801 -0.9083
vn 0.4886 -0.0661 -0.8700
vn 0.4815 0.1027 -0.8704
vn 0.0968 0.0130 -0.9952
vn -0.0100 -0.0051 -0.9999
vn 0.6276 0.1177 -0.7696
vn 0.6327 -0.0574 -0.7723
vn 0.6996 -0.0605 -0.7119
vn 0.6957 0.1193 -0.7084
vn 0.4077 0.0232 -0.9128
vn 0.7608 0.1186 -0.6381
vn 0.7641 -0.0639 -0.6419
vn 0.8228 -0.0675 -0.5644
vn 0.8201 0.1189 -0.5597
vn 0.5718 0.0053 -0.8204
vn 0.4941 0.0117 -0.8693
vn 0.6420 0.0050 -0.7667
vn 0.9165 0.1097 -0.3847
vn 0.9193 -0.0727 -0.3869
vn 0.9550 -0.0698 -0.2884
vn 0.9509 0.1128 -0.2882
vn 0.7674 0.0173 -0.6409
vn 0.7065 0.0097 -0.7077
vn 0.9758 0.1174 -0.1843
vn 0.9807 -0.0668 -0.1840
vn 0.9948 -0.0638 -0.0798
vn 0.9888 0.1256 -0.0811
vn 0.8750 0.0338 -0.4830
vn 0.8238 0.0261 -0.5663
vn 0.9184 0.0371 -0.3938
vn 0.9845 0.1269 0.1213
vn 0.9905 -0.0727 0.1167
vn 0.9722 -0.0796 0.2202
vn 0.9660 0.1285 0.2244
vn 0.9787 0.0424 -0.2008
vn 0.9524 0.0391 -0.3023
vn 0.9407 0.1349 0.3113
vn 0.9469 -0.0781 0.3118
vn 0.9181 -0.0756 0.3891
vn 0.9114 0.1384 0.3875
vn 0.9991 0.0401 0.0114
vn 0.9947 0.0433 -0.0930
vn 0.9925 0.0375 0.1166
vn 0.8252 0.1314 0.5494
vn 0.8293 -0.0673 0.5547
vn 0.7747 -0.0654 0.6290
vn 0.7653 0.1452 0.6271
vn 0.9495 0.0385 0.3115
vn 0.9748 0.0382 0.2196
vn 0.7027 0.1471 0.6961
vn 0.7061 -0.0608 0.7055
vn 0.6314 -0.0515 0.7737
vn 0.6278 0.1523 0.7634
vn 0.8794 0.0402 0.4745
vn 0.9182 0.0382 0.3942
vn 0.8320 0.0439 0.5530
vn 0.4527 0.1612 0.8770
vn 0.4491 -0.0246 0.8931
vn 0.3390 -0.0041 0.9408
vn 0.3409 0.1789 0.9229
vn 0.7195 0.0674 0.6913
vn 0.7777 0.0517 0.6265
vn 0.2379 0.2009 0.9503
vn 0.2403 0.0067 0.9707
vn 0.1474 0.0185 0.9889
vn 0.1510 0.2280 0.9619
vn 0.4710 0.0368 0.8814
vn 0.6206 0.0723 0.7808
vn 0.3497 -0.0113 0.9368
vn -0.0048 0.2657 0.9640
vn -0.0019 0.0435 0.9991
vn -0.0716 0.0342 0.9969
vn -0.0770 0.2546 0.9640
vn 0.2850 0.0035 0.9585
vn 0.3003 -0.0295 0.9534
vn -0.1553 0.2379 0.9588
vn -0.1540 0.0220 0.9878
vn -0.2372 -0.0021 0.9715
vn -0.2402 0.2198 0.9455
vn -0.0491 -0.0079 0.9988
vn 0.0622 0.0351 0.9974
vn -0.4218 0.1555 0.8932
vn -0.4157 -0.0618 0.9074
vn -0.5112 -0.0830 0.8554
vn -0.5117 0.1243 0.8501
vn -0.1618 -0.0950 0.9822
vn -0.1262 -0.1150 0.9853
vn -0.5935 0.1140 0.7967
vn -0.5989 -0.0888 0.7958
vn -0.6823 -0.0808 0.7266
vn -0.6765 0.1087 0.7284
vn -0.3679 0.0412 0.9290
vn -0.2375 -0.0320 0.9709
vn -0.8119 0.1156 0.5722
vn -0.8170 -0.0648 0.5730
vn -0.8720 -0.0727 0.4840
vn -0.8700 0.1126 0.4801
vn -0.6190 0.0713 0.7822
vn -0.5130 0.0744 0.8552
vn -0.9134 0.1020 0.3941
vn -0.9152 -0.0790 0.3952
vn -0.9549 -0.0740 0.2874
vn -0.9537 0.0856 0.2884
vn -0.7614 0.0643 0.6451
vn -0.6922 0.0641 0.7188
vn -0.8293 0.0672 0.5547
vn -0.9968 0.0779 0.0199
vn -0.9960 -0.0852 0.0259
vn -0.9912 -0.1053 -0.0796
vn -0.9934 0.0765 -0.0852
vn -0.9284 0.0653 0.3658
vn -0.8840 0.0670 0.4627
vn -0.9812 0.0734 -0.1787
vn -0.9760 -0.1173 -0.1834
vn -0.9505 -0.0988 -0.2945
vn -0.9593 0.0699 -0.2734
vn -0.9858 0.0575 0.1576
vn -0.9633 0.0634 0.2609
vn -0.9971 0.0491 0.0581
vn -0.9209 0.1420 -0.3630
vn -0.9205 0.0135 -0.3905
vn -0.9048 0.0250 -0.4251
vn -0.8845 0.1738 -0.4330
vn -0.9906 0.0341 -0.1323
vn -0.9985 0.0419 -0.0365
vn -0.8472 0.1526 -0.5089
vn -0.8676 0.0034 -0.4973
vn -0.8123 -0.0293 -0.5825
vn -0.7916 0.1326 -0.5964
vn -0.9383 -0.0143 -0.3455
vn -0.9716 0.0208 -0.2356
vn -0.8944 -0.0759 -0.4407
vn -0.6565 0.0942 -0.7484
vn -0.6659 -0.0849 -0.7412
vn -0.5838 -0.1018 -0.8055
vn -0.5788 0.0873 -0.8108
vn -0.8227 -0.1602 -0.5455
vn -0.8549 -0.1346 -0.5010
vn -0.4967 0.0843 -0.8638
vn -0.4932 -0.1039 -0.8637
vn -0.3910 -0.0852 -0.9165
vn -0.4044 0.0928 -0.9098
vn -0.7593 -0.0674 -0.6472
vn -0.7936 -0.1357 -0.5932
vn -0.5008 0.0692 -0.8628
vn -0.5930 0.0675 -0.8024
vn -0.0917 0.3213 -0.9425
vn -0.1910 0.3248 -0.9263
vn -0.2907 0.3245 -0.9001
vn -0.3839 0.3242 -0.8646
vn -0.4699 0.3220 -0.8219
vn -0.5507 0.3095 -0.7752
vn -0.6274 0.2961 -0.7202
vn -0.6968 0.2919 -0.6552
vn -0.7280 0.1087 -0.6769
vn -0.7614 0.2837 -0.5828
vn -0.8193 0.2760 -0.5026
vn -0.8593 0.2813 -0.4271
vn -0.8907 0.2892 -0.3507
vn -0.9089 0.2898 -0.3000
vn -0.9397 0.1142 -0.3223
vn -0.9258 0.2824 -0.2515
vn -0.9464 0.2796 -0.1615
vn -0.9588 0.2751 -0.0707
vn -0.9664 0.2550 0.0320
vn -0.9596 0.2373 0.1514
vn -0.9851 0.0802 0.1522
vn -0.9325 0.2360 0.2736
vn -0.8935 0.2459 0.3757
vn -0.8455 0.2580 0.4675
vn -0.7894 0.2571 0.5575
vn -0.7322 0.2357 0.6390
vn -0.7482 0.1119 0.6539
vn -0.6651 0.2144 0.7153
vn -0.5881 0.2029 0.7829
vn -0.5092 0.1993 0.8373
vn -0.4250 0.2018 0.8824
vn -0.3363 0.2085 0.9184
vn -0.3309 0.1857 0.9252
vn -0.2418 0.2219 0.9446
vn -0.1596 0.2192 0.9625
vn -0.0852 0.2118 0.9736
vn -0.0024 0.2165 0.9763
vn 0.0778 0.2141 0.9737
vn 0.0678 0.2520 0.9654
vn 0.1559 0.2086 0.9655
vn 0.2516 0.1905 0.9489
vn 0.3476 0.1780 0.9206
vn 0.4484 0.1813 0.8752
vn 0.5403 0.1984 0.8177
vn 0.5482 0.1525 0.8223
vn 0.6176 0.2146 0.7566
vn 0.6900 0.2283 0.6869
vn 0.7513 0.2346 0.6169
vn 0.8057 0.2353 0.5435
vn 0.8560 0.2395 0.4582
vn 0.8740 0.1426 0.4646
vn 0.8929 0.2429 0.3792
vn 0.9213 0.2430 0.3035
vn 0.9431 0.2519 0.2171
vn 0.9575 0.2630 0.1187
vn 0.9617 0.2737 0.0172
vn 0.9912 0.1307 0.0190
vn 0.9567 0.2791 -0.0820
vn 0.9427 0.2809 -0.1798
vn 0.9159 0.2915 -0.2761
vn 0.8791 0.3025 -0.3683
vn 0.8356 0.3090 -0.4542
vn 0.8717 0.1124 -0.4770
vn 0.7851 0.3158 -0.5328
vn 0.7256 0.3219 -0.6083
vn 0.6615 0.3259 -0.6754
vn 0.5958 0.3219 -0.7358
vn 0.5274 0.3135 -0.7897
vn 0.5545 0.1135 -0.8244
vn 0.4555 0.3119 -0.8338
vn 0.3761 0.3121 -0.8724
vn 0.2869 0.3107 -0.9062
vn 0.1936 0.3119 -0.9302
vn 0.1018 0.3145 -0.9438
vn 0.0065 0.3173 -0.9483
vn -0.0940 0.0312 -0.9951
vn -0.2008 0.0332 -0.9791
vn -0.3057 0.0383 -0.9514
vn -0.4052 0.0445 -0.9131
vn -0.4951 0.0499 -0.8674
vn -0.5757 0.0529 -0.8160
vn -0.6502 0.0561 -0.7577
vn -0.7204 0.0650 -0.6905
vn -0.7823 0.0770 -0.6182
vn -0.8350 0.0833 -0.5439
vn -0.8821 0.0866 -0.4630
vn -0.9216 0.0931 -0.3769
vn -0.9497 0.0964 -0.2979
vn -0.9696 0.0916 -0.2270
vn -0.9871 0.0834 -0.1364
vn -0.9964 0.0778 -0.0336
vn -0.9959 0.0681 0.0596
vn -0.9859 0.0526 0.1586
vn -0.9641 0.0411 0.2623
vn -0.9310 0.0362 0.3632
vn -0.8796 0.0313 0.4748
vn -0.8119 0.0316 0.5830
vn -0.7441 0.0423 0.6667
vn -0.6764 0.0583 0.7342
vn -0.6029 0.0716 0.7946
vn -0.5267 0.0793 0.8463
vn -0.4462 0.0823 0.8911
vn -0.3626 0.0822 0.9283
vn -0.2756 0.0825 0.9577
vn -0.1777 0.0850 0.9804
vn -0.0822 0.0895 0.9926
vn 0.0026 0.0921 0.9957
vn 0.0895 0.0930 0.9916
vn 0.1837 0.0911 0.9788
vn 0.2732 0.0861 0.9581
vn 0.3581 0.0831 0.9300
vn 0.4513 0.0836 0.8884
vn 0.5447 0.0836 0.8344
vn 0.6265 0.0818 0.7751
vn 0.7036 0.0801 0.7061
vn 0.7701 0.0786 0.6331
vn 0.8253 0.0779 0.5593
vn 0.8775 0.0771 0.4733
vn 0.9198 0.0750 0.3852
vn 0.9504 0.0695 0.3033
vn 0.9744 0.0609 0.2165
vn 0.9920 0.0529 0.1145
vn 0.9988 0.0471 0.0107
vn 0.9950 0.0409 -0.0915
vn 0.9810 0.0323 -0.1913
vn 0.9588 0.0266 -0.2827
vn 0.9265 0.0265 -0.3754
vn 0.8271 0.0291 -0.5613
vn 0.7671 0.0313 -0.6408
vn 0.7004 0.0317 -0.7131
vn 0.6257 0.0294 -0.7795
vn 0.5486 0.0256 -0.8357
vn 0.4737 0.0229 -0.8804
vn 0.3927 0.0212 -0.9194
vn 0.2971 0.0170 -0.9547
vn 0.2042 0.0142 -0.9788
vn 0.1187 0.0201 -0.9927
vn 0.0169 0.0283 -0.9995
vn 0.0590 0.7988 -0.5987
vn -0.0008 1.0000 0.0079
vn -0.0590 0.7988 -0.5987
vn 0.6076 0.2961 -0.7370
vn 0.5365 0.2992 -0.7890
vn -0.6951 0.0171 -0.7187
vn -0.7431 -0.0603 -0.6665
vn -0.9283 -0.0386 -0.3699
vn -0.9852 -0.0725 0.1555
vn -0.7525 -0.0701 0.6548
vn -0.3218 -0.0333 0.9462
vn 0.0626 0.0350 0.9974
vn -0.1047 -0.0730 0.9918
vn 0.2036 0.0349 0.9784
vn 0.5530 -0.0409 0.8322
vn 0.8794 -0.0705 0.4708
vn 0.9978 -0.0647 0.0169
vn 0.8750 -0.0713 -0.4788
vn 0.5611 -0.0592 -0.8256
vn 0.1946 -0.7421 -0.6414
vn 0.0877 -0.9533 -0.2890
vn 0.0589 -0.9533 -0.2962
vn 0.1308 -0.7421 -0.6574
vn 0.2565 -0.7421 -0.6192
vn 0.1156 -0.9533 -0.2790
vn 0.3159 -0.7421 -0.5911
vn 0.1424 -0.9533 -0.2663
vn 0.3724 -0.7421 -0.5573
vn 0.1678 -0.9533 -0.2511
vn 0.4252 -0.7421 -0.5181
vn 0.1916 -0.9533 -0.2335
vn 0.4739 -0.7421 -0.4739
vn 0.2136 -0.9533 -0.2136
vn 0.5181 -0.7421 -0.4252
vn 0.2335 -0.9533 -0.1916
vn 0.5573 -0.7421 -0.3724
vn 0.2511 -0.9533 -0.1678
vn 0.5911 -0.7421 -0.3159
vn 0.2663 -0.9533 -0.1424
vn 0.6192 -0.7421 -0.2565
vn 0.2790 -0.9533 -0.1156
vn 0.6414 -0.7421 -0.1946
vn 0.2890 -0.9533 -0.0877
vn 0.6574 -0.7421 -0.1308
vn 0.2962 -0.9533 -0.0589
vn 0.6670 -0.7421 -0.0657
vn 0.3006 -0.9533 -0.0296
vn 0.6702 -0.7421 -0.0000
vn 0.3020 -0.9533 -0.0000
vn 0.6670 -0.7421 0.0657
vn 0.3006 -0.9533 0.0296
vn 0.6574 -0.7421 0.1308
vn 0.2962 -0.9533 0.0589
vn 0.6414 -0.7421 0.1946
vn 0.2890 -0.9533 0.0877
vn 0.6192 -0.7421 0.2565
vn 0.2790 -0.9533 0.1156
vn 0.5911 -0.7421 0.3159
vn 0.2663 -0.9533 0.1424
vn 0.5573 -0.7421 0.3724
vn 0.2511 -0.9533 0.1678
vn 0.5181 -0.7421 0.4252
vn 0.2335 -0.9533 0.1916
vn 0.4739 -0.7421 0.4739
vn 0.2136 -0.9533 0.2136
vn 0.4252 -0.7421 0.5181
vn 0.1916 -0.9533 0.2335
vn 0.3724 -0.7421 0.5573
vn 0.1678 -0.9533 0.2511
vn 0.3159 -0.7421 0.5911
vn 0.1424 -0.9533 0.2663
vn 0.2565 -0.7421 0.6192
vn 0.1156 -0.9533 0.2790
vn 0.1946 -0.7421 0.6414
vn 0.0877 -0.9533 0.2890
vn 0.1308 -0.7421 0.6574
vn 0.0589 -0.9533 0.2962
vn 0.0657 -0.7421 0.6670
vn 0.0296 -0.9533 0.3006
vn -0.0000 -0.7421 0.6702
vn -0.0000 -0.9533 0.3020
vn -0.0657 -0.7421 0.6670
vn -0.0296 -0.9533 0.3006
vn -0.1308 -0.7421 0.6574
vn -0.0589 -0.9533 0.2962
vn -0.1946 -0.7421 0.6414
vn -0.0877 -0.9533 0.2890
vn -0.2565 -0.7421 0.6192
vn -0.1156 -0.9533 0.2790
vn -0.3159 -0.7421 0.5911
vn -0.1424 -0.9533 0.2663
vn -0.3724 -0.7421 0.5573
vn -0.1678 -0.9533 0.2511
vn -0.4252 -0.7421 0.5181
vn -0.1916 -0.9533 0.2335
vn -0.4739 -0.7421 0.4739
vn -0.2136 -0.9533 0.2136
vn -0.5181 -0.7421 0.4252
vn -0.2335 -0.9533 0.1916
vn -0.5573 -0.7421 0.3724
vn -0.2511 -0.9533 0.1678
vn -0.5911 -0.7421 0.3159
vn -0.2663 -0.9533 0.1424
vn -0.6192 -0.7421 0.2565
vn -0.2790 -0.9533 0.1156
vn -0.6414 -0.7421 0.1946
vn -0.2890 -0.9533 0.0877
vn -0.6574 -0.7421 0.1308
vn -0.2962 -0.9533 0.0589
vn -0.6670 -0.7421 0.0657
vn -0.3006 -0.9533 0.0296
vn -0.6702 -0.7421 -0.0000
vn -0.3020 -0.9533 -0.0000
vn -0.6670 -0.7421 -0.0657
vn -0.3006 -0.9533 -0.0296
vn -0.6574 -0.7421 -0.1308
vn -0.2962 -0.9533 -0.0589
vn -0.6414 -0.7421 -0.1946
vn -0.2890 -0.9533 -0.0877
vn -0.6192 -0.7421 -0.2565
vn -0.2790 -0.9533 -0.1156
vn -0.5911 -0.7421 -0.3159
vn -0.2663 -0.9533 -0.1424
vn -0.5573 -0.7421 -0.3724
vn -0.2511 -0.9533 -0.1678
vn -0.5181 -0.7421 -0.4252
vn -0.2335 -0.9533 -0.1916
vn -0.4739 -0.7421 -0.4739
vn -0.2136 -0.9533 -0.2136
vn -0.4252 -0.7421 -0.5181
vn -0.1916 -0.9533 -0.2335
vn -0.3724 -0.7421 -0.5573
vn -0.1678 -0.9533 -0.2511
vn -0.3159 -0.7421 -0.5911
vn -0.1424 -0.9533 -0.2663
vn -0.2565 -0.7421 -0.6192
vn -0.1156 -0.9533 -0.2790
vn -0.1946 -0.7421 -0.6414
vn -0.0877 -0.9533 -0.2890
vn -0.1308 -0.7421 -0.6574
vn -0.0589 -0.9533 -0.2962
vn -0.0657 -0.7421 -0.6670
vn -0.0296 -0.9533 -0.3006
vn -0.0000 -0.7421 -0.6702
vn -0.0000 -0.9533 -0.3020
vn -0.0000 0.7988 -0.6016
vn 0.8814 0.0275 -0.4716
vn 0.0296 -0.9533 -0.3006
vn 0.0657 -0.7421 -0.6670
vn -0.0955 0.1187 -0.9883
vn 0.0081 0.1161 -0.9932
vn -0.2005 0.1178 -0.9726
vn -0.3051 0.1118 -0.9457
vn -0.4034 0.1040 -0.9091
vn -0.4944 0.0970 -0.8638
vn -0.5793 0.0817 -0.8110
vn -0.6571 0.0678 -0.7507
vn -0.7265 0.0538 -0.6851
vn -0.7915 0.0448 -0.6096
vn -0.8464 0.0354 -0.5314
vn -0.8932 0.0358 -0.4482
vn -0.9300 0.0645 -0.3619
vn -0.9480 0.0813 -0.3077
vn -0.9649 0.0583 -0.2559
vn -0.9850 0.0290 -0.1703
vn -0.9977 0.0102 -0.0664
vn -0.9989 -0.0150 0.0442
vn -0.9860 -0.0438 0.1606
vn -0.9592 -0.0535 0.2775
vn -0.9234 -0.0387 0.3818
vn -0.8749 -0.0270 0.4836
vn -0.8135 -0.0362 0.5804
vn -0.7483 -0.0634 0.6604
vn -0.6750 -0.0998 0.7310
vn -0.5960 -0.1258 0.7931
vn -0.5148 -0.1418 0.8455
vn -0.4323 -0.1542 0.8884
vn -0.3481 -0.1550 0.9245
vn -0.2464 -0.1403 0.9590
vn -0.1640 -0.1385 0.9767
vn -0.0834 -0.1422 0.9863
vn -0.0025 -0.1492 0.9888
vn 0.0768 -0.1551 0.9849
vn 0.1690 -0.1529 0.9737
vn 0.2545 -0.1504 0.9553
vn 0.3512 -0.1726 0.9203
vn 0.4469 -0.1648 0.8793
vn 0.5398 -0.1371 0.8305
vn 0.6243 -0.1104 0.7734
vn 0.7017 -0.0925 0.7064
vn 0.7666 -0.0754 0.6377
vn 0.8274 -0.0640 0.5580
vn 0.8778 -0.0694 0.4739
vn 0.9181 -0.0671 0.3907
vn 0.9486 -0.0571 0.3113
vn 0.9732 -0.0519 0.2242
vn 0.9914 -0.0434 0.1237
vn 0.9995 -0.0264 0.0190
vn 0.9963 -0.0128 -0.0846
vn 0.9826 -0.0027 -0.1857
vn 0.9586 0.0128 -0.2844
vn 0.9233 0.0381 -0.3821
vn 0.8783 0.0609 -0.4742
vn 0.8260 0.0699 -0.5594
vn 0.7649 0.0797 -0.6392
vn 0.6977 0.0952 -0.7100
vn 0.6249 0.1057 -0.7735
vn 0.5512 0.1053 -0.8277
vn 0.4760 0.1107 -0.8724
vn 0.3924 0.1174 -0.9123
vn 0.2997 0.1202 -0.9464
vn 0.2027 0.1201 -0.9719
vn 0.1072 0.1168 -0.9873
vn -0.1057 0.1232 -0.9867
vn 0.0026 0.1221 -0.9925
vn -0.1117 -0.0181 -0.9936
vn -0.2186 0.1315 -0.9669
vn -0.2127 0.2991 -0.9302
vn -0.3319 0.1485 -0.9315
vn -0.3233 0.3041 -0.8961
vn -0.4356 0.1710 -0.8837
vn -0.4234 0.3041 -0.8534
vn -0.5155 0.1937 -0.8347
vn -0.5682 0.1925 -0.8001
vn -0.6279 0.1601 -0.7616
vn -0.7058 0.1298 -0.6964
vn -0.7716 0.1187 -0.6250
vn -0.8275 0.1123 -0.5501
vn -0.8059 0.2439 -0.5395
vn -0.8760 0.1075 -0.4703
vn -0.9119 0.1011 -0.3978
vn -0.9438 0.0882 -0.3186
vn -0.9194 0.2425 -0.3097
vn -0.9724 0.0674 -0.2232
vn -0.9898 0.0547 -0.1317
vn -0.9985 0.0422 -0.0346
vn -0.9977 0.0233 0.0633
vn -0.9865 0.0014 0.1638
vn -0.9522 0.2632 0.1550
vn -0.9646 -0.0195 0.2630
vn -0.9313 -0.0347 0.3626
vn -0.8859 -0.0427 0.4618
vn -0.8582 0.2526 0.4468
vn -0.8312 -0.0500 0.5537
vn -0.7659 -0.0774 0.6383
vn -0.6889 -0.0981 0.7182
vn -0.6053 -0.0932 0.7905
vn -0.5141 -0.0897 0.8530
vn -0.5053 0.2026 0.8388
vn -0.4137 -0.0968 0.9053
vn -0.3138 -0.1082 0.9433
vn -0.2155 -0.1247 0.9685
vn -0.2202 0.1568 0.9628
vn -0.1282 -0.1445 0.9812
vn -0.1314 0.1356 0.9820
vn -0.0486 -0.1435 0.9885
vn -0.0504 0.1220 0.9913
vn 0.0282 -0.1307 0.9910
vn 0.0318 0.1116 0.9932
vn 0.1140 -0.0631 0.9915
vn 0.1618 -0.0182 0.9867
vn 0.2088 -0.0855 0.9742
vn 0.2976 -0.1588 0.9414
vn 0.3981 -0.1506 0.9049
vn 0.5153 -0.1322 0.8468
vn 0.6187 -0.1278 0.7751
vn 0.6974 -0.1334 0.7042
vn 0.7632 -0.1331 0.6323
vn 0.8229 -0.1221 0.5549
vn 0.8737 -0.1098 0.4740
vn 0.8639 0.1900 0.4665
vn 0.9151 -0.0938 0.3921
vn 0.9023 0.1988 0.3826
vn 0.9488 -0.0728 0.3074
vn 0.9754 -0.0524 0.2141
vn 0.9932 -0.0331 0.1112
vn 0.9999 -0.0138 0.0095
vn 0.9956 0.0015 -0.0938
vn 0.9797 0.0195 -0.1994
vn 0.9544 0.0416 -0.2957
vn 0.9162 0.2799 -0.2867
vn 0.9188 0.0598 -0.3902
vn 0.8822 0.2833 -0.3761
vn 0.8741 0.0633 -0.4816
vn 0.8397 0.2851 -0.4621
vn 0.8242 0.0641 -0.5627
vn 0.7911 0.2856 -0.5410
vn 0.7659 0.0765 -0.6383
vn 0.7012 0.0968 -0.7064
vn 0.6331 0.1131 -0.7658
vn 0.5590 0.1263 -0.8195
vn 0.4796 0.1359 -0.8669
vn 0.4601 0.3044 -0.8340
vn 0.3939 0.1375 -0.9088
vn 0.3800 0.3044 -0.8735
vn 0.3028 0.1335 -0.9437
vn 0.2928 0.3007 -0.9077
vn 0.2055 0.1293 -0.9701
vn 0.1043 0.1256 -0.9866
vn -0.2804 0.2583 -0.9245
vn -0.2058 0.7051 -0.6785
vn 0.0065 -0.0006 -1.0000
vn 0.1064 0.0043 -0.9943
vn -0.1968 -0.0031 -0.9804
vn -0.0966 -0.0033 -0.9953
vn -0.2952 -0.0008 -0.9554
vn -0.3903 0.0036 -0.9207
vn -0.4796 0.0095 -0.8774
vn -0.5629 0.0154 -0.8264
vn -0.6399 0.0209 -0.7682
vn -0.7112 0.0254 -0.7025
vn -0.7761 0.0292 -0.6299
vn -0.8332 0.0324 -0.5520
vn -0.8824 0.0336 -0.4693
vn -0.9236 0.0353 -0.3818
vn -0.9554 0.0344 -0.2933
vn -0.9782 0.0296 -0.2057
vn -0.9936 0.0216 -0.1111
vn -0.9998 0.0134 -0.0114
vn -0.9963 0.0055 0.0859
vn -0.9829 -0.0023 0.1839
vn -0.9596 -0.0092 0.2810
vn -0.9265 -0.0147 0.3761
vn -0.8808 -0.0163 0.4731
vn -0.8250 -0.0119 0.5649
vn -0.7642 -0.0035 0.6450
vn -0.6979 0.0054 0.7162
vn -0.6246 0.0138 0.7808
vn -0.5463 0.0216 0.8373
vn -0.4629 0.0284 0.8859
vn -0.3758 0.0339 0.9261
vn -0.2853 0.0379 0.9577
vn -0.1895 0.0414 0.9810
vn -0.0928 0.0451 0.9947
vn 0.0008 0.0471 0.9989
vn 0.0950 0.0464 0.9944
vn 0.1916 0.0442 0.9805
vn 0.2849 0.0413 0.9577
vn 0.3743 0.0366 0.9266
vn 0.4645 0.0312 0.8850
vn 0.5524 0.0274 0.8332
vn 0.6322 0.0253 0.7744
vn 0.7066 0.0244 0.7071
vn 0.7727 0.0243 0.6343
vn 0.8299 0.0234 0.5574
vn 0.8811 0.0222 0.4723
vn 0.9232 0.0214 0.3836
vn 0.9555 0.0196 0.2943
vn 0.9793 0.0159 0.2019
vn 0.9946 0.0118 0.1033
vn 1.0000 0.0089 0.0033
vn 0.9953 0.0073 -0.0965
vn 0.9808 0.0066 -0.1947
vn 0.9577 0.0056 -0.2878
vn 0.9249 0.0039 -0.3801
vn 0.8819 0.0030 -0.4715
vn 0.7712 0.0056 -0.6366
vn 0.8302 0.0038 -0.5575
vn 0.7048 0.0076 -0.7094
vn 0.6311 0.0101 -0.7756
vn 0.5528 0.0126 -0.8332
vn 0.4721 0.0134 -0.8814
vn 0.3854 0.0111 -0.9227
vn 0.2921 0.0072 -0.9563
vn 0.1991 0.0075 -0.9799
vn 0.0930 0.3157 -0.9443
vn -0.0000 0.3157 -0.9489
vn 0.0918 -0.3500 -0.9322
vn -0.0000 -0.3500 -0.9367
vn -0.0930 0.3157 -0.9443
vn -0.1851 0.3157 -0.9306
vn -0.0918 -0.3500 -0.9322
vn -0.1827 -0.3500 -0.9187
vn -0.2754 0.3157 -0.9080
vn -0.2719 -0.3500 -0.8964
vn -0.3631 0.3157 -0.8766
vn -0.3585 -0.3500 -0.8654
vn -0.4473 0.3157 -0.8368
vn -0.4416 -0.3500 -0.8261
vn -0.5272 0.3157 -0.7890
vn -0.5204 -0.3500 -0.7789
vn -0.6020 0.3157 -0.7335
vn -0.5943 -0.3500 -0.7241
vn -0.6710 0.3157 -0.6710
vn -0.6624 -0.3500 -0.6624
vn -0.7335 0.3157 -0.6020
vn -0.7241 -0.3500 -0.5943
vn -0.7890 0.3157 -0.5272
vn -0.7789 -0.3500 -0.5204
vn -0.8368 0.3157 -0.4473
vn -0.8261 -0.3500 -0.4416
vn -0.8766 0.3157 -0.3631
vn -0.8654 -0.3500 -0.3585
vn -0.9080 0.3157 -0.2754
vn -0.8964 -0.3500 -0.2719
vn -0.9306 0.3157 -0.1851
vn -0.9187 -0.3500 -0.1827
vn -0.9443 0.3157 -0.0930
vn -0.9322 -0.3500 -0.0918
vn -0.9489 0.3157 -0.0000
vn -0.9367 -0.3500 -0.0000
vn -0.9443 0.3157 0.0930
vn -0.9322 -0.3500 0.0918
vn -0.9306 0.3157 0.1851
vn -0.9187 -0.3500 0.1827
vn -0.9080 0.3157 0.2754
vn -0.8964 -0.3500 0.2719
vn -0.8766 0.3157 0.3631
vn -0.8654 -0.3500 0.3585
vn -0.8368 0.3157 0.4473
vn -0.8261 -0.3500 0.4416
vn -0.7890 0.3157 0.5272
vn -0.7789 -0.3500 0.5204
vn -0.7335 0.3157 0.6020
vn -0.7241 -0.3500 0.5943
vn -0.6709 0.3157 0.6709
vn -0.6624 -0.3500 0.6624
vn -0.6020 0.3157 0.7335
vn -0.5943 -0.3500 0.7241
vn -0.5272 0.3157 0.7890
vn -0.5204 -0.3500 0.7789
vn -0.4473 0.3157 0.8368
vn -0.4416 -0.3500 0.8261
vn -0.3631 0.3157 0.8766
vn -0.3585 -0.3500 0.8654
vn -0.2754 0.3157 0.9080
vn -0.2719 -0.3500 0.8964
vn -0.1851 0.3157 0.9306
vn -0.1827 -0.3500 0.9187
vn -0.0930 0.3157 0.9443
vn -0.0918 -0.3500 0.9322
vn -0.0000 0.3157 0.9489
vn -0.0000 -0.3500 0.9367
vn 0.0930 0.3157 0.9443
vn 0.0918 -0.3500 0.9322
vn 0.1851 0.3157 0.9306
vn 0.1827 -0.3500 0.9187
vn 0.2754 0.3157 0.9080
vn 0.2719 -0.3500 0.8964
vn 0.3631 0.3157 0.8766
vn 0.3585 -0.3500 0.8654
vn 0.4473 0.3157 0.8368
vn 0.4416 -0.3500 0.8261
vn 0.5272 0.3157 0.7890
vn 0.5204 -0.3500 0.7789
vn 0.6020 0.3157 0.7335
vn 0.5943 -0.3500 0.7241
vn 0.6709 0.3157 0.6709
vn 0.6624 -0.3500 0.6624
vn 0.7335 0.3157 0.6020
vn 0.7241 -0.3500 0.5943
vn 0.7890 0.3157 0.5272
vn 0.7789 -0.3500 0.5204
vn 0.8368 0.3157 0.4473
vn 0.8261 -0.3500 0.4416
vn 0.8766 0.3157 0.3631
vn 0.8654 -0.3500 0.3585
vn 0.9080 0.3157 0.2754
vn 0.8964 -0.3500 0.2719
vn 0.9306 0.3157 0.1851
vn 0.9187 -0.3500 0.1827
vn 0.9443 0.3157 0.0930
vn 0.9322 -0.3500 0.0918
vn 0.9489 0.3157 -0.0000
vn 0.9367 -0.3500 -0.0000
vn 0.9443 0.3157 -0.0930
vn 0.9322 -0.3500 -0.0918
vn 0.9306 0.3157 -0.1851
vn 0.9187 -0.3500 -0.1827
vn 0.9080 0.3157 -0.2754
vn 0.8964 -0.3500 -0.2719
vn 0.8766 0.3157 -0.3631
vn 0.8654 -0.3500 -0.3585
vn 0.8368 0.3157 -0.4473
vn 0.8261 -0.3500 -0.4416
vn 0.7890 0.3157 -0.5272
vn 0.7789 -0.3500 -0.5204
vn 0.7335 0.3157 -0.6020
vn 0.7241 -0.3500 -0.5943
vn 0.6710 0.3157 -0.6710
vn 0.6624 -0.3500 -0.6624
vn 0.6020 0.3157 -0.7335
vn 0.5943 -0.3500 -0.7241
vn 0.5272 0.3157 -0.7890
vn 0.5204 -0.3500 -0.7789
vn 0.4473 0.3157 -0.8368
vn 0.4416 -0.3500 -0.8261
vn 0.3631 0.3157 -0.8766
vn 0.3585 -0.3500 -0.8654
vn 0.2754 0.3157 -0.9080
vn 0.2719 -0.3500 -0.8964
vn 0.1851 0.3157 -0.9306
vn 0.1827 -0.3500 -0.9187
vn 0.1037 0.8471 -0.5212
vn 0.0521 0.8471 -0.5289
vn -0.2011 -0.0147 -0.9795
vn -0.1338 -0.7278 -0.6726
vn -0.0672 -0.7278 -0.6825
vn -0.0995 -0.0137 -0.9949
vn 0.1543 0.8471 -0.5085
vn 0.2034 0.8471 -0.4910
vn 0.2505 0.8471 -0.4687
vn 0.2952 0.8471 -0.4418
vn 0.3371 0.8471 -0.4108
vn 0.3758 0.8471 -0.3758
vn 0.4108 0.8471 -0.3371
vn 0.4419 0.8471 -0.2952
vn 0.4687 0.8471 -0.2505
vn 0.4910 0.8471 -0.2034
vn 0.5085 0.8471 -0.1543
vn 0.5212 0.8471 -0.1037
vn 0.5289 0.8471 -0.0521
vn 0.5314 0.8471 -0.0000
vn 0.5289 0.8471 0.0521
vn 0.5212 0.8471 0.1037
vn 0.5085 0.8471 0.1543
vn 0.4910 0.8471 0.2034
vn 0.4687 0.8471 0.2505
vn 0.4419 0.8471 0.2952
vn 0.4108 0.8471 0.3371
vn 0.3758 0.8471 0.3758
vn 0.3371 0.8471 0.4108
vn 0.2952 0.8471 0.4419
vn 0.2505 0.8471 0.4687
vn 0.2034 0.8471 0.4910
vn 0.1543 0.8471 0.5085
vn 0.1037 0.8471 0.5212
vn 0.0521 0.8471 0.5289
vn -0.0000 0.8471 0.5314
vn -0.0521 0.8471 0.5289
vn -0.1037 0.8471 0.5212
vn -0.1543 0.8471 0.5085
vn -0.2034 0.8471 0.4910
vn -0.2505 0.8471 0.4687
vn -0.2952 0.8471 0.4419
vn -0.3371 0.8471 0.4108
vn -0.3758 0.8471 0.3758
vn -0.4108 0.8471 0.3371
vn -0.4419 0.8471 0.2952
vn -0.4687 0.8471 0.2505
vn -0.4910 0.8471 0.2034
vn -0.5085 0.8471 0.1543
vn -0.5212 0.8471 0.1037
vn -0.5289 0.8471 0.0521
vn -0.5314 0.8471 -0.0000
vn -0.5289 0.8471 -0.0521
vn -0.5212 0.8471 -0.1037
vn -0.5085 0.8471 -0.1543
vn -0.4910 0.8471 -0.2034
vn -0.4687 0.8471 -0.2505
vn -0.4419 0.8471 -0.2952
vn -0.4108 0.8471 -0.3371
vn -0.3758 0.8471 -0.3758
vn -0.3371 0.8471 -0.4108
vn -0.2952 0.8471 -0.4419
vn -0.2505 0.8471 -0.4687
vn -0.2034 0.8471 -0.4910
vn -0.1543 0.8471 -0.5085
vn -0.1037 0.8471 -0.5212
vn 0.0999 -0.0146 -0.9949
vn 0.0672 -0.7278 -0.6825
vn 0.1338 -0.7278 -0.6726
vn 0.1943 -0.0147 -0.9808
vn 0.1991 -0.7278 -0.6563
vn 0.2927 -0.0149 -0.9561
vn 0.2625 -0.7278 -0.6336
vn 0.3857 -0.0157 -0.9225
vn 0.3233 -0.7278 -0.6048
vn 0.4728 -0.0163 -0.8810
vn 0.3810 -0.7278 -0.5702
vn 0.5571 -0.0168 -0.8303
vn 0.4351 -0.7278 -0.5301
vn 0.6355 -0.0173 -0.7719
vn 0.4850 -0.7278 -0.4849
vn 0.7061 -0.0173 -0.7079
vn 0.5301 -0.7278 -0.4351
vn 0.7713 -0.0168 -0.6363
vn 0.5702 -0.7278 -0.3810
vn 0.8300 -0.0161 -0.5576
vn 0.6048 -0.7278 -0.3233
vn 0.8811 -0.0156 -0.4726
vn 0.6336 -0.7278 -0.2625
vn 0.9238 -0.0155 -0.3826
vn 0.6563 -0.7278 -0.1991
vn 0.9568 -0.0155 -0.2904
vn 0.6726 -0.7278 -0.1338
vn 0.9805 -0.0153 -0.1959
vn 0.6825 -0.7278 -0.0672
vn 0.9951 -0.0152 -0.0981
vn 0.6858 -0.7278 -0.0000
vn 0.9999 -0.0154 0.0011
vn 0.6825 -0.7278 0.0672
vn 0.9948 -0.0158 0.1003
vn 0.6726 -0.7278 0.1338
vn 0.9800 -0.0165 0.1983
vn 0.6563 -0.7278 0.1991
vn 0.9559 -0.0174 0.2932
vn 0.6336 -0.7278 0.2625
vn 0.9229 -0.0181 0.3847
vn 0.6048 -0.7278 0.3233
vn 0.8809 -0.0186 0.4729
vn 0.5702 -0.7278 0.3810
vn 0.8302 -0.0191 0.5571
vn 0.5301 -0.7278 0.4351
vn 0.7715 -0.0197 0.6359
vn 0.4849 -0.7278 0.4849
vn 0.7057 -0.0202 0.7082
vn 0.4351 -0.7278 0.5301
vn 0.6327 -0.0207 0.7741
vn 0.3810 -0.7278 0.5702
vn 0.5517 -0.0215 0.8337
vn 0.3233 -0.7278 0.6048
vn 0.4639 -0.0232 0.8856
vn 0.2624 -0.7278 0.6336
vn 0.3734 -0.0256 0.9273
vn 0.1991 -0.7278 0.6563
vn 0.2830 -0.0280 0.9587
vn 0.1338 -0.7278 0.6726
vn 0.1903 -0.0296 0.9813
vn 0.0672 -0.7278 0.6825
vn 0.0932 -0.0309 0.9952
vn -0.0000 -0.7278 0.6858
vn 0.0011 -0.0314 0.9995
vn -0.0672 -0.7278 0.6825
vn -0.0895 -0.0302 0.9955
vn -0.1338 -0.7278 0.6726
vn -0.1846 -0.0276 0.9824
vn -0.1991 -0.7278 0.6563
vn -0.2796 -0.0248 0.9598
vn -0.2625 -0.7278 0.6336
vn -0.3731 -0.0219 0.9275
vn -0.3233 -0.7278 0.6048
vn -0.4631 -0.0194 0.8861
vn -0.3810 -0.7278 0.5702
vn -0.5486 -0.0171 0.8359
vn -0.4351 -0.7278 0.5301
vn -0.6282 -0.0150 0.7779
vn -0.4850 -0.7278 0.4849
vn -0.7037 -0.0133 0.7104
vn -0.5301 -0.7278 0.4351
vn -0.7726 -0.0126 0.6347
vn -0.5702 -0.7278 0.3810
vn -0.8323 -0.0128 0.5542
vn -0.6048 -0.7278 0.3233
vn -0.8830 -0.0133 0.4692
vn -0.6336 -0.7278 0.2625
vn -0.9251 -0.0141 0.3793
vn -0.6563 -0.7278 0.1991
vn -0.9582 -0.0152 0.2856
vn -0.6726 -0.7278 0.1338
vn -0.9816 -0.0165 0.1900
vn -0.6825 -0.7278 0.0672
vn -0.9955 -0.0179 0.0926
vn -0.6858 -0.7278 -0.0000
vn -0.9998 -0.0192 -0.0048
vn -0.6825 -0.7278 -0.0672
vn -0.9946 -0.0204 -0.1017
vn -0.6726 -0.7278 -0.1338
vn -0.9800 -0.0212 -0.1980
vn -0.6563 -0.7278 -0.1991
vn -0.9560 -0.0219 -0.2926
vn -0.6336 -0.7278 -0.2625
vn -0.9227 -0.0226 -0.3848
vn -0.6048 -0.7278 -0.3233
vn -0.8810 -0.0231 -0.4726
vn -0.5702 -0.7278 -0.3810
vn -0.8309 -0.0234 -0.5560
vn -0.5301 -0.7278 -0.4351
vn -0.7723 -0.0236 -0.6348
vn -0.4849 -0.7278 -0.4849
vn -0.7061 -0.0239 -0.7077
vn -0.4351 -0.7278 -0.5301
vn -0.6348 -0.0239 -0.7723
vn -0.3810 -0.7278 -0.5702
vn -0.5594 -0.0232 -0.8286
vn -0.3233 -0.7278 -0.6048
vn -0.4781 -0.0215 -0.8780
vn -0.2624 -0.7278 -0.6336
vn -0.3912 -0.0192 -0.9201
vn -0.1991 -0.7278 -0.6563
vn -0.2994 -0.0168 -0.9540
vn 0.0031 -0.0139 -0.9999
vn -0.0000 -0.7278 -0.6858
vn -0.0000 0.7051 -0.7091
vn -0.0000 0.2583 -0.9661
vn 0.2058 0.7051 -0.6785
vn 0.2804 0.2583 -0.9245
vn 0.1357 -0.7183 -0.6824
vn 0.0460 -0.9718 -0.2311
vn 0.3939 0.7051 -0.5896
vn 0.5367 0.2583 -0.8033
vn 0.2078 -0.9719 -0.1111
vn 0.6136 -0.7183 -0.3280
vn 0.8925 0.2583 -0.3697
vn 0.6551 0.7051 -0.2714
vn 0.7057 0.7051 -0.0695
vn 0.9614 0.2583 -0.0947
vn 0.2177 -0.9719 0.0902
vn 0.6428 -0.7183 0.2662
vn 0.8520 0.2583 0.4554
vn 0.6254 0.7051 0.3343
vn 0.5014 0.7051 0.5014
vn 0.6831 0.2583 0.6831
vn 0.0684 -0.9719 0.2255
vn 0.2020 -0.7183 0.6658
vn 0.1885 0.2583 0.9475
vn 0.1383 0.7051 0.6955
vn -0.0695 0.7051 0.7057
vn -0.0947 0.2583 0.9614
vn -0.1309 -0.9718 0.1959
vn -0.3865 -0.7183 0.5785
vn -0.6129 0.2583 0.7468
vn -0.5896 0.7051 0.3939
vn -0.8033 0.2582 0.5367
vn -0.2345 -0.9718 0.0231
vn -0.6924 -0.7183 0.0682
vn -0.9661 0.2582 -0.0000
vn -0.7091 0.7051 -0.0000
vn -0.6785 0.7051 -0.2058
vn -0.9245 0.2583 -0.2804
vn -0.1666 -0.9718 -0.1666
vn -0.4920 -0.7183 -0.4920
vn -0.6129 0.2583 -0.7468
vn -0.4498 0.7051 -0.5481
vn -0.2714 0.7051 -0.6551
vn -0.3697 0.2583 -0.8925
vn -0.0951 -0.2414 -0.9658
vn -0.1893 -0.2414 -0.9518
vn 0.1893 -0.2414 -0.9518
vn 0.0951 -0.2414 -0.9658
vn 0.2817 -0.2414 -0.9286
vn 0.3714 -0.2414 -0.8966
vn 0.4575 -0.2414 -0.8558
vn 0.5391 -0.2414 -0.8069
vn 0.6156 -0.2414 -0.7502
vn 0.6862 -0.2414 -0.6862
vn 0.7502 -0.2414 -0.6156
vn 0.8069 -0.2414 -0.5391
vn 0.8558 -0.2414 -0.4575
vn 0.8966 -0.2414 -0.3714
vn 0.9286 -0.2414 -0.2817
vn 0.9518 -0.2414 -0.1893
vn 0.9658 -0.2414 -0.0951
vn 0.9704 -0.2414 -0.0000
vn 0.9658 -0.2414 0.0951
vn 0.9518 -0.2414 0.1893
vn 0.9286 -0.2414 0.2817
vn 0.8966 -0.2414 0.3714
vn 0.8558 -0.2414 0.4575
vn 0.8069 -0.2414 0.5391
vn 0.7502 -0.2414 0.6156
vn 0.6862 -0.2414 0.6862
vn 0.6156 -0.2414 0.7502
vn 0.5391 -0.2414 0.8069
vn 0.4575 -0.2414 0.8558
vn 0.3714 -0.2414 0.8966
vn 0.2817 -0.2414 0.9286
vn 0.1893 -0.2414 0.9518
vn 0.0951 -0.2414 0.9658
vn -0.0000 -0.2414 0.9704
vn -0.0951 -0.2414 0.9658
vn -0.1893 -0.2414 0.9518
vn -0.2817 -0.2414 0.9286
vn -0.3714 -0.2414 0.8966
vn -0.4575 -0.2414 0.8558
vn -0.5391 -0.2414 0.8069
vn -0.6156 -0.2414 0.7502
vn -0.6862 -0.2414 0.6862
vn -0.7502 -0.2414 0.6156
vn -0.8069 -0.2414 0.5391
vn -0.8558 -0.2414 0.4575
vn -0.8966 -0.2414 0.3714
vn -0.9286 -0.2414 0.2817
vn -0.9518 -0.2414 0.1893
vn -0.9658 -0.2414 0.0951
vn -0.9704 -0.2414 -0.0000
vn -0.9658 -0.2414 -0.0951
vn -0.9518 -0.2414 -0.1893
vn -0.9286 -0.2414 -0.2817
vn -0.8966 -0.2414 -0.3714
vn -0.8558 -0.2414 -0.4575
vn -0.8069 -0.2414 -0.5391
vn -0.7502 -0.2414 -0.6156
vn -0.6862 -0.2414 -0.6862
vn -0.6156 -0.2414 -0.7502
vn -0.5391 -0.2414 -0.8069
vn -0.4575 -0.2414 -0.8558
vn -0.3714 -0.2414 -0.8966
vn -0.2817 -0.2414 -0.9286
vn -0.0000 -0.2414 -0.9704
vn 0.2372 0.9665 -0.0983
vn 0.2457 0.9665 -0.0745
vn -0.1816 0.9665 0.1816
vn 0.2519 0.9665 -0.0501
vn -0.1985 0.9665 0.1629
vn 0.2556 0.9665 -0.0252
vn -0.2135 0.9665 0.1427
vn 0.2568 0.9665 -0.0000
vn -0.2265 0.9665 0.1211
vn 0.2556 0.9665 0.0252
vn -0.2372 0.9665 0.0983
vn 0.2519 0.9665 0.0501
vn -0.2457 0.9665 0.0745
vn 0.2457 0.9665 0.0745
vn -0.2519 0.9665 0.0501
vn 0.2372 0.9665 0.0983
vn -0.2556 0.9665 0.0252
vn 0.2265 0.9665 0.1211
vn -0.2568 0.9665 -0.0000
vn 0.2135 0.9665 0.1427
vn -0.2556 0.9665 -0.0252
vn 0.1985 0.9665 0.1629
vn -0.2519 0.9665 -0.0501
vn 0.1816 0.9665 0.1816
vn -0.2457 0.9665 -0.0745
vn 0.1629 0.9665 0.1985
vn -0.2372 0.9665 -0.0983
vn 0.1427 0.9665 0.2135
vn -0.2265 0.9665 -0.1211
vn 0.1210 0.9665 0.2265
vn -0.0000 0.9665 -0.2568
vn 0.0252 0.9665 -0.2556
vn -0.2135 0.9665 -0.1427
vn 0.0983 0.9665 0.2372
vn 0.0501 0.9665 -0.2519
vn -0.1985 0.9665 -0.1629
vn 0.0745 0.9665 0.2457
vn 0.0745 0.9665 -0.2457
vn -0.1816 0.9665 -0.1816
vn 0.0501 0.9665 0.2519
vn 0.0983 0.9665 -0.2372
vn -0.1629 0.9665 -0.1985
vn 0.0252 0.9665 0.2556
vn 0.1211 0.9665 -0.2265
vn -0.1427 0.9665 -0.2135
vn -0.0000 0.9665 0.2568
vn 0.1427 0.9665 -0.2135
vn -0.1210 0.9665 -0.2265
vn -0.0252 0.9665 0.2556
vn 0.1629 0.9665 -0.1985
vn -0.0983 0.9665 -0.2372
vn -0.0501 0.9665 0.2519
vn 0.1816 0.9665 -0.1816
vn -0.0745 0.9665 -0.2457
vn -0.0745 0.9665 0.2457
vn 0.1985 0.9665 -0.1629
vn -0.0501 0.9665 -0.2519
vn -0.0983 0.9665 0.2372
vn 0.2135 0.9665 -0.1427
vn -0.0252 0.9665 -0.2556
vn -0.1211 0.9665 0.2265
vn 0.2265 0.9665 -0.1211
vn 0.2162 0.9521 -0.2162
vn 0.2363 0.9521 -0.1939
vn -0.2363 0.9521 0.1939
vn -0.2542 0.9521 0.1698
vn -0.1939 0.9521 -0.2363
vn -0.1698 0.9521 -0.2542
vn -0.2824 0.9521 0.1170
vn -0.2925 0.9521 0.0887
vn -0.2363 0.9521 -0.1939
vn -0.2162 0.9521 -0.2162
vn 0.1698 0.9521 -0.2542
vn 0.1939 0.9521 -0.2363
vn -0.0300 0.9521 -0.3042
vn -0.0000 0.9521 -0.3057
vn 0.2542 0.9521 -0.1698
vn 0.2696 0.9521 -0.1441
vn -0.2696 0.9521 0.1441
vn 0.1170 0.9521 -0.2824
vn 0.1441 0.9521 -0.2696
vn 0.0596 0.9521 0.2998
vn 0.0300 0.9521 0.3042
vn -0.2162 0.9521 0.2162
vn 0.0596 0.9521 -0.2998
vn 0.0887 0.9521 -0.2925
vn -0.0887 0.9521 -0.2925
vn -0.0596 0.9521 -0.2998
vn 0.2824 0.9521 -0.1170
vn 0.1698 0.9521 0.2542
vn 0.1441 0.9521 0.2696
vn -0.1939 0.9521 0.2363
vn -0.0000 0.9521 0.3057
vn 0.0300 0.9521 -0.3042
vn 0.2824 0.9521 0.1170
vn 0.2696 0.9521 0.1441
vn 0.2363 0.9521 0.1939
vn 0.2162 0.9521 0.2162
vn -0.1170 0.9521 0.2824
vn -0.1441 0.9521 0.2696
vn 0.0887 0.9521 0.2925
vn 0.1170 0.9521 0.2824
vn 0.2542 0.9521 0.1698
vn -0.0596 0.9521 0.2998
vn -0.0887 0.9521 0.2925
vn 0.2998 0.9521 0.0596
vn 0.2925 0.9521 0.0887
vn -0.1170 0.9521 -0.2824
vn 0.3042 0.9521 0.0300
vn -0.0300 0.9521 0.3042
vn 0.1939 0.9521 0.2363
vn -0.1441 0.9521 -0.2696
vn 0.2998 0.9521 -0.0596
vn 0.3042 0.9521 -0.0300
vn -0.3042 0.9521 0.0300
vn -0.3057 0.9521 -0.0000
vn 0.2925 0.9521 -0.0887
vn -0.1698 0.9521 0.2542
vn -0.2696 0.9521 -0.1441
vn -0.2542 0.9521 -0.1698
vn -0.2824 0.9521 -0.1170
vn 0.3057 0.9521 -0.0000
vn -0.2998 0.9521 -0.0596
vn -0.2925 0.9521 -0.0887
vn -0.2998 0.9521 0.0596
vn -0.3042 0.9521 -0.0300
vn 0.0839 -0.9029 0.4216
vn 0.0421 -0.9029 0.4278
vn 0.0443 -0.8920 0.4498
vn 0.0882 -0.8920 0.4433
vn -0.3971 -0.9029 0.1645
vn -0.4113 -0.9029 0.1248
vn -0.4325 -0.8920 0.1312
vn -0.4176 -0.8920 0.1730
vn 0.2727 -0.9029 -0.3323
vn 0.3039 -0.9029 -0.3039
vn 0.3196 -0.8920 -0.3196
vn 0.2868 -0.8920 -0.3494
vn 0.4113 -0.9029 0.1248
vn 0.3971 -0.9029 0.1645
vn 0.4176 -0.8920 0.1730
vn 0.4325 -0.8920 0.1312
vn 0.2026 -0.9029 -0.3791
vn 0.2388 -0.9029 -0.3574
vn 0.2511 -0.8920 -0.3758
vn 0.2131 -0.8920 -0.3986
vn -0.3574 -0.9029 0.2388
vn -0.3791 -0.9029 0.2026
vn -0.3986 -0.8920 0.2131
vn -0.3758 -0.8920 0.2511
vn 0.1248 -0.9029 -0.4113
vn 0.1645 -0.9029 -0.3971
vn 0.1730 -0.8920 -0.4176
vn 0.1312 -0.8920 -0.4325
vn -0.3323 -0.9029 0.2727
vn -0.3494 -0.8920 0.2868
vn -0.3039 -0.9029 0.3039
vn -0.3196 -0.8920 0.3196
vn 0.3323 -0.9029 -0.2727
vn 0.3494 -0.8920 -0.2868
vn -0.4216 -0.9029 0.0839
vn -0.4433 -0.8920 0.0882
vn 0.4298 -0.9029 -0.0000
vn 0.4278 -0.9029 0.0421
vn 0.4498 -0.8920 0.0443
vn 0.4520 -0.8920 -0.0000
vn 0.4278 -0.9029 -0.0421
vn 0.4498 -0.8920 -0.0443
vn 0.3039 -0.9029 0.3039
vn 0.2727 -0.9029 0.3323
vn 0.2868 -0.8920 0.3494
vn 0.3196 -0.8920 0.3196
vn 0.4113 -0.9029 -0.1248
vn 0.4216 -0.9029 -0.0839
vn 0.4433 -0.8920 -0.0882
vn 0.4325 -0.8920 -0.1312
vn -0.2388 -0.9029 0.3574
vn -0.2727 -0.9029 0.3323
vn -0.2868 -0.8920 0.3494
vn -0.2511 -0.8920 0.3758
vn 0.0421 -0.9029 -0.4278
vn 0.0839 -0.9029 -0.4216
vn 0.0882 -0.8920 -0.4433
vn 0.0443 -0.8920 -0.4498
vn -0.3971 -0.9029 -0.1645
vn -0.3791 -0.9029 -0.2026
vn -0.3986 -0.8920 -0.2131
vn -0.4176 -0.8920 -0.1730
vn -0.1248 -0.9029 -0.4113
vn -0.0839 -0.9029 -0.4216
vn -0.0882 -0.8920 -0.4433
vn -0.1312 -0.8920 -0.4325
vn 0.3791 -0.9029 -0.2026
vn 0.3971 -0.9029 -0.1645
vn 0.4176 -0.8920 -0.1730
vn 0.3986 -0.8920 -0.2131
vn -0.4298 -0.9029 -0.0000
vn -0.4278 -0.9029 -0.0421
vn -0.4498 -0.8920 -0.0443
vn -0.4520 -0.8920 -0.0000
vn -0.1248 -0.9029 0.4113
vn -0.1645 -0.9029 0.3971
vn -0.1730 -0.8920 0.4176
vn -0.1312 -0.8920 0.4325
vn -0.0839 -0.9029 0.4216
vn -0.0882 -0.8920 0.4433
vn -0.0421 -0.9029 -0.4278
vn -0.0443 -0.8920 -0.4498
vn -0.0421 -0.9029 0.4278
vn -0.0443 -0.8920 0.4498
vn -0.4113 -0.9029 -0.1248
vn -0.4325 -0.8920 -0.1312
vn 0.4216 -0.9029 0.0839
vn 0.4433 -0.8920 0.0882
vn -0.2026 -0.9029 -0.3791
vn -0.1645 -0.9029 -0.3971
vn -0.1730 -0.8920 -0.4176
vn -0.2131 -0.8920 -0.3986
vn -0.3574 -0.9029 -0.2388
vn -0.3323 -0.9029 -0.2727
vn -0.3494 -0.8920 -0.2868
vn -0.3758 -0.8920 -0.2511
vn -0.4216 -0.9029 -0.0839
vn -0.4433 -0.8920 -0.0882
vn 0.3791 -0.9029 0.2026
vn 0.3574 -0.9029 0.2388
vn 0.3758 -0.8920 0.2511
vn 0.3986 -0.8920 0.2131
vn -0.3039 -0.9029 -0.3039
vn -0.2727 -0.9029 -0.3323
vn -0.2868 -0.8920 -0.3494
vn -0.3196 -0.8920 -0.3196
vn 0.3323 -0.9029 0.2727
vn 0.3494 -0.8920 0.2868
vn -0.2388 -0.9029 -0.3574
vn -0.2511 -0.8920 -0.3758
vn 0.2388 -0.9029 0.3574
vn 0.2026 -0.9029 0.3791
vn 0.2131 -0.8920 0.3986
vn 0.2511 -0.8920 0.3758
vn 0.3574 -0.9029 -0.2388
vn 0.3758 -0.8920 -0.2511
vn -0.0000 -0.9029 0.4298
vn -0.0000 -0.8920 0.4520
vn -0.4278 -0.9029 0.0421
vn -0.4498 -0.8920 0.0443
vn 0.1248 -0.9029 0.4113
vn 0.1312 -0.8920 0.4325
vn -0.2026 -0.9029 0.3791
vn -0.2131 -0.8920 0.3986
vn 0.1645 -0.9029 0.3971
vn 0.1730 -0.8920 0.4176
vn -0.0000 -0.9029 -0.4298
vn -0.0000 -0.8920 -0.4520
vn -0.8346 -0.1055 -0.5406
vn -0.8247 -0.0349 -0.5645
vn -0.0000 -0.0087 -1.0000
vn -0.0000 -0.0093 -1.0000
vn 0.0980 -0.0093 -0.9951
vn 0.0980 -0.0087 -0.9951
vn 0.6715 -0.0099 -0.7409
vn 0.6344 -0.0099 -0.7730
vn 0.7071 -0.0099 -0.7071
vn 0.1989 -0.0099 -0.9800
vn 0.2892 -0.0105 -0.9572
vn 0.2912 -0.0080 -0.9566
vn 0.1966 -0.0086 -0.9805
vn 0.1951 -0.0087 -0.9807
vn 0.2903 -0.0087 -0.9569
vn 0.4714 -0.0099 -0.8819
vn 0.3774 -0.0105 -0.9260
vn 0.3824 -0.0090 -0.9239
vn 0.3827 -0.0087 -0.9238
vn 0.4714 -0.0093 -0.8819
vn 0.4714 -0.0087 -0.8819
vn 0.5555 -0.0099 -0.8314
vn 0.5555 -0.0093 -0.8314
vn 0.5555 -0.0087 -0.8314
vn 0.6344 -0.0093 -0.7730
vn 0.6344 -0.0087 -0.7730
vn 0.7071 -0.0093 -0.7071
vn 0.7071 -0.0087 -0.7071
vn 0.7600 -0.0099 -0.6498
vn 0.7409 -0.0099 -0.6715
vn 0.8314 -0.0099 -0.5555
vn 0.8032 -0.0099 -0.5957
vn 0.7730 -0.0093 -0.6344
vn 0.7730 -0.0087 -0.6344
vn 0.7730 -0.0099 -0.6344
vn 0.8314 -0.0093 -0.5555
vn 0.8314 -0.0087 -0.5555
vn 0.8819 -0.0099 -0.4714
vn 0.8577 -0.0099 -0.5141
vn 0.8819 -0.0093 -0.4714
vn 0.8819 -0.0087 -0.4714
vn 0.9569 -0.0099 -0.2903
vn 0.9415 -0.0099 -0.3369
vn 0.9238 -0.0099 -0.3827
vn 0.9238 -0.0093 -0.3827
vn 0.9238 -0.0087 -0.3827
vn 0.9569 -0.0093 -0.2903
vn 0.9569 -0.0087 -0.2903
vn 0.9798 -0.0205 -0.1988
vn 0.9700 -0.0099 -0.2430
vn 0.9807 -0.0093 -0.1951
vn 0.9807 -0.0087 -0.1951
vn 0.9891 -0.0099 -0.1467
vn 0.9863 -0.0175 -0.1641
vn 0.9951 -0.0099 -0.0980
vn 0.9951 -0.0093 -0.0980
vn 0.9951 -0.0087 -0.0980
vn 0.9987 -0.0099 -0.0491
vn 1.0000 -0.0099 -0.0000
vn 1.0000 -0.0093 -0.0000
vn 1.0000 -0.0087 -0.0000
vn 0.9569 -0.0093 0.2903
vn 0.9700 -0.0099 0.2430
vn 0.9807 -0.0099 0.1951
vn 0.9569 -0.0099 0.2903
vn 0.9951 -0.0099 0.0980
vn 0.9951 -0.0093 0.0980
vn 0.9951 -0.0087 0.0980
vn 0.9807 -0.0093 0.1951
vn 0.9807 -0.0087 0.1951
vn 0.9569 -0.0087 0.2903
vn 0.9415 -0.0099 0.3369
vn 0.9237 -0.0093 0.3829
vn 0.9239 -0.0099 0.3826
vn 0.9238 -0.0087 0.3827
vn 0.8820 -0.0099 0.4712
vn 0.8577 -0.0099 0.5141
vn 0.8820 -0.0093 0.4712
vn 0.8819 -0.0087 0.4714
vn 0.8314 -0.0099 0.5555
vn 0.8314 -0.0093 0.5555
vn 0.8314 -0.0087 0.5555
vn 0.7730 -0.0099 0.6344
vn 0.7730 -0.0093 0.6344
vn 0.7409 -0.0099 0.6715
vn 0.7730 -0.0087 0.6344
vn 0.7071 -0.0099 0.7071
vn 0.7071 -0.0093 0.7071
vn 0.7071 -0.0087 0.7071
vn 0.6715 -0.0099 0.7409
vn 0.6344 -0.0099 0.7730
vn 0.6344 -0.0093 0.7730
vn 0.6344 -0.0087 0.7730
vn 0.5555 -0.0099 0.8314
vn 0.5555 -0.0093 0.8314
vn 0.5555 -0.0087 0.8314
vn 0.5141 -0.0099 0.8577
vn 0.4714 -0.0099 0.8819
vn 0.4714 -0.0093 0.8819
vn 0.4714 -0.0087 0.8819
vn 0.3827 -0.0100 0.9238
vn 0.4027 -0.0103 0.9153
vn 0.4275 -0.0099 0.9039
vn 0.3827 -0.0093 0.9238
vn 0.3827 -0.0087 0.9238
vn 0.2903 -0.0093 0.9569
vn 0.3369 -0.0099 0.9415
vn 0.2903 -0.0099 0.9569
vn 0.2903 -0.0087 0.9569
vn 0.2430 -0.0099 0.9700
vn 0.1951 -0.0099 0.9807
vn 0.1951 -0.0093 0.9807
vn 0.1951 -0.0087 0.9807
vn 0.0980 -0.0099 0.9951
vn 0.0491 -0.0099 0.9987
vn 0.0980 -0.0093 0.9951
vn 0.0980 -0.0087 0.9951
vn -0.0000 -0.0099 1.0000
vn -0.0000 -0.0093 1.0000
vn -0.0000 -0.0087 1.0000
vn -0.0491 -0.0099 0.9987
vn -0.1951 -0.0099 0.9807
vn -0.1467 -0.0099 0.9891
vn -0.1444 -0.0112 0.9895
vn -0.0980 -0.0093 0.9951
vn -0.0980 -0.0087 0.9951
vn -0.0981 -0.0106 0.9951
vn -0.1951 -0.0093 0.9807
vn -0.1951 -0.0087 0.9807
vn -0.2430 -0.0099 0.9700
vn -0.2903 -0.0099 0.9569
vn -0.2903 -0.0093 0.9569
vn -0.2903 -0.0087 0.9569
vn -0.5555 -0.0093 0.8314
vn -0.5141 -0.0099 0.8577
vn -0.3827 -0.0099 0.9238
vn -0.3827 -0.0093 0.9238
vn -0.3827 -0.0087 0.9238
vn -0.4714 -0.0099 0.8819
vn -0.4714 -0.0093 0.8819
vn -0.4714 -0.0087 0.8819
vn -0.4275 -0.0099 0.9039
vn -0.5555 -0.0087 0.8314
vn -0.4235 -0.0103 0.9058
vn -0.7071 -0.0099 0.7071
vn -0.6344 -0.0099 0.7730
vn -0.5555 -0.0099 0.8314
vn -0.6344 -0.0093 0.7730
vn -0.6344 -0.0087 0.7730
vn -0.6715 -0.0099 0.7409
vn -0.7730 -0.0099 0.6344
vn -0.7071 -0.0093 0.7071
vn -0.7071 -0.0087 0.7071
vn -0.7730 -0.0093 0.6344
vn -0.7730 -0.0087 0.6344
vn -0.9238 -0.0099 0.3827
vn -0.8819 -0.0099 0.4714
vn -0.8314 -0.0093 0.5555
vn -0.8314 -0.0087 0.5555
vn -0.8577 -0.0099 0.5141
vn -0.8819 -0.0093 0.4714
vn -0.8819 -0.0087 0.4714
vn -1.0000 -0.0099 -0.0000
vn -0.9987 -0.0099 0.0491
vn -1.0000 -0.0093 -0.0000
vn -0.9238 -0.0093 0.3827
vn -0.9238 -0.0087 0.3827
vn -0.9569 -0.0099 0.2903
vn -0.9569 -0.0093 0.2903
vn -0.9569 -0.0087 0.2903
vn -0.9806 -0.0100 0.1957
vn -0.9807 -0.0092 0.1951
vn -0.9807 -0.0087 0.1951
vn -0.9951 -0.0099 0.0984
vn -0.9951 -0.0093 0.0982
vn -0.9415 -0.0099 0.3369
vn -0.9423 -0.0097 0.3347
vn -0.9951 -0.0087 0.0980
vn -0.9951 -0.0099 -0.0980
vn -0.9951 -0.0093 -0.0980
vn -1.0000 -0.0087 -0.0000
vn -0.9891 -0.0099 -0.1467
vn -0.9807 -0.0099 -0.1951
vn 0.0980 -0.0099 -0.9951
vn -0.0000 -0.0099 -1.0000
vn -0.9951 -0.0087 -0.0980
vn -0.9807 -0.0093 -0.1951
vn -0.9238 -0.0099 -0.3827
vn -0.9415 -0.0099 -0.3369
vn -0.9569 -0.0099 -0.2903
vn -0.9238 -0.0093 -0.3827
vn -0.9807 -0.0087 -0.1951
vn -0.9569 -0.0093 -0.2903
vn -0.9569 -0.0087 -0.2903
vn -0.9700 -0.0099 -0.2430
vn -0.9238 -0.0087 -0.3827
vn -0.8819 -0.0093 -0.4713
vn -0.8819 -0.0099 -0.4713
vn -0.8314 -0.0099 -0.5555
vn -0.8314 -0.0093 -0.5555
vn -0.8819 -0.0087 -0.4714
vn -0.9039 -0.0099 -0.4275
vn -0.8577 -0.0099 -0.5141
vn -0.8603 -0.0096 -0.5097
vn -0.8314 -0.0087 -0.5555
vn -0.7730 -0.0099 -0.6344
vn -0.7730 -0.0093 -0.6344
vn -0.8032 -0.0099 -0.5957
vn -0.7730 -0.0087 -0.6344
vn -0.7070 -0.0102 -0.7071
vn -0.6715 -0.0099 -0.7409
vn -0.7070 -0.0091 -0.7071
vn -0.7071 -0.0087 -0.7071
vn -0.6343 -0.0099 -0.7730
vn -0.5556 -0.0099 -0.8314
vn -0.5555 -0.0093 -0.8314
vn -0.6344 -0.0093 -0.7729
vn -0.6344 -0.0087 -0.7730
vn -0.0537 -0.0097 -0.9985
vn -0.0491 -0.0099 -0.9987
vn -0.7040 -0.0075 -0.7102
vn -0.7366 -0.0092 -0.6763
vn -0.5555 -0.0087 -0.8314
vn -0.4714 -0.0093 -0.8819
vn -0.4714 -0.0099 -0.8819
vn -0.3827 -0.0099 -0.9238
vn -0.3827 -0.0093 -0.9238
vn -0.5141 -0.0099 -0.8577
vn -0.4714 -0.0087 -0.8819
vn -0.3369 -0.0099 -0.9415
vn -0.3827 -0.0087 -0.9238
vn -0.2903 -0.0099 -0.9569
vn -0.2903 -0.0093 -0.9569
vn -0.2903 -0.0087 -0.9569
vn -0.7409 -0.0099 -0.6715
vn -0.1951 -0.0099 -0.9807
vn -0.1951 -0.0093 -0.9807
vn -0.1951 -0.0087 -0.9807
vn -0.1467 -0.0099 -0.9891
vn -0.0980 -0.0093 -0.9951
vn -0.0980 -0.0087 -0.9951
vn -0.9889 -0.0105 0.1479
vn -0.9890 -0.0099 0.1475
vn -0.9890 -0.0102 0.1477
vn -0.2430 -0.0099 -0.9700
vn 0.0491 -0.0099 -0.9987
vn -0.9039 -0.0099 0.4275
vn -0.0000 -1.0000 -0.0000
vn 0.2468 -0.0158 -0.9689
vn 0.2481 -0.0118 -0.9687
vn -0.8314 -0.0099 0.5555
vn 0.4275 -0.0099 -0.9039
vn -0.3369 -0.0099 0.9415
vn 0.3252 -0.0099 -0.9456
vn 0.3278 -0.0073 -0.9447
vn -0.6756 -0.0103 -0.7372
vn -0.7053 -0.0132 -0.7088
vn -0.9739 -0.0632 -0.2180
vn 0.4472 0.0092 0.8944
vn 0.3587 0.0209 0.9332
vn 0.3367 0.0410 0.9407
vn 0.2909 0.0472 0.9556
vn 0.1924 0.0338 0.9807
vn 0.0576 0.0242 0.9980
vn -0.0634 0.0300 0.9975
vn -0.8552 -0.0940 -0.5096
vn -0.8328 -0.1341 -0.5371
vn 0.0074 -0.0263 -0.9996
vn 0.1037 -0.0254 -0.9943
vn -0.5666 -0.0559 -0.8221
vn -0.6347 -0.0558 -0.7707
vn -0.7048 -0.0563 -0.7072
vn -0.9928 -0.0431 -0.1120
vn -0.9992 -0.0371 -0.0170
vn -0.7526 0.0322 -0.6577
vn -0.6055 0.0579 -0.7938
vn -0.1863 -0.0124 0.9824
vn -0.3238 0.0065 0.9461
vn -0.2036 0.0429 0.9781
vn -0.1066 0.0434 0.9934
vn -0.9632 0.0178 -0.2681
vn -0.9051 -0.0349 -0.4238
vn -0.8300 -0.1390 -0.5401
vn 0.6131 0.0089 0.7899
vn -0.9910 0.0326 -0.1299
vn -0.1279 0.0854 -0.9881
vn -0.1698 0.0836 -0.9819
vn -0.4762 0.0498 -0.8779
vn -0.3710 0.0202 -0.9284
vn -0.9991 0.0274 -0.0334
vn -0.9980 0.0235 0.0593
vn -0.9874 0.0213 0.1570
vn -0.9650 0.0198 0.2614
vn -0.9301 0.0189 0.3668
vn -0.8845 0.0167 0.4663
vn -0.8292 0.0134 0.5588
vn -0.7596 0.0097 0.6503
vn -0.6942 0.0072 0.7198
vn -0.6294 0.0095 0.7770
vn -0.5130 0.0131 0.8583
vn -0.1577 -0.0022 0.9875
vn -0.1722 0.0190 0.9849
vn -0.1485 0.0316 0.9884
vn 0.7828 0.0046 0.6223
vn 0.7293 0.0076 0.6841
vn 0.8335 0.0033 0.5525
vn 0.8800 0.0038 0.4749
vn 0.9181 0.0052 0.3963
vn 0.9501 0.0061 0.3119
vn 0.9758 0.0062 0.2184
vn 0.9930 0.0071 0.1180
vn 0.9998 0.0096 0.0166
vn 0.9958 0.0118 -0.0908
vn 0.9796 0.0128 -0.2007
vn 0.9532 0.0136 -0.3022
vn 0.9180 0.0123 -0.3963
vn 0.8733 0.0083 -0.4870
vn 0.8225 0.0064 -0.5688
vn 0.7658 0.0066 -0.6431
vn 0.7041 0.0064 -0.7101
vn 0.6408 0.0056 -0.7677
vn 0.5737 0.0060 -0.8190
vn 0.5019 0.0098 -0.8649
vn 0.4200 0.0178 -0.9074
vn 0.3156 0.0283 -0.9485
vn 0.1910 0.0312 -0.9811
vn 0.0673 0.0148 -0.9976
vn -0.0461 -0.0158 -0.9988
vn -0.0704 0.0591 -0.9958
vn -0.2622 -0.0179 -0.9649
vn -0.1887 -0.0437 -0.9811
vn -0.2290 0.0478 -0.9723
vn -0.1808 0.0199 -0.9833
vn -0.1543 0.0273 -0.9876
vn -0.2024 -0.0533 -0.9779
vn -0.1654 -0.0831 -0.9827
vn -0.3984 -0.0322 0.9166
vn -0.5103 -0.0393 0.8591
vn -0.3742 -0.0084 0.9273
vn -0.5137 -0.0164 0.8578
vn -0.3373 0.0063 0.9414
vn -0.5149 -0.0113 0.8572
vn -0.8920 0.0123 -0.4518
vn -0.8942 0.0818 -0.4402
vn -0.8635 -0.0153 -0.5041
vn -0.8544 0.0170 -0.5193
vn -0.8684 -0.0489 -0.4934
vn -0.8332 -0.0665 -0.5489
vn 0.7079 -0.0270 0.7058
vn 0.6272 -0.0286 0.7783
vn 0.7167 -0.0144 0.6973
vn 0.6283 -0.0216 0.7777
vn 0.7268 -0.0129 0.6867
vn 0.6214 -0.0099 0.7835
vn -0.3445 -0.0047 -0.9388
vn -0.2994 0.0028 -0.9541
vn -0.3171 -0.0124 -0.9483
vn -0.1303 -0.0413 -0.9906
vn -0.0918 -0.0740 -0.9930
vn -0.1460 -0.0899 -0.9852
vn -0.1061 0.0079 -0.9943
vn -0.1447 0.0192 -0.9893
vn 0.0316 0.0122 -0.9994
vn -0.0180 0.0020 -0.9998
vn 0.0102 -0.0359 -0.9993
vn 0.1817 -0.0281 -0.9830
vn 0.1612 -0.0059 -0.9869
vn 0.1724 -0.0010 -0.9850
vn 0.3212 -0.0325 -0.9465
vn 0.3344 -0.0060 -0.9424
vn 0.3306 0.0044 -0.9438
vn 0.4217 -0.0225 -0.9065
vn 0.4284 -0.0019 -0.9036
vn 0.4289 -0.0022 -0.9034
vn 0.4970 -0.0169 -0.8676
vn 0.5029 0.0020 -0.8643
vn 0.5057 -0.0037 -0.8627
vn 0.5666 -0.0119 -0.8239
vn 0.5722 0.0063 -0.8201
vn 0.5748 -0.0038 -0.8183
vn 0.6343 -0.0084 -0.7730
vn 0.6371 0.0099 -0.7707
vn 0.6398 -0.0033 -0.7686
vn 0.6991 -0.0084 -0.7149
vn 0.6989 0.0121 -0.7151
vn 0.7018 -0.0008 -0.7124
vn 0.7635 -0.0107 -0.6457
vn 0.7639 0.0144 -0.6452
vn 0.7656 0.0015 -0.6433
vn 0.8245 -0.0117 -0.5658
vn 0.8243 0.0149 -0.5660
vn 0.8232 0.0012 -0.5677
vn 0.8784 -0.0106 -0.4779
vn 0.8762 0.0100 -0.4819
vn 0.8726 -0.0001 -0.4885
vn 0.9220 -0.0092 -0.3871
vn 0.9204 0.0028 -0.3910
vn 0.9178 -0.0025 -0.3970
vn 0.9569 -0.0099 -0.2902
vn 0.9555 -0.0027 -0.2950
vn 0.9540 -0.0049 -0.2999
vn 0.9821 -0.0134 -0.1878
vn 0.9809 -0.0072 -0.1946
vn 0.9800 -0.0067 -0.1990
vn 0.9964 -0.0179 -0.0830
vn 0.9960 -0.0113 -0.0891
vn 0.9958 -0.0067 -0.0908
vn 0.9997 -0.0209 0.0146
vn 0.9998 -0.0122 0.0151
vn 0.9998 -0.0052 0.0177
vn 0.9932 -0.0210 0.1146
vn 0.9928 -0.0092 0.1192
vn 0.9927 -0.0053 0.1208
vn 0.9750 -0.0209 0.2212
vn 0.9753 -0.0071 0.2206
vn 0.9756 -0.0070 0.2195
vn 0.9498 -0.0221 0.3120
vn 0.9503 -0.0068 0.3113
vn 0.9501 -0.0077 0.3117
vn 0.9190 -0.0221 0.3937
vn 0.9183 -0.0056 0.3959
vn 0.9177 -0.0075 0.3972
vn 0.8800 -0.0201 0.4746
vn 0.8793 -0.0047 0.4762
vn 0.8795 -0.0077 0.4758
vn 0.8309 -0.0196 0.5561
vn 0.8325 -0.0054 0.5540
vn 0.8333 -0.0082 0.5528
vn 0.7789 -0.0224 0.6268
vn 0.7827 -0.0075 0.6224
vn 0.7838 -0.0085 0.6209
vn -0.0014 -0.0018 1.0000
vn -0.0709 0.0020 0.9975
vn -0.0133 0.0090 0.9999
vn -0.0880 0.0254 0.9958
vn -0.0401 0.0156 0.9991
vn -0.1301 0.0459 0.9904
vn -0.1499 0.0036 0.9887
vn -0.1539 0.0383 0.9873
vn -0.1736 0.0748 0.9820
vn -0.2199 -0.0016 0.9755
vn -0.2021 0.0347 0.9787
vn -0.1792 0.0773 0.9808
vn -0.2984 -0.0158 0.9543
vn -0.2663 0.0147 0.9638
vn -0.2109 0.0466 0.9764
vn -0.6098 -0.0335 0.7919
vn -0.6211 -0.0106 0.7837
vn -0.6293 -0.0092 0.7771
vn -0.6896 -0.0260 0.7237
vn -0.6928 -0.0060 0.7211
vn -0.6934 -0.0060 0.7205
vn -0.7573 -0.0226 0.6526
vn -0.7579 -0.0061 0.6523
vn -0.7575 -0.0058 0.6528
vn -0.8195 -0.0208 0.5727
vn -0.8222 -0.0046 0.5692
vn -0.8259 -0.0032 0.5637
vn -0.8748 -0.0177 0.4842
vn -0.8784 -0.0000 0.4778
vn -0.8818 0.0015 0.4716
vn -0.9221 -0.0109 0.3868
vn -0.9265 0.0058 0.3764
vn -0.9291 0.0054 0.3698
vn -0.9611 -0.0017 0.2761
vn -0.9635 0.0104 0.2674
vn -0.9645 0.0081 0.2638
vn -0.9874 0.0026 0.1579
vn -0.9873 0.0116 0.1586
vn -0.9873 0.0094 0.1587
vn -0.9990 -0.0033 0.0437
vn -0.9984 0.0090 0.0559
vn -0.9981 0.0089 0.0604
vn -0.8989 0.1136 -0.4232
vn -0.8841 0.1016 -0.4561
vn -0.8799 0.0701 -0.4700
vn -0.8894 0.1109 -0.4435
vn -0.8467 -0.0520 -0.5295
vn -0.8669 -0.0061 -0.4985
vn -0.9981 -0.0168 -0.0585
vn -0.9992 0.0012 -0.0392
vn -0.9995 0.0077 -0.0303
vn -0.9852 -0.0319 -0.1684
vn -0.9889 -0.0111 -0.1480
vn -0.9912 0.0034 -0.1321
vn -0.5986 -0.0352 -0.8002
vn -0.4861 -0.0357 -0.8732
vn -0.6074 -0.0152 -0.7943
vn -0.4713 -0.0100 -0.8819
vn -0.6091 0.0074 -0.7931
vn -0.4632 0.0072 -0.8862
vn -0.9424 -0.0287 -0.3333
vn -0.9388 -0.0219 -0.3439
vn -0.9492 -0.0159 -0.3143
vn -0.7716 0.0133 -0.6359
vn -0.6872 -0.0179 -0.7262
vn -0.8169 0.0536 -0.5743
vn -0.7190 0.0037 -0.6950
vn -0.8475 0.0536 -0.5281
vn -0.7570 0.0274 -0.6528
vn 0.5421 -0.0213 0.8401
vn 0.5190 -0.0111 0.8547
vn 0.4756 0.0195 0.8794
vn -0.8429 0.0591 -0.5348
vn -0.8715 0.1009 -0.4798
vn -0.8755 0.0464 -0.4810
vn 0.0518 -0.0051 0.9986
vn 0.0513 0.0036 0.9987
vn 0.0557 0.0064 0.9984
vn 0.1439 -0.0053 0.9896
vn 0.1556 0.0103 0.9878
vn 0.1706 0.0131 0.9853
vn 0.2478 0.0016 0.9688
vn 0.2606 0.0200 0.9652
vn 0.2768 0.0250 0.9606
vn 0.3294 0.0042 0.9442
vn 0.3256 0.0240 0.9452
vn 0.3390 0.0426 0.9398
vn 0.4304 -0.0066 0.9026
vn 0.4032 0.0126 0.9150
vn 0.3794 0.0464 0.9241
vn 0.5141 -0.0099 -0.8577
vn 0.3297 -0.0131 -0.9440
vn 0.3315 -0.0119 -0.9434
vn -0.9700 -0.0099 0.2430
vn 0.9891 -0.0099 0.1467
vn 0.6705 0.4976 0.5503
vn 0.6134 0.4976 0.6134
vn 0.0850 0.4976 0.8632
vn -0.0000 0.4976 0.8674
vn -0.2518 0.4976 -0.8301
vn -0.1692 0.4976 -0.8508
vn 0.4819 0.4976 0.7212
vn 0.4089 0.4976 0.7650
vn -0.1692 0.4976 0.8507
vn -0.2518 0.4976 0.8301
vn -0.8301 0.4976 0.2518
vn -0.8507 0.4976 0.1692
vn 0.8507 0.4976 0.1692
vn 0.8301 0.4976 0.2518
vn -0.3319 0.4976 0.8014
vn -0.4089 0.4976 0.7650
vn -0.4819 0.4976 0.7212
vn 0.6705 0.4976 -0.5503
vn 0.7212 0.4976 -0.4819
vn -0.0000 0.4976 -0.8674
vn 0.0850 0.4976 -0.8632
vn 0.5503 0.4976 0.6705
vn -0.7212 0.4976 0.4819
vn -0.7650 0.4976 0.4089
vn 0.7650 0.4976 -0.4089
vn 0.1692 0.4976 0.8507
vn 0.7650 0.4976 0.4089
vn 0.7212 0.4976 0.4819
vn -0.6705 0.4976 -0.5503
vn -0.6134 0.4976 -0.6134
vn -0.8014 0.4976 0.3319
vn -0.6134 0.4976 0.6134
vn -0.6705 0.4976 0.5503
vn 0.8014 0.4976 -0.3319
vn -0.8632 0.4976 -0.0850
vn -0.8507 0.4976 -0.1692
vn -0.0850 0.4976 0.8632
vn -0.7212 0.4976 -0.4819
vn 0.6134 0.4976 -0.6134
vn -0.8301 0.4976 -0.2518
vn -0.5503 0.4976 0.6705
vn 0.8301 0.4976 -0.2518
vn 0.8507 0.4976 -0.1692
vn -0.8014 0.4976 -0.3319
vn -0.7650 0.4976 -0.4089
vn -0.8632 0.4976 0.0850
vn -0.8674 0.4976 -0.0000
vn -0.5503 0.4976 -0.6705
vn -0.4819 0.4976 -0.7212
vn -0.4089 0.4976 -0.7650
vn -0.0850 0.4976 -0.8632
vn 0.5503 0.4976 -0.6705
vn -0.3319 0.4976 -0.8014
vn 0.4819 0.4976 -0.7212
vn 0.1692 0.4976 -0.8507
vn 0.4089 0.4976 -0.7650
vn 0.2518 0.4976 -0.8301
vn 0.3319 0.4976 -0.8014
vn 0.8632 0.4976 0.0850
vn 0.3319 0.4976 0.8014
vn 0.2518 0.4976 0.8301
vn 0.8014 0.4976 0.3319
vn 0.8632 0.4976 -0.0850
vn 0.8674 0.4976 -0.0000
vn 0.4827 0.7307 -0.4827
vn 0.5277 0.7307 -0.4331
vn 0.6307 0.7307 -0.2613
vn 0.6533 0.7307 -0.1982
vn -0.6827 0.7307 -0.0000
vn -0.6794 0.7307 -0.0669
vn 0.6696 0.7307 -0.1332
vn 0.6794 0.7307 -0.0669
vn 0.4331 0.7307 0.5277
vn 0.3793 0.7307 0.5677
vn 0.5277 0.7307 0.4331
vn 0.4827 0.7307 0.4827
vn -0.6021 0.7307 -0.3218
vn -0.5677 0.7307 -0.3793
vn 0.3218 0.7307 0.6021
vn -0.1982 0.7307 -0.6533
vn -0.1332 0.7307 -0.6696
vn 0.1332 0.7307 0.6696
vn 0.0669 0.7307 0.6794
vn 0.6696 0.7307 0.1332
vn 0.6533 0.7307 0.1982
vn -0.6533 0.7307 0.1982
vn -0.6696 0.7307 0.1332
vn 0.6021 0.7307 -0.3218
vn 0.5677 0.7307 -0.3793
vn -0.0000 0.7307 -0.6827
vn 0.0669 0.7307 -0.6794
vn -0.5277 0.7307 -0.4331
vn -0.4827 0.7307 -0.4827
vn -0.4828 0.7307 0.4828
vn -0.5278 0.7307 0.4331
vn -0.3793 0.7307 0.5677
vn -0.4331 0.7307 0.5277
vn -0.6696 0.7307 -0.1332
vn -0.5677 0.7307 0.3793
vn 0.6827 0.7307 -0.0000
vn 0.6794 0.7307 0.0669
vn 0.5677 0.7307 0.3793
vn -0.1982 0.7307 0.6533
vn -0.2613 0.7307 0.6307
vn 0.6307 0.7307 0.2613
vn -0.0000 0.7307 0.6827
vn -0.0669 0.7307 0.6794
vn 0.4331 0.7307 -0.5277
vn 0.2613 0.7307 0.6307
vn 0.1982 0.7307 0.6533
vn 0.1332 0.7307 -0.6696
vn -0.6794 0.7307 0.0669
vn -0.1332 0.7307 0.6696
vn -0.4331 0.7307 -0.5277
vn -0.3218 0.7307 0.6021
vn -0.0669 0.7307 -0.6794
vn -0.6021 0.7307 0.3218
vn 0.3793 0.7307 -0.5677
vn -0.6307 0.7307 0.2613
vn 0.3218 0.7307 -0.6021
vn -0.6533 0.7307 -0.1982
vn -0.6308 0.7307 -0.2613
vn -0.3793 0.7307 -0.5677
vn -0.3218 0.7307 -0.6021
vn -0.2613 0.7307 -0.6307
vn 0.1982 0.7307 -0.6533
vn 0.2613 0.7307 -0.6307
vn 0.6021 0.7307 0.3218
vn -0.5342 0.7141 -0.4525
vn -0.5089 0.7129 -0.4825
vn 0.4946 0.7263 0.4774
vn 0.4071 0.7269 0.5532
vn 0.3860 0.7018 0.5987
vn 0.3208 0.7318 0.6013
vn -0.1807 0.7337 -0.6550
vn -0.0342 0.7314 -0.6811
vn 0.2499 0.7399 0.6246
vn 0.1357 0.7173 0.6835
vn 0.6460 0.7337 0.2106
vn 0.6056 0.7235 0.3314
vn -0.6695 0.7131 0.2080
vn -0.6787 0.7162 0.1626
vn 0.6386 0.6943 -0.3317
vn 0.6205 0.7441 -0.2475
vn 0.5090 0.6900 -0.5146
vn 0.5188 0.7606 -0.3903
vn 0.0207 0.7146 -0.6992
vn 0.0658 0.7143 -0.6968
vn -0.4962 0.7086 -0.5017
vn -0.4816 0.7113 -0.5121
vn -0.4858 0.7017 0.5212
vn -0.5096 0.7371 0.4439
vn -0.4504 0.7102 0.5411
vn -0.4722 0.7147 0.5159
vn -0.6817 0.7286 -0.0664
vn -0.6824 0.7145 -0.1544
vn 0.6844 0.7200 -0.1146
vn 0.7031 0.7068 -0.0781
vn -0.5931 0.7130 0.3740
vn 0.7095 0.6994 -0.0864
vn 0.6621 0.7493 0.0148
vn 0.5919 0.7350 0.3306
vn 0.5549 0.7134 0.4280
vn -0.2192 0.7126 0.6665
vn -0.3030 0.7355 0.6060
vn 0.6325 0.6920 0.3480
vn 0.0284 0.7326 0.6800
vn -0.0739 0.7158 0.6944
vn 0.4417 0.6950 -0.5674
vn 0.4522 0.7364 -0.5032
vn 0.2623 0.7078 0.6559
vn 0.3136 0.6913 0.6510
vn 0.1460 0.7276 -0.6703
vn -0.6891 0.7168 0.1060
vn -0.6928 0.7202 0.0367
vn -0.1496 0.7243 0.6730
vn -0.4533 0.7143 -0.5332
vn -0.4118 0.7180 0.5612
vn 0.0182 0.7007 -0.7132
vn -0.5993 0.6975 0.3928
vn 0.3933 0.7308 -0.5579
vn -0.5962 0.7419 0.3070
vn 0.2970 0.7227 -0.6242
vn -0.6702 0.7149 -0.1993
vn -0.5829 0.7483 -0.3167
vn -0.4573 0.7017 -0.5463
vn -0.3719 0.7390 -0.5618
vn -0.2828 0.7145 -0.6399
vn 0.0857 0.6673 -0.7398
vn 0.0981 0.7609 -0.6415
vn 0.7008 0.7100 -0.0697
vn 0.6525 0.7021 0.2851
vn -0.8032 -0.0099 0.5957
vn 0.9128 -0.0099 0.4084
vn 0.9842 -0.0099 -0.1769
vn 0.9702 -0.0159 -0.2416
vn 0.7491 -0.0099 -0.6624
vn 0.4822 -0.0099 -0.8760
vn 0.4276 -0.0099 -0.9039
vn 0.3279 -0.0049 -0.9447
vn 0.2977 -0.0163 -0.9545
vn 0.2538 -0.0127 -0.9672
vn -0.0537 -0.0101 -0.9985
vn 0.3369 -0.0155 -0.9414
vn 0.2979 -0.0147 -0.9545
vn -0.1062 -0.0095 -0.9943
vn -0.1062 -0.0103 -0.9943
vn -0.6167 -0.0114 -0.7871
vn -0.5956 -0.0146 -0.8032
vn -0.6318 -0.0119 -0.7750
vn -0.7369 -0.0108 -0.6759
vn -0.6723 -0.0099 -0.7402
vn -0.6753 -0.0098 -0.7375
vn -0.8598 -0.0118 -0.5105
vn -0.8879 -0.0144 -0.4597
vn -0.8862 -0.0094 -0.4632
vn -0.9123 -0.0099 -0.4094
vn -0.9889 -0.0105 0.1480
vn -0.9582 -0.0105 0.2859
vn -0.9423 -0.0102 0.3347
vn -0.9582 -0.0095 0.2860
vn -0.4236 -0.0094 0.9058
vn -0.3749 -0.0107 0.9270
vn -0.3747 -0.0089 0.9271
vn -0.0894 -0.0134 0.9959
vn -0.0924 -0.0096 0.9957
vn -0.1437 -0.0097 0.9896
vn 0.3394 -0.0105 0.9406
vn 0.4026 -0.0098 0.9153
vn 0.3398 -0.0096 0.9405
vn 0.1885 -0.2571 0.9478
vn 0.0947 -0.2571 0.9617
vn 0.0695 -0.7052 0.7056
vn 0.1383 -0.7052 0.6954
vn -0.7038 -0.0757 -0.7064
vn -0.6267 -0.0775 -0.7754
vn -0.0033 -0.1089 -0.9940
vn 0.0794 -0.1075 -0.9910
vn 0.4295 0.0626 -0.9009
vn 0.6764 -0.0754 -0.7327
vn 0.7446 -0.0699 -0.6638
vn 0.9288 -0.0664 -0.3646
vn 0.9622 -0.0705 -0.2631
vn 0.9957 -0.0875 0.0301
vn 0.9867 -0.0930 0.1329
vn 0.9211 -0.1009 0.3761
vn 0.8819 -0.0995 0.4607
vn 0.7211 -0.0910 0.6868
vn 0.6481 -0.0865 0.7566
vn 0.3203 0.0484 0.9461
vn -0.3009 0.0424 0.9527
vn -0.2977 0.0320 0.9541
vn -0.2011 0.0307 0.9791
vn 0.0851 0.9560 0.2806
vn 0.0572 0.9560 0.2876
vn 0.1346 0.7241 0.6764
vn 0.2002 0.7241 0.6600
vn 0.4498 -0.7052 -0.5481
vn 0.1631 -0.9664 -0.1988
vn 0.1429 -0.9664 -0.2138
vn 0.3939 -0.7052 -0.5895
vn -0.0076 -0.9878 -0.1552
vn -0.0152 -0.9879 -0.1545
vn 0.0163 -0.9861 0.1652
vn 0.0082 -0.9861 0.1660
vn 0.5369 -0.2571 0.8035
vn 0.4556 -0.2571 0.8523
vn 0.3342 -0.7052 0.6253
vn 0.3939 -0.7052 0.5895
vn 0.1803 -0.7838 0.5943
vn 0.1211 -0.7838 0.6091
vn 0.0324 -0.9861 0.1629
vn 0.0482 -0.9861 0.1589
vn 0.0287 0.9560 0.2918
vn 0.0144 0.9559 0.2932
vn 0.0339 0.7237 0.6893
vn 0.0676 0.7241 0.6864
vn 0.2376 -0.7838 0.5737
vn 0.0635 -0.9861 0.1534
vn 0.1860 0.9560 0.2267
vn 0.1629 0.9560 0.2438
vn 0.3832 0.7241 0.5735
vn 0.4375 0.7241 0.5331
vn 0.2927 -0.7838 0.5477
vn 0.0783 -0.9861 0.1464
vn 0.7470 -0.2571 0.6131
vn 0.6833 -0.2571 0.6833
vn 0.5014 -0.7052 0.5013
vn 0.5481 -0.7052 0.4498
vn 0.3450 -0.7838 0.5163
vn 0.0922 -0.9861 0.1381
vn 0.1382 0.9560 0.2586
vn 0.1122 0.9560 0.2709
vn 0.2639 0.7241 0.6372
vn 0.3251 0.7241 0.6083
vn 0.3940 -0.7838 0.4800
vn 0.1053 -0.9861 0.1283
vn 0.2438 0.9560 0.1629
vn 0.2267 0.9560 0.1860
vn 0.5331 0.7241 0.4375
vn 0.5735 0.7241 0.3832
vn 0.4391 -0.7838 0.4391
vn 0.1174 -0.9861 0.1174
vn 0.2709 0.9560 0.1122
vn 0.2586 0.9560 0.1382
vn 0.6083 0.7241 0.3251
vn 0.6372 0.7241 0.2639
vn 0.4800 -0.7838 0.3939
vn 0.1283 -0.9861 0.1053
vn 0.5163 -0.7838 0.3450
vn 0.1380 -0.9861 0.0922
vn 0.8035 -0.2571 0.5369
vn 0.5895 -0.7052 0.3939
vn 0.5477 -0.7838 0.2927
vn 0.1464 -0.9861 0.0783
vn 0.9617 -0.2571 0.0947
vn 0.9478 -0.2571 0.1885
vn 0.6954 -0.7052 0.1383
vn 0.7056 -0.7052 0.0695
vn 0.5737 -0.7838 0.2376
vn 0.1534 -0.9861 0.0635
vn 0.8928 -0.2571 0.3698
vn 0.8523 -0.2571 0.4555
vn 0.6253 -0.7052 0.3342
vn 0.6550 -0.7052 0.2713
vn 0.5942 -0.7838 0.1803
vn 0.1589 -0.9861 0.0482
vn 0.2932 0.9560 -0.0000
vn 0.2918 0.9560 0.0287
vn 0.6864 0.7241 0.0676
vn 0.6897 0.7241 -0.0000
vn 0.6091 -0.7838 0.1211
vn 0.1628 -0.9861 0.0324
vn 0.9478 -0.2571 -0.1885
vn 0.9617 -0.2571 -0.0947
vn 0.7056 -0.7052 -0.0695
vn 0.6954 -0.7052 -0.1383
vn 0.6180 -0.7838 0.0609
vn 0.1652 -0.9861 0.0163
vn 0.2876 0.9560 0.0572
vn 0.2806 0.9560 0.0851
vn 0.6600 0.7241 0.2002
vn 0.6764 0.7241 0.1345
vn 0.6210 -0.7838 -0.0000
vn 0.1660 -0.9861 -0.0000
vn 0.2806 0.9560 -0.0851
vn 0.2876 0.9560 -0.0572
vn 0.6764 0.7241 -0.1345
vn 0.6600 0.7241 -0.2002
vn 0.6180 -0.7838 -0.0609
vn 0.1652 -0.9861 -0.0163
vn 0.2586 0.9560 -0.1382
vn 0.2709 0.9560 -0.1122
vn 0.6372 0.7241 -0.2639
vn 0.6083 0.7241 -0.3251
vn 0.6091 -0.7838 -0.1211
vn 0.1628 -0.9861 -0.0324
vn 0.5942 -0.7838 -0.1803
vn 0.1589 -0.9861 -0.0482
vn 0.9248 -0.2571 -0.2805
vn 0.6785 -0.7052 -0.2058
vn 0.5737 -0.7838 -0.2376
vn 0.1534 -0.9861 -0.0635
vn 0.6833 -0.2571 -0.6833
vn 0.7470 -0.2571 -0.6131
vn 0.5481 -0.7052 -0.4498
vn 0.5014 -0.7052 -0.5013
vn 0.5477 -0.7838 -0.2927
vn 0.1464 -0.9861 -0.0783
vn 0.8523 -0.2571 -0.4556
vn 0.8928 -0.2571 -0.3698
vn 0.6550 -0.7052 -0.2713
vn 0.6253 -0.7052 -0.3342
vn 0.5163 -0.7838 -0.3450
vn 0.1381 -0.9861 -0.0922
vn 0.1860 0.9560 -0.2267
vn 0.2073 0.9560 -0.2073
vn 0.4877 0.7241 -0.4877
vn 0.4375 0.7241 -0.5331
vn 0.4800 -0.7838 -0.3939
vn 0.1283 -0.9861 -0.1053
vn 0.4556 -0.2571 -0.8523
vn 0.5369 -0.2571 -0.8035
vn 0.3342 -0.7052 -0.6253
vn 0.4391 -0.7838 -0.4391
vn 0.1174 -0.9861 -0.1174
vn 0.2267 0.9560 -0.1860
vn 0.2438 0.9560 -0.1629
vn 0.5735 0.7241 -0.3832
vn 0.5331 0.7241 -0.4375
vn 0.3940 -0.7838 -0.4800
vn 0.1053 -0.9861 -0.1283
vn 0.1122 0.9560 -0.2709
vn 0.1382 0.9560 -0.2586
vn 0.3251 0.7241 -0.6083
vn 0.2639 0.7241 -0.6372
vn 0.3450 -0.7838 -0.5163
vn 0.0922 -0.9861 -0.1380
vn 0.0572 0.9560 -0.2876
vn 0.0851 0.9560 -0.2806
vn 0.2002 0.7241 -0.6600
vn 0.1346 0.7241 -0.6764
vn 0.2927 -0.7838 -0.5477
vn 0.0783 -0.9861 -0.1464
vn 0.2376 -0.7838 -0.5737
vn 0.0635 -0.9861 -0.1534
vn 0.3698 -0.2571 -0.8928
vn 0.2713 -0.7052 -0.6550
vn 0.1803 -0.7838 -0.5942
vn 0.0482 -0.9861 -0.1589
vn 0.1211 -0.7838 -0.6091
vn 0.0324 -0.9861 -0.1628
vn 0.1885 -0.2571 -0.9478
vn 0.2805 -0.2571 -0.9248
vn 0.2058 -0.7052 -0.6785
vn 0.1383 -0.7052 -0.6954
vn 0.0609 -0.7838 -0.6180
vn 0.0163 -0.9861 -0.1652
vn 0.0305 -0.7835 -0.6207
vn 0.0082 -0.9861 -0.1660
vn 0.0144 0.9559 -0.2932
vn 0.0287 0.9560 -0.2918
vn 0.0676 0.7241 -0.6864
vn 0.0339 0.7237 -0.6893
vn -0.1982 -0.0084 0.9801
vn -0.2935 -0.0080 0.9559
vn -0.0049 0.0439 0.9990
vn 0.1037 0.0449 0.9936
vn -0.8296 0.0458 -0.5565
vn -0.3853 -0.0119 0.9227
vn -0.9993 0.0377 -0.0071
vn -0.9949 0.0368 0.0939
vn -0.9813 -0.0109 0.1922
vn -0.9954 -0.0127 0.0946
vn -0.9246 -0.0081 0.3809
vn -0.9576 -0.0094 0.2878
vn 0.0925 -0.0463 -0.9946
vn 0.1892 -0.0432 -0.9810
vn -0.1774 0.0594 -0.9824
vn 0.2126 0.0461 0.9760
vn 0.9264 0.0033 -0.3764
vn 0.9597 -0.0012 -0.2811
vn -0.1019 -0.0074 0.9948
vn -0.8818 -0.0077 0.4716
vn 0.1975 -0.0041 0.9803
vn 0.0969 -0.0038 0.9953
vn 0.2960 -0.0066 0.9552
vn 0.3905 -0.0107 0.9205
vn 0.4792 -0.0156 0.8775
vn 0.5618 -0.0201 0.8270
vn 0.6399 -0.0241 0.7681
vn 0.7131 -0.0288 0.7004
vn 0.7773 -0.0333 0.6282
vn 0.8331 -0.0364 0.5519
vn 0.8830 -0.0373 0.4680
vn -0.7078 0.0382 0.7054
vn 0.9553 -0.0400 0.2929
vn 0.9241 -0.0401 0.3801
vn 0.9779 -0.0360 0.2061
vn 0.9934 -0.0293 0.1110
vn 0.9997 -0.0226 0.0108
vn 0.9963 -0.0156 -0.0842
vn 0.9834 -0.0077 -0.1814
vn 0.8819 0.0052 -0.4715
vn 0.8253 0.0021 -0.5646
vn 0.7630 -0.0054 -0.6464
vn 0.6965 -0.0140 -0.7175
vn 0.6241 -0.0219 -0.7810
vn 0.5468 -0.0285 -0.8368
vn 0.4642 -0.0336 -0.8851
vn 0.3771 -0.0374 -0.9254
vn 0.2858 -0.0403 -0.9574
vn -0.0010 -0.0482 -0.9988
vn -0.0955 -0.0478 -0.9943
vn -0.1910 -0.0460 -0.9805
vn -0.2844 -0.0432 -0.9577
vn -0.3756 -0.0395 -0.9260
vn -0.4658 -0.0357 -0.8842
vn -0.5525 -0.0331 -0.8329
vn -0.6322 -0.0314 -0.7742
vn -0.7063 -0.0305 -0.7073
vn -0.7724 -0.0302 -0.6345
vn -0.8300 -0.0295 -0.5569
vn -0.8810 -0.0286 -0.4723
vn -0.9789 -0.0217 -0.2030
vn -0.9549 -0.0256 -0.2957
vn -0.9944 -0.0176 -0.1041
vn -0.9999 -0.0148 -0.0041
vn -0.9229 -0.0277 -0.3842
vn -0.8300 -0.0085 0.5577
vn -0.7054 -0.0115 0.7088
vn -0.7712 -0.0100 0.6365
vn 0.0609 -0.7838 0.6180
vn -0.0039 -0.0052 1.0000
vn -0.4125 0.0532 -0.9094
vn 0.5267 0.0620 -0.8478
vn -0.9511 0.0425 -0.3059
vn -0.8787 0.0355 0.4761
vn -0.5543 -0.0139 0.8322
vn -0.6325 -0.0128 0.7744
vn -0.4723 -0.0140 0.8814
vn -0.9801 0.0362 0.1954
vn 0.0641 0.7561 -0.6513
vn 0.0321 0.7557 -0.6541
vn 0.0163 0.9435 -0.3309
vn 0.0324 0.9436 -0.3294
vn 0.1277 0.7561 -0.6418
vn 0.0646 0.9436 -0.3246
vn 0.1900 0.7561 -0.6262
vn 0.0961 0.9436 -0.3167
vn 0.2504 0.7561 -0.6046
vn 0.1267 0.9436 -0.3058
vn 0.3085 0.7561 -0.5771
vn 0.1560 0.9436 -0.2919
vn 0.3636 0.7561 -0.5441
vn 0.1839 0.9436 -0.2752
vn 0.4152 0.7561 -0.5059
vn 0.2100 0.9436 -0.2559
vn 0.4627 0.7561 -0.4627
vn 0.2340 0.9436 -0.2340
vn 0.5059 0.7561 -0.4152
vn 0.2559 0.9436 -0.2100
vn 0.5441 0.7561 -0.3636
vn 0.2752 0.9436 -0.1839
vn 0.5771 0.7561 -0.3085
vn 0.2919 0.9436 -0.1560
vn 0.6046 0.7561 -0.2504
vn 0.3058 0.9436 -0.1267
vn 0.6262 0.7561 -0.1900
vn 0.3167 0.9436 -0.0961
vn 0.6418 0.7561 -0.1277
vn 0.3246 0.9436 -0.0646
vn 0.6513 0.7561 -0.0641
vn 0.3294 0.9436 -0.0324
vn 0.6544 0.7561 -0.0000
vn 0.3310 0.9436 -0.0000
vn 0.6513 0.7561 0.0641
vn 0.3294 0.9436 0.0324
vn 0.6418 0.7561 0.1277
vn 0.3246 0.9436 0.0646
vn 0.6262 0.7561 0.1900
vn 0.3167 0.9436 0.0961
vn 0.6046 0.7561 0.2504
vn 0.3058 0.9436 0.1267
vn 0.5771 0.7561 0.3085
vn 0.2919 0.9436 0.1560
vn 0.5441 0.7561 0.3636
vn 0.2752 0.9436 0.1839
vn 0.5059 0.7561 0.4152
vn 0.2559 0.9436 0.2100
vn 0.4627 0.7561 0.4627
vn 0.2340 0.9436 0.2340
vn 0.4152 0.7561 0.5059
vn 0.2100 0.9436 0.2559
vn 0.3636 0.7561 0.5441
vn 0.1839 0.9436 0.2752
vn 0.3085 0.7561 0.5771
vn 0.1560 0.9436 0.2919
vn 0.2504 0.7561 0.6046
vn 0.1267 0.9436 0.3058
vn 0.1900 0.7561 0.6262
vn 0.0961 0.9436 0.3167
vn 0.1277 0.7561 0.6418
vn 0.0646 0.9436 0.3246
vn 0.0641 0.7561 0.6513
vn 0.0324 0.9436 0.3294
vn 0.0321 0.7557 0.6541
vn 0.0163 0.9435 0.3310
vn 0.2805 -0.2571 0.9248
vn 0.2058 -0.7052 0.6785
vn 0.1838 -0.3357 0.9239
vn 0.0923 -0.3357 0.9374
vn 0.1803 0.3819 0.9064
vn 0.0906 0.3820 0.9197
vn 0.2734 -0.3357 0.9014
vn 0.2683 0.3819 0.8844
vn 0.3605 -0.3357 0.8703
vn 0.3537 0.3819 0.8538
vn 0.4440 -0.3357 0.8307
vn 0.4357 0.3819 0.8151
vn 0.5233 -0.3357 0.7832
vn 0.5135 0.3819 0.7684
vn 0.5976 -0.3357 0.7282
vn 0.5863 0.3819 0.7144
vn 0.6661 -0.3357 0.6661
vn 0.6535 0.3819 0.6535
vn 0.7282 -0.3357 0.5976
vn 0.7144 0.3819 0.5863
vn 0.7832 -0.3357 0.5233
vn 0.7684 0.3819 0.5135
vn 0.8308 -0.3357 0.4440
vn 0.8151 0.3819 0.4357
vn 0.8703 -0.3357 0.3605
vn 0.8538 0.3819 0.3537
vn 0.9014 -0.3357 0.2734
vn 0.8844 0.3819 0.2683
vn 0.9239 -0.3357 0.1838
vn 0.9064 0.3819 0.1803
vn 0.9374 -0.3357 0.0923
vn 0.9197 0.3819 0.0906
vn 0.9420 -0.3357 -0.0000
vn 0.9242 0.3820 -0.0000
vn 0.9374 -0.3357 -0.0923
vn 0.9197 0.3819 -0.0906
vn 0.9239 -0.3357 -0.1838
vn 0.9064 0.3819 -0.1803
vn 0.9014 -0.3357 -0.2734
vn 0.8844 0.3819 -0.2683
vn 0.8703 -0.3357 -0.3605
vn 0.8538 0.3819 -0.3537
vn 0.8308 -0.3357 -0.4440
vn 0.8151 0.3819 -0.4357
vn 0.7832 -0.3357 -0.5233
vn 0.7684 0.3819 -0.5135
vn 0.7282 -0.3357 -0.5976
vn 0.7144 0.3819 -0.5863
vn 0.6661 -0.3357 -0.6661
vn 0.6535 0.3819 -0.6535
vn 0.5976 -0.3357 -0.7282
vn 0.5863 0.3819 -0.7144
vn 0.5233 -0.3357 -0.7832
vn 0.5135 0.3819 -0.7684
vn 0.4440 -0.3357 -0.8307
vn 0.4357 0.3819 -0.8151
vn 0.3605 -0.3357 -0.8703
vn 0.3537 0.3819 -0.8538
vn 0.2734 -0.3357 -0.9014
vn 0.2683 0.3819 -0.8844
vn 0.1838 -0.3357 -0.9239
vn 0.1803 0.3819 -0.9064
vn 0.0923 -0.3357 -0.9374
vn 0.0906 0.3819 -0.9197
vn 0.0462 -0.3353 -0.9410
vn 0.0454 0.3815 -0.9232
vn 0.0462 -0.3353 0.9410
vn 0.0305 -0.7835 0.6207
vn 0.0454 0.3816 0.9232
vn -0.0152 -0.9879 0.1545
vn -0.0076 -0.9878 0.1552
vn -0.0303 -0.9879 0.1523
vn -0.0451 -0.9879 0.1486
vn -0.0594 -0.9879 0.1434
vn -0.0732 -0.9879 0.1369
vn -0.0863 -0.9879 0.1291
vn -0.0985 -0.9879 0.1200
vn -0.1098 -0.9879 0.1098
vn -0.1200 -0.9879 0.0985
vn -0.1291 -0.9879 0.0862
vn -0.1369 -0.9879 0.0732
vn -0.1434 -0.9879 0.0594
vn -0.1486 -0.9879 0.0451
vn -0.1523 -0.9879 0.0303
vn -0.1545 -0.9879 0.0152
vn -0.1553 -0.9879 -0.0000
vn -0.1545 -0.9879 -0.0152
vn -0.1523 -0.9879 -0.0303
vn -0.1486 -0.9879 -0.0451
vn -0.1434 -0.9879 -0.0594
vn -0.1369 -0.9879 -0.0732
vn -0.1291 -0.9879 -0.0863
vn -0.1200 -0.9879 -0.0985
vn -0.1098 -0.9879 -0.1098
vn -0.0985 -0.9879 -0.1200
vn -0.0863 -0.9879 -0.1291
vn -0.0732 -0.9879 -0.1369
vn -0.0594 -0.9879 -0.1434
vn -0.0451 -0.9879 -0.1486
vn -0.0303 -0.9879 -0.1523
vn 0.0474 -0.2568 0.9653
vn 0.0348 -0.7048 0.7086
vn 0.0474 -0.2568 -0.9653
vn 0.0947 -0.2571 -0.9617
vn 0.0695 -0.7052 -0.7056
vn 0.0348 -0.7048 -0.7086
vn 0.1629 0.9560 -0.2438
vn 0.3832 0.7241 -0.5735
vn 0.6131 -0.2571 -0.7470
vn 0.8035 -0.2571 -0.5369
vn 0.5895 -0.7052 -0.3939
vn 0.2918 0.9560 -0.0287
vn 0.6864 0.7241 -0.0676
vn 0.9664 -0.2571 -0.0000
vn 0.7090 -0.7052 -0.0000
vn 0.9248 -0.2571 0.2805
vn 0.6785 -0.7052 0.2058
vn 0.2073 0.9560 0.2073
vn 0.4877 0.7241 0.4877
vn 0.6131 -0.2571 0.7470
vn 0.4498 -0.7052 0.5481
vn 0.3698 -0.2571 0.8928
vn 0.2713 -0.7052 0.6550
vn 0.1898 0.2324 0.9539
vn 0.0953 0.2324 0.9679
vn 0.0477 0.2321 -0.9715
vn 0.0953 0.2324 -0.9679
vn 0.1897 0.2324 -0.9539
vn 0.2823 0.2324 -0.9307
vn 0.3722 0.2324 -0.8986
vn 0.4585 0.2324 -0.8578
vn 0.5404 0.2324 -0.8087
vn 0.6170 0.2324 -0.7519
vn 0.6878 0.2324 -0.6877
vn 0.7519 0.2324 -0.6170
vn 0.8087 0.2324 -0.5404
vn 0.8578 0.2324 -0.4585
vn 0.8986 0.2324 -0.3722
vn 0.9307 0.2324 -0.2823
vn 0.9539 0.2324 -0.1897
vn 0.9679 0.2324 -0.0953
vn 0.9726 0.2324 -0.0000
vn 0.9679 0.2324 0.0953
vn 0.9539 0.2324 0.1897
vn 0.9307 0.2324 0.2823
vn 0.8986 0.2324 0.3722
vn 0.8578 0.2324 0.4585
vn 0.8087 0.2324 0.5404
vn 0.7519 0.2324 0.6170
vn 0.6877 0.2324 0.6878
vn 0.6170 0.2324 0.7519
vn 0.5404 0.2324 0.8087
vn 0.4585 0.2324 0.8578
vn 0.3722 0.2324 0.8986
vn 0.2823 0.2324 0.9307
vn 0.0477 0.2321 0.9715
vn 0.1818 -0.9664 -0.1818
vn 0.1988 -0.9664 -0.1631
vn 0.2138 -0.9664 -0.1429
vn 0.2268 -0.9664 -0.1212
vn 0.2376 -0.9664 -0.0984
vn 0.2461 -0.9664 -0.0747
vn 0.2522 -0.9664 -0.0502
vn 0.2559 -0.9664 -0.0252
vn 0.2572 -0.9664 -0.0000
vn 0.2559 -0.9664 0.0252
vn 0.2522 -0.9664 0.0502
vn 0.2461 -0.9664 0.0747
vn 0.2376 -0.9664 0.0984
vn 0.2268 -0.9664 0.1212
vn 0.2138 -0.9664 0.1429
vn 0.1988 -0.9664 0.1631
vn 0.1818 -0.9664 0.1818
vn 0.1631 -0.9664 0.1988
vn 0.1429 -0.9664 0.2138
vn 0.1212 -0.9664 0.2268
vn 0.0252 -0.9664 -0.2559
vn 0.0126 -0.9663 -0.2571
vn 0.0984 -0.9664 0.2376
vn 0.0502 -0.9664 -0.2522
vn 0.0747 -0.9664 0.2461
vn 0.0747 -0.9664 -0.2461
vn 0.0502 -0.9664 0.2522
vn 0.0984 -0.9664 -0.2376
vn 0.0252 -0.9664 0.2559
vn 0.1212 -0.9664 -0.2268
vn 0.0126 -0.9663 0.2571
vn -0.2260 -0.9563 0.1855
vn -0.2067 -0.9563 0.2067
vn -0.1855 -0.9563 0.2260
vn -0.1624 -0.9563 0.2431
vn -0.2578 -0.9563 0.1378
vn -0.2431 -0.9563 0.1624
vn -0.1378 -0.9563 0.2578
vn -0.1119 -0.9563 0.2701
vn -0.0287 -0.9563 -0.2909
vn -0.0570 -0.9563 -0.2867
vn -0.0849 -0.9563 0.2798
vn -0.0570 -0.9563 0.2867
vn -0.2701 -0.9563 0.1119
vn -0.1378 -0.9563 -0.2578
vn -0.1624 -0.9563 -0.2431
vn -0.0144 -0.9562 -0.2923
vn -0.0287 -0.9563 0.2909
vn -0.0144 -0.9562 0.2923
vn -0.2578 -0.9563 -0.1378
vn -0.2701 -0.9563 -0.1119
vn -0.2067 -0.9563 -0.2067
vn -0.2260 -0.9563 -0.1855
vn -0.0849 -0.9563 -0.2798
vn -0.1119 -0.9563 -0.2701
vn -0.2431 -0.9563 -0.1624
vn -0.2798 -0.9563 -0.0849
vn -0.2867 -0.9563 -0.0570
vn -0.2909 -0.9563 -0.0287
vn -0.1855 -0.9563 -0.2260
vn -0.2909 -0.9563 0.0287
vn -0.2867 -0.9563 0.0570
vn -0.2798 -0.9563 0.0849
vn -0.2923 -0.9563 -0.0000
vn -0.0000 0.1584 0.9874
vn -0.0968 0.1584 0.9826
vn -0.0976 0.0842 0.9917
vn -0.0000 0.0842 0.9965
vn -0.6715 0.0099 0.7409
vn -0.6715 0.0100 0.7409
vn -0.7030 0.0027 0.7112
vn -0.6344 0.0099 0.7730
vn -0.1989 0.0099 0.9800
vn -0.1959 0.0835 0.9771
vn -0.2902 0.0828 0.9534
vn -0.2892 0.0105 0.9572
vn -0.1926 0.1584 0.9684
vn -0.2866 0.1584 0.9449
vn -0.4714 0.0087 0.8819
vn -0.3773 0.0106 0.9260
vn -0.3779 0.1584 0.9122
vn -0.3811 0.0838 0.9207
vn -0.4654 0.1584 0.8708
vn -0.4694 0.0935 0.8780
vn -0.5555 0.0099 0.8314
vn -0.5486 0.1584 0.8210
vn -0.5536 0.0842 0.8285
vn -0.6321 0.0842 0.7703
vn -0.6264 0.1584 0.7633
vn -0.7003 0.0904 0.7081
vn -0.6982 0.1584 0.6982
vn -0.8107 -0.3350 0.4801
vn -0.7601 0.0100 0.6498
vn -0.8314 0.0100 0.5556
vn -0.8031 0.0101 0.5957
vn -0.8031 0.0099 0.5958
vn -0.7633 0.1584 0.6264
vn -0.7735 0.0944 0.6267
vn -0.7730 0.0100 0.6344
vn -0.8210 0.1584 0.5486
vn -0.8285 0.0842 0.5536
vn -0.8819 0.0099 0.4714
vn -0.8577 0.0100 0.5141
vn -0.8576 0.0100 0.5141
vn -0.8577 0.0097 0.5141
vn -0.8577 0.0098 0.5140
vn -0.8708 0.1584 0.4654
vn -0.8788 0.0842 0.4698
vn -0.9569 0.0099 0.2903
vn -0.9415 0.0099 0.3369
vn -0.9415 0.0098 0.3369
vn -0.9418 0.0099 0.3361
vn -0.9415 0.0100 0.3368
vn -0.9206 0.0842 0.3813
vn -0.9238 0.0099 0.3826
vn -0.9122 0.1584 0.3779
vn -0.9535 0.0842 0.2892
vn -0.9449 0.1584 0.2866
vn -0.9799 0.0202 0.1986
vn -0.9700 0.0099 0.2429
vn -0.9700 0.0101 0.2429
vn -0.9684 0.1584 0.1926
vn -0.9773 0.0842 0.1944
vn -0.9891 0.0098 0.1468
vn -0.9951 0.0100 0.0980
vn -0.9862 0.0179 0.1646
vn -0.9826 0.1584 0.0968
vn -0.9917 0.0842 0.0976
vn -0.9987 0.0097 0.0491
vn -0.9988 0.0098 0.0490
vn -1.0000 0.0099 -0.0000
vn -0.9987 0.0100 0.0491
vn -0.9874 0.1584 -0.0000
vn -0.9965 0.0842 -0.0000
vn -0.9535 0.0842 -0.2893
vn -0.9700 0.0099 -0.2429
vn -0.9700 0.0099 -0.2430
vn -0.9807 0.0099 -0.1951
vn -0.9700 0.0111 -0.2429
vn -0.9569 0.0101 -0.2902
vn -0.9917 0.0842 -0.0977
vn -0.9951 0.0099 -0.0980
vn -0.9826 0.1584 -0.0968
vn -0.9773 0.0842 -0.1944
vn -0.9684 0.1584 -0.1926
vn -0.9449 0.1584 -0.2866
vn -0.9415 0.0097 -0.3368
vn -0.9415 0.0098 -0.3369
vn -0.9205 0.0842 -0.3815
vn -0.9239 0.0100 -0.3826
vn -0.9415 0.0100 -0.3369
vn -0.9425 0.0099 -0.3341
vn -0.9122 0.1584 -0.3779
vn -0.8820 0.0099 -0.4712
vn -0.8577 0.0098 -0.5141
vn -0.8576 0.0098 -0.5141
vn -0.8577 0.0100 -0.5141
vn -0.8577 0.0100 -0.5140
vn -0.9700 0.0099 -0.2431
vn -0.8708 0.1584 -0.4654
vn -0.8789 0.0842 -0.4696
vn -0.8285 0.0842 -0.5536
vn -0.8314 0.0099 -0.5555
vn -0.8210 0.1584 -0.5486
vn -0.7703 0.0842 -0.6321
vn -0.7727 0.0101 -0.6347
vn -0.7409 0.0099 -0.6715
vn -0.7409 0.0099 -0.6716
vn -0.7633 0.1584 -0.6264
vn -0.7071 0.0100 -0.7070
vn -0.7408 0.0101 -0.6717
vn -0.7410 0.0101 -0.6714
vn -0.6982 0.1584 -0.6982
vn -0.7046 0.0842 -0.7046
vn -0.6714 0.0099 -0.7410
vn -0.6715 0.0100 -0.7410
vn -0.6344 0.0100 -0.7730
vn -0.6716 0.0100 -0.7408
vn -0.6722 0.0099 -0.7403
vn -0.6264 0.1584 -0.7633
vn -0.6322 0.0842 -0.7703
vn -0.5555 0.0099 -0.8315
vn -0.5536 0.0842 -0.8285
vn -0.5486 0.1584 -0.8210
vn -0.5141 0.0097 -0.8577
vn -0.5139 0.0098 -0.8578
vn -0.5140 0.0100 -0.8577
vn -0.5141 0.0100 -0.8577
vn -0.4697 0.0842 -0.8788
vn -0.4714 0.0099 -0.8819
vn -0.4654 0.1584 -0.8708
vn -0.3827 0.0100 -0.9238
vn -0.4275 0.0099 -0.9039
vn -0.4027 0.0104 -0.9153
vn -0.3779 0.1584 -0.9122
vn -0.3813 0.0842 -0.9206
vn -0.2892 0.0842 -0.9536
vn -0.3370 0.0099 -0.9415
vn -0.3369 0.0099 -0.9415
vn -0.2903 0.0100 -0.9569
vn -0.2866 0.1584 -0.9449
vn -0.2430 0.0097 -0.9700
vn -0.2429 0.0098 -0.9700
vn -0.1951 0.0100 -0.9807
vn -0.2430 0.0100 -0.9700
vn -0.1926 0.1584 -0.9684
vn -0.1944 0.0842 -0.9773
vn -0.0980 0.0099 -0.9951
vn -0.0491 0.0098 -0.9987
vn -0.0490 0.0098 -0.9988
vn -0.0491 0.0100 -0.9987
vn -0.0492 0.0100 -0.9987
vn -0.0977 0.0842 -0.9917
vn -0.0968 0.1584 -0.9826
vn -0.0000 0.0842 -0.9964
vn -0.0000 0.0099 -1.0000
vn -0.0000 0.1584 -0.9874
vn 0.0492 0.0099 -0.9987
vn 0.0490 0.0102 -0.9987
vn 0.1951 0.0100 -0.9807
vn 0.1444 0.0114 -0.9894
vn 0.1466 0.0099 -0.9891
vn 0.0968 0.1584 -0.9826
vn 0.0977 0.0842 -0.9917
vn 0.0981 0.0107 -0.9951
vn 0.1926 0.1584 -0.9684
vn 0.1944 0.0842 -0.9773
vn 0.2430 0.0100 -0.9700
vn 0.2430 0.0098 -0.9700
vn 0.2431 0.0098 -0.9700
vn 0.2903 0.0099 -0.9569
vn 0.2866 0.1584 -0.9449
vn 0.2892 0.0842 -0.9535
vn 0.5536 0.0842 -0.8285
vn 0.5140 0.0099 -0.8577
vn 0.5141 0.0099 -0.8577
vn 0.3813 0.0842 -0.9206
vn 0.3827 0.0098 -0.9238
vn 0.3779 0.1584 -0.9122
vn 0.4697 0.0842 -0.8788
vn 0.4714 0.0099 -0.8819
vn 0.4654 0.1584 -0.8708
vn 0.4275 0.0099 -0.9040
vn 0.5486 0.1584 -0.8210
vn 0.4236 0.0104 -0.9058
vn 0.6344 0.0100 -0.7730
vn 0.7071 0.0099 -0.7071
vn 0.5553 0.0101 -0.8316
vn 0.6264 0.1584 -0.7633
vn 0.6322 0.0842 -0.7703
vn 0.6716 0.0100 -0.7409
vn 0.6718 0.0099 -0.7407
vn 0.7730 0.0099 -0.6343
vn 0.6982 0.1584 -0.6982
vn 0.7046 0.0842 -0.7046
vn 0.7633 0.1584 -0.6264
vn 0.7703 0.0842 -0.6321
vn 0.8819 0.0100 -0.4714
vn 0.9238 0.0099 -0.3827
vn 0.8210 0.1584 -0.5486
vn 0.8285 0.0842 -0.5536
vn 0.8577 0.0100 -0.5141
vn 0.8576 0.0099 -0.5142
vn 0.8708 0.1584 -0.4654
vn 0.8788 0.0842 -0.4697
vn 1.0000 0.0100 -0.0000
vn 0.9987 0.0101 -0.0491
vn 0.9987 0.0100 -0.0492
vn 0.9987 0.0099 -0.0491
vn 0.9965 0.0842 -0.0000
vn 0.9122 0.1584 -0.3779
vn 0.9206 0.0842 -0.3813
vn 0.9535 0.0842 -0.2893
vn 0.9569 0.0099 -0.2903
vn 0.9449 0.1584 -0.2866
vn 0.9773 0.0841 -0.1945
vn 0.9806 0.0100 -0.1957
vn 0.9684 0.1584 -0.1926
vn 0.9916 0.0841 -0.0978
vn 0.9951 0.0099 -0.0984
vn 0.9422 0.0097 -0.3348
vn 0.9415 0.0099 -0.3368
vn 0.9826 0.1584 -0.0968
vn 0.9917 0.0842 0.0977
vn 0.9951 0.0099 0.0980
vn 0.9874 0.1584 -0.0000
vn 0.9889 0.0099 0.1481
vn 0.9807 0.0099 0.1951
vn 0.9892 0.0100 0.1465
vn 0.9891 0.0099 0.1467
vn -0.0000 0.0100 1.0000
vn -0.0980 0.0099 0.9951
vn 0.9826 0.1584 0.0968
vn 0.9773 0.0842 0.1944
vn 0.9238 0.0100 0.3827
vn 0.9569 0.0099 0.2903
vn 0.9415 0.0100 0.3369
vn 0.9206 0.0842 0.3813
vn 0.9425 0.0100 0.3340
vn 0.9415 0.0099 0.3369
vn 0.9684 0.1584 0.1926
vn 0.9535 0.0842 0.2893
vn 0.9449 0.1584 0.2866
vn 0.9700 0.0094 0.2430
vn 0.9700 0.0100 0.2430
vn 0.9122 0.1584 0.3779
vn 0.9700 0.0098 0.2429
vn 0.8788 0.0842 0.4697
vn 0.8285 0.0842 0.5536
vn 0.8314 0.0099 0.5556
vn 0.8819 0.0099 0.4713
vn 0.8708 0.1584 0.4654
vn 0.9039 0.0099 0.4277
vn 0.9039 0.0103 0.4276
vn 0.8578 0.0099 0.5139
vn 0.8603 0.0096 0.5097
vn 0.8210 0.1584 0.5486
vn 0.7703 0.0842 0.6321
vn 0.7730 0.0099 0.6344
vn 0.8032 0.0095 0.5956
vn 0.8030 0.0097 0.5959
vn 0.8032 0.0100 0.5957
vn 0.8031 0.0100 0.5958
vn 0.7633 0.1584 0.6264
vn 0.7070 0.0102 0.7071
vn 0.6713 0.0099 0.7411
vn 0.6714 0.0103 0.7410
vn 0.6982 0.1584 0.6982
vn 0.7046 0.0840 0.7047
vn 0.6344 0.0099 0.7730
vn 0.6322 0.0841 0.7702
vn 0.5536 0.0842 0.8285
vn 0.5556 0.0098 0.8314
vn 0.6264 0.1584 0.7633
vn 0.0536 0.0097 0.9985
vn 0.0492 0.0099 0.9987
vn 0.7040 0.0075 0.7102
vn 0.7366 0.0092 0.6762
vn 0.5486 0.1584 0.8210
vn 0.4697 0.0842 0.8788
vn 0.3813 0.0841 0.9206
vn 0.3826 0.0099 0.9238
vn 0.4714 0.0099 0.8818
vn 0.5141 0.0098 0.8577
vn 0.4654 0.1584 0.8708
vn 0.5141 0.0100 0.8577
vn 0.5142 0.0099 0.8576
vn 0.3369 0.0100 0.9415
vn 0.3368 0.0100 0.9415
vn 0.3369 0.0097 0.9415
vn 0.3370 0.0095 0.9415
vn 0.3779 0.1584 0.9122
vn 0.2903 0.0099 0.9569
vn 0.2866 0.1584 0.9449
vn 0.2893 0.0842 0.9535
vn 0.7409 0.0099 0.6716
vn 0.1944 0.0842 0.9773
vn 0.1951 0.0099 0.9807
vn 0.1926 0.1584 0.9684
vn 0.1468 0.0099 0.9891
vn 0.0968 0.1584 0.9826
vn 0.0977 0.0842 0.9917
vn 0.9889 0.0101 -0.1479
vn 0.9890 0.0102 -0.1477
vn 0.9890 0.0100 -0.1477
vn 0.2430 0.0099 0.9700
vn -0.0491 0.0100 0.9987
vn 0.9042 0.0099 -0.4270
vn 0.9039 0.0099 -0.4277
vn 0.9039 0.0099 -0.4276
vn 0.0303 0.9995 -0.0092
vn 0.0311 0.9995 -0.0062
vn 0.0317 0.9995 -0.0000
vn 0.0315 0.9995 0.0031
vn 0.0092 0.9995 -0.0303
vn 0.0121 0.9995 -0.0293
vn 0.0303 0.9995 0.0092
vn 0.0293 0.9995 0.0121
vn 0.0062 0.9995 0.0311
vn 0.0031 0.9995 0.0315
vn 0.0263 0.9995 0.0176
vn 0.0245 0.9995 0.0201
vn 0.0201 0.9995 0.0245
vn 0.0176 0.9995 0.0263
vn 0.0176 0.9995 -0.0263
vn 0.0201 0.9995 -0.0245
vn 0.0121 0.9995 0.0293
vn 0.0092 0.9995 0.0303
vn 0.0016 0.9995 0.0317
vn 0.0245 0.9995 -0.0201
vn 0.0263 0.9995 -0.0176
vn 0.0149 0.9995 0.0279
vn 0.0224 0.9995 0.0224
vn 0.0279 0.9995 0.0149
vn 0.0293 0.9995 -0.0121
vn 0.0311 0.9995 0.0062
vn 0.0315 0.9995 -0.0031
vn 0.0279 0.9995 -0.0149
vn 0.0224 0.9995 -0.0224
vn 0.0149 0.9995 -0.0279
vn 0.0062 0.9995 -0.0311
vn 0.0031 0.9995 -0.0315
vn 0.0016 0.9995 -0.0317
vn 0.0023 1.0000 0.0023
vn -0.0000 1.0000 -0.0000
vn 0.0013 1.0000 0.0030
vn -0.0030 1.0000 -0.0013
vn -0.0033 1.0000 -0.0000
vn -0.0000 1.0000 0.0033
vn 0.0030 1.0000 -0.0013
vn 0.0033 1.0000 -0.0000
vn -0.0030 1.0000 0.0013
vn -0.0023 1.0000 -0.0023
vn 0.0030 1.0000 0.0013
vn -0.0023 1.0000 0.0023
vn -0.0013 1.0000 0.0030
vn -0.0000 1.0000 -0.0033
vn -0.0013 1.0000 -0.0030
vn 0.0023 1.0000 -0.0023
vn 0.0013 1.0000 -0.0030
vn -0.2482 0.0118 0.9686
vn -0.2467 0.0158 0.9690
vn 0.8577 0.0099 -0.5141
vn 0.8580 0.0099 -0.5135
vn 0.8318 0.0100 -0.5550
vn 0.2431 0.0100 0.9699
vn 0.2430 0.0100 0.9700
vn -0.4276 0.0099 0.9039
vn -0.3137 0.0391 0.9487
vn 0.3370 0.0099 -0.9415
vn 0.3368 0.0099 -0.9415
vn -0.3251 0.0104 0.9456
vn -0.3278 0.0072 0.9447
vn -0.3251 0.0098 0.9456
vn 0.7052 0.0132 0.7088
vn 0.6756 0.0104 0.7372
vn 0.0304 0.9877 0.1531
vn 0.0153 0.9877 0.1553
vn 0.0867 0.9877 0.1298
vn 0.0736 0.9877 0.1377
vn 0.0597 0.9877 0.1442
vn 0.0453 0.9877 0.1494
vn 0.1206 0.9877 0.0990
vn 0.1104 0.9877 0.1104
vn 0.0990 0.9877 0.1207
vn 0.1553 0.9877 0.0153
vn 0.1531 0.9877 0.0305
vn 0.1494 0.9877 0.0453
vn 0.1442 0.9877 0.0597
vn 0.1531 0.9877 -0.0305
vn 0.1553 0.9877 -0.0153
vn 0.1561 0.9877 -0.0000
vn 0.1104 0.9877 -0.1104
vn 0.1206 0.9877 -0.0990
vn 0.1298 0.9877 -0.0867
vn 0.1377 0.9877 -0.0736
vn 0.0736 0.9877 -0.1377
vn 0.0867 0.9877 -0.1298
vn 0.0990 0.9877 -0.1207
vn 0.0153 0.9877 -0.1553
vn 0.0304 0.9877 -0.1531
vn 0.0077 0.9877 -0.1561
vn 0.0453 0.9877 -0.1494
vn 0.0597 0.9877 -0.1442
vn 0.1442 0.9877 -0.0597
vn 0.1494 0.9877 -0.0453
vn 0.1377 0.9877 0.0736
vn 0.1298 0.9877 0.0867
vn 0.0077 0.9877 0.1561
vn -0.1035 0.0296 0.9942
vn -0.7719 0.0394 0.6345
vn -0.7083 0.0393 0.7048
vn -0.0959 0.0768 -0.9924
vn -0.1822 0.0750 -0.9804
vn -0.5623 0.0370 0.8261
vn -0.4790 0.0353 0.8771
vn -0.3907 0.0336 0.9199
vn -0.0026 0.0288 0.9996
vn 0.1025 0.0290 0.9943
vn -0.6385 0.0385 0.7687
vn 0.2076 0.0306 0.9777
vn 0.3113 0.0340 0.9497
vn 0.4093 0.0389 0.9116
vn 0.4914 0.0441 0.8698
vn 0.5676 0.0479 0.8219
vn 0.6412 0.0504 0.7657
vn 0.7085 0.0517 0.7039
vn 0.7722 0.0520 0.6333
vn 0.8317 0.0523 0.5528
vn 0.8805 0.0524 0.4711
vn 0.9207 0.0519 0.3867
vn 0.9535 0.0507 0.2971
vn 0.9771 0.0487 0.2071
vn 0.9928 0.0462 0.1109
vn 0.9989 0.0434 0.0153
vn 0.9959 0.0403 -0.0811
vn 0.9830 0.0372 -0.1799
vn 0.9604 0.0344 -0.2765
vn 0.9266 0.0322 -0.3747
vn 0.8830 0.0311 -0.4683
vn 0.8311 0.0308 -0.5553
vn 0.7683 0.0314 -0.6393
vn 0.6991 0.0331 -0.7143
vn 0.6235 0.0354 -0.7810
vn 0.4414 0.0443 -0.8962
vn 0.5364 0.0389 -0.8430
vn 0.3432 0.0516 -0.9378
vn 0.2508 0.0596 -0.9662
vn 0.1574 0.0675 -0.9852
vn 0.0742 0.0736 -0.9945
vn -0.0071 0.0764 -0.9970
vn -0.2685 0.0711 -0.9606
vn -0.3408 0.0644 -0.9379
vn -0.4279 0.0554 -0.9021
vn -0.5342 0.0483 -0.8440
vn -0.6309 0.0455 -0.7745
vn -0.7078 0.0453 -0.7049
vn -0.7724 0.0456 -0.6336
vn -0.8303 0.0455 -0.5555
vn -0.8794 0.0451 -0.4740
vn -0.9203 0.0441 -0.3886
vn -0.9529 0.0424 -0.3003
vn -0.9773 0.0400 -0.2082
vn -0.9935 0.0378 -0.1074
vn -0.9993 0.0365 -0.0040
vn -0.9947 0.0359 0.0961
vn -0.9799 0.0358 0.1965
vn -0.9548 0.0364 0.2950
vn -0.9209 0.0375 0.3879
vn -0.8792 0.0385 0.4748
vn -0.8294 0.0391 0.5573
vn -0.5140 0.0099 0.8577
vn -0.6202 0.0379 0.7835
vn -0.3314 0.0119 0.9434
vn -0.3298 0.0131 0.9440
vn 0.2431 0.0099 0.9700
vn 0.2429 0.0100 0.9700
vn 0.9700 0.0099 -0.2431
vn 0.9700 0.0100 -0.2429
vn -0.9891 0.0100 -0.1467
vn -0.9891 0.0100 -0.1466
vn -0.9891 0.0098 -0.1467
vn -0.4116 -0.8131 -0.4116
vn -0.4499 -0.8131 -0.3693
vn -0.0286 -0.8128 -0.5818
vn -0.0571 -0.8131 -0.5793
vn -0.2744 -0.8131 -0.5133
vn -0.3234 -0.8131 -0.4840
vn -0.5570 -0.8131 -0.1690
vn -0.5709 -0.8131 -0.1136
vn -0.4840 -0.8131 0.3234
vn -0.4499 -0.8131 0.3693
vn -0.0571 -0.8131 0.5793
vn -0.0286 -0.8128 0.5818
vn -0.3693 -0.8131 -0.4499
vn -0.5133 -0.8131 0.2744
vn -0.1136 -0.8131 -0.5709
vn -0.4840 -0.8131 -0.3234
vn -0.5133 -0.8131 -0.2744
vn -0.5378 -0.8131 0.2227
vn -0.4116 -0.8131 0.4116
vn -0.5709 -0.8131 0.1136
vn -0.5570 -0.8131 0.1690
vn -0.3693 -0.8131 0.4499
vn -0.3234 -0.8131 0.4840
vn -0.1136 -0.8131 0.5709
vn -0.2744 -0.8131 0.5133
vn -0.1690 -0.8131 0.5570
vn -0.2227 -0.8131 0.5378
vn -0.5793 -0.8131 -0.0571
vn -0.2227 -0.8131 -0.5378
vn -0.1690 -0.8131 -0.5570
vn -0.5378 -0.8131 -0.2227
vn -0.5821 -0.8131 -0.0000
vn -0.5793 -0.8131 0.0571
vn 0.0205 -0.9997 0.0162
vn -0.5009 -0.7220 -0.4772
vn -0.5227 -0.7264 -0.4464
vn 0.0297 -0.9994 0.0198
vn -0.0176 -0.9996 -0.0225
vn 0.4001 -0.7371 0.5446
vn 0.4866 -0.7368 0.4695
vn -0.0208 -0.9996 -0.0205
vn -0.0127 -0.9996 -0.0237
vn 0.3158 -0.7415 0.5920
vn 0.3807 -0.7113 0.5908
vn -0.0150 -0.9996 -0.0228
vn 0.0031 -0.9997 0.0233
vn -0.0325 -0.7398 -0.6721
vn -0.1777 -0.7431 -0.6452
vn 0.0072 -0.9997 0.0247
vn -0.0011 -0.9987 -0.0519
vn 0.1380 -0.7368 0.6619
vn 0.2465 -0.7541 0.6088
vn -0.0106 -0.9992 -0.0392
vn -0.0287 -0.9995 -0.0117
vn 0.5944 -0.7343 0.3279
vn 0.6302 -0.7482 0.2075
vn -0.0393 -0.9992 -0.0098
vn 0.0417 -0.9991 -0.0091
vn -0.6631 -0.7313 0.1596
vn -0.6553 -0.7274 0.2037
vn 0.0388 -0.9992 -0.0119
vn -0.0441 -0.9989 0.0180
vn 0.6022 -0.7615 -0.2399
vn 0.6239 -0.7113 -0.3238
vn -0.0437 -0.9988 0.0230
vn -0.0382 -0.9989 0.0266
vn 0.5016 -0.7777 -0.3788
vn 0.4989 -0.7034 -0.5064
vn -0.0292 -0.9992 0.0268
vn -0.0018 -0.9998 0.0185
vn 0.0651 -0.7209 -0.6900
vn 0.0207 -0.7213 -0.6923
vn -0.0003 -0.9998 0.0188
vn 0.0164 -0.9998 0.0148
vn -0.4900 -0.7164 -0.4967
vn 0.0143 -0.9998 0.0147
vn -0.4763 -0.7185 -0.5068
vn 0.0229 -0.9995 -0.0196
vn -0.5001 -0.7480 0.4362
vn -0.4788 -0.7116 0.5141
vn 0.0199 -0.9996 -0.0206
vn 0.0190 -0.9996 -0.0219
vn -0.4655 -0.7250 0.5077
vn -0.4438 -0.7218 0.5310
vn 0.0197 -0.9995 -0.0265
vn 0.0556 -0.9984 0.0116
vn -0.6619 -0.7344 -0.1502
vn -0.6588 -0.7496 -0.0642
vn 0.0584 -0.9983 0.0058
vn -0.0332 -0.9994 0.0052
vn 0.6913 -0.7186 -0.0757
vn 0.6695 -0.7346 -0.1100
vn -0.0404 -0.9991 0.0098
vn 0.0257 -0.9995 -0.0167
vn -0.5838 -0.7238 0.3678
vn -0.0418 -0.9991 -0.0029
vn 0.6444 -0.7646 0.0131
vn 0.6975 -0.7114 -0.0865
vn -0.0350 -0.9994 0.0021
vn -0.0221 -0.9996 -0.0177
vn 0.5469 -0.7234 0.4214
vn 0.5832 -0.7446 0.3248
vn -0.0224 -0.9997 -0.0139
vn 0.0222 -0.9986 -0.0490
vn -0.2949 -0.7550 0.5857
vn -0.2125 -0.7344 0.6446
vn 0.0187 -0.9981 -0.0594
vn -0.0221 -0.9997 -0.0106
vn 0.6249 -0.7004 0.3450
vn 0.0007 -0.9977 -0.0677
vn -0.0760 -0.7409 0.6672
vn 0.0287 -0.7518 0.6587
vn -0.0008 -0.9981 -0.0619
vn -0.0232 -0.9994 0.0243
vn 0.4427 -0.7486 -0.4936
vn 0.4349 -0.7058 -0.5592
vn -0.0197 -0.9995 0.0246
vn -0.0109 -0.9995 -0.0280
vn 0.3108 -0.7015 0.6414
vn 0.2587 -0.7172 0.6470
vn -0.0101 -0.9996 -0.0247
vn -0.0037 -0.9998 0.0181
vn 0.1446 -0.7343 -0.6633
vn 0.0474 -0.9989 -0.0058
vn -0.6714 -0.7337 0.1043
vn 0.0549 -0.9985 -0.0012
vn -0.6721 -0.7395 0.0368
vn -0.1446 -0.7481 0.6477
vn 0.0136 -0.9978 -0.0656
vn 0.0130 -0.9998 0.0156
vn -0.4485 -0.7215 -0.5274
vn 0.0223 -0.9991 -0.0361
vn -0.4044 -0.7327 0.5473
vn 0.0008 -0.9998 0.0203
vn 0.0189 -0.7077 -0.7062
vn 0.0279 -0.9995 -0.0165
vn -0.5895 -0.7086 0.3877
vn 0.3864 -0.7422 -0.5476
vn -0.0178 -0.9995 0.0259
vn -0.5820 -0.7554 0.3010
vn 0.0341 -0.9993 -0.0154
vn 0.2914 -0.7338 -0.6137
vn -0.0142 -0.9995 0.0278
vn 0.0527 -0.9985 0.0159
vn -0.6507 -0.7343 -0.1935
vn 0.0439 -0.9988 0.0203
vn -0.5637 -0.7660 -0.3090
vn 0.0122 -0.9997 0.0209
vn -0.3672 -0.7478 -0.5531
vn -0.4531 -0.7093 -0.5400
vn 0.0130 -0.9998 0.0175
vn -0.2792 -0.7237 -0.6312
vn 0.0101 -0.9997 0.0238
vn -0.0076 -0.9997 0.0250
vn 0.0940 -0.7703 -0.6307
vn 0.0837 -0.6739 -0.7340
vn -0.0040 -0.9998 0.0200
vn 0.6896 -0.7210 -0.0686
vn -0.0311 -0.9995 0.0031
vn -0.0215 -0.9997 -0.0105
vn 0.6452 -0.7104 0.2812
vn 0.8032 0.0098 -0.5957
vn 0.8032 0.0099 -0.5956
vn 0.8032 0.0100 -0.5956
vn 0.8031 0.0100 -0.5957
vn -0.9414 0.0100 -0.3370
vn -0.9415 0.0099 -0.3370
vn -0.9423 0.0101 -0.3346
vn -0.9125 0.0100 -0.4089
vn -0.9702 0.0099 -0.2420
vn -0.9701 0.0103 -0.2426
vn -0.9699 0.0099 -0.2431
vn -0.9700 0.0101 -0.2431
vn -0.9892 0.0099 -0.1465
vn -0.9891 0.0099 -0.1470
vn -0.9891 0.0100 -0.1468
vn -0.9891 0.0099 -0.1467
vn -0.9891 0.0099 -0.1468
vn -0.9987 0.0098 0.0492
vn -0.9988 0.0099 0.0489
vn -0.9987 0.0100 0.0490
vn -0.9987 0.0099 0.0493
vn -0.9698 0.0099 0.2438
vn -0.9841 0.0099 0.1771
vn -0.9702 0.0184 0.2416
vn -0.9415 0.0100 0.3369
vn -0.9415 0.0099 0.3370
vn -0.9415 0.0098 0.3367
vn -0.8577 0.0100 0.5140
vn -0.8578 0.0099 0.5139
vn -0.8575 0.0099 0.5144
vn -0.8576 0.0098 0.5142
vn -0.7594 -0.1041 0.6422
vn -0.7416 0.1275 0.6586
vn -0.2255 0.1342 0.9649
vn -0.8031 0.0099 0.5957
vn -0.9093 0.0266 0.4152
vn -0.8270 0.0489 0.5600
vn -0.8034 0.0100 0.5953
vn -0.3047 -0.0020 0.9524
vn -0.2199 -0.0340 0.9749
vn -0.7285 -0.0325 0.6843
vn -0.6278 -0.0014 0.7784
vn -0.3252 0.0100 0.9456
vn -0.3247 0.0102 0.9457
vn -0.3218 0.0099 0.9467
vn -0.3280 0.0049 0.9447
vn -0.3253 0.0099 0.9456
vn -0.2976 0.0164 0.9545
vn -0.2538 0.0127 0.9672
vn 0.0536 0.0102 0.9985
vn -0.3369 0.0156 0.9414
vn -0.0489 0.0099 0.9988
vn -0.2979 0.0147 0.9545
vn -0.0490 0.0100 0.9987
vn -0.0490 0.0098 0.9988
vn -0.0497 0.0099 0.9987
vn -0.0492 0.0098 0.9987
vn -0.0491 0.0098 0.9987
vn 0.2429 0.0099 0.9700
vn 0.2428 0.0099 0.9700
vn 0.2439 0.0099 0.9697
vn 0.1062 0.0095 0.9943
vn 0.1467 0.0100 0.9891
vn 0.1059 0.0103 0.9943
vn 0.1466 0.0099 0.9891
vn 0.3353 0.0099 0.9421
vn 0.3366 0.0097 0.9416
vn 0.3370 0.0099 0.9415
vn 0.3370 0.0100 0.9414
vn 0.5139 0.0096 0.8578
vn 0.5139 0.0100 0.8578
vn 0.5143 0.0095 0.8576
vn 0.5144 0.0100 0.8575
vn 0.6720 0.0099 0.7405
vn 0.6714 0.0099 0.7410
vn 0.6167 0.0113 0.7871
vn 0.5956 0.0145 0.8031
vn 0.6715 0.0104 0.7409
vn 0.6322 0.0120 0.7747
vn 0.7369 0.0109 0.6759
vn 0.6724 0.0099 0.7402
vn 0.8032 0.0097 0.5956
vn 0.6752 0.0098 0.7375
vn 0.8021 0.0099 0.5971
vn 0.8032 0.0100 0.5956
vn 0.8033 0.0100 0.5955
vn 0.8598 0.0122 0.5105
vn 0.8879 0.0149 0.4598
vn 0.9040 0.0099 0.4275
vn 0.8862 0.0094 0.4632
vn 0.9415 0.0101 0.3369
vn 0.9424 0.0098 0.3343
vn 0.9415 0.0099 0.3370
vn 0.9121 0.0099 0.4099
vn 0.9699 0.0097 0.2432
vn 0.9699 0.0099 0.2435
vn 0.9700 0.0100 0.2428
vn 0.9891 0.0099 0.1468
vn 0.9891 0.0098 0.1467
vn 0.9891 0.0100 0.1469
vn 0.9891 0.0100 0.1467
vn 0.9891 0.0100 0.1466
vn 0.9987 0.0100 -0.0490
vn 0.9987 0.0099 -0.0494
vn 0.9988 0.0099 -0.0489
vn 0.9987 0.0099 -0.0490
vn 0.9890 0.0103 -0.1478
vn 0.9889 0.0103 -0.1481
vn 0.9890 0.0107 -0.1474
vn 0.9890 0.0105 -0.1478
vn 0.9889 0.0106 -0.1482
vn 0.9422 0.0103 -0.3349
vn 0.9582 0.0105 -0.2859
vn 0.9040 0.0098 -0.4274
vn 0.9039 0.0098 -0.4275
vn 0.9040 0.0100 -0.4274
vn 0.9039 0.0100 -0.4275
vn 0.9700 0.0099 -0.2428
vn 0.9582 0.0095 -0.2860
vn 0.9039 0.0100 -0.4276
vn 0.8031 0.0099 -0.5958
vn 0.8580 0.0100 -0.5135
vn 0.8591 0.0091 -0.5118
vn 0.8034 0.0099 -0.5954
vn 0.8033 0.0100 -0.5955
vn 0.6714 0.0099 -0.7410
vn 0.6715 0.0099 -0.7410
vn 0.8031 0.0099 -0.5957
vn 0.6715 0.0100 -0.7410
vn 0.5140 0.0101 -0.8578
vn 0.5142 0.0102 -0.8576
vn 0.6716 0.0098 -0.7408
vn 0.6715 0.0100 -0.7409
vn 0.6715 0.0098 -0.7409
vn 0.5142 0.0099 -0.8576
vn 0.2432 0.0099 -0.9699
vn 0.5130 0.0100 -0.8584
vn 0.5135 0.0111 -0.8580
vn 0.4237 0.0093 -0.9058
vn 0.3749 0.0107 -0.9270
vn 0.2428 0.0099 -0.9700
vn 0.3747 0.0089 -0.9271
vn 0.3368 0.0100 -0.9415
vn 0.2429 0.0100 -0.9700
vn 0.2429 0.0099 -0.9700
vn 0.0896 0.0135 -0.9959
vn 0.0490 0.0099 -0.9988
vn 0.0925 0.0096 -0.9957
vn -0.0492 0.0098 -0.9987
vn 0.1438 0.0097 -0.9896
vn -0.0488 0.0099 -0.9988
vn -0.0489 0.0100 -0.9988
vn -0.0494 0.0100 -0.9987
vn -0.2431 0.0098 -0.9700
vn -0.2428 0.0099 -0.9700
vn -0.2429 0.0100 -0.9700
vn -0.2432 0.0099 -0.9699
vn -0.3390 0.0105 -0.9407
vn -0.4027 0.0097 -0.9153
vn -0.5141 0.0098 -0.8576
vn -0.3369 0.0100 -0.9415
vn -0.3393 0.0096 -0.9406
vn -0.5142 0.0100 -0.8576
vn -0.5143 0.0100 -0.8576
vn -0.5136 0.0099 -0.8580
vn -0.6715 0.0099 -0.7410
vn -0.6715 0.0098 -0.7409
vn -0.6715 0.0100 -0.7409
vn -0.6716 0.0098 -0.7408
vn -0.7410 0.0099 -0.6715
vn -0.7394 0.0100 -0.6732
vn -0.7402 0.0117 -0.6723
vn -0.7410 0.0099 -0.6714
vn -0.8577 0.0098 -0.5140
vn -0.8576 0.0099 -0.5142
vn -0.8576 0.0100 -0.5141
vn -0.8579 0.0099 -0.5138
vn 0.6093 -0.3768 0.6977
vn 0.2774 0.9238 0.2638
vn -0.7905 0.3827 -0.4782
vn 0.9226 -0.3826 -0.0491
vn 0.2206 0.9238 0.3129
vn -0.8712 0.3826 -0.3077
vn -0.1203 0.9239 0.3633
vn 0.3416 -0.9240 0.1717
vn -0.1889 0.9238 0.3330
vn -0.9233 0.3816 0.0437
vn 0.6224 0.3821 0.6831
vn 0.7944 0.3826 -0.4717
vn 0.0096 -0.9238 0.3827
vn -0.2208 0.3825 0.8972
vn -0.2281 -0.3829 0.8952
vn 0.2896 0.9239 -0.2501
vn 0.7904 -0.3829 -0.4782
vn 0.7905 0.3826 -0.4782
vn -0.8440 -0.3774 0.3810
vn 0.8971 0.3827 -0.2208
vn 0.9230 0.3826 -0.0415
vn -0.3860 0.9223 -0.0184
vn -0.0279 0.9238 -0.3818
vn -0.3066 -0.3829 -0.8714
vn -0.0471 -0.9239 0.3797
vn -0.1375 0.9239 0.3570
vn -0.0841 -0.9239 0.3734
vn 0.2353 -0.9239 -0.3019
vn 0.2895 -0.9239 -0.2500
vn -0.9226 -0.3824 0.0513
vn 0.7944 -0.3827 -0.4717
vn 0.8953 -0.3826 -0.2282
vn -0.3633 0.9239 0.1203
vn -0.6233 -0.3826 0.6820
vn 0.5977 0.4528 -0.6616
vn 0.0657 -0.9238 0.3772
vn -0.8683 -0.3834 -0.3147
vn 0.2563 -0.9335 -0.2507
vn -0.3647 -0.9239 -0.1157
vn -0.7941 -0.3834 -0.4715
vn 0.3689 0.9239 -0.1019
vn 0.8953 0.3826 -0.2282
vn 0.0936 0.9222 0.3751
vn -0.0471 0.9238 0.3799
vn -0.2353 0.9238 -0.3019
vn 0.6819 -0.3829 0.6232
vn -0.3817 0.9238 -0.0279
vn 0.1553 0.9238 0.3498
vn -0.9226 0.3826 -0.0491
vn -0.6870 -0.3829 0.6176
vn 0.3496 0.9240 0.1552
vn -0.3733 0.9239 0.0841
vn -0.3517 0.9166 -0.1899
vn -0.0841 0.9239 0.3734
vn -0.1203 -0.9239 0.3633
vn -0.1781 -0.9213 0.3457
vn -0.5534 0.3826 0.7398
vn -0.8685 -0.3830 0.3148
vn -0.0652 0.9239 0.3771
vn -0.9229 -0.3829 -0.0415
vn 0.1114 -0.9221 0.3705
vn -0.1375 -0.9239 0.3571
vn -0.1019 0.9238 0.3690
vn 0.5979 0.3254 0.7326
vn -0.1341 0.5115 -0.8487
vn -0.4781 0.3830 -0.7904
vn 0.6253 -0.3832 -0.6799
vn -0.6820 0.3826 0.6233
vn 0.3329 0.9238 -0.1889
vn -0.3646 -0.9212 0.1355
vn 0.3690 -0.9238 -0.1019
vn 0.3818 -0.9238 -0.0279
vn 0.3835 0.9219 0.0546
vn -0.3234 -0.9239 -0.2045
vn -0.2897 0.9238 -0.2502
vn -0.5472 -0.3830 0.7442
vn -0.0096 -0.9238 -0.3826
vn 0.6871 0.3826 0.6177
vn -0.7398 0.3764 0.5578
vn 0.0279 0.9238 0.3818
vn -0.8712 0.3826 0.3077
vn 0.8953 0.3826 0.2282
vn 0.7944 -0.3826 0.4717
vn -0.4117 0.8474 0.3353
vn 0.1719 -0.9239 0.3420
vn -0.4717 0.3828 -0.7944
vn 0.0279 -0.9238 0.3818
vn -0.2205 -0.9239 0.3127
vn -0.2046 -0.9238 0.3235
vn -0.8953 -0.3826 0.2282
vn 0.2537 -0.9082 0.3329
vn -0.4782 -0.3826 -0.7905
vn -0.3077 0.3826 -0.8712
vn -0.3148 -0.3829 -0.8685
vn 0.0814 -0.9233 0.3753
vn -0.1490 -0.3789 -0.9134
vn 0.3235 -0.9239 -0.2046
vn -0.2896 -0.9239 0.2501
vn 0.3735 0.9238 -0.0841
vn 0.3827 0.9238 -0.0096
vn 0.3870 -0.9215 0.0341
vn 0.8971 -0.3827 0.2208
vn 0.7904 0.3830 0.4782
vn -0.2774 -0.9238 -0.2638
vn 0.2897 -0.9238 0.2502
vn -0.1888 -0.9239 -0.3329
vn 0.0491 -0.3826 0.9226
vn 0.3330 -0.9238 -0.1889
vn -0.1407 0.3827 -0.9131
vn -0.1327 -0.3826 -0.9143
vn -0.2045 0.9239 -0.3234
vn -0.3249 0.9236 -0.2034
vn -0.8970 0.3829 0.2208
vn -0.1112 -0.9218 -0.3713
vn 0.2208 0.3826 0.8971
vn 0.2281 -0.3834 0.8950
vn 0.2897 0.9238 0.2502
vn -0.2353 0.9239 0.3019
vn -0.4764 0.3815 0.7921
vn -0.7944 0.3827 0.4717
vn -0.0662 0.9238 -0.3770
vn 0.9226 -0.3826 0.0491
vn 0.4717 0.3826 0.7944
vn -0.8971 -0.3827 0.2208
vn 0.8712 0.3826 -0.3077
vn 0.8722 -0.3832 0.3040
vn -0.3595 -0.9168 -0.1736
vn -0.9230 -0.3827 0.0415
vn -0.3713 -0.9221 -0.1088
vn -0.4698 -0.3824 0.7956
vn 0.3690 0.9238 0.1019
vn -0.7905 -0.3826 0.4782
vn -0.3571 -0.9239 0.1375
vn -0.3856 -0.9218 0.0404
vn 0.9229 0.3829 0.0415
vn -0.4717 -0.3826 -0.7944
vn 0.8746 0.3815 0.2992
vn -0.3027 0.9118 0.2774
vn -0.3341 -0.9237 -0.1877
vn 0.2353 -0.9238 0.3019
vn -0.2773 0.9239 -0.2637
vn -0.6871 0.3827 -0.6176
vn -0.6820 -0.3826 -0.6233
vn -0.5533 -0.3831 -0.7396
vn -0.5473 0.3826 -0.7444
vn -0.2046 -0.9238 -0.3235
vn -0.1203 0.9239 -0.3634
vn 0.0652 0.9238 -0.3772
vn -0.2774 0.9239 0.2638
vn 0.8684 -0.3832 -0.3148
vn -0.8953 0.3826 0.2282
vn -0.9226 0.3826 0.0491
vn -0.3854 -0.9220 -0.0376
vn -0.1889 0.9238 -0.3329
vn -0.1375 -0.9239 -0.3571
vn 0.1018 0.9239 0.3688
vn -0.0491 -0.3826 -0.9226
vn 0.2281 0.3829 -0.8952
vn 0.3505 0.3651 -0.8625
vn 0.8712 -0.3826 -0.3077
vn 0.4717 -0.3826 -0.7944
vn -0.3235 0.9239 0.2046
vn 0.3633 0.9238 -0.1210
vn -0.3735 -0.9238 0.0841
vn -0.3827 -0.9238 0.0096
vn -0.9223 -0.3834 -0.0491
vn 0.3734 -0.9238 0.0841
vn 0.3329 -0.9239 0.1888
vn 0.8378 -0.3824 0.3897
vn 0.0096 0.9238 0.3826
vn 0.1393 -0.3826 -0.9134
vn 0.3148 -0.3831 -0.8684
vn 0.2282 -0.3826 -0.8953
vn 0.3916 0.3826 -0.8368
vn 0.8685 0.3830 -0.3148
vn -0.0471 -0.9238 -0.3799
vn -0.3984 0.3829 -0.8335
vn 0.8935 -0.3835 0.2337
vn 0.3983 -0.3834 -0.8333
vn 0.1888 0.9239 0.3329
vn 0.6233 0.3826 -0.6820
vn 0.3626 0.9242 0.1199
vn -0.3689 -0.9239 0.1019
vn 0.1393 0.3826 -0.9133
vn 0.5473 0.3826 0.7443
vn -0.6819 0.3829 -0.6232
vn -0.3916 -0.3826 -0.8368
vn 0.8960 0.3813 0.2275
vn -0.2352 -0.9239 -0.3017
vn 0.4782 -0.3830 0.7904
vn -0.3615 0.9228 -0.1330
vn -0.3278 -0.8862 0.3275
vn 0.3077 0.3826 -0.8712
vn -0.9230 0.3826 -0.0415
vn 0.1318 0.3830 -0.9143
vn 0.3438 -0.3653 -0.8651
vn 0.2208 -0.3826 -0.8972
vn -0.0415 0.3827 -0.9229
vn 0.8348 0.3817 0.3967
vn 0.2208 0.3828 -0.8970
vn 0.5534 -0.3827 0.7398
vn 0.4782 0.3827 -0.7905
vn -0.2874 -0.9084 0.3036
vn 0.6175 -0.3830 -0.6870
vn -0.2868 -0.9221 0.2598
vn -0.3734 0.9238 -0.0841
vn 0.0471 0.9239 -0.3798
vn 0.1203 0.9239 -0.3633
vn 0.0841 0.9239 -0.3734
vn 0.1640 0.9224 -0.3496
vn -0.7293 -0.3732 0.5734
vn 0.9141 -0.3834 -0.1318
vn 0.1404 -0.3828 0.9131
vn 0.3818 -0.9238 0.0279
vn -0.3826 -0.9239 -0.0096
vn 0.0471 -0.9238 -0.3799
vn -0.6541 -0.4566 0.6030
vn -0.8718 -0.3844 -0.3036
vn 0.3733 -0.9239 -0.0841
vn 0.1318 -0.3827 -0.9144
vn -0.2205 0.9239 -0.3127
vn 0.4717 -0.3827 0.7944
vn 0.4782 0.3826 0.7905
vn 0.1203 -0.9239 0.3634
vn -0.0279 -0.9238 -0.3818
vn 0.1018 0.9239 -0.3689
vn 0.0415 0.3828 0.9229
vn 0.1203 -0.9239 -0.3633
vn 0.1889 -0.9238 -0.3330
vn 0.2637 0.9239 -0.2773
vn 0.3571 -0.9238 -0.1383
vn 0.3234 0.9239 0.2045
vn -0.6871 -0.3826 -0.6177
vn 0.2045 -0.9239 0.3234
vn 0.3633 -0.9239 -0.1203
vn -0.3235 -0.9238 0.2046
vn 0.9133 0.3826 -0.1393
vn -0.1719 0.9239 -0.3419
vn 0.1327 0.3826 0.9143
vn 0.3586 -0.9240 0.1330
vn -0.3690 0.9238 0.1019
vn -0.3818 0.9238 0.0279
vn -0.8705 0.3822 -0.3100
vn -0.6728 0.4216 0.6079
vn 0.6871 -0.3827 0.6176
vn 0.1375 -0.9239 -0.3571
vn 0.6898 0.3566 -0.6300
vn 0.5472 0.3830 -0.7442
vn -0.3641 0.9223 -0.1293
vn 0.6820 -0.3826 -0.6233
vn 0.6870 0.3829 -0.6176
vn 0.2352 0.9239 0.3017
vn 0.1889 -0.9238 0.3329
vn 0.3077 -0.3826 0.8712
vn 0.2282 0.3826 0.8953
vn -0.0096 0.9238 -0.3827
vn 0.0841 -0.9239 -0.3734
vn 0.1375 0.9239 -0.3571
vn 0.2046 0.9238 -0.3235
vn -0.7944 -0.3826 0.4717
vn 0.2739 -0.9085 -0.3157
vn -0.7904 0.3829 0.4782
vn -0.3581 0.9211 0.1529
vn -0.3690 -0.9238 -0.1019
vn -0.7904 -0.3830 -0.4782
vn 0.6820 0.3826 0.6233
vn 0.0652 -0.9239 -0.3771
vn 0.1019 -0.9238 -0.3690
vn 0.1817 -0.9221 -0.3417
vn 0.5534 -0.3826 -0.7398
vn 0.6350 -0.5231 -0.5685
vn 0.3819 0.9224 -0.0577
vn 0.0471 0.9238 0.3799
vn 0.3826 0.9239 0.0096
vn -0.1553 -0.9238 -0.3498
vn 0.3519 0.9218 0.1625
vn 0.3747 0.9223 0.0944
vn 0.8970 -0.3829 -0.2208
vn -0.5473 -0.3826 -0.7443
vn -0.5534 0.3827 -0.7398
vn -0.7944 0.3826 -0.4717
vn -0.8749 -0.3826 -0.2969
vn -0.8722 0.3832 -0.3040
vn 0.2207 -0.3832 0.8969
vn 0.3148 0.3829 0.8685
vn 0.2205 0.9239 -0.3127
vn 0.3691 -0.9216 0.1199
vn -0.3578 -0.9223 -0.1465
vn -0.3138 0.3821 -0.8692
vn -0.1286 0.9220 -0.3653
vn -0.1393 0.3825 0.9134
vn -0.3510 0.3648 0.8624
vn -0.3443 -0.3651 0.8650
vn -0.8971 0.3827 -0.2208
vn 0.3530 0.8748 -0.3317
vn -0.3869 0.9219 0.0222
vn 0.3916 0.3826 0.8368
vn 0.3984 -0.3829 0.8335
vn 0.8333 -0.3834 0.3983
vn 0.8368 0.3827 0.3916
vn -0.3591 0.9238 -0.1325
vn -0.1318 0.3827 0.9144
vn -0.2206 -0.9238 -0.3128
vn 0.2773 -0.9239 0.2637
vn -0.2897 -0.9238 -0.2502
vn 0.3593 -0.9218 0.1459
vn -0.1962 0.9218 0.3342
vn -0.2282 0.3826 0.8953
vn 0.1375 0.9239 0.3571
vn 0.0415 -0.3827 0.9229
vn 0.0491 0.3826 0.9226
vn -0.1018 -0.9239 0.3689
vn -0.3077 0.3826 0.8712
vn -0.4717 0.3826 0.7944
vn -0.4782 -0.3827 0.7905
vn -0.2501 0.9239 0.2896
vn 0.2774 -0.9239 -0.2638
vn -0.1393 -0.3826 0.9133
vn -0.8412 0.3767 0.3879
vn -0.2208 -0.3828 0.8970
vn 0.9138 0.3820 0.1379
vn 0.9146 -0.3828 0.1305
vn -0.8953 -0.3826 -0.2282
vn -0.3329 0.9239 -0.1888
vn -0.0415 -0.3828 -0.9229
vn -0.0491 0.3826 -0.9226
vn -0.3148 -0.3830 0.8684
vn -0.1318 -0.3830 0.9143
vn 0.3845 -0.9223 -0.0396
vn 0.2046 0.9238 0.3235
vn -0.6175 0.3830 0.6870
vn -0.3329 -0.9238 0.1889
vn -0.0652 -0.9238 0.3772
vn -0.0942 -0.9209 -0.3783
vn -0.0733 0.9202 -0.3845
vn 0.3571 0.9239 -0.1375
vn -0.3330 0.9238 0.1889
vn 0.3235 0.9238 -0.2046
vn 0.2802 0.9111 -0.3022
vt 0.523048 0.254009
vt 0.541569 0.254009
vt 0.541569 0.276677
vt 0.523048 0.276677
vt 0.393119 0.254009
vt 0.411644 0.254009
vt 0.411644 0.276677
vt 0.393118 0.276677
vt 0.374577 0.254009
vt 0.374577 0.276677
vt 0.356024 0.254009
vt 0.356024 0.276677
vt 0.337483 0.254009
vt 0.337483 0.276677
vt 0.318963 0.254009
vt 0.318963 0.245752
vt 0.337483 0.245752
vt 0.300432 0.254009
vt 0.318963 0.276677
vt 0.300432 0.276677
vt 0.281273 0.254009
vt 0.281273 0.245752
vt 0.300432 0.245752
vt 0.262707 0.254009
vt 0.281273 0.276677
vt 0.262707 0.276677
vt 0.244192 0.254009
vt 0.244192 0.245751
vt 0.262707 0.245751
vt 0.225652 0.254009
vt 0.244192 0.276677
vt 0.225652 0.276677
vt 0.206581 0.254009
vt 0.206581 0.276676
vt 0.188069 0.254009
vt 0.188069 0.276677
vt 0.169343 0.254009
vt 0.169343 0.245751
vt 0.188069 0.245751
vt 0.150833 0.254009
vt 0.169343 0.276677
vt 0.150833 0.276677
vt 0.132333 0.254009
vt 0.132333 0.245751
vt 0.150833 0.245751
vt 0.113830 0.254009
vt 0.132333 0.276677
vt 0.113830 0.276677
vt 0.095332 0.254009
vt 0.095332 0.245751
vt 0.113830 0.245751
vt 0.076804 0.254009
vt 0.095332 0.276676
vt 0.076804 0.276676
vt 0.058285 0.254009
vt 0.058285 0.245751
vt 0.076804 0.245751
vt 0.039759 0.254009
vt 0.058285 0.276676
vt 0.039759 0.276676
vt 0.020932 0.254008
vt 0.020932 0.245751
vt 0.039759 0.245751
vt 0.002443 0.254009
vt 0.020932 0.276676
vt 0.002443 0.276676
vt 0.586762 0.027674
vt 0.605584 0.027674
vt 0.605584 0.050044
vt 0.586762 0.050044
vt 0.567952 0.027674
vt 0.567952 0.050044
vt 0.549138 0.027674
vt 0.549138 0.050044
vt 0.530263 0.027674
vt 0.530263 0.050044
vt 0.417219 0.027674
vt 0.417219 0.019525
vt 0.436090 0.019525
vt 0.436090 0.027674
vt 0.492579 0.027674
vt 0.511418 0.027674
vt 0.511418 0.050044
vt 0.492579 0.050044
vt 0.996334 0.476524
vt 0.901652 0.476526
vt 0.901652 0.495490
vt 0.996334 0.495491
vt 0.511418 0.019525
vt 0.530263 0.019525
vt 0.454884 0.027674
vt 0.454884 0.050044
vt 0.436090 0.050044
vt 0.473730 0.027674
vt 0.473730 0.050044
vt 0.398399 0.027674
vt 0.417218 0.050044
vt 0.398399 0.050044
vt 0.379582 0.027674
vt 0.379582 0.050044
vt 0.360761 0.027674
vt 0.360761 0.019525
vt 0.379582 0.019525
vt 0.341942 0.027674
vt 0.360761 0.050044
vt 0.341942 0.050044
vt 0.323113 0.027674
vt 0.323113 0.050044
vt 0.304295 0.027674
vt 0.304295 0.019525
vt 0.323113 0.019525
vt 0.284846 0.027674
vt 0.284846 0.019525
vt 0.266026 0.027674
vt 0.266026 0.019525
vt 0.247198 0.027674
vt 0.266026 0.050044
vt 0.247198 0.050044
vt 0.228380 0.027674
vt 0.228380 0.050044
vt 0.209560 0.027674
vt 0.209560 0.019525
vt 0.228380 0.019525
vt 0.190740 0.027674
vt 0.209560 0.050044
vt 0.190740 0.050044
vt 0.171921 0.027674
vt 0.171920 0.050044
vt 0.153103 0.027674
vt 0.153103 0.019525
vt 0.171921 0.019525
vt 0.134283 0.027674
vt 0.134283 0.019525
vt 0.115463 0.027674
vt 0.115463 0.019525
vt 0.096643 0.027674
vt 0.096643 0.019525
vt 0.077850 0.027674
vt 0.096643 0.050043
vt 0.077850 0.050043
vt 0.059033 0.027674
vt 0.059033 0.050043
vt 0.040133 0.027674
vt 0.040133 0.050043
vt 0.021312 0.050043
vt 0.021312 0.027674
vt 0.448699 0.254009
vt 0.467231 0.254009
vt 0.467231 0.276677
vt 0.448699 0.276677
vt 0.485980 0.254009
vt 0.504478 0.254009
vt 0.504478 0.276677
vt 0.485980 0.276677
vt 0.579124 0.254009
vt 0.560122 0.254009
vt 0.560122 0.245752
vt 0.579124 0.245752
vt 0.454884 0.019525
vt 0.473730 0.019525
vt 0.002440 0.027674
vt 0.002440 0.019525
vt 0.021312 0.019525
vt 0.040133 0.204959
vt 0.040133 0.206642
vt 0.021312 0.206642
vt 0.021312 0.204959
vt 0.966149 0.021429
vt 0.957844 0.021430
vt 0.957844 0.002446
vt 0.966149 0.002446
vt 0.560122 0.276677
vt 0.021039 0.650655
vt 0.002437 0.650655
vt 0.002437 0.640943
vt 0.021039 0.640943
vt 0.040110 0.650655
vt 0.040110 0.640943
vt 0.058730 0.650655
vt 0.058730 0.640943
vt 0.077318 0.650655
vt 0.077318 0.640943
vt 0.095955 0.650654
vt 0.095955 0.640942
vt 0.114520 0.650654
vt 0.114520 0.640942
vt 0.133336 0.650655
vt 0.133336 0.640942
vt 0.151936 0.650654
vt 0.151935 0.640942
vt 0.170584 0.650654
vt 0.170584 0.640942
vt 0.189124 0.650654
vt 0.189124 0.640942
vt 0.207717 0.650654
vt 0.207716 0.640942
vt 0.226325 0.650654
vt 0.226325 0.640942
vt 0.244945 0.650654
vt 0.244945 0.640942
vt 0.263552 0.650655
vt 0.263552 0.640943
vt 0.282140 0.650655
vt 0.282140 0.640943
vt 0.300738 0.650655
vt 0.300738 0.640943
vt 0.319966 0.650655
vt 0.319966 0.640943
vt 0.338599 0.650655
vt 0.338599 0.640943
vt 0.357181 0.650655
vt 0.357181 0.640943
vt 0.375788 0.650655
vt 0.375788 0.640943
vt 0.394928 0.650655
vt 0.394928 0.640943
vt 0.413507 0.650655
vt 0.413507 0.640943
vt 0.432300 0.650655
vt 0.432300 0.640943
vt 0.450878 0.650655
vt 0.450878 0.640943
vt 0.469444 0.650655
vt 0.469444 0.640943
vt 0.488014 0.650655
vt 0.488014 0.640943
vt 0.506579 0.650655
vt 0.506579 0.640943
vt 0.525174 0.650655
vt 0.525174 0.640943
vt 0.543760 0.650655
vt 0.543760 0.640943
vt 0.562352 0.650655
vt 0.562352 0.640943
vt 0.581248 0.650655
vt 0.581248 0.640943
vt 0.599804 0.650654
vt 0.599804 0.640943
vt 0.996334 0.590021
vt 0.996334 0.609163
vt 0.986657 0.609163
vt 0.986657 0.590230
vt 0.996334 0.571287
vt 0.986657 0.571309
vt 0.996334 0.552385
vt 0.986657 0.552383
vt 0.996334 0.533393
vt 0.986657 0.533395
vt 0.996334 0.514447
vt 0.986657 0.514440
vt 0.986657 0.495490
vt 0.986657 0.476529
vt 0.996334 0.457589
vt 0.986657 0.457571
vt 0.996334 0.438661
vt 0.986657 0.438666
vt 0.996334 0.419669
vt 0.986657 0.419682
vt 0.996334 0.400756
vt 0.986657 0.400752
vt 0.996334 0.381830
vt 0.986657 0.381822
vt 0.996334 0.362883
vt 0.986657 0.362891
vt 0.996334 0.343961
vt 0.986657 0.343959
vt 0.996334 0.325045
vt 0.986657 0.325019
vt 0.996334 0.306058
vt 0.986657 0.306089
vt 0.996334 0.286558
vt 0.986657 0.286525
vt 0.996334 0.267567
vt 0.986657 0.267594
vt 0.996334 0.248650
vt 0.986657 0.248654
vt 0.996334 0.229725
vt 0.986657 0.229724
vt 0.996334 0.210797
vt 0.986657 0.210793
vt 0.996334 0.191865
vt 0.986657 0.191861
vt 0.996334 0.172915
vt 0.986657 0.172930
vt 0.996334 0.154001
vt 0.986657 0.154001
vt 0.996334 0.135086
vt 0.986657 0.135069
vt 0.996334 0.116130
vt 0.986657 0.116138
vt 0.996334 0.097201
vt 0.986657 0.097207
vt 0.996334 0.078316
vt 0.986657 0.078302
vt 0.996334 0.059357
vt 0.986657 0.059374
vt 0.996334 0.040384
vt 0.986657 0.040362
vt 0.040133 0.002442
vt 0.059033 0.002442
vt 0.059033 0.011320
vt 0.040133 0.011320
vt 0.077850 0.002442
vt 0.077850 0.011320
vt 0.096643 0.002442
vt 0.096643 0.011320
vt 0.115463 0.002442
vt 0.115463 0.011320
vt 0.134283 0.002442
vt 0.134283 0.011320
vt 0.153103 0.002442
vt 0.153103 0.011320
vt 0.171920 0.002442
vt 0.171920 0.011320
vt 0.190740 0.002442
vt 0.190740 0.011320
vt 0.209560 0.002442
vt 0.209560 0.011320
vt 0.228380 0.002442
vt 0.228380 0.011320
vt 0.247198 0.002442
vt 0.247198 0.011320
vt 0.266026 0.002442
vt 0.266026 0.011320
vt 0.284846 0.002442
vt 0.284846 0.011320
vt 0.304295 0.002442
vt 0.304295 0.011320
vt 0.323113 0.002442
vt 0.323113 0.011320
vt 0.341942 0.002442
vt 0.341942 0.011320
vt 0.360761 0.002442
vt 0.360761 0.011320
vt 0.379582 0.002442
vt 0.379582 0.011320
vt 0.398399 0.002442
vt 0.398399 0.011320
vt 0.417219 0.002442
vt 0.417219 0.011320
vt 0.436090 0.002442
vt 0.436090 0.011320
vt 0.454884 0.002442
vt 0.454884 0.011320
vt 0.473730 0.002442
vt 0.473730 0.011320
vt 0.492579 0.002442
vt 0.492579 0.011320
vt 0.511418 0.002442
vt 0.511418 0.011320
vt 0.530263 0.002443
vt 0.530263 0.011320
vt 0.549138 0.002443
vt 0.549138 0.011320
vt 0.567952 0.002443
vt 0.567952 0.011320
vt 0.586762 0.002443
vt 0.586762 0.011321
vt 0.605584 0.002443
vt 0.605584 0.011321
vt 0.002443 0.228441
vt 0.020932 0.228441
vt 0.020932 0.237437
vt 0.002443 0.237437
vt 0.039759 0.228441
vt 0.039759 0.237437
vt 0.058285 0.228441
vt 0.058285 0.237437
vt 0.076804 0.228441
vt 0.076804 0.237437
vt 0.095332 0.228441
vt 0.095332 0.237437
vt 0.113830 0.228441
vt 0.113830 0.237437
vt 0.132333 0.228441
vt 0.132333 0.237437
vt 0.150832 0.228441
vt 0.150833 0.237437
vt 0.169343 0.228441
vt 0.169343 0.237437
vt 0.188069 0.228441
vt 0.188069 0.237437
vt 0.206581 0.228441
vt 0.206581 0.237437
vt 0.225652 0.228441
vt 0.225652 0.237437
vt 0.244192 0.228441
vt 0.244192 0.237437
vt 0.262706 0.228441
vt 0.262707 0.237437
vt 0.281273 0.228441
vt 0.281273 0.237437
vt 0.300432 0.228441
vt 0.300432 0.237437
vt 0.318963 0.228441
vt 0.318963 0.237437
vt 0.337483 0.228441
vt 0.337483 0.237437
vt 0.356024 0.228441
vt 0.356024 0.237437
vt 0.374577 0.228441
vt 0.374577 0.237437
vt 0.393119 0.228441
vt 0.393119 0.237437
vt 0.411644 0.228441
vt 0.411644 0.237437
vt 0.430117 0.228442
vt 0.430117 0.237437
vt 0.448699 0.228442
vt 0.448699 0.237438
vt 0.467231 0.228442
vt 0.467231 0.237438
vt 0.485980 0.228442
vt 0.485980 0.237437
vt 0.504478 0.228442
vt 0.504478 0.237438
vt 0.523048 0.228442
vt 0.523048 0.237438
vt 0.541569 0.228442
vt 0.541569 0.237438
vt 0.560122 0.228442
vt 0.560123 0.237438
vt 0.579124 0.228442
vt 0.579124 0.237438
vt 0.597659 0.228442
vt 0.597659 0.237438
vt 0.430117 0.254009
vt 0.430117 0.245752
vt 0.448699 0.245752
vt 0.041500 0.832727
vt 0.041500 0.830969
vt 0.061139 0.830969
vt 0.061139 0.832727
vt 0.040110 0.458444
vt 0.058730 0.458444
vt 0.058730 0.470181
vt 0.040110 0.470181
vt 0.966149 0.059374
vt 0.957844 0.059374
vt 0.957844 0.040362
vt 0.966149 0.040362
vt 0.597659 0.428651
vt 0.597659 0.430508
vt 0.579124 0.430508
vt 0.579124 0.428651
vt 0.996334 0.002446
vt 0.901653 0.002446
vt 0.901652 0.021539
vt 0.996334 0.021650
vt 0.002440 0.002442
vt 0.021312 0.002442
vt 0.021313 0.011320
vt 0.002440 0.011320
vt 0.525174 0.554550
vt 0.506579 0.554550
vt 0.080135 0.830969
vt 0.080134 0.832727
vt 0.059033 0.200020
vt 0.059033 0.201852
vt 0.040133 0.201852
vt 0.040133 0.200020
vt 0.543760 0.458445
vt 0.525174 0.458445
vt 0.543760 0.554550
vt 0.473730 0.206643
vt 0.492579 0.206643
vt 0.492579 0.209008
vt 0.473730 0.209008
vt 0.901652 0.040373
vt 0.632041 0.605928
vt 0.630009 0.605928
vt 0.630009 0.586269
vt 0.632041 0.586269
vt 0.115462 0.204959
vt 0.115462 0.206642
vt 0.096643 0.206642
vt 0.096643 0.204959
vt 0.263552 0.554549
vt 0.244945 0.554549
vt 0.628271 0.548783
vt 0.630009 0.548783
vt 0.630009 0.567738
vt 0.628271 0.567739
vt 0.021312 0.200020
vt 0.021312 0.201852
vt 0.002440 0.201852
vt 0.002440 0.200020
vt 0.806971 0.286525
vt 0.901652 0.286542
vt 0.901652 0.267581
vt 0.806971 0.267594
vt 0.628271 0.529839
vt 0.630009 0.529839
vt 0.134282 0.200020
vt 0.134282 0.201853
vt 0.115462 0.201853
vt 0.115462 0.200020
vt 0.806971 0.078302
vt 0.806971 0.097207
vt 0.901653 0.097204
vt 0.901653 0.078309
vt 0.628271 0.510571
vt 0.630009 0.510571
vt 0.171920 0.204959
vt 0.171920 0.206642
vt 0.153102 0.206642
vt 0.153102 0.204959
vt 0.488014 0.554550
vt 0.628271 0.491562
vt 0.630009 0.491562
vt 0.096643 0.200020
vt 0.096643 0.201853
vt 0.077850 0.201853
vt 0.077850 0.200020
vt 0.058730 0.554550
vt 0.040110 0.554550
vt 0.628271 0.473162
vt 0.630009 0.473162
vt 0.190740 0.200020
vt 0.190739 0.201853
vt 0.171920 0.201853
vt 0.171920 0.200020
vt 0.806971 0.343959
vt 0.806971 0.362890
vt 0.901652 0.362886
vt 0.901652 0.343960
vt 0.628271 0.455036
vt 0.630010 0.455036
vt 0.228380 0.200020
vt 0.228379 0.201853
vt 0.209559 0.201853
vt 0.209559 0.200020
vt 0.488014 0.458445
vt 0.469444 0.458445
vt 0.469444 0.554550
vt 0.628271 0.436478
vt 0.630009 0.436478
vt 0.901652 0.325032
vt 0.628271 0.417346
vt 0.630010 0.417346
vt 0.190739 0.204959
vt 0.190740 0.206642
vt 0.151936 0.554549
vt 0.133336 0.554549
vt 0.628271 0.398198
vt 0.630009 0.398198
vt 0.284846 0.204959
vt 0.284846 0.206642
vt 0.266026 0.206642
vt 0.266026 0.204959
vt 0.806971 0.306089
vt 0.806971 0.325019
vt 0.901652 0.306074
vt 0.628271 0.379165
vt 0.630009 0.379165
vt 0.228379 0.204959
vt 0.228379 0.206642
vt 0.209559 0.206642
vt 0.209559 0.204959
vt 0.901653 0.172922
vt 0.901653 0.191863
vt 0.628271 0.362143
vt 0.630009 0.362143
vt 0.304294 0.200020
vt 0.304294 0.201853
vt 0.284846 0.201853
vt 0.284846 0.200020
vt 0.901652 0.552384
vt 0.901652 0.571297
vt 0.628271 0.342556
vt 0.630010 0.342556
vt 0.341942 0.204959
vt 0.341941 0.206642
vt 0.323113 0.206642
vt 0.323113 0.204959
vt 0.450878 0.458445
vt 0.450878 0.554550
vt 0.628271 0.322697
vt 0.630010 0.322697
vt 0.266026 0.200020
vt 0.266026 0.201853
vt 0.247197 0.201853
vt 0.247198 0.200020
vt 0.319966 0.554549
vt 0.300738 0.554549
vt 0.628271 0.303028
vt 0.630010 0.303028
vt 0.360761 0.200020
vt 0.360761 0.201853
vt 0.341941 0.201853
vt 0.341941 0.200020
vt 0.432300 0.458445
vt 0.432300 0.554550
vt 0.628271 0.283929
vt 0.630010 0.283929
vt 0.398399 0.200020
vt 0.398399 0.201853
vt 0.379581 0.201853
vt 0.379581 0.200020
vt 0.901652 0.059366
vt 0.628271 0.264670
vt 0.630010 0.264670
vt 0.226325 0.554549
vt 0.207717 0.554549
vt 0.628271 0.245746
vt 0.630010 0.245746
vt 0.360761 0.204959
vt 0.360761 0.206642
vt 0.806971 0.381822
vt 0.901652 0.381826
vt 0.628271 0.227064
vt 0.630010 0.227064
vt 0.454884 0.204959
vt 0.454884 0.206643
vt 0.436090 0.206643
vt 0.436090 0.204959
vt 0.806971 0.135069
vt 0.806971 0.154001
vt 0.901653 0.154001
vt 0.901653 0.135077
vt 0.628271 0.208558
vt 0.630010 0.208558
vt 0.398399 0.204959
vt 0.398399 0.206642
vt 0.379581 0.206642
vt 0.379581 0.204959
vt 0.901652 0.400754
vt 0.901652 0.419676
vt 0.628271 0.190406
vt 0.630010 0.190406
vt 0.473730 0.200020
vt 0.473730 0.201853
vt 0.454884 0.201853
vt 0.454884 0.200020
vt 0.077318 0.554550
vt 0.628271 0.171866
vt 0.630010 0.171866
vt 0.511418 0.204959
vt 0.511418 0.206643
vt 0.492579 0.204959
vt 0.806971 0.191861
vt 0.806971 0.210792
vt 0.901653 0.210795
vt 0.628271 0.152880
vt 0.630010 0.152880
vt 0.436090 0.200020
vt 0.436090 0.201853
vt 0.417218 0.201853
vt 0.417218 0.200020
vt 0.394928 0.458445
vt 0.375788 0.458445
vt 0.375788 0.554550
vt 0.394928 0.554550
vt 0.628271 0.134045
vt 0.630010 0.134045
vt 0.530262 0.200021
vt 0.530262 0.201853
vt 0.511418 0.201853
vt 0.511418 0.200020
vt 0.581248 0.554550
vt 0.562352 0.554550
vt 0.628271 0.114960
vt 0.630010 0.114960
vt 0.567952 0.200021
vt 0.567952 0.201853
vt 0.549138 0.201853
vt 0.549138 0.200021
vt 0.901652 0.248651
vt 0.628271 0.096500
vt 0.630010 0.096500
vt 0.806971 0.419682
vt 0.806971 0.438666
vt 0.901652 0.438663
vt 0.628271 0.077593
vt 0.630010 0.077593
vt 0.530262 0.204959
vt 0.530262 0.206643
vt 0.806971 0.609163
vt 0.901652 0.609163
vt 0.901652 0.590125
vt 0.806971 0.590230
vt 0.628271 0.058746
vt 0.630010 0.058746
vt 0.020931 0.433655
vt 0.020931 0.435361
vt 0.002442 0.435361
vt 0.002442 0.433655
vt 0.806971 0.457571
vt 0.901652 0.457580
vt 0.628271 0.039998
vt 0.630010 0.039998
vt 0.567952 0.204959
vt 0.567952 0.206643
vt 0.549138 0.206643
vt 0.549138 0.204959
vt 0.628271 0.021243
vt 0.630010 0.021243
vt 0.039759 0.428650
vt 0.039759 0.430507
vt 0.020932 0.430507
vt 0.020932 0.428650
vt 0.133337 0.458444
vt 0.114520 0.458444
vt 0.114520 0.554549
vt 0.628271 0.002437
vt 0.630010 0.002437
vt 0.076803 0.433655
vt 0.076803 0.435361
vt 0.058284 0.435361
vt 0.058284 0.433655
vt 0.319966 0.458444
vt 0.338599 0.554549
vt 0.338599 0.458444
vt 0.595258 0.832728
vt 0.595258 0.830970
vt 0.614646 0.830970
vt 0.614646 0.832728
vt 0.605583 0.200020
vt 0.605583 0.201853
vt 0.586762 0.201853
vt 0.586762 0.200020
vt 0.806971 0.400751
vt 0.575593 0.832728
vt 0.575593 0.830970
vt 0.095331 0.428650
vt 0.095331 0.430507
vt 0.076804 0.430507
vt 0.076804 0.428650
vt 0.901653 0.116134
vt 0.556512 0.832728
vt 0.556512 0.830970
vt 0.132333 0.428650
vt 0.132333 0.430507
vt 0.113830 0.430507
vt 0.113830 0.428650
vt 0.806971 0.476529
vt 0.537458 0.832728
vt 0.537458 0.830970
vt 0.806971 0.229724
vt 0.806971 0.248653
vt 0.901652 0.229724
vt 0.518462 0.832728
vt 0.518462 0.830970
vt 0.095331 0.433655
vt 0.095331 0.435361
vt 0.413507 0.554550
vt 0.499512 0.832728
vt 0.499512 0.830970
vt 0.188069 0.433655
vt 0.188069 0.435361
vt 0.169343 0.435361
vt 0.169343 0.433655
vt 0.806971 0.116138
vt 0.480264 0.832728
vt 0.480264 0.830970
vt 0.132333 0.433655
vt 0.132333 0.435361
vt 0.113830 0.435361
vt 0.113830 0.433655
vt 0.357181 0.554550
vt 0.461596 0.832728
vt 0.461597 0.830970
vt 0.206581 0.428650
vt 0.206581 0.430507
vt 0.188069 0.430507
vt 0.188069 0.428650
vt 0.226326 0.458444
vt 0.244945 0.458444
vt 0.442632 0.832728
vt 0.442632 0.830970
vt 0.244192 0.433655
vt 0.244192 0.435361
vt 0.225652 0.435361
vt 0.225652 0.433655
vt 0.806971 0.533395
vt 0.806971 0.552383
vt 0.901652 0.533394
vt 0.423249 0.832728
vt 0.423249 0.830970
vt 0.169343 0.428650
vt 0.169343 0.430507
vt 0.150832 0.430507
vt 0.150832 0.428650
vt 0.282140 0.554549
vt 0.404336 0.832728
vt 0.404336 0.830970
vt 0.262706 0.428650
vt 0.262706 0.430507
vt 0.244192 0.430507
vt 0.244192 0.428650
vt 0.901652 0.514443
vt 0.384714 0.832728
vt 0.384714 0.830970
vt 0.300432 0.428651
vt 0.300432 0.430507
vt 0.281273 0.430507
vt 0.281273 0.428650
vt 0.365687 0.832728
vt 0.365687 0.830970
vt 0.021039 0.554550
vt 0.002437 0.554550
vt 0.346633 0.832728
vt 0.346633 0.830970
vt 0.262706 0.433655
vt 0.262706 0.435361
vt 0.806971 0.172930
vt 0.327562 0.832728
vt 0.327562 0.830970
vt 0.356024 0.433655
vt 0.356024 0.435361
vt 0.337483 0.435361
vt 0.337483 0.433655
vt 0.307857 0.832728
vt 0.307857 0.830969
vt 0.300432 0.433655
vt 0.300432 0.435361
vt 0.281273 0.435361
vt 0.281273 0.433655
vt 0.170585 0.458444
vt 0.170584 0.554549
vt 0.189124 0.554549
vt 0.189124 0.458444
vt 0.288902 0.832728
vt 0.288902 0.830970
vt 0.374577 0.428651
vt 0.374577 0.430507
vt 0.356024 0.430507
vt 0.356024 0.428651
vt 0.269887 0.832728
vt 0.269887 0.830969
vt 0.411644 0.433655
vt 0.411644 0.435361
vt 0.393118 0.435361
vt 0.393118 0.433655
vt 0.095955 0.554549
vt 0.250693 0.832727
vt 0.250693 0.830969
vt 0.337483 0.428651
vt 0.337483 0.430507
vt 0.318962 0.430507
vt 0.318962 0.428651
vt 0.806971 0.571308
vt 0.231582 0.832727
vt 0.231582 0.830969
vt 0.430117 0.428651
vt 0.430117 0.430508
vt 0.411644 0.430507
vt 0.411644 0.428651
vt 0.213066 0.832727
vt 0.213066 0.830969
vt 0.467231 0.428651
vt 0.467231 0.430508
vt 0.448699 0.430508
vt 0.448699 0.428651
vt 0.194853 0.832727
vt 0.194853 0.830969
vt 0.176064 0.832727
vt 0.176064 0.830969
vt 0.430117 0.433655
vt 0.430117 0.435361
vt 0.157037 0.832727
vt 0.157037 0.830969
vt 0.523048 0.433655
vt 0.523048 0.435362
vt 0.504478 0.435362
vt 0.504478 0.433655
vt 0.077318 0.458444
vt 0.095956 0.458444
vt 0.137014 0.832727
vt 0.137014 0.830969
vt 0.467231 0.433655
vt 0.467231 0.435361
vt 0.448699 0.435361
vt 0.448699 0.433655
vt 0.117802 0.832727
vt 0.117802 0.830969
vt 0.541569 0.428651
vt 0.541569 0.430508
vt 0.523048 0.430508
vt 0.523048 0.428651
vt 0.430117 0.276677
vt 0.002437 0.620114
vt 0.002437 0.611678
vt 0.021039 0.611678
vt 0.021039 0.620114
vt 0.098617 0.832727
vt 0.098617 0.830969
vt 0.579124 0.433656
vt 0.579124 0.435362
vt 0.560122 0.435362
vt 0.560122 0.433656
vt 0.986657 0.021429
vt 0.504478 0.428651
vt 0.504478 0.430508
vt 0.485979 0.430508
vt 0.485980 0.428651
vt 0.599804 0.458445
vt 0.581248 0.458445
vt 0.599804 0.554550
vt 0.806971 0.059374
vt 0.818528 0.059374
vt 0.818528 0.078302
vt 0.040110 0.620114
vt 0.040110 0.611678
vt 0.058730 0.611678
vt 0.058730 0.620114
vt 0.806971 0.040362
vt 0.818528 0.040362
vt 0.077318 0.620114
vt 0.077318 0.611678
vt 0.095955 0.611678
vt 0.095955 0.620114
vt 0.002437 0.458444
vt 0.021040 0.458444
vt 0.021040 0.470181
vt 0.002437 0.470181
vt 0.133336 0.620114
vt 0.133336 0.611678
vt 0.151935 0.611678
vt 0.151935 0.620114
vt 0.077318 0.470181
vt 0.170584 0.620114
vt 0.170584 0.611678
vt 0.189124 0.611678
vt 0.189124 0.620114
vt 0.114520 0.470181
vt 0.095956 0.470181
vt 0.133337 0.470181
vt 0.226325 0.620114
vt 0.226325 0.611678
vt 0.244945 0.611678
vt 0.244945 0.620114
vt 0.151936 0.458444
vt 0.170585 0.470181
vt 0.151936 0.470181
vt 0.263552 0.620114
vt 0.263552 0.611679
vt 0.282140 0.611679
vt 0.282140 0.620114
vt 0.207717 0.458444
vt 0.207717 0.470181
vt 0.189124 0.470181
vt 0.226326 0.470181
vt 0.319966 0.620114
vt 0.319966 0.611679
vt 0.338599 0.611679
vt 0.338599 0.620114
vt 0.263553 0.458444
vt 0.263553 0.470181
vt 0.244945 0.470181
vt 0.357181 0.620114
vt 0.357181 0.611679
vt 0.375788 0.611679
vt 0.375788 0.620114
vt 0.282140 0.458444
vt 0.300738 0.458444
vt 0.300738 0.470181
vt 0.282140 0.470181
vt 0.319966 0.470181
vt 0.413507 0.620114
vt 0.413507 0.611679
vt 0.432300 0.611679
vt 0.432300 0.620114
vt 0.357181 0.458445
vt 0.357181 0.470182
vt 0.338599 0.470181
vt 0.450878 0.620114
vt 0.450878 0.611679
vt 0.469444 0.611679
vt 0.469444 0.620114
vt 0.394928 0.470182
vt 0.375788 0.470182
vt 0.413507 0.458445
vt 0.413507 0.470182
vt 0.506579 0.620114
vt 0.506579 0.611679
vt 0.525174 0.611679
vt 0.525174 0.620114
vt 0.450878 0.470182
vt 0.432300 0.470182
vt 0.543760 0.620114
vt 0.543760 0.611679
vt 0.562352 0.611679
vt 0.562352 0.620114
vt 0.488014 0.470182
vt 0.469444 0.470182
vt 0.506579 0.458445
vt 0.506580 0.470182
vt 0.966149 0.609163
vt 0.957843 0.609163
vt 0.957844 0.590230
vt 0.966149 0.590230
vt 0.543760 0.470182
vt 0.525175 0.470182
vt 0.966149 0.571308
vt 0.957844 0.571308
vt 0.957844 0.552383
vt 0.966149 0.552383
vt 0.599804 0.470182
vt 0.581248 0.470182
vt 0.966149 0.514440
vt 0.957843 0.514440
vt 0.957843 0.495490
vt 0.966149 0.495490
vt 0.818527 0.552383
vt 0.818527 0.571308
vt 0.966149 0.476529
vt 0.957843 0.476529
vt 0.957843 0.457571
vt 0.966149 0.457571
vt 0.806971 0.514440
vt 0.818527 0.514440
vt 0.818527 0.533395
vt 0.966149 0.419682
vt 0.957843 0.419682
vt 0.957843 0.400752
vt 0.966149 0.400752
vt 0.806971 0.495489
vt 0.818527 0.476529
vt 0.818527 0.495489
vt 0.966149 0.381822
vt 0.957844 0.381822
vt 0.957844 0.362891
vt 0.966149 0.362891
vt 0.818527 0.438666
vt 0.818527 0.457571
vt 0.818527 0.419682
vt 0.966149 0.325019
vt 0.957844 0.325019
vt 0.957844 0.306089
vt 0.966149 0.306089
vt 0.818527 0.381822
vt 0.818527 0.400751
vt 0.966149 0.286525
vt 0.957844 0.286525
vt 0.957844 0.267594
vt 0.966149 0.267594
vt 0.818527 0.343959
vt 0.818527 0.362890
vt 0.818528 0.325019
vt 0.966149 0.229724
vt 0.957844 0.229724
vt 0.957844 0.210793
vt 0.966149 0.210793
vt 0.818528 0.286525
vt 0.818528 0.306089
vt 0.966149 0.191861
vt 0.957844 0.191861
vt 0.957844 0.172930
vt 0.966149 0.172930
vt 0.818528 0.248653
vt 0.818528 0.267594
vt 0.818528 0.229724
vt 0.966149 0.135069
vt 0.957844 0.135069
vt 0.957844 0.116138
vt 0.966149 0.116138
vt 0.818528 0.191861
vt 0.818528 0.210793
vt 0.966149 0.097207
vt 0.957844 0.097207
vt 0.957844 0.078302
vt 0.966149 0.078302
vt 0.818528 0.154001
vt 0.818528 0.172930
vt 0.818528 0.097207
vt 0.818528 0.116138
vt 0.977991 0.021429
vt 0.977991 0.040362
vt 0.977991 0.059374
vt 0.977991 0.078302
vt 0.977991 0.097207
vt 0.977991 0.116138
vt 0.977991 0.135069
vt 0.977991 0.154001
vt 0.966149 0.154001
vt 0.977991 0.172930
vt 0.977991 0.191861
vt 0.977991 0.210793
vt 0.977991 0.229724
vt 0.977991 0.248654
vt 0.966149 0.248654
vt 0.977991 0.267594
vt 0.977991 0.286525
vt 0.977991 0.306089
vt 0.977991 0.325019
vt 0.977991 0.343959
vt 0.966149 0.343959
vt 0.977991 0.362891
vt 0.977991 0.381822
vt 0.977991 0.400752
vt 0.977991 0.419682
vt 0.977991 0.438666
vt 0.966149 0.438666
vt 0.977991 0.457571
vt 0.977991 0.476529
vt 0.977991 0.495490
vt 0.977991 0.514440
vt 0.977991 0.533395
vt 0.966149 0.533395
vt 0.977991 0.552383
vt 0.977991 0.571309
vt 0.977991 0.590230
vt 0.977991 0.609163
vt 0.599804 0.620114
vt 0.599804 0.632142
vt 0.581248 0.632142
vt 0.581248 0.620114
vt 0.562352 0.632142
vt 0.543760 0.632142
vt 0.525174 0.632142
vt 0.506579 0.632142
vt 0.488014 0.632142
vt 0.488014 0.620114
vt 0.469444 0.632141
vt 0.450878 0.632142
vt 0.432300 0.632141
vt 0.413507 0.632142
vt 0.394928 0.632142
vt 0.394928 0.620114
vt 0.375788 0.632141
vt 0.357181 0.632142
vt 0.338599 0.632141
vt 0.319966 0.632141
vt 0.300738 0.632141
vt 0.300738 0.620114
vt 0.282140 0.632141
vt 0.263552 0.632141
vt 0.244945 0.632141
vt 0.226325 0.632141
vt 0.207716 0.632141
vt 0.207716 0.620114
vt 0.189124 0.632141
vt 0.170584 0.632141
vt 0.151935 0.632141
vt 0.133336 0.632141
vt 0.114520 0.632141
vt 0.114520 0.620114
vt 0.095955 0.632141
vt 0.077318 0.632141
vt 0.058730 0.632141
vt 0.040110 0.632141
vt 0.021039 0.632141
vt 0.002437 0.632141
vt 0.802082 0.567739
vt 0.802082 0.586270
vt 0.792131 0.586270
vt 0.792131 0.567739
vt 0.802082 0.548646
vt 0.792131 0.548646
vt 0.802082 0.529839
vt 0.792131 0.529839
vt 0.802082 0.510572
vt 0.792131 0.510572
vt 0.802082 0.491563
vt 0.792131 0.491563
vt 0.802082 0.473162
vt 0.792131 0.473162
vt 0.802082 0.455036
vt 0.792131 0.455036
vt 0.802082 0.436478
vt 0.792131 0.436478
vt 0.802082 0.417346
vt 0.792131 0.417346
vt 0.802082 0.398198
vt 0.792131 0.398198
vt 0.802082 0.379165
vt 0.792131 0.379165
vt 0.802082 0.362143
vt 0.792131 0.362143
vt 0.802082 0.342556
vt 0.792131 0.342556
vt 0.802082 0.322697
vt 0.792131 0.322697
vt 0.802082 0.303028
vt 0.792131 0.303028
vt 0.802082 0.283930
vt 0.792131 0.283930
vt 0.802082 0.264670
vt 0.792131 0.264670
vt 0.802083 0.245747
vt 0.792132 0.245747
vt 0.802083 0.227064
vt 0.792132 0.227064
vt 0.802083 0.208559
vt 0.792132 0.208559
vt 0.802083 0.190406
vt 0.792132 0.190406
vt 0.802083 0.171866
vt 0.792132 0.171866
vt 0.802083 0.152880
vt 0.792132 0.152880
vt 0.802083 0.134046
vt 0.792132 0.134046
vt 0.802083 0.114960
vt 0.792132 0.114960
vt 0.802083 0.096500
vt 0.792132 0.096500
vt 0.802083 0.077594
vt 0.792132 0.077594
vt 0.802083 0.058746
vt 0.792132 0.058746
vt 0.802083 0.039999
vt 0.792132 0.039999
vt 0.802083 0.021243
vt 0.792132 0.021243
vt 0.802083 0.002437
vt 0.792132 0.002437
vt 0.595259 0.656441
vt 0.614646 0.656441
vt 0.614646 0.666470
vt 0.595259 0.666470
vt 0.575593 0.656441
vt 0.575593 0.666470
vt 0.556512 0.656441
vt 0.556512 0.666470
vt 0.537459 0.656441
vt 0.537459 0.666470
vt 0.518462 0.656441
vt 0.518462 0.666470
vt 0.499513 0.656441
vt 0.499513 0.666470
vt 0.480264 0.656441
vt 0.480264 0.666470
vt 0.461597 0.656441
vt 0.461597 0.666470
vt 0.442632 0.656441
vt 0.442632 0.666470
vt 0.423249 0.656441
vt 0.423249 0.666470
vt 0.404336 0.656441
vt 0.404336 0.666470
vt 0.384714 0.656441
vt 0.384714 0.666470
vt 0.365687 0.656441
vt 0.365687 0.666470
vt 0.346633 0.656441
vt 0.346633 0.666470
vt 0.327561 0.656441
vt 0.327562 0.666470
vt 0.307857 0.656441
vt 0.307857 0.666470
vt 0.288902 0.656441
vt 0.288902 0.666470
vt 0.269887 0.656440
vt 0.269887 0.666470
vt 0.250693 0.656440
vt 0.250693 0.666469
vt 0.231582 0.666470
vt 0.231582 0.656440
vt 0.176065 0.656440
vt 0.194853 0.656440
vt 0.194853 0.666470
vt 0.176065 0.666469
vt 0.157037 0.656440
vt 0.157037 0.666469
vt 0.137014 0.656440
vt 0.137014 0.666469
vt 0.117802 0.656440
vt 0.117802 0.666469
vt 0.098618 0.656440
vt 0.098618 0.666469
vt 0.080135 0.656440
vt 0.080135 0.666470
vt 0.061139 0.656440
vt 0.061139 0.666470
vt 0.041500 0.656440
vt 0.041500 0.666470
vt 0.021963 0.656440
vt 0.021963 0.666470
vt 0.002441 0.656440
vt 0.002441 0.666470
vt 0.021963 0.832727
vt 0.021963 0.830969
vt 0.628271 0.586269
vt 0.467231 0.245752
vt 0.485980 0.245752
vt 0.818528 0.135069
vt 0.957844 0.154001
vt 0.957844 0.248654
vt 0.957844 0.343959
vt 0.957843 0.438666
vt 0.957843 0.533395
vt 0.581248 0.611679
vt 0.599804 0.611679
vt 0.818527 0.590230
vt 0.818527 0.609163
vt 0.562353 0.458445
vt 0.562353 0.470182
vt 0.488014 0.611679
vt 0.394928 0.611679
vt 0.300738 0.611679
vt 0.207716 0.611678
vt 0.114520 0.611678
vt 0.061139 0.837377
vt 0.061139 0.839392
vt 0.041500 0.839392
vt 0.041500 0.837377
vt 0.080134 0.837377
vt 0.080135 0.839392
vt 0.098617 0.837377
vt 0.098617 0.839392
vt 0.117802 0.837377
vt 0.117802 0.839392
vt 0.137014 0.837377
vt 0.137014 0.839392
vt 0.157037 0.837377
vt 0.157037 0.839392
vt 0.176064 0.837377
vt 0.176064 0.839392
vt 0.194853 0.837377
vt 0.194853 0.839392
vt 0.213066 0.837377
vt 0.213066 0.839392
vt 0.231582 0.837377
vt 0.231582 0.839392
vt 0.250693 0.837377
vt 0.250693 0.839392
vt 0.269887 0.837377
vt 0.269887 0.839392
vt 0.288902 0.837377
vt 0.288902 0.839392
vt 0.307857 0.837377
vt 0.307857 0.839392
vt 0.327562 0.837377
vt 0.327562 0.839392
vt 0.346633 0.837377
vt 0.346633 0.839392
vt 0.365687 0.837377
vt 0.365687 0.839392
vt 0.384714 0.837377
vt 0.384714 0.839392
vt 0.404336 0.837377
vt 0.404336 0.839392
vt 0.423249 0.837377
vt 0.423249 0.839392
vt 0.442632 0.837377
vt 0.442632 0.839392
vt 0.461597 0.837378
vt 0.461597 0.839392
vt 0.480264 0.837378
vt 0.480264 0.839392
vt 0.499512 0.837378
vt 0.499512 0.839392
vt 0.518462 0.837378
vt 0.518462 0.839392
vt 0.537458 0.837378
vt 0.537458 0.839392
vt 0.556512 0.837378
vt 0.556512 0.839392
vt 0.575593 0.837378
vt 0.575593 0.839392
vt 0.595258 0.837378
vt 0.595258 0.839392
vt 0.614646 0.837378
vt 0.614646 0.839392
vt 0.623674 0.021243
vt 0.621681 0.021243
vt 0.621681 0.002437
vt 0.623674 0.002437
vt 0.623674 0.039998
vt 0.621681 0.039998
vt 0.623674 0.058746
vt 0.621681 0.058746
vt 0.623674 0.077593
vt 0.621681 0.077593
vt 0.623674 0.096500
vt 0.621681 0.096500
vt 0.623674 0.114960
vt 0.621681 0.114960
vt 0.623674 0.134045
vt 0.621681 0.134045
vt 0.623674 0.152880
vt 0.621681 0.152880
vt 0.623674 0.171866
vt 0.621681 0.171866
vt 0.623674 0.190406
vt 0.621681 0.190406
vt 0.623674 0.208558
vt 0.621681 0.208558
vt 0.623673 0.227064
vt 0.621681 0.227064
vt 0.623673 0.245746
vt 0.621681 0.245746
vt 0.623673 0.264670
vt 0.621681 0.264670
vt 0.623673 0.283929
vt 0.621681 0.283929
vt 0.623673 0.303028
vt 0.621681 0.303028
vt 0.623673 0.322697
vt 0.621681 0.322697
vt 0.623673 0.342556
vt 0.621681 0.342556
vt 0.623673 0.362143
vt 0.621681 0.362143
vt 0.623673 0.379165
vt 0.621681 0.379165
vt 0.623673 0.398198
vt 0.621681 0.398198
vt 0.623673 0.417346
vt 0.621681 0.417346
vt 0.623673 0.436478
vt 0.621681 0.436478
vt 0.623673 0.455036
vt 0.621681 0.455036
vt 0.623673 0.473162
vt 0.621681 0.473162
vt 0.623673 0.491562
vt 0.621681 0.491562
vt 0.623673 0.510571
vt 0.621681 0.510571
vt 0.623673 0.529839
vt 0.621681 0.529839
vt 0.623673 0.548783
vt 0.621681 0.548783
vt 0.623673 0.567738
vt 0.621681 0.567738
vt 0.623673 0.586269
vt 0.621681 0.586269
vt 0.623673 0.605928
vt 0.621681 0.605928
vt 0.002441 0.832727
vt 0.002441 0.830969
vt 0.213066 0.656440
vt 0.213066 0.666470
vt 0.021963 0.839392
vt 0.021963 0.837377
vt 0.986657 0.002446
vt 0.982324 0.021429
vt 0.982324 0.002446
vt 0.977991 0.002446
vt 0.982324 0.040362
vt 0.982324 0.059374
vt 0.982324 0.078302
vt 0.982324 0.097207
vt 0.982325 0.116138
vt 0.982325 0.135069
vt 0.982324 0.154001
vt 0.982325 0.172930
vt 0.982325 0.191861
vt 0.982324 0.210793
vt 0.982325 0.229724
vt 0.982325 0.248654
vt 0.982325 0.267594
vt 0.982324 0.286525
vt 0.982324 0.306089
vt 0.982324 0.325019
vt 0.982324 0.343959
vt 0.982324 0.362891
vt 0.982324 0.381822
vt 0.982324 0.400752
vt 0.982324 0.419682
vt 0.982324 0.438666
vt 0.982324 0.457571
vt 0.982324 0.476529
vt 0.982324 0.495490
vt 0.982324 0.514440
vt 0.982324 0.533395
vt 0.982324 0.552383
vt 0.982324 0.571308
vt 0.982324 0.590230
vt 0.982324 0.609163
vt 0.581248 0.636542
vt 0.599804 0.636542
vt 0.562352 0.636543
vt 0.543760 0.636543
vt 0.525174 0.636543
vt 0.506579 0.636543
vt 0.488014 0.636543
vt 0.469444 0.636542
vt 0.450878 0.636542
vt 0.432300 0.636542
vt 0.413507 0.636542
vt 0.394928 0.636542
vt 0.375788 0.636542
vt 0.357181 0.636542
vt 0.338599 0.636542
vt 0.319966 0.636542
vt 0.300738 0.636542
vt 0.282140 0.636542
vt 0.263552 0.636542
vt 0.244945 0.636542
vt 0.226325 0.636542
vt 0.207716 0.636542
vt 0.189124 0.636542
vt 0.170584 0.636542
vt 0.151935 0.636542
vt 0.133336 0.636542
vt 0.114520 0.636542
vt 0.095955 0.636542
vt 0.077318 0.636542
vt 0.058730 0.636542
vt 0.040110 0.636542
vt 0.021039 0.636542
vt 0.002437 0.636542
vt 0.021312 0.015422
vt 0.002440 0.015422
vt 0.806971 0.021429
vt 0.818528 0.021429
vt 0.040133 0.015422
vt 0.040133 0.019525
vt 0.059033 0.015422
vt 0.059033 0.019525
vt 0.077850 0.015422
vt 0.077850 0.019525
vt 0.096643 0.015422
vt 0.115463 0.015422
vt 0.134283 0.015422
vt 0.153103 0.015422
vt 0.171920 0.015422
vt 0.190740 0.015422
vt 0.190740 0.019525
vt 0.209560 0.015422
vt 0.228380 0.015422
vt 0.247198 0.015422
vt 0.247198 0.019525
vt 0.266026 0.015422
vt 0.284846 0.015422
vt 0.304295 0.015422
vt 0.323113 0.015422
vt 0.341942 0.015422
vt 0.341942 0.019525
vt 0.360761 0.015423
vt 0.379582 0.015423
vt 0.398399 0.015423
vt 0.398399 0.019525
vt 0.417218 0.015423
vt 0.436090 0.015423
vt 0.454884 0.015423
vt 0.473730 0.015423
vt 0.492579 0.015423
vt 0.492579 0.019525
vt 0.511418 0.015423
vt 0.530263 0.015423
vt 0.549138 0.015423
vt 0.549138 0.019525
vt 0.567952 0.015423
vt 0.567952 0.019525
vt 0.586762 0.015423
vt 0.586762 0.019525
vt 0.605584 0.015423
vt 0.605584 0.019525
vt 0.020932 0.241594
vt 0.002443 0.241594
vt 0.002443 0.245751
vt 0.039759 0.241594
vt 0.058285 0.241594
vt 0.076804 0.241594
vt 0.095332 0.241594
vt 0.113830 0.241594
vt 0.132333 0.241594
vt 0.150833 0.241594
vt 0.169343 0.241594
vt 0.188069 0.241594
vt 0.206581 0.241594
vt 0.206581 0.245751
vt 0.225652 0.241594
vt 0.225652 0.245751
vt 0.244192 0.241594
vt 0.262707 0.241594
vt 0.281273 0.241594
vt 0.300432 0.241594
vt 0.318963 0.241595
vt 0.337483 0.241595
vt 0.356024 0.241595
vt 0.356024 0.245752
vt 0.374577 0.241595
vt 0.374577 0.245752
vt 0.393119 0.241595
vt 0.393119 0.245752
vt 0.411644 0.241595
vt 0.411644 0.245752
vt 0.430117 0.241595
vt 0.448699 0.241595
vt 0.467231 0.241595
vt 0.485980 0.241595
vt 0.504478 0.241595
vt 0.504478 0.245752
vt 0.523048 0.241595
vt 0.523048 0.245752
vt 0.541569 0.241595
vt 0.541569 0.245752
vt 0.560122 0.241595
vt 0.579124 0.241595
vt 0.597659 0.241595
vt 0.597659 0.245752
vt 0.059033 0.204959
vt 0.059033 0.206642
vt 0.002441 0.723776
vt 0.021963 0.723776
vt 0.735420 0.567739
vt 0.735420 0.586270
vt 0.735420 0.548594
vt 0.735420 0.529839
vt 0.735420 0.510571
vt 0.735420 0.491562
vt 0.735420 0.473162
vt 0.735420 0.455036
vt 0.735420 0.436478
vt 0.735420 0.417346
vt 0.735420 0.398198
vt 0.735420 0.379165
vt 0.735420 0.362143
vt 0.735420 0.342556
vt 0.735421 0.322697
vt 0.735421 0.303028
vt 0.735421 0.283929
vt 0.735421 0.264670
vt 0.735421 0.245746
vt 0.735421 0.227064
vt 0.735421 0.208558
vt 0.735421 0.190406
vt 0.735421 0.171866
vt 0.735421 0.152880
vt 0.735421 0.134046
vt 0.735421 0.114960
vt 0.735421 0.096500
vt 0.735421 0.077593
vt 0.735421 0.058746
vt 0.735421 0.039999
vt 0.735421 0.021243
vt 0.735421 0.002437
vt 0.595258 0.723776
vt 0.614646 0.723776
vt 0.575593 0.723776
vt 0.556512 0.723776
vt 0.537459 0.723776
vt 0.518462 0.723776
vt 0.499513 0.723776
vt 0.480264 0.723776
vt 0.461597 0.723776
vt 0.442632 0.723776
vt 0.423249 0.723776
vt 0.404336 0.723776
vt 0.384714 0.723776
vt 0.365687 0.723776
vt 0.346633 0.723776
vt 0.327561 0.723776
vt 0.307857 0.723776
vt 0.288902 0.723776
vt 0.269887 0.723776
vt 0.250693 0.723775
vt 0.231582 0.723776
vt 0.213066 0.723776
vt 0.176065 0.723776
vt 0.194853 0.723776
vt 0.157037 0.723776
vt 0.137014 0.723776
vt 0.117802 0.723776
vt 0.098617 0.723776
vt 0.080135 0.723776
vt 0.061139 0.723776
vt 0.041500 0.723776
vt 0.021963 0.834334
vt 0.002441 0.834334
vt 0.021963 0.835770
vt 0.002441 0.835770
vt 0.002441 0.837377
vt 0.626682 0.586269
vt 0.626682 0.567738
vt 0.625262 0.586269
vt 0.625262 0.567738
vt 0.626682 0.548783
vt 0.625262 0.548783
vt 0.626682 0.529839
vt 0.625262 0.529839
vt 0.626682 0.510571
vt 0.625262 0.510571
vt 0.626682 0.491562
vt 0.625262 0.491562
vt 0.626682 0.473162
vt 0.625262 0.473162
vt 0.626682 0.455036
vt 0.625262 0.455036
vt 0.626682 0.436478
vt 0.625262 0.436478
vt 0.626682 0.417346
vt 0.625262 0.417346
vt 0.626682 0.398198
vt 0.625262 0.398198
vt 0.626682 0.379165
vt 0.625262 0.379165
vt 0.626682 0.362143
vt 0.625262 0.362143
vt 0.626682 0.342556
vt 0.625262 0.342556
vt 0.626682 0.322697
vt 0.625262 0.322697
vt 0.626682 0.303028
vt 0.625262 0.303028
vt 0.626682 0.283929
vt 0.625262 0.283929
vt 0.626682 0.264670
vt 0.625262 0.264670
vt 0.626682 0.245746
vt 0.625262 0.245746
vt 0.626683 0.227064
vt 0.625262 0.227064
vt 0.626683 0.208558
vt 0.625262 0.208558
vt 0.626683 0.190406
vt 0.625262 0.190406
vt 0.626683 0.171866
vt 0.625262 0.171866
vt 0.626683 0.152880
vt 0.625262 0.152880
vt 0.626683 0.134045
vt 0.625262 0.134045
vt 0.626683 0.114960
vt 0.625263 0.114960
vt 0.626683 0.096500
vt 0.625262 0.096500
vt 0.626683 0.077593
vt 0.625262 0.077593
vt 0.626683 0.058746
vt 0.625262 0.058746
vt 0.626683 0.039998
vt 0.625262 0.039998
vt 0.626683 0.021243
vt 0.625262 0.021243
vt 0.626683 0.002437
vt 0.625262 0.002437
vt 0.614646 0.834335
vt 0.595258 0.834335
vt 0.614646 0.835771
vt 0.595258 0.835771
vt 0.575593 0.834335
vt 0.575593 0.835771
vt 0.556512 0.834335
vt 0.556512 0.835771
vt 0.537459 0.834335
vt 0.537458 0.835771
vt 0.518462 0.834335
vt 0.518462 0.835770
vt 0.499512 0.834335
vt 0.499512 0.835771
vt 0.480264 0.834335
vt 0.480264 0.835771
vt 0.461597 0.834335
vt 0.461597 0.835771
vt 0.442632 0.834335
vt 0.442632 0.835771
vt 0.423249 0.834335
vt 0.423249 0.835771
vt 0.404336 0.834335
vt 0.404336 0.835771
vt 0.384714 0.834335
vt 0.384714 0.835770
vt 0.365687 0.834335
vt 0.365687 0.835771
vt 0.346633 0.834335
vt 0.346633 0.835771
vt 0.327562 0.834334
vt 0.327562 0.835770
vt 0.307857 0.834335
vt 0.307857 0.835770
vt 0.288902 0.834335
vt 0.288902 0.835770
vt 0.269887 0.834334
vt 0.269887 0.835770
vt 0.250693 0.834334
vt 0.250693 0.835770
vt 0.231582 0.834334
vt 0.231582 0.835770
vt 0.213066 0.834334
vt 0.213066 0.835770
vt 0.194853 0.834334
vt 0.194853 0.835770
vt 0.176064 0.834334
vt 0.176064 0.835770
vt 0.157037 0.834334
vt 0.157037 0.835770
vt 0.137014 0.834334
vt 0.137014 0.835770
vt 0.117802 0.834334
vt 0.117802 0.835770
vt 0.098617 0.834334
vt 0.098617 0.835770
vt 0.080134 0.834334
vt 0.080134 0.835770
vt 0.061139 0.834334
vt 0.061139 0.835770
vt 0.041500 0.834334
vt 0.041500 0.835770
vt 0.628271 0.605928
vt 0.626682 0.605928
vt 0.625262 0.605928
vt 0.002441 0.839392
vt 0.041500 0.828974
vt 0.021963 0.829113
vt 0.040133 0.195559
vt 0.040133 0.198188
vt 0.021312 0.198188
vt 0.021312 0.195559
vt 0.061139 0.828974
vt 0.080135 0.829183
vt 0.098617 0.828974
vt 0.117802 0.828974
vt 0.137014 0.828669
vt 0.157037 0.828669
vt 0.176064 0.828669
vt 0.194853 0.828669
vt 0.213066 0.828669
vt 0.231582 0.828669
vt 0.250693 0.828669
vt 0.269887 0.828669
vt 0.288902 0.828669
vt 0.307857 0.828669
vt 0.327562 0.828669
vt 0.346633 0.828670
vt 0.365687 0.828670
vt 0.384714 0.828670
vt 0.404336 0.828670
vt 0.423249 0.828670
vt 0.442632 0.828670
vt 0.461597 0.828670
vt 0.480264 0.828670
vt 0.499512 0.828670
vt 0.518462 0.828670
vt 0.537459 0.828670
vt 0.556512 0.828670
vt 0.575593 0.828670
vt 0.595258 0.828670
vt 0.614646 0.828670
vt 0.632041 0.021243
vt 0.632041 0.002437
vt 0.632041 0.039998
vt 0.632041 0.058746
vt 0.632041 0.077593
vt 0.632041 0.096500
vt 0.632041 0.114960
vt 0.632041 0.134045
vt 0.632041 0.152880
vt 0.632041 0.171866
vt 0.632041 0.190406
vt 0.632041 0.208558
vt 0.632041 0.227064
vt 0.632041 0.245746
vt 0.632041 0.264670
vt 0.632041 0.283929
vt 0.632041 0.303028
vt 0.632041 0.322697
vt 0.632041 0.342556
vt 0.632041 0.362143
vt 0.632040 0.379165
vt 0.632041 0.398198
vt 0.632040 0.417346
vt 0.632041 0.436478
vt 0.632040 0.455036
vt 0.632041 0.473162
vt 0.632041 0.491562
vt 0.632041 0.510571
vt 0.632041 0.529839
vt 0.632041 0.548783
vt 0.632041 0.567738
vt 0.002441 0.829113
vt 0.579124 0.424130
vt 0.579124 0.426794
vt 0.560122 0.426794
vt 0.560122 0.424130
vt 0.541569 0.426794
vt 0.541569 0.424130
vt 0.523048 0.426794
vt 0.523048 0.424130
vt 0.504478 0.426794
vt 0.504478 0.424130
vt 0.485979 0.426794
vt 0.485980 0.424130
vt 0.467231 0.426794
vt 0.467231 0.424130
vt 0.448699 0.426794
vt 0.448699 0.424130
vt 0.430117 0.426794
vt 0.430117 0.424130
vt 0.411644 0.426794
vt 0.411644 0.424130
vt 0.393118 0.426794
vt 0.393118 0.424130
vt 0.374577 0.426794
vt 0.374577 0.424130
vt 0.356024 0.426794
vt 0.356024 0.424130
vt 0.337483 0.426794
vt 0.337483 0.424130
vt 0.318962 0.426794
vt 0.318962 0.424130
vt 0.300432 0.426794
vt 0.300432 0.424130
vt 0.281273 0.426794
vt 0.281273 0.424130
vt 0.262706 0.426794
vt 0.262706 0.424130
vt 0.244192 0.426794
vt 0.244192 0.424130
vt 0.225652 0.426794
vt 0.225652 0.424130
vt 0.206581 0.426794
vt 0.206581 0.424130
vt 0.188069 0.426794
vt 0.188069 0.424130
vt 0.169343 0.426794
vt 0.169343 0.424130
vt 0.150832 0.426794
vt 0.150832 0.424130
vt 0.132333 0.426794
vt 0.132333 0.424130
vt 0.113830 0.426794
vt 0.113830 0.424130
vt 0.095331 0.426794
vt 0.095331 0.424130
vt 0.076804 0.426794
vt 0.076804 0.424130
vt 0.058284 0.426794
vt 0.058284 0.424130
vt 0.039759 0.426793
vt 0.039759 0.424130
vt 0.020932 0.426793
vt 0.020932 0.424130
vt 0.002442 0.426793
vt 0.002442 0.424130
vt 0.605583 0.195559
vt 0.605583 0.198188
vt 0.586762 0.198188
vt 0.586762 0.195559
vt 0.567952 0.198188
vt 0.567952 0.195559
vt 0.549138 0.198188
vt 0.549138 0.195559
vt 0.530262 0.198188
vt 0.530262 0.195559
vt 0.511418 0.198188
vt 0.511418 0.195559
vt 0.492579 0.198188
vt 0.492579 0.195559
vt 0.473730 0.198188
vt 0.473730 0.195559
vt 0.454884 0.198188
vt 0.454884 0.195559
vt 0.436090 0.198188
vt 0.436090 0.195559
vt 0.417218 0.198188
vt 0.417218 0.195559
vt 0.398399 0.198188
vt 0.398399 0.195559
vt 0.379581 0.198188
vt 0.379581 0.195559
vt 0.360761 0.198188
vt 0.360761 0.195559
vt 0.341941 0.198188
vt 0.341941 0.195559
vt 0.323113 0.198188
vt 0.323113 0.195559
vt 0.304294 0.198188
vt 0.304294 0.195559
vt 0.284846 0.198188
vt 0.284846 0.195559
vt 0.266026 0.198188
vt 0.266026 0.195559
vt 0.247198 0.198188
vt 0.247198 0.195559
vt 0.228380 0.198188
vt 0.228380 0.195559
vt 0.209559 0.198188
vt 0.209559 0.195559
vt 0.190740 0.198188
vt 0.190740 0.195559
vt 0.171920 0.198188
vt 0.171920 0.195559
vt 0.153102 0.198188
vt 0.153102 0.195559
vt 0.134282 0.198188
vt 0.134282 0.195559
vt 0.115462 0.198188
vt 0.115462 0.195559
vt 0.096643 0.198188
vt 0.096643 0.195559
vt 0.077850 0.198188
vt 0.077850 0.195559
vt 0.059033 0.198188
vt 0.059033 0.195559
vt 0.597659 0.424130
vt 0.597659 0.426794
vt 0.002440 0.198188
vt 0.002440 0.195559
vt 0.002440 0.206642
vt 0.002440 0.204959
vt 0.541569 0.435362
vt 0.541569 0.433655
vt 0.560122 0.430508
vt 0.560122 0.428651
vt 0.485980 0.435361
vt 0.485979 0.433655
vt 0.393118 0.428651
vt 0.393118 0.430507
vt 0.374577 0.433655
vt 0.374577 0.435361
vt 0.318962 0.435361
vt 0.318962 0.433655
vt 0.225652 0.428650
vt 0.225652 0.430507
vt 0.206581 0.433655
vt 0.206581 0.435361
vt 0.150832 0.435361
vt 0.150832 0.433655
vt 0.058284 0.428650
vt 0.058284 0.430507
vt 0.039759 0.433655
vt 0.039759 0.435361
vt 0.605583 0.204959
vt 0.605583 0.206643
vt 0.586762 0.206643
vt 0.586762 0.204959
vt 0.002442 0.430507
vt 0.002442 0.428650
vt 0.492579 0.200020
vt 0.492579 0.201853
vt 0.473730 0.204959
vt 0.417218 0.206642
vt 0.417218 0.204959
vt 0.323113 0.200020
vt 0.323113 0.201853
vt 0.304294 0.204959
vt 0.304294 0.206642
vt 0.247197 0.206642
vt 0.247197 0.204959
vt 0.153102 0.200020
vt 0.153102 0.201853
vt 0.134282 0.204959
vt 0.134282 0.206642
vt 0.077850 0.206642
vt 0.077850 0.204959
vt 0.597659 0.433656
vt 0.597659 0.435362
vt 0.021312 0.203406
vt 0.040133 0.203406
vt 0.560122 0.432082
vt 0.579124 0.432082
vt 0.541569 0.432082
vt 0.523048 0.432082
vt 0.504478 0.432082
vt 0.485979 0.432082
vt 0.467231 0.432082
vt 0.448699 0.432082
vt 0.430117 0.432082
vt 0.411644 0.432082
vt 0.393118 0.432082
vt 0.374577 0.432082
vt 0.356024 0.432082
vt 0.337483 0.432082
vt 0.318962 0.432082
vt 0.300432 0.432082
vt 0.281273 0.432082
vt 0.262706 0.432082
vt 0.244192 0.432081
vt 0.225652 0.432081
vt 0.206581 0.432082
vt 0.188069 0.432081
vt 0.169343 0.432081
vt 0.150832 0.432081
vt 0.132333 0.432081
vt 0.113829 0.432081
vt 0.095331 0.432081
vt 0.076804 0.432081
vt 0.058284 0.432081
vt 0.039759 0.432081
vt 0.020932 0.432081
vt 0.002442 0.432081
vt 0.586762 0.203407
vt 0.605583 0.203407
vt 0.567952 0.203407
vt 0.549138 0.203407
vt 0.530262 0.203407
vt 0.511418 0.203406
vt 0.492579 0.203406
vt 0.473730 0.203406
vt 0.454884 0.203406
vt 0.436090 0.203406
vt 0.417218 0.203406
vt 0.398399 0.203406
vt 0.379581 0.203406
vt 0.360761 0.203406
vt 0.341941 0.203406
vt 0.323113 0.203406
vt 0.304294 0.203406
vt 0.284846 0.203406
vt 0.266026 0.203406
vt 0.247197 0.203406
vt 0.228379 0.203406
vt 0.209559 0.203406
vt 0.190739 0.203406
vt 0.171920 0.203406
vt 0.153102 0.203406
vt 0.134282 0.203406
vt 0.115462 0.203406
vt 0.096643 0.203406
vt 0.077850 0.203406
vt 0.059033 0.203406
vt 0.597659 0.432082
vt 0.002440 0.203406
vt 0.374577 0.437758
vt 0.356024 0.437758
vt 0.454884 0.209008
vt 0.337483 0.437758
vt 0.436090 0.209008
vt 0.318962 0.437758
vt 0.417218 0.209008
vt 0.300432 0.437758
vt 0.398399 0.209008
vt 0.281273 0.437758
vt 0.379581 0.209008
vt 0.262706 0.437758
vt 0.360761 0.209008
vt 0.244192 0.437758
vt 0.341942 0.209008
vt 0.225652 0.437758
vt 0.323113 0.209008
vt 0.206581 0.437758
vt 0.304294 0.209008
vt 0.188069 0.437758
vt 0.284846 0.209008
vt 0.169343 0.437758
vt 0.266026 0.209008
vt 0.150832 0.437758
vt 0.247197 0.209008
vt 0.132333 0.437758
vt 0.228379 0.209008
vt 0.113830 0.437758
vt 0.209559 0.209008
vt 0.095331 0.437758
vt 0.597659 0.437758
vt 0.579124 0.437758
vt 0.190739 0.209008
vt 0.076804 0.437758
vt 0.560122 0.437758
vt 0.171920 0.209007
vt 0.058284 0.437758
vt 0.541569 0.437758
vt 0.153102 0.209008
vt 0.039759 0.437758
vt 0.523048 0.437758
vt 0.134282 0.209008
vt 0.020931 0.437758
vt 0.504478 0.437758
vt 0.115462 0.209008
vt 0.002442 0.437758
vt 0.485979 0.437758
vt 0.096643 0.209008
vt 0.605583 0.209008
vt 0.586762 0.209008
vt 0.467231 0.437758
vt 0.077850 0.209007
vt 0.567952 0.209008
vt 0.448699 0.437758
vt 0.059033 0.209007
vt 0.549138 0.209008
vt 0.430117 0.437758
vt 0.040133 0.209007
vt 0.530262 0.209008
vt 0.411644 0.437758
vt 0.021312 0.209007
vt 0.511418 0.209008
vt 0.393118 0.437758
vt 0.002440 0.209007
vt 0.454884 0.211777
vt 0.436090 0.211777
vt 0.430117 0.440563
vt 0.411644 0.440564
vt 0.132333 0.440563
vt 0.113830 0.440563
vt 0.374577 0.440563
vt 0.356024 0.440563
vt 0.169343 0.440563
vt 0.150832 0.440563
vt 0.492579 0.211777
vt 0.473730 0.211777
vt 0.020931 0.440563
vt 0.002442 0.440563
vt 0.417218 0.211777
vt 0.398399 0.211777
vt 0.393118 0.440563
vt 0.530262 0.211777
vt 0.511418 0.211777
vt 0.040133 0.211776
vt 0.021312 0.211776
vt 0.448699 0.440564
vt 0.567952 0.211777
vt 0.549138 0.211777
vt 0.058284 0.440563
vt 0.039759 0.440563
vt 0.379581 0.211777
vt 0.115462 0.211776
vt 0.096643 0.211776
vt 0.467231 0.440564
vt 0.002440 0.211776
vt 0.605583 0.211777
vt 0.586762 0.211777
vt 0.228379 0.211776
vt 0.209559 0.211776
vt 0.171920 0.211776
vt 0.153102 0.211776
vt 0.523048 0.440564
vt 0.504478 0.440564
vt 0.059033 0.211776
vt 0.077850 0.211776
vt 0.190739 0.211776
vt 0.560122 0.440564
vt 0.541569 0.440564
vt 0.266026 0.211776
vt 0.247197 0.211776
vt 0.076804 0.440563
vt 0.284846 0.211776
vt 0.597659 0.440564
vt 0.579124 0.440564
vt 0.134282 0.211776
vt 0.095331 0.440563
vt 0.341941 0.211776
vt 0.323113 0.211776
vt 0.318962 0.440564
vt 0.300432 0.440564
vt 0.360761 0.211777
vt 0.485979 0.440564
vt 0.206581 0.440563
vt 0.188069 0.440563
vt 0.225652 0.440563
vt 0.304294 0.211776
vt 0.262706 0.440564
vt 0.244192 0.440563
vt 0.337483 0.440564
vt 0.281273 0.440564
vt 0.618600 0.567738
vt 0.618600 0.586269
vt 0.610468 0.586269
vt 0.610468 0.567739
vt 0.231582 0.842506
vt 0.250693 0.842506
vt 0.250693 0.850731
vt 0.231582 0.850731
vt 0.618601 0.134045
vt 0.618601 0.152880
vt 0.610468 0.152880
vt 0.610468 0.134045
vt 0.618600 0.362143
vt 0.618600 0.379165
vt 0.610468 0.379165
vt 0.610468 0.362143
vt 0.618601 0.096500
vt 0.618601 0.114960
vt 0.610468 0.114960
vt 0.610468 0.096500
vt 0.194853 0.842506
vt 0.213066 0.842506
vt 0.213066 0.850731
vt 0.194853 0.850731
vt 0.618601 0.058746
vt 0.618601 0.077593
vt 0.610468 0.077593
vt 0.610468 0.058746
vt 0.176064 0.842506
vt 0.176064 0.850731
vt 0.157037 0.842506
vt 0.157037 0.850731
vt 0.618601 0.171866
vt 0.610468 0.171866
vt 0.269887 0.842506
vt 0.269887 0.850731
vt 0.618600 0.303028
vt 0.618600 0.322697
vt 0.610468 0.322697
vt 0.610468 0.303028
vt 0.618600 0.283929
vt 0.610468 0.283929
vt 0.618600 0.455036
vt 0.618600 0.473162
vt 0.610468 0.473162
vt 0.610468 0.455036
vt 0.618601 0.245746
vt 0.618601 0.264670
vt 0.610468 0.264670
vt 0.610468 0.245746
vt 0.117802 0.842506
vt 0.137014 0.842506
vt 0.137014 0.850731
vt 0.117802 0.850731
vt 0.618601 0.021243
vt 0.618601 0.039998
vt 0.610468 0.039998
vt 0.610468 0.021243
vt 0.384714 0.842507
vt 0.404336 0.842507
vt 0.404336 0.850731
vt 0.384714 0.850731
vt 0.556512 0.842507
vt 0.575593 0.842507
vt 0.575593 0.850731
vt 0.556512 0.850731
vt 0.618601 0.208558
vt 0.618601 0.227064
vt 0.610468 0.227064
vt 0.610468 0.208558
vt 0.307857 0.842507
vt 0.327562 0.842507
vt 0.327562 0.850731
vt 0.307857 0.850731
vt 0.061139 0.842506
vt 0.080135 0.842506
vt 0.080134 0.850731
vt 0.061139 0.850731
vt 0.041500 0.842506
vt 0.041500 0.850731
vt 0.595258 0.842507
vt 0.595258 0.850731
vt 0.021963 0.842506
vt 0.021963 0.850731
vt 0.365687 0.842507
vt 0.365687 0.850731
vt 0.618600 0.342556
vt 0.610468 0.342556
vt 0.518462 0.842507
vt 0.537459 0.842507
vt 0.537459 0.850731
vt 0.518462 0.850731
vt 0.423249 0.842507
vt 0.442632 0.842507
vt 0.442632 0.850731
vt 0.423249 0.850731
vt 0.346633 0.842507
vt 0.346634 0.850731
vt 0.618600 0.398198
vt 0.618600 0.417346
vt 0.610468 0.417346
vt 0.610468 0.398198
vt 0.461596 0.842507
vt 0.480264 0.842507
vt 0.480264 0.850731
vt 0.461596 0.850731
vt 0.618600 0.436478
vt 0.610468 0.436478
vt 0.499512 0.842507
vt 0.499512 0.850731
vt 0.618600 0.491562
vt 0.618600 0.510571
vt 0.610468 0.510571
vt 0.610468 0.491562
vt 0.618601 0.190406
vt 0.610468 0.190406
vt 0.002441 0.842507
vt 0.002441 0.850731
vt 0.288902 0.842507
vt 0.288902 0.850731
vt 0.618600 0.548783
vt 0.610468 0.548783
vt 0.618600 0.605928
vt 0.610468 0.605928
vt 0.098617 0.842506
vt 0.098617 0.850731
vt 0.618600 0.529839
vt 0.610468 0.529839
vt 0.614646 0.842507
vt 0.614646 0.850732
vt 0.618601 0.002437
vt 0.610468 0.002437
vt 0.846391 0.172930
vt 0.846391 0.154001
vt 0.002441 0.826086
vt 0.002441 0.807925
vt 0.021963 0.807925
vt 0.021963 0.826086
vt 0.148764 0.750952
vt 0.137014 0.765888
vt 0.157037 0.765888
vt 0.151271 0.751941
vt 0.153778 0.750952
vt 0.154816 0.748566
vt 0.153778 0.746179
vt 0.151271 0.745190
vt 0.148765 0.746179
vt 0.147726 0.748566
vt 0.041500 0.765888
vt 0.060957 0.766045
vt 0.061139 0.807925
vt 0.041500 0.807925
vt 0.041500 0.825967
vt 0.061139 0.825967
vt 0.098617 0.765888
vt 0.080135 0.766061
vt 0.080135 0.807925
vt 0.080135 0.826146
vt 0.098617 0.807925
vt 0.098617 0.825967
vt 0.117802 0.765888
vt 0.117802 0.807925
vt 0.117802 0.825967
vt 0.137014 0.807925
vt 0.137014 0.825706
vt 0.157037 0.807925
vt 0.157037 0.825706
vt 0.176065 0.773487
vt 0.175121 0.775758
vt 0.194853 0.765888
vt 0.181799 0.775758
vt 0.180823 0.773376
vt 0.176064 0.807925
vt 0.176064 0.825706
vt 0.176065 0.765888
vt 0.194853 0.807925
vt 0.194853 0.825706
vt 0.213066 0.765762
vt 0.208244 0.795616
vt 0.205959 0.794632
vt 0.203673 0.800396
vt 0.205959 0.801383
vt 0.213066 0.807925
vt 0.213066 0.825706
vt 0.250693 0.765888
vt 0.236534 0.751329
vt 0.238927 0.750340
vt 0.234142 0.745567
vt 0.233151 0.747954
vt 0.231582 0.765888
vt 0.231582 0.807925
vt 0.231582 0.825706
vt 0.250693 0.807925
vt 0.250693 0.825706
vt 0.269887 0.765888
vt 0.265678 0.767290
vt 0.264680 0.769672
vt 0.269887 0.807925
vt 0.269887 0.825706
vt 0.271475 0.769672
vt 0.270487 0.767290
vt 0.288902 0.765889
vt 0.288902 0.807925
vt 0.288902 0.825706
vt 0.297222 0.799329
vt 0.299601 0.800315
vt 0.307857 0.765888
vt 0.301979 0.794564
vt 0.299601 0.793577
vt 0.307857 0.807925
vt 0.307857 0.825706
vt 0.365687 0.807925
vt 0.360915 0.773732
vt 0.363304 0.772745
vt 0.346634 0.765889
vt 0.365687 0.765889
vt 0.360915 0.766994
vt 0.327562 0.765889
vt 0.327562 0.807925
vt 0.327562 0.825706
vt 0.346634 0.807925
vt 0.346633 0.825706
vt 0.365687 0.825706
vt 0.381056 0.801271
vt 0.384714 0.807925
vt 0.378667 0.800284
vt 0.384714 0.765889
vt 0.383444 0.795520
vt 0.381056 0.794533
vt 0.384714 0.825706
vt 0.404336 0.765889
vt 0.412900 0.754514
vt 0.415268 0.755502
vt 0.417636 0.749741
vt 0.415268 0.748752
vt 0.358527 0.772745
vt 0.404336 0.807925
vt 0.404336 0.825706
vt 0.423249 0.765889
vt 0.423249 0.807925
vt 0.423249 0.825706
vt 0.442632 0.765889
vt 0.442632 0.807925
vt 0.444251 0.770518
vt 0.446628 0.771505
vt 0.442632 0.825706
vt 0.461597 0.765889
vt 0.449060 0.765889
vt 0.446628 0.764764
vt 0.461597 0.807925
vt 0.461597 0.825706
vt 0.473079 0.786197
vt 0.472108 0.788579
vt 0.480264 0.765889
vt 0.478732 0.788579
vt 0.477762 0.786197
vt 0.480264 0.807925
vt 0.480264 0.825706
vt 0.499513 0.765889
vt 0.499512 0.807925
vt 0.499512 0.825706
vt 0.502881 0.759221
vt 0.505254 0.760210
vt 0.505254 0.753459
vt 0.502881 0.754448
vt 0.518462 0.765889
vt 0.518462 0.807925
vt 0.518462 0.825706
vt 0.537459 0.765889
vt 0.537297 0.777357
vt 0.536308 0.779739
vt 0.537458 0.807925
vt 0.537458 0.825706
vt 0.556512 0.807925
vt 0.542077 0.782122
vt 0.543067 0.779739
vt 0.556512 0.765889
vt 0.556512 0.825706
vt 0.564342 0.799265
vt 0.566737 0.800252
vt 0.575593 0.765889
vt 0.569131 0.794500
vt 0.566736 0.793513
vt 0.575593 0.807925
vt 0.575593 0.825706
vt 0.595258 0.765889
vt 0.602428 0.756675
vt 0.604855 0.757664
vt 0.607283 0.751902
vt 0.604855 0.750913
vt 0.595258 0.807925
vt 0.595258 0.825706
vt 0.614646 0.765889
vt 0.614646 0.807925
vt 0.614646 0.825706
vt 0.693585 0.002437
vt 0.689740 0.018630
vt 0.687428 0.017652
vt 0.693585 0.039998
vt 0.687428 0.024318
vt 0.689740 0.023343
vt 0.635004 0.002437
vt 0.652784 0.002437
vt 0.652784 0.021243
vt 0.635004 0.021243
vt 0.693585 0.021243
vt 0.652784 0.039999
vt 0.635004 0.039998
vt 0.671499 0.048121
vt 0.670534 0.045770
vt 0.652700 0.039999
vt 0.665903 0.045769
vt 0.664951 0.048121
vt 0.693585 0.058746
vt 0.652784 0.058746
vt 0.635004 0.058746
vt 0.652784 0.114960
vt 0.688219 0.110653
vt 0.689250 0.112967
vt 0.693585 0.077593
vt 0.652784 0.077593
vt 0.635004 0.077593
vt 0.693585 0.096500
vt 0.652784 0.096500
vt 0.635004 0.096500
vt 0.711547 0.080607
vt 0.635004 0.114960
vt 0.713918 0.079624
vt 0.693585 0.152880
vt 0.693585 0.134045
vt 0.694159 0.114960
vt 0.652784 0.134045
vt 0.635004 0.134045
vt 0.673070 0.139060
vt 0.670758 0.138081
vt 0.693585 0.171866
vt 0.652784 0.152880
vt 0.635004 0.152880
vt 0.652784 0.171866
vt 0.635004 0.171866
vt 0.693585 0.227064
vt 0.693585 0.208558
vt 0.652784 0.190406
vt 0.635004 0.190406
vt 0.695539 0.196760
vt 0.696570 0.194485
vt 0.652784 0.208558
vt 0.635004 0.208558
vt 0.693584 0.303028
vt 0.684192 0.298395
vt 0.685170 0.296097
vt 0.678862 0.296097
vt 0.679740 0.298395
vt 0.652784 0.303028
vt 0.652784 0.227064
vt 0.635004 0.227064
vt 0.693585 0.245746
vt 0.652784 0.245746
vt 0.635004 0.245746
vt 0.694570 0.264670
vt 0.652784 0.264670
vt 0.635004 0.264670
vt 0.694334 0.283929
vt 0.652784 0.283929
vt 0.717221 0.242629
vt 0.714850 0.243599
vt 0.635004 0.283929
vt 0.693584 0.322697
vt 0.652784 0.322697
vt 0.635004 0.303028
vt 0.716667 0.323699
vt 0.693584 0.342556
vt 0.714296 0.329700
vt 0.716667 0.330729
vt 0.021963 0.765888
vt 0.002441 0.765888
vt 0.635004 0.322697
vt 0.652784 0.342556
vt 0.693584 0.379165
vt 0.684285 0.373946
vt 0.693584 0.362143
vt 0.652784 0.379165
vt 0.678703 0.376080
vt 0.679660 0.378215
vt 0.635004 0.342556
vt 0.652783 0.362143
vt 0.635004 0.362143
vt 0.696289 0.348686
vt 0.702996 0.348686
vt 0.702014 0.346233
vt 0.635004 0.379165
vt 0.697272 0.351140
vt 0.652784 0.398198
vt 0.693584 0.398198
vt 0.693584 0.417346
vt 0.652784 0.417346
vt 0.635004 0.398198
vt 0.731009 0.395390
vt 0.728638 0.394403
vt 0.728638 0.401161
vt 0.726267 0.400168
vt 0.635004 0.417346
vt 0.693584 0.436478
vt 0.652784 0.436478
vt 0.699680 0.419302
vt 0.698698 0.421698
vt 0.705404 0.421699
vt 0.704422 0.419302
vt 0.635004 0.436478
vt 0.693584 0.455036
vt 0.731194 0.468477
vt 0.729004 0.467193
vt 0.652784 0.455036
vt 0.635004 0.455036
vt 0.693584 0.473162
vt 0.693584 0.491562
vt 0.652784 0.491562
vt 0.652784 0.473162
vt 0.635004 0.473162
vt 0.688692 0.588341
vt 0.691004 0.589362
vt 0.693584 0.605928
vt 0.672214 0.455191
vt 0.673313 0.452713
vt 0.635004 0.491562
vt 0.652784 0.510571
vt 0.693584 0.510571
vt 0.693584 0.529839
vt 0.652784 0.530036
vt 0.693300 0.502077
vt 0.635004 0.510571
vt 0.699018 0.504458
vt 0.700000 0.502077
vt 0.664579 0.534136
vt 0.663621 0.531792
vt 0.658039 0.534159
vt 0.658997 0.536499
vt 0.635004 0.529867
vt 0.693584 0.548719
vt 0.652784 0.548669
vt 0.635004 0.548767
vt 0.675460 0.451611
vt 0.693584 0.567738
vt 0.652784 0.567738
vt 0.635004 0.567738
vt 0.688692 0.583572
vt 0.652784 0.586269
vt 0.635004 0.586269
vt 0.697727 0.273059
vt 0.703157 0.275354
vt 0.704116 0.273038
vt 0.714678 0.563045
vt 0.652784 0.605928
vt 0.635004 0.605928
vt 0.008214 0.791122
vt 0.005765 0.792109
vt 0.672453 0.210792
vt 0.670141 0.216397
vt 0.672453 0.217358
vt 0.825741 0.972249
vt 0.808163 0.973983
vt 0.807748 0.965562
vt 0.824502 0.963909
vt 0.953699 0.886720
vt 0.943888 0.901408
vt 0.937115 0.896386
vt 0.946466 0.882386
vt 0.876232 0.631489
vt 0.891811 0.639813
vt 0.887477 0.647046
vt 0.872628 0.639112
vt 0.706744 0.639843
vt 0.722320 0.631514
vt 0.725926 0.639136
vt 0.711079 0.647074
vt 0.772920 0.972257
vt 0.755596 0.968814
vt 0.757643 0.960635
vt 0.774156 0.963917
vt 0.790499 0.973986
vt 0.790911 0.965564
vt 0.825684 0.616164
vt 0.843008 0.619608
vt 0.840961 0.627787
vt 0.824447 0.624505
vt 0.722372 0.956933
vt 0.706793 0.948609
vt 0.711127 0.941376
vt 0.725976 0.949310
vt 0.772863 0.616173
vt 0.790441 0.614439
vt 0.790857 0.622860
vt 0.774102 0.624513
vt 0.678449 0.927594
vt 0.665957 0.915107
vt 0.672204 0.909443
vt 0.684110 0.921346
vt 0.973905 0.837917
vt 0.968780 0.854821
vt 0.960841 0.851982
vt 0.965726 0.835870
vt 0.738638 0.624752
vt 0.741479 0.632690
vt 0.665919 0.673358
vt 0.678406 0.660866
vt 0.684070 0.667112
vt 0.672167 0.679019
vt 0.644933 0.886769
vt 0.636605 0.871193
vt 0.644227 0.867586
vt 0.652165 0.882433
vt 0.859966 0.963670
vt 0.843064 0.968800
vt 0.841013 0.960621
vt 0.857124 0.955732
vt 0.692058 0.649658
vt 0.697082 0.656430
vt 0.624712 0.837973
vt 0.621264 0.820650
vt 0.629604 0.819411
vt 0.632891 0.835923
vt 0.644904 0.701702
vt 0.654715 0.687014
vt 0.661488 0.692035
vt 0.652137 0.706036
vt 0.619526 0.785408
vt 0.621255 0.767829
vt 0.629596 0.769065
vt 0.627948 0.785820
vt 0.979074 0.785351
vt 0.979077 0.803014
vt 0.970656 0.802602
vt 0.970653 0.785765
vt 0.624698 0.750505
vt 0.629823 0.733601
vt 0.637762 0.736440
vt 0.632878 0.752552
vt 0.636580 0.717281
vt 0.644203 0.720885
vt 0.891860 0.948579
vt 0.876284 0.956908
vt 0.872677 0.949286
vt 0.887524 0.941348
vt 0.619530 0.803071
vt 0.627951 0.802656
vt 0.629843 0.854875
vt 0.637781 0.852033
vt 0.968761 0.733547
vt 0.973891 0.750449
vt 0.965712 0.752499
vt 0.960823 0.736389
vt 0.654750 0.901454
vt 0.661520 0.896430
vt 0.755540 0.619622
vt 0.757590 0.627801
vt 0.692105 0.938798
vt 0.697127 0.932024
vt 0.808105 0.614436
vt 0.807693 0.622858
vt 0.738692 0.963690
vt 0.741532 0.955750
vt 0.859912 0.624733
vt 0.857073 0.632672
vt 0.943855 0.686968
vt 0.953670 0.701653
vt 0.946438 0.705989
vt 0.937083 0.691991
vt 0.906499 0.649624
vt 0.901477 0.656397
vt 0.932646 0.673315
vt 0.926400 0.678979
vt 0.961999 0.717229
vt 0.954377 0.720836
vt 0.920154 0.660827
vt 0.914494 0.667076
vt 0.977340 0.767772
vt 0.968999 0.769011
vt 0.977348 0.820593
vt 0.969008 0.819357
vt 0.962023 0.871141
vt 0.954401 0.867537
vt 0.932685 0.915063
vt 0.920197 0.927556
vt 0.914534 0.921309
vt 0.926437 0.909403
vt 0.906545 0.938763
vt 0.901520 0.931991
vt 0.960886 0.852290
vt 0.799309 0.794391
vt 0.965783 0.836173
vt 0.725997 0.639196
vt 0.711138 0.647129
vt 0.954502 0.721079
vt 0.946569 0.706220
vt 0.661399 0.896569
vt 0.672078 0.909595
vt 0.672188 0.679065
vt 0.684103 0.667160
vt 0.887478 0.941651
vt 0.872620 0.949584
vt 0.969077 0.819655
vt 0.970736 0.802893
vt 0.970743 0.786049
vt 0.629540 0.769125
vt 0.627881 0.785887
vt 0.683983 0.921511
vt 0.696998 0.932202
vt 0.652132 0.706081
vt 0.661496 0.692080
vt 0.710999 0.941567
vt 0.725850 0.949514
vt 0.629516 0.819494
vt 0.632795 0.836016
vt 0.807811 0.622963
vt 0.790968 0.622955
vt 0.946485 0.882699
vt 0.954432 0.867848
vt 0.926538 0.679185
vt 0.914634 0.667269
vt 0.741409 0.955967
vt 0.914513 0.921620
vt 0.926429 0.909715
vt 0.887618 0.647213
vt 0.872766 0.639266
vt 0.857208 0.632813
vt 0.841092 0.627916
vt 0.965822 0.752764
vt 0.960940 0.736643
vt 0.644184 0.720932
vt 0.637731 0.736490
vt 0.632834 0.752607
vt 0.807649 0.965825
vt 0.824413 0.964182
vt 0.901488 0.932299
vt 0.824573 0.624622
vt 0.774043 0.964158
vt 0.790805 0.965817
vt 0.937218 0.692211
vt 0.757525 0.960864
vt 0.901618 0.656577
vt 0.937121 0.896700
vt 0.627873 0.802731
vt 0.840934 0.960904
vt 0.774204 0.624598
vt 0.857055 0.956022
vt 0.637676 0.852136
vt 0.741562 0.632758
vt 0.697129 0.656481
vt 0.644115 0.867701
vt 0.652048 0.882560
vt 0.969100 0.769286
vt 0.757682 0.627876
vt 0.058962 0.740511
vt 0.057940 0.742900
vt 0.690972 0.192211
vt 0.689954 0.194486
vt 0.694143 0.190406
vt 0.720402 0.565431
vt 0.721384 0.563041
vt 0.792131 0.605928
vt 0.735420 0.605928
vt 0.095225 0.795448
vt 0.096187 0.797831
vt 0.711547 0.073917
vt 0.709176 0.074900
vt 0.076185 0.769336
vt 0.076188 0.776077
vt 0.078579 0.775081
vt 0.677593 0.457331
vt 0.678778 0.455067
vt 0.818528 0.002446
vt 0.806971 0.002446
vt 0.802082 0.605928
vt 0.488014 0.498481
vt 0.506579 0.498481
vt 0.525175 0.498481
vt 0.543760 0.498481
vt 0.562353 0.498481
vt 0.581248 0.498481
vt 0.599804 0.498481
vt 0.846391 0.229724
vt 0.846391 0.210793
vt 0.002440 0.050043
vt 0.597659 0.276677
vt 0.579124 0.276677
vt 0.115463 0.050043
vt 0.134283 0.050043
vt 0.153103 0.050043
vt 0.284846 0.050044
vt 0.304295 0.050044
vt 0.846391 0.135069
vt 0.846391 0.116138
vt 0.846390 0.533395
vt 0.846390 0.514440
vt 0.846391 0.267594
vt 0.846391 0.248653
vt 0.846391 0.191861
vt 0.469444 0.498481
vt 0.846391 0.286525
vt 0.929981 0.021429
vt 0.929981 0.040362
vt 0.846391 0.097207
vt 0.846391 0.078302
vt 0.846391 0.306089
vt 0.846391 0.325019
vt 0.846390 0.343959
vt 0.846390 0.362890
vt 0.846391 0.381822
vt 0.846390 0.400751
vt 0.846390 0.419682
vt 0.846390 0.438666
vt 0.846390 0.457571
vt 0.846390 0.476529
vt 0.846390 0.495489
vt 0.846390 0.552383
vt 0.846390 0.571308
vt 0.846390 0.590230
vt 0.846390 0.609163
vt 0.432300 0.498481
vt 0.450878 0.498481
vt 0.413507 0.498481
vt 0.394928 0.498481
vt 0.375788 0.498481
vt 0.357181 0.498481
vt 0.338599 0.498481
vt 0.319966 0.498481
vt 0.300738 0.498481
vt 0.282140 0.498481
vt 0.263553 0.498481
vt 0.244945 0.498480
vt 0.226326 0.498481
vt 0.207717 0.498480
vt 0.189124 0.498480
vt 0.170584 0.498481
vt 0.151936 0.498480
vt 0.133336 0.498481
vt 0.114520 0.498481
vt 0.095956 0.498481
vt 0.077318 0.498481
vt 0.058730 0.498481
vt 0.040110 0.498481
vt 0.021040 0.498481
vt 0.002437 0.498481
vt 0.929981 0.002446
vt 0.846391 0.059374
vt 0.846391 0.040362
vt 0.929981 0.059374
vt 0.902117 0.059374
vt 0.902117 0.040362
vt 0.874254 0.059374
vt 0.874254 0.040362
vt 0.929980 0.514440
vt 0.929980 0.495490
vt 0.902117 0.514440
vt 0.902117 0.495490
vt 0.874254 0.514440
vt 0.874254 0.495489
vt 0.929981 0.248654
vt 0.929981 0.229724
vt 0.902117 0.248654
vt 0.902117 0.229724
vt 0.874254 0.248654
vt 0.874254 0.229724
vt 0.450878 0.583379
vt 0.469444 0.583379
vt 0.450878 0.555080
vt 0.469444 0.555080
vt 0.450878 0.526780
vt 0.469444 0.526780
vt 0.929981 0.078302
vt 0.902117 0.078302
vt 0.874254 0.078302
vt 0.846391 0.002446
vt 0.846391 0.021429
vt 0.874254 0.002446
vt 0.874254 0.021429
vt 0.902117 0.002446
vt 0.902117 0.021429
vt 0.002437 0.583379
vt 0.021039 0.583379
vt 0.002437 0.555080
vt 0.021039 0.555080
vt 0.002437 0.526780
vt 0.021040 0.526780
vt 0.040110 0.583379
vt 0.040110 0.555080
vt 0.040110 0.526780
vt 0.058730 0.583379
vt 0.058730 0.555080
vt 0.058730 0.526780
vt 0.077318 0.583379
vt 0.077318 0.555080
vt 0.077318 0.526780
vt 0.095955 0.583379
vt 0.095955 0.555079
vt 0.095956 0.526780
vt 0.114520 0.583379
vt 0.114520 0.555079
vt 0.114520 0.526780
vt 0.133336 0.583379
vt 0.133336 0.555079
vt 0.133336 0.526780
vt 0.151936 0.583379
vt 0.151936 0.555079
vt 0.151936 0.526780
vt 0.170584 0.583379
vt 0.170584 0.555079
vt 0.170584 0.526780
vt 0.189124 0.583379
vt 0.189124 0.555079
vt 0.189124 0.526780
vt 0.207717 0.583379
vt 0.207717 0.555079
vt 0.207717 0.526780
vt 0.226325 0.583379
vt 0.226325 0.555079
vt 0.226325 0.526780
vt 0.244945 0.583379
vt 0.244945 0.555079
vt 0.244945 0.526780
vt 0.263552 0.583379
vt 0.263553 0.555080
vt 0.263553 0.526780
vt 0.282140 0.583379
vt 0.282140 0.555080
vt 0.282140 0.526780
vt 0.300738 0.583379
vt 0.300738 0.555080
vt 0.300738 0.526780
vt 0.319966 0.583379
vt 0.319966 0.555080
vt 0.319966 0.526780
vt 0.338599 0.583379
vt 0.338599 0.555080
vt 0.338599 0.526780
vt 0.357181 0.583379
vt 0.357181 0.555080
vt 0.357181 0.526780
vt 0.375788 0.583379
vt 0.375788 0.555080
vt 0.375788 0.526780
vt 0.394928 0.583379
vt 0.394928 0.555080
vt 0.394928 0.526780
vt 0.413507 0.583379
vt 0.413507 0.555080
vt 0.413507 0.526780
vt 0.432300 0.583379
vt 0.432300 0.555080
vt 0.432300 0.526780
vt 0.929980 0.609163
vt 0.929980 0.590230
vt 0.902117 0.609163
vt 0.902117 0.590230
vt 0.874254 0.609163
vt 0.874254 0.590230
vt 0.929980 0.571308
vt 0.902117 0.571308
vt 0.874254 0.571308
vt 0.929980 0.552383
vt 0.902117 0.552383
vt 0.874254 0.552383
vt 0.929980 0.533395
vt 0.902117 0.533395
vt 0.874254 0.533395
vt 0.929980 0.476529
vt 0.902117 0.476529
vt 0.874254 0.476529
vt 0.929980 0.457571
vt 0.902117 0.457571
vt 0.874254 0.457571
vt 0.929980 0.438666
vt 0.902117 0.438666
vt 0.874254 0.438666
vt 0.929980 0.419682
vt 0.902117 0.419682
vt 0.874254 0.419682
vt 0.929980 0.400752
vt 0.902117 0.400752
vt 0.874254 0.400751
vt 0.929980 0.381822
vt 0.902117 0.381822
vt 0.874254 0.381822
vt 0.929980 0.362891
vt 0.902117 0.362890
vt 0.874254 0.362890
vt 0.929980 0.343959
vt 0.902117 0.343959
vt 0.874254 0.343959
vt 0.929981 0.325019
vt 0.902117 0.325019
vt 0.874254 0.325019
vt 0.929981 0.210793
vt 0.929981 0.191861
vt 0.902117 0.210793
vt 0.902118 0.191861
vt 0.874254 0.210793
vt 0.874254 0.191861
vt 0.929980 0.306089
vt 0.902117 0.306089
vt 0.874254 0.306089
vt 0.929981 0.286525
vt 0.902117 0.286525
vt 0.874254 0.286525
vt 0.929981 0.116138
vt 0.929981 0.097207
vt 0.902117 0.116138
vt 0.902117 0.097207
vt 0.874254 0.116138
vt 0.874254 0.097207
vt 0.929981 0.267594
vt 0.902117 0.267594
vt 0.874254 0.267594
vt 0.929981 0.154001
vt 0.929981 0.135069
vt 0.902117 0.154001
vt 0.902118 0.135069
vt 0.874254 0.154001
vt 0.874254 0.135069
vt 0.488014 0.583380
vt 0.488014 0.555080
vt 0.488014 0.526781
vt 0.929981 0.172930
vt 0.902118 0.172930
vt 0.874254 0.172930
vt 0.581248 0.583380
vt 0.599804 0.583379
vt 0.581248 0.555080
vt 0.599804 0.555080
vt 0.581248 0.526781
vt 0.599804 0.526780
vt 0.562352 0.583380
vt 0.562352 0.555080
vt 0.562352 0.526781
vt 0.543760 0.583380
vt 0.543760 0.555080
vt 0.543760 0.526781
vt 0.525174 0.583380
vt 0.525174 0.555080
vt 0.525174 0.526781
vt 0.506579 0.583380
vt 0.506579 0.555080
vt 0.506579 0.526781
vt 0.100914 0.797832
vt 0.101912 0.795450
vt 0.063785 0.745287
vt 0.064776 0.742896
vt 0.715660 0.565434
vt 0.720402 0.560651
vt 0.717289 0.249315
vt 0.719636 0.248326
vt 0.338330 0.740772
vt 0.335944 0.739783
vt 0.335944 0.746534
vt 0.171920 0.214766
vt 0.153102 0.214766
vt 0.021312 0.214766
vt 0.002440 0.214766
vt 0.058284 0.443593
vt 0.039759 0.443593
vt 0.115462 0.214766
vt 0.096643 0.214766
vt 0.560122 0.443593
vt 0.541569 0.443593
vt 0.356024 0.443593
vt 0.337483 0.443593
vt 0.266026 0.214766
vt 0.247197 0.214766
vt 0.523048 0.443593
vt 0.504478 0.443593
vt 0.485979 0.443593
vt 0.436090 0.214766
vt 0.417218 0.214766
vt 0.605583 0.214767
vt 0.586762 0.214767
vt 0.134282 0.214766
vt 0.411644 0.443593
vt 0.393118 0.443593
vt 0.398399 0.214766
vt 0.040133 0.214766
vt 0.209559 0.214766
vt 0.190739 0.214766
vt 0.169343 0.443593
vt 0.150832 0.443593
vt 0.374577 0.443593
vt 0.448699 0.443593
vt 0.430117 0.443593
vt 0.379581 0.214766
vt 0.281273 0.443593
vt 0.262706 0.443593
vt 0.597659 0.443593
vt 0.579123 0.443593
vt 0.188069 0.443593
vt 0.454884 0.214766
vt 0.244192 0.443593
vt 0.467231 0.443593
vt 0.360761 0.214766
vt 0.341941 0.214766
vt 0.225652 0.443593
vt 0.206581 0.443593
vt 0.318962 0.443593
vt 0.300432 0.443593
vt 0.132333 0.443593
vt 0.113830 0.443593
vt 0.095331 0.443593
vt 0.020932 0.443593
vt 0.473730 0.214766
vt 0.076804 0.443593
vt 0.492579 0.214766
vt 0.567952 0.214767
vt 0.511418 0.214766
vt 0.549138 0.214767
vt 0.530262 0.214767
vt 0.284846 0.214766
vt 0.077850 0.214766
vt 0.059033 0.214766
vt 0.228379 0.214766
vt 0.323113 0.214766
vt 0.304294 0.214766
vt 0.002442 0.443593
vt 0.454884 0.223406
vt 0.436090 0.223406
vt 0.379581 0.223406
vt 0.360761 0.223406
vt 0.300432 0.452348
vt 0.281273 0.452348
vt 0.341941 0.223406
vt 0.323113 0.223406
vt 0.134282 0.223406
vt 0.115462 0.223406
vt 0.171920 0.223406
vt 0.153102 0.223406
vt 0.206581 0.452348
vt 0.188069 0.452348
vt 0.096643 0.223406
vt 0.058284 0.452348
vt 0.039759 0.452348
vt 0.040133 0.223406
vt 0.021312 0.223406
vt 0.266026 0.223406
vt 0.247197 0.223406
vt 0.356024 0.452348
vt 0.337483 0.452348
vt 0.398399 0.223406
vt 0.417218 0.223406
vt 0.605583 0.223406
vt 0.586762 0.223406
vt 0.169343 0.452348
vt 0.150832 0.452348
vt 0.448699 0.452348
vt 0.430117 0.452348
vt 0.485979 0.452348
vt 0.467231 0.452348
vt 0.262706 0.452348
vt 0.411644 0.452348
vt 0.304294 0.223406
vt 0.284846 0.223406
vt 0.190740 0.223406
vt 0.541569 0.452348
vt 0.523048 0.452348
vt 0.228379 0.223406
vt 0.597659 0.452348
vt 0.579123 0.452348
vt 0.473730 0.223406
vt 0.077850 0.223406
vt 0.059033 0.223406
vt 0.567952 0.223406
vt 0.002440 0.223406
vt 0.318962 0.452348
vt 0.560122 0.452348
vt 0.132333 0.452348
vt 0.504478 0.452348
vt 0.020931 0.452348
vt 0.393118 0.452348
vt 0.492579 0.223406
vt 0.374577 0.452348
vt 0.511418 0.223406
vt 0.244192 0.452348
vt 0.225652 0.452348
vt 0.113830 0.452348
vt 0.095331 0.452348
vt 0.076803 0.452348
vt 0.549138 0.223406
vt 0.530262 0.223406
vt 0.209559 0.223406
vt 0.002442 0.452348
vt 0.301816 0.866781
vt 0.288285 0.866781
vt 0.288285 0.857428
vt 0.301816 0.857329
vt 0.125434 0.872441
vt 0.142990 0.872441
vt 0.142990 0.880375
vt 0.125434 0.880669
vt 0.090322 0.872441
vt 0.107878 0.872441
vt 0.107878 0.882274
vt 0.090322 0.881262
vt 0.410217 0.866781
vt 0.396677 0.866781
vt 0.396677 0.857723
vt 0.410217 0.858215
vt 0.020049 0.872441
vt 0.037606 0.872441
vt 0.037606 0.886312
vt 0.020049 0.886312
vt 0.230767 0.872441
vt 0.248332 0.872441
vt 0.248331 0.877333
vt 0.230767 0.880143
vt 0.192608 0.866781
vt 0.179056 0.866781
vt 0.179056 0.858609
vt 0.192608 0.858609
vt 0.354262 0.872442
vt 0.371816 0.872442
vt 0.371816 0.876307
vt 0.354262 0.874853
vt 0.389371 0.872442
vt 0.406976 0.872442
vt 0.406976 0.880971
vt 0.389371 0.874036
vt 0.547530 0.872442
vt 0.565088 0.872442
vt 0.565088 0.887395
vt 0.547530 0.886312
vt 0.315503 0.866781
vt 0.315503 0.857526
vt 0.329033 0.866781
vt 0.329033 0.857822
vt 0.124901 0.866781
vt 0.111319 0.866781
vt 0.111319 0.857526
vt 0.124901 0.858314
vt 0.097774 0.866781
vt 0.084071 0.866781
vt 0.084071 0.857625
vt 0.097774 0.858609
vt 0.247263 0.866781
vt 0.233692 0.866781
vt 0.233692 0.860283
vt 0.247263 0.860676
vt 0.319149 0.872441
vt 0.336706 0.872441
vt 0.336706 0.877106
vt 0.319149 0.879355
vt 0.138403 0.866781
vt 0.138403 0.857822
vt 0.265888 0.872441
vt 0.284030 0.872441
vt 0.284030 0.880187
vt 0.265888 0.877478
vt 0.160545 0.872441
vt 0.178100 0.872441
vt 0.178100 0.881462
vt 0.160545 0.881303
vt 0.056977 0.866781
vt 0.043440 0.866781
vt 0.043440 0.859854
vt 0.056977 0.860412
vt 0.213213 0.872441
vt 0.213213 0.884290
vt 0.015991 0.866781
vt 0.002443 0.866781
vt 0.002443 0.856443
vt 0.015991 0.857928
vt 0.424507 0.872442
vt 0.442088 0.872442
vt 0.442088 0.886312
vt 0.424507 0.881053
vt 0.055238 0.872441
vt 0.072791 0.872441
vt 0.072791 0.882302
vt 0.055238 0.881701
vt 0.529983 0.872442
vt 0.529983 0.886312
vt 0.002445 0.872441
vt 0.002445 0.886312
vt 0.206145 0.866781
vt 0.206145 0.859397
vt 0.219689 0.866781
vt 0.219689 0.861502
vt 0.029879 0.866781
vt 0.029879 0.859048
vt 0.342554 0.866781
vt 0.342554 0.858412
vt 0.070551 0.866781
vt 0.070551 0.858314
vt 0.423978 0.866781
vt 0.423978 0.857428
vt 0.151943 0.866781
vt 0.151943 0.857920
vt 0.459672 0.872442
vt 0.459672 0.886312
vt 0.165496 0.866781
vt 0.165496 0.858215
vt 0.477246 0.872442
vt 0.477246 0.886312
vt 0.260795 0.866781
vt 0.260795 0.859101
vt 0.274346 0.866781
vt 0.274346 0.858019
vt 0.369598 0.866781
vt 0.356078 0.866781
vt 0.356078 0.858314
vt 0.369599 0.857920
vt 0.383141 0.866781
vt 0.383141 0.858412
vt 0.494824 0.872442
vt 0.512432 0.872442
vt 0.512432 0.886312
vt 0.494824 0.886312
vt 0.301585 0.872441
vt 0.301585 0.880243
vt 0.195656 0.872442
vt 0.195656 0.884161
vt 0.437492 0.866781
vt 0.437492 0.857526
vt 0.714664 0.177914
vt 0.713735 0.180185
vt 0.719330 0.182455
vt 0.720266 0.180185
vt 0.377678 0.797902
vt 0.378667 0.795520
vt 0.383444 0.800284
vt 0.384433 0.797902
vt 0.364293 0.770363
vt 0.363303 0.767981
vt 0.357538 0.770363
vt 0.358528 0.767981
vt 0.339319 0.743159
vt 0.333558 0.740772
vt 0.332569 0.743159
vt 0.338331 0.745545
vt 0.333557 0.745545
vt 0.334066 0.740562
vt 0.301980 0.799329
vt 0.296237 0.796946
vt 0.297222 0.794564
vt 0.302965 0.796946
vt 0.268084 0.773041
vt 0.269887 0.772302
vt 0.265677 0.772054
vt 0.268084 0.766303
vt 0.236534 0.744579
vt 0.239918 0.747954
vt 0.238927 0.745567
vt 0.234141 0.750341
vt 0.203674 0.795625
vt 0.202727 0.798012
vt 0.208245 0.800392
vt 0.209191 0.798003
vt 0.176065 0.778030
vt 0.098617 0.798773
vt 0.098508 0.798819
vt 0.180824 0.778140
vt 0.178467 0.779127
vt 0.176110 0.778140
vt 0.178467 0.772389
vt 0.096187 0.793066
vt 0.098617 0.792127
vt 0.098508 0.792081
vt 0.100914 0.793068
vt 0.073793 0.770333
vt 0.078578 0.770314
vt 0.079569 0.772694
vt 0.073796 0.775098
vt 0.072804 0.772720
vt 0.061410 0.739523
vt 0.058953 0.745290
vt 0.693317 0.588340
vt 0.063792 0.740509
vt 0.011679 0.794491
vt 0.061397 0.746282
vt 0.010664 0.792109
vt 0.010664 0.796874
vt 0.004750 0.794491
vt 0.005764 0.796874
vt 0.008214 0.797860
vt 0.715661 0.560656
vt 0.718031 0.559664
vt 0.718031 0.566422
vt 0.687735 0.585896
vt 0.694292 0.585897
vt 0.693317 0.583572
vt 0.691005 0.582609
vt 0.661309 0.530829
vt 0.658997 0.531812
vt 0.663621 0.536486
vt 0.661309 0.537464
vt 0.694276 0.499696
vt 0.699018 0.499696
vt 0.694276 0.504458
vt 0.696647 0.505445
vt 0.696647 0.498710
vt 0.724775 0.470403
vt 0.725997 0.468291
vt 0.726452 0.473013
vt 0.728823 0.473966
vt 0.731194 0.473013
vt 0.732176 0.470745
vt 0.677854 0.452614
vt 0.675468 0.458406
vt 0.699680 0.424095
vt 0.673195 0.457364
vt 0.702051 0.418309
vt 0.704422 0.424095
vt 0.702051 0.425088
vt 0.731009 0.400168
vt 0.731991 0.397773
vt 0.726267 0.395390
vt 0.725285 0.397773
vt 0.685243 0.376080
vt 0.684285 0.378215
vt 0.681973 0.373061
vt 0.679660 0.373945
vt 0.681973 0.379099
vt 0.697272 0.346232
vt 0.699643 0.345216
vt 0.702013 0.351139
vt 0.699643 0.352156
vt 0.714296 0.324728
vt 0.713314 0.327214
vt 0.720020 0.327214
vt 0.719038 0.324729
vt 0.719038 0.329700
vt 0.684301 0.293799
vt 0.681946 0.299347
vt 0.682088 0.292847
vt 0.679832 0.293798
vt 0.698689 0.270746
vt 0.698636 0.275366
vt 0.700957 0.269779
vt 0.703204 0.270728
vt 0.700886 0.276317
vt 0.720577 0.245943
vt 0.719592 0.243599
vt 0.670141 0.211753
vt 0.669183 0.214075
vt 0.675723 0.214075
vt 0.674765 0.211754
vt 0.714904 0.248329
vt 0.713872 0.245943
vt 0.674765 0.216396
vt 0.717034 0.183395
vt 0.695650 0.192211
vt 0.693328 0.191268
vt 0.719289 0.177915
vt 0.716966 0.176974
vt 0.690865 0.196761
vt 0.668446 0.143785
vt 0.670758 0.144763
vt 0.693169 0.197703
vt 0.714719 0.182455
vt 0.673070 0.143784
vt 0.694829 0.110654
vt 0.693785 0.108340
vt 0.668446 0.139059
vt 0.674028 0.141422
vt 0.667488 0.141422
vt 0.689122 0.108339
vt 0.691425 0.107381
vt 0.668216 0.044795
vt 0.691617 0.113925
vt 0.693927 0.112967
vt 0.693585 0.077666
vt 0.709176 0.079632
vt 0.714900 0.077258
vt 0.668235 0.051447
vt 0.708194 0.077269
vt 0.713918 0.074893
vt 0.670546 0.050473
vt 0.665918 0.050474
vt 0.690698 0.020989
vt 0.685115 0.018629
vt 0.684158 0.020989
vt 0.607283 0.756675
vt 0.685115 0.023344
vt 0.601423 0.754289
vt 0.602428 0.751902
vt 0.608288 0.754288
vt 0.569131 0.799265
vt 0.563350 0.796883
vt 0.564342 0.794500
vt 0.570123 0.796882
vt 0.539686 0.776371
vt 0.537296 0.782122
vt 0.507628 0.759221
vt 0.542076 0.777357
vt 0.539686 0.783109
vt 0.507627 0.754448
vt 0.508611 0.756835
vt 0.501898 0.756835
vt 0.473078 0.790961
vt 0.475420 0.791948
vt 0.475420 0.785210
vt 0.477763 0.790961
vt 0.449005 0.770518
vt 0.444195 0.765889
vt 0.443266 0.768136
vt 0.449990 0.768136
vt 0.417637 0.754514
vt 0.411920 0.752127
vt 0.412901 0.749741
vt 0.418617 0.752127
vt 0.597659 0.254009
s 1
usemtl barrel_stove
f 4688/1/1 4654/2/2 2306/3/3 2307/4/4
f 4656/5/5 4673/6/6 2313/7/7 2314/8/8
f 4689/9/9 4656/5/5 2314/8/8 2315/10/10
f 4669/11/11 4689/9/9 2315/10/10 2316/12/12
f 4705/13/13 4669/11/11 2316/12/12 2317/14/14
f 4685/15/15 591/16/16 586/17/17 4705/13/13
f 4658/18/18 4685/15/15 2318/19/19 2319/20/20
f 4700/21/21 601/22/22 596/23/23 4658/18/18
f 4674/24/24 4700/21/21 2320/25/25 2321/26/26
f 4649/27/27 611/28/28 606/29/29 4674/24/24
f 4690/30/30 4649/27/27 2322/31/31 2323/32/32
f 4671/33/33 4690/30/30 2323/32/32 2324/34/34
f 4706/35/35 4671/33/33 2324/34/34 2325/36/36
f 4686/37/37 631/38/38 626/39/39 4706/35/35
f 4659/40/40 4686/37/37 2326/41/41 2327/42/42
f 4701/43/43 641/44/44 636/45/45 4659/40/40
f 4675/46/46 4701/43/43 2328/47/47 2329/48/48
f 4650/49/49 651/50/50 646/51/51 4675/46/46
f 4691/52/52 4650/49/49 2330/53/53 2331/54/54
f 4664/55/55 661/56/56 656/57/57 4691/52/52
f 4707/58/58 4664/55/55 2332/59/59 2333/60/60
f 4687/61/61 671/62/62 666/63/63 4707/58/58
f 4660/64/64 4687/61/61 2334/65/65 2335/66/66
f 4702/67/67 4660/68/64 2335/69/66 2336/70/68
f 4676/71/69 4702/67/67 2336/70/68 2337/72/70
f 4652/73/71 4676/71/69 2337/72/70 2338/74/72
f 4692/75/73 4652/73/71 2338/74/72 2339/76/74
f 4677/77/75 726/78/76 721/79/77 4703/80/78
f 4708/81/79 4666/82/80 2340/83/81 2341/84/82
f 3294/85/83 629/86/84 674/87/85 3293/88/86
f 4666/82/80 701/89/87 696/90/88 4692/75/73
f 4703/80/78 4661/91/89 2343/92/90 2344/93/91
f 4680/94/92 4708/81/79 2341/84/82 2342/95/93
f 4653/96/94 4677/77/75 2345/97/95 2346/98/96
f 4693/99/97 4653/96/94 2346/98/96 2347/100/98
f 4667/101/99 741/102/100 736/103/101 4693/99/97
f 4709/104/102 4667/101/99 2348/105/103 2349/106/104
f 4681/107/105 4709/104/102 2349/106/104 2350/108/106
f 4662/109/107 756/110/108 751/111/109 4681/107/105
f 4696/112/110 761/113/111 756/110/108 4662/109/107
f 4678/114/112 766/115/113 761/113/111 4696/112/110
f 4655/116/114 4678/114/112 2353/117/115 2354/118/116
f 4694/119/117 4655/116/114 2354/118/116 2355/120/118
f 4668/121/119 781/122/120 776/123/121 4694/119/117
f 4710/124/122 4668/121/119 2356/125/123 2357/126/124
f 4682/127/125 4710/124/122 2357/126/124 2358/128/126
f 4663/129/127 796/130/128 791/131/129 4682/127/125
f 4697/132/130 801/133/131 796/130/128 4663/129/127
f 4679/134/132 806/135/133 801/133/131 4697/132/130
f 4651/136/134 811/137/135 806/135/133 4679/134/132
f 4695/138/136 4651/136/134 2362/139/137 2363/140/138
f 4670/141/139 4695/138/136 2363/140/138 2364/142/140
f 4711/143/141 4670/141/139 2364/142/140 2365/144/142
f 4711/143/141 2365/144/142 2366/145/143 4683/146/144
f 4657/147/145 4684/148/146 2310/149/147 2311/150/148
f 4704/151/149 4665/152/150 2308/153/151 2309/154/152
f 4698/155/153 4672/156/154 526/157/155 521/158/156
f 4661/91/89 716/159/157 711/160/158 4680/94/92
f 4648/161/159 515/162/160 831/163/161 4683/146/144
f 4665/152/150 4688/1/1 2307/4/4 2308/153/151
f 1600/164/162 63/165/163 64/166/164 1596/167/165
f 512/168/166 960/169/167 959/170/168 385/171/169
f 4654/2/2 4672/156/154 2305/172/170 2306/3/3
f 387/173/171 386/174/172 194/175/173 196/176/174
f 389/177/175 387/173/171 196/176/174 199/178/176
f 391/179/177 389/177/175 199/178/176 202/180/178
f 393/181/179 391/179/177 202/180/178 205/182/180
f 395/183/181 393/181/179 205/182/180 208/184/182
f 397/185/183 395/183/181 208/184/182 211/186/184
f 399/187/185 397/185/183 211/186/184 214/188/186
f 401/189/187 399/187/185 214/188/186 217/190/188
f 403/191/189 401/189/187 217/190/188 220/192/190
f 405/193/191 403/191/189 220/192/190 223/194/192
f 407/195/193 405/193/191 223/194/192 226/196/194
f 409/197/195 407/195/193 226/196/194 229/198/196
f 411/199/197 409/197/195 229/198/196 232/200/198
f 413/201/199 411/199/197 232/200/198 235/202/200
f 415/203/201 413/201/199 235/202/200 238/204/202
f 417/205/203 415/203/201 238/204/202 241/206/204
f 419/207/205 417/205/203 241/206/204 244/208/206
f 421/209/207 419/207/205 244/208/206 247/210/208
f 423/211/209 421/209/207 247/210/208 250/212/210
f 425/213/211 423/211/209 250/212/210 253/214/212
f 427/215/213 425/213/211 253/214/212 256/216/214
f 429/217/215 427/215/213 256/216/214 259/218/216
f 431/219/217 429/217/215 259/218/216 262/220/218
f 433/221/219 431/219/217 262/220/218 265/222/220
f 435/223/221 433/221/219 265/222/220 268/224/222
f 437/225/223 435/223/221 268/224/222 271/226/224
f 439/227/225 437/225/223 271/226/224 274/228/226
f 441/229/227 439/227/225 274/228/226 277/230/228
f 443/231/229 441/229/227 277/230/228 280/232/230
f 445/233/231 443/231/229 280/232/230 283/234/232
f 447/235/233 445/233/231 283/234/232 286/236/234
f 449/237/235 447/235/233 286/236/234 289/238/236
f 451/239/237 449/240/235 289/241/236 292/242/238
f 453/243/239 451/239/237 292/242/238 295/244/240
f 455/245/241 453/243/239 295/244/240 298/246/242
f 457/247/243 455/245/241 298/246/242 301/248/244
f 459/249/245 457/247/243 301/248/244 304/250/246
f 461/88/247 459/249/245 304/250/246 307/251/248
f 463/85/249 461/88/247 307/251/248 310/252/250
f 465/253/251 463/85/249 310/252/250 313/254/252
f 467/255/253 465/253/251 313/254/252 316/256/254
f 469/257/255 467/255/253 316/256/254 319/258/256
f 471/259/257 469/257/255 319/258/256 322/260/258
f 473/261/259 471/259/257 322/260/258 325/262/260
f 475/263/261 473/261/259 325/262/260 328/264/262
f 477/265/263 475/263/261 328/264/262 331/266/264
f 479/267/265 477/265/263 331/266/264 334/268/266
f 481/269/267 479/267/265 334/268/266 337/270/268
f 483/271/269 481/269/267 337/270/268 340/272/270
f 485/273/271 483/271/269 340/272/270 343/274/272
f 487/275/273 485/273/271 343/274/272 346/276/274
f 489/277/275 487/275/273 346/276/274 349/278/276
f 491/279/277 489/277/275 349/278/276 352/280/278
f 493/281/279 491/279/277 352/280/278 355/282/280
f 495/283/281 493/281/279 355/282/280 358/284/282
f 497/285/283 495/283/281 358/284/282 361/286/284
f 499/287/285 497/285/283 361/286/284 364/288/286
f 501/289/287 499/287/285 364/288/286 367/290/288
f 503/291/289 501/289/287 367/290/288 370/292/290
f 505/293/291 503/291/289 370/292/290 373/294/292
f 507/295/293 505/293/291 373/294/292 376/296/294
f 509/297/295 507/295/293 376/296/294 379/298/296
f 823/299/297 818/300/298 820/301/299 825/302/300
f 818/300/298 813/303/301 815/304/302 820/301/299
f 813/303/301 808/305/303 810/306/304 815/304/302
f 808/305/303 803/307/305 805/308/306 810/306/304
f 803/307/305 798/309/307 800/310/308 805/308/306
f 798/309/307 793/311/309 795/312/310 800/310/308
f 793/311/309 788/313/311 790/314/312 795/312/310
f 788/313/311 783/315/313 785/316/314 790/314/312
f 783/315/313 778/317/315 780/318/316 785/316/314
f 778/317/315 773/319/317 775/320/318 780/318/316
f 773/319/317 768/321/319 770/322/320 775/320/318
f 768/321/319 763/323/321 765/324/322 770/322/320
f 763/323/321 758/325/323 760/326/324 765/324/322
f 758/325/323 753/327/325 755/328/326 760/326/324
f 753/327/325 748/329/327 750/330/328 755/328/326
f 748/329/327 743/331/329 745/332/330 750/330/328
f 743/331/329 738/333/331 740/334/332 745/332/330
f 738/333/331 733/335/333 735/336/334 740/334/332
f 733/335/333 728/337/335 730/338/336 735/336/334
f 728/337/335 723/339/337 725/340/338 730/338/336
f 723/339/337 718/341/339 720/342/340 725/340/338
f 718/341/339 713/343/341 715/344/342 720/342/340
f 713/343/341 708/345/343 710/346/344 715/344/342
f 708/345/343 703/347/345 705/348/346 710/346/344
f 703/347/345 698/349/347 700/350/348 705/348/346
f 698/349/347 693/351/349 695/352/350 700/350/348
f 693/351/349 688/353/351 690/354/352 695/352/350
f 688/353/351 683/355/353 685/356/354 690/354/352
f 683/355/353 678/357/355 680/358/356 685/356/354
f 678/357/355 673/359/357 675/360/358 680/358/356
f 673/361/357 668/362/359 670/363/360 675/364/358
f 668/362/359 663/365/361 665/366/362 670/363/360
f 663/365/361 658/367/363 660/368/364 665/366/362
f 658/367/363 653/369/365 655/370/366 660/368/364
f 653/369/365 648/371/367 650/372/368 655/370/366
f 648/371/367 643/373/369 645/374/370 650/372/368
f 643/373/369 638/375/371 640/376/372 645/374/370
f 638/375/371 633/377/373 635/378/374 640/376/372
f 633/377/373 628/379/375 630/380/376 635/378/374
f 628/379/375 623/381/377 625/382/378 630/380/376
f 623/381/377 618/383/379 620/384/380 625/382/378
f 618/383/379 613/385/381 615/386/382 620/384/380
f 613/385/381 608/387/383 610/388/384 615/386/382
f 608/387/383 603/389/385 605/390/386 610/388/384
f 603/389/385 598/391/387 600/392/388 605/390/386
f 598/391/387 593/393/389 595/394/390 600/392/388
f 593/393/389 588/395/391 590/396/392 595/394/390
f 588/395/391 583/397/393 585/398/394 590/396/392
f 583/397/393 578/399/395 580/400/396 585/398/394
f 578/399/395 573/401/397 575/402/398 580/400/396
f 573/401/397 568/403/399 570/404/400 575/402/398
f 568/403/399 563/405/401 565/406/402 570/404/400
f 563/405/401 558/407/403 560/408/404 565/406/402
f 558/407/403 553/409/405 555/410/406 560/408/404
f 553/409/405 548/411/407 550/412/408 555/410/406
f 548/411/407 543/413/409 545/414/410 550/412/408
f 543/413/409 538/415/411 540/416/412 545/414/410
f 538/415/411 533/417/413 535/418/414 540/416/412
f 533/417/413 528/419/415 530/420/416 535/418/414
f 528/419/415 523/421/417 525/422/418 530/420/416
f 523/421/417 518/423/419 520/424/420 525/422/418
f 518/423/419 514/425/421 516/426/422 520/424/420
f 4699/427/423 561/428/424 556/429/425 4657/147/145
f 1029/430/426 1290/431/427 1293/432/428 1033/433/429
f 523/434/417 528/435/415 892/436/430 893/437/431
f 508/438/432 898/439/433 897/440/434 510/441/435
f 2236/442/436 1602/443/437 1665/444/438 2177/445/439
f 3255/446/440 804/447/441 589/448/442 3318/449/443
f 514/450/421 828/451/444 830/452/445 516/453/422
f 3283/229/446 704/454/447 774/455/448 3282/227/449
f 1033/433/429 1293/432/428 1296/456/450 1037/457/451
f 2238/458/452 1726/459/453 1599/460/454 2237/461/455
f 3348/462/456 3347/463/457 704/454/447 574/464/458
f 40/465/459 39/466/460 1497/467/461 1496/468/462
f 3318/449/443 589/448/442 679/469/463 3317/297/464
f 1283/470/465 1284/471/466 1280/472/467 1281/473/468
f 1722/474/469 59/475/470 60/476/471 1593/477/472
f 3269/201/473 599/478/474 794/479/475 3268/199/476
f 1265/480/477 1467/481/478 1470/482/479 1269/483/480
f 2235/484/481 1597/485/482 1602/486/437 2236/487/436
f 3368/488/483 724/489/484 639/490/485 3369/491/486
f 1261/492/487 1464/493/488 1467/481/478 1265/480/477
f 2230/494/489 1660/495/490 1723/496/491 2234/497/492
f 3379/498/493 3378/499/494 569/500/495 709/501/496
f 1257/502/497 1461/503/498 1464/493/488 1261/492/487
f 1719/504/499 56/505/500 57/506/501 1590/507/502
f 3282/227/449 774/455/448 664/508/503 3281/225/504
f 1253/509/505 1458/510/506 1461/503/498 1257/502/497
f 2232/511/507 1594/512/508 1663/513/509 2233/514/510
f 3258/179/511 619/515/512 549/516/513 3257/177/514
f 1249/517/515 1455/518/516 1458/510/506 1253/509/505
f 2227/519/517 1657/520/518 1720/521/519 2231/522/520
f 3365/523/521 3364/524/522 559/525/523 784/526/524
f 1245/527/525 1452/528/526 1455/518/516 1249/517/515
f 2228/529/527 1717/530/528 1588/531/529 2226/532/530
f 3345/533/531 3344/534/532 749/535/533 664/508/503
f 1241/536/534 1449/537/535 1452/528/526 1245/527/525
f 2226/532/530 1588/531/529 1657/520/518 2227/519/517
f 3302/267/536 564/538/537 784/526/524 3301/265/538
f 1237/539/539 1446/540/540 1449/537/535 1241/536/534
f 1656/541/541 55/542/542 56/505/500 1719/504/499
f 3263/189/543 644/543/544 694/544/545 3262/187/546
f 1233/545/547 1443/546/548 1446/540/540 1237/539/539
f 1713/547/549 50/548/550 51/549/551 1584/550/552
f 3367/551/553 3366/552/554 564/538/537 814/553/555
f 1229/554/556 1440/555/557 1443/546/548 1233/545/547
f 1716/556/558 53/557/559 54/558/560 1587/559/561
f 3310/283/562 584/560/563 779/561/564 3309/281/565
f 1225/562/566 1437/563/567 1440/555/557 1229/554/556
f 2221/564/568 1651/565/569 1714/566/570 2225/567/571
f 3290/245/572 769/568/573 654/569/574 3289/243/575
f 1221/570/576 1434/571/577 1437/563/567 1225/562/566
f 1710/572/578 47/573/579 48/574/580 1581/575/581
f 3343/576/582 829/577/583 749/535/533 3344/534/532
f 1217/578/584 1431/579/585 1434/571/577 1221/570/576
f 2223/580/586 1585/581/587 1654/582/588 2224/583/589
f 3272/207/590 754/584/591 659/585/592 3271/205/593
f 1213/586/594 1428/587/595 1431/579/585 1217/578/584
f 2218/588/596 1648/589/597 1711/590/598 2222/591/599
f 3343/576/582 3342/592/600 534/593/601 829/577/583
f 1209/594/602 1425/595/603 1428/587/595 1213/586/594
f 2219/596/604 1708/597/605 1579/598/606 2217/599/607
f 3317/297/464 679/469/463 513/600/608 3316/295/609
f 1205/601/610 1422/602/611 1425/595/603 1209/594/602
f 2217/599/607 1579/598/606 1648/589/597 2218/588/596
f 3267/197/612 689/603/613 624/604/614 3266/195/615
f 1201/605/616 1419/606/617 1422/602/611 1205/601/610
f 1647/607/618 46/608/619 47/573/579 1710/572/578
f 3363/609/620 729/610/621 559/525/523 3364/524/522
f 1197/611/622 1416/612/623 1419/606/617 1201/605/616
f 1704/613/624 41/614/625 42/615/626 1575/616/627
f 3376/617/628 3375/618/629 809/619/630 714/620/631
f 1193/621/632 1413/622/633 1416/612/623 1197/611/622
f 1707/623/634 44/624/635 45/625/636 1578/626/637
f 3298/259/638 554/627/639 649/628/640 3297/257/641
f 1189/629/642 1410/630/643 1413/622/633 1193/621/632
f 2212/631/644 1642/632/645 1705/633/646 2216/634/647
f 3259/181/648 699/635/649 619/515/512 3258/179/511
f 1185/636/650 1407/637/651 1410/630/643 1189/629/642
f 1701/638/652 38/639/653 39/466/460 1572/640/654
f 3373/641/655 3372/642/656 579/643/657 779/561/564
f 1181/644/658 1404/645/659 1407/637/651 1185/636/650
f 2214/646/660 1576/647/661 1645/648/662 2215/649/663
f 3340/650/664 3339/651/665 684/652/666 519/653/667
f 1177/654/668 1401/655/669 1404/645/659 1181/644/658
f 2209/656/670 1639/657/671 1702/658/672 2213/659/673
f 3286/235/674 544/660/675 669/661/676 3285/233/677
f 1173/662/678 1398/663/679 1401/655/669 1177/654/668
f 2210/664/680 1699/665/681 1570/666/682 2208/667/683
f 3306/275/684 614/668/685 639/490/485 3305/273/686
f 1169/669/687 1395/670/688 1398/663/679 1173/662/678
f 2208/667/683 1570/666/682 1639/657/671 2209/656/670
f 3361/671/689 3360/672/690 734/673/691 649/628/640
f 1165/674/692 1392/675/693 1395/670/688 1169/669/687
f 1638/676/694 37/677/695 38/639/653 1701/638/652
f 3351/678/696 824/679/697 744/680/698 3352/681/699
f 1161/682/700 1389/683/701 1392/675/693 1165/674/692
f 1695/684/702 32/685/703 33/686/704 1566/687/705
f 3360/672/690 3359/688/706 819/689/707 734/673/691
f 1157/690/708 1386/691/709 1389/683/701 1161/682/700
f 1698/692/710 35/693/711 36/694/712 1569/695/713
f 3316/295/609 513/600/608 709/501/496 3315/293/714
f 1153/696/715 1383/697/716 1386/691/709 1157/690/708
f 2203/698/717 1633/699/718 1696/700/719 2207/701/720
f 3326/702/721 3325/703/722 594/704/723 694/544/545
f 1149/705/724 1380/706/725 1383/697/716 1153/696/715
f 1692/707/726 29/708/727 30/709/728 1563/710/729
f 3336/711/730 754/584/591 529/712/731 3337/713/732
f 1145/714/733 1377/715/734 1380/716/725 1149/717/724
f 2205/718/735 1567/719/736 1636/720/737 2206/721/738
f 3363/609/620 3362/722/739 554/627/639 729/610/621
f 1141/723/740 1374/724/741 1377/715/734 1145/714/733
f 2200/725/742 1630/726/743 1693/727/744 2204/728/745
f 3314/291/746 569/500/495 634/729/747 3313/289/748
f 1137/730/749 1371/731/750 1374/724/741 1141/723/740
f 2201/732/751 1690/733/752 1561/734/753 2199/735/754
f 3359/688/706 3358/736/755 629/86/84 819/689/707
f 1133/737/756 1368/738/757 1371/731/750 1137/730/749
f 2199/735/754 1561/734/753 1630/726/743 2200/725/742
f 3371/739/758 3370/740/759 614/668/685 719/741/760
f 1129/742/761 1365/743/762 1368/738/757 1133/737/756
f 1629/744/763 28/745/764 29/708/727 1692/707/726
f 3278/219/765 534/593/601 524/746/766 3277/217/767
f 1125/747/768 1362/748/769 1365/743/762 1129/742/761
f 1686/749/770 23/750/771 24/751/772 1557/752/773
f 3376/617/628 714/620/631 634/729/747 3377/753/774
f 1121/754/775 1359/755/776 1362/748/769 1125/747/768
f 1689/756/777 26/757/778 27/758/779 1560/759/780
f 3275/213/781 684/652/666 609/760/782 3274/211/783
f 1117/761/784 1356/762/785 1359/755/776 1121/754/775
f 2194/763/786 1624/764/787 1687/765/788 2198/766/789
f 3331/767/790 689/603/613 794/479/475 3332/768/791
f 1113/769/792 1353/770/793 1356/762/785 1117/761/784
f 1683/771/794 20/772/795 21/773/796 1554/774/797
f 3355/775/798 3354/776/799 769/568/573 739/777/800
f 1109/778/801 1350/779/802 1353/770/793 1113/769/792
f 2196/780/803 1558/781/804 1627/782/805 2197/783/806
f 3270/203/807 604/784/808 599/478/474 3269/201/473
f 1105/785/809 1347/786/810 1350/779/802 1109/778/801
f 2191/787/811 1621/788/812 1684/789/813 2195/790/814
f 3292/249/815 799/791/816 739/777/800 3291/247/817
f 1101/792/818 1344/793/819 1347/786/810 1105/785/809
f 2192/794/820 1681/795/821 1552/796/822 2190/797/823
f 3285/233/677 669/661/676 574/464/458 3284/231/824
f 1097/798/825 1341/799/826 1344/793/819 1101/792/818
f 2190/797/823 1552/796/822 1621/788/812 2191/787/811
f 3256/173/827 764/800/828 804/801/441 3255/174/440
f 1093/802/829 1338/803/830 1341/799/826 1097/798/825
f 1620/804/831 19/805/832 20/772/795 1683/771/794
f 3375/618/629 3374/806/833 584/560/563 809/619/630
f 1089/807/834 1335/808/835 1338/803/830 1093/802/829
f 1677/809/836 14/810/837 15/811/838 1548/812/839
f 3293/88/86 674/87/85 799/791/816 3292/249/815
f 1085/813/840 1332/814/841 1335/808/835 1089/807/834
f 1680/815/842 17/816/843 18/817/844 1551/818/845
f 3328/819/846 759/820/847 539/821/848 3329/822/849
f 1081/823/850 1329/824/851 1332/814/841 1085/813/840
f 2185/825/852 1615/826/853 1678/827/854 2189/828/855
f 3271/205/593 659/585/592 604/784/808 3270/203/807
f 1077/829/856 1326/830/857 1329/824/851 1081/823/850
f 1674/831/858 11/832/859 12/833/860 1545/834/861
f 3261/185/862 594/704/723 789/835/863 3260/183/864
f 1073/836/865 1323/837/866 1326/830/857 1077/829/856
f 2187/838/867 1549/839/868 1618/840/869 2188/841/870
f 3353/842/871 3352/681/699 744/680/698 654/569/574
f 1069/843/872 1320/844/873 1323/837/866 1073/836/865
f 2182/845/874 1612/846/875 1675/847/876 2186/848/877
f 3264/191/878 759/820/847 644/543/544 3263/189/543
f 1065/849/879 1317/850/880 1320/844/873 1069/843/872
f 2183/851/881 1672/852/882 1543/853/883 2181/854/884
f 3266/195/615 624/604/614 539/821/848 3265/193/885
f 1061/855/886 1314/856/887 1317/850/880 1065/849/879
f 2181/854/884 1543/853/883 1612/846/875 2182/845/874
f 3371/739/758 719/741/760 579/643/657 3372/642/656
f 1057/857/888 1311/858/889 1314/856/887 1061/855/886
f 1611/859/890 10/860/891 11/832/859 1674/831/858
f 3368/488/483 3367/551/553 814/553/555 724/489/484
f 1053/861/892 1308/862/893 1311/858/889 1057/857/888
f 1668/863/894 5/864/895 6/865/896 1539/866/897
f 3323/867/898 699/635/649 789/835/863 3324/868/899
f 1049/869/900 1305/870/901 1308/862/893 1053/861/892
f 1671/871/902 8/872/903 9/873/904 1542/874/905
f 3277/217/767 524/746/766 519/653/667 3276/215/906
f 1045/875/907 1302/876/908 1305/870/901 1049/869/900
f 2176/877/909 1606/878/910 1669/879/911 2180/880/912
f 4673/6/6 4699/427/423 2312/881/913 2313/7/7
f 385/882/169 959/883/168 958/884/914 388/885/915
f 1041/886/916 1299/887/917 1302/876/908 1045/875/907
f 1666/888/918 2/889/919 3/890/920 1536/891/921
f 511/449/922 509/297/295 379/298/296 382/892/923
f 1037/457/451 1296/456/450 1299/887/917 1041/886/916
f 2178/893/924 1540/894/925 1609/895/926 2179/896/927
f 828/451/444 823/299/297 825/302/300 830/452/445
f 3351/897/696 3350/898/928 544/660/675 824/899/697
f 813/498/301 818/900/298 834/901/929 835/902/930
f 390/903/931 957/904/932 956/905/933 392/906/934
f 818/900/298 823/907/297 833/908/935 834/901/929
f 394/909/936 955/910/937 954/911/938 396/912/939
f 514/913/421 518/914/419 894/915/940 895/916/941
f 518/914/419 523/434/417 893/437/431 894/915/940
f 400/917/942 952/918/943 951/919/944 402/920/945
f 528/435/415 533/867/413 891/921/946 892/436/430
f 404/922/947 950/923/948 949/924/949 406/925/950
f 538/868/411 543/703/409 889/926/951 890/927/952
f 543/703/409 548/702/407 888/928/953 889/926/951
f 410/929/954 947/930/955 946/931/956 412/932/957
f 553/933/405 558/819/403 886/934/958 887/935/959
f 414/936/960 945/937/961 944/938/962 416/939/963
f 563/822/401 568/940/399 884/941/964 885/942/965
f 568/940/399 573/767/397 883/943/966 884/941/964
f 420/944/967 942/945/968 941/946/969 422/947/970
f 578/768/395 583/948/393 881/949/971 882/950/972
f 424/951/973 940/952/974 939/953/975 426/954/976
f 588/955/391 593/956/389 879/957/977 880/958/978
f 593/956/389 598/711/387 878/959/979 879/957/977
f 430/960/980 937/961/981 936/962/982 432/963/983
f 603/713/385 608/964/383 876/965/984 877/966/985
f 434/967/986 935/968/987 934/969/988 436/970/989
f 613/651/381 618/650/379 874/971/990 875/972/991
f 618/650/379 623/973/377 873/974/992 874/971/990
f 440/975/993 932/976/994 931/977/995 442/978/996
f 628/592/375 633/576/373 871/979/997 872/980/998
f 444/981/999 930/982/1000 929/983/1001 446/984/1002
f 638/534/371 643/533/369 869/985/1003 870/986/1004
f 643/533/369 648/987/367 868/988/1005 869/985/1003
f 450/989/1006 927/990/1007 926/991/1008 452/992/1009
f 653/463/365 658/462/363 866/993/1010 867/994/1011
f 454/995/1012 925/996/1013 924/997/1014 456/998/1015
f 668/898/359 673/897/357 863/999/1016 864/1000/1017
f 460/1001/1018 922/1002/1019 921/1003/1020 462/1004/1021
f 688/776/351 860/1005/1022 861/1006/1023 683/842/353
f 464/1007/1024 920/1008/1025 919/1009/1026 466/1010/1027
f 693/775/349 698/1011/347 858/1012/1028 859/1013/1029
f 470/1014/1030 917/1015/1031 916/1016/1032 472/1017/1033
f 703/1018/345 708/736/343 856/1019/1034 857/1020/1035
f 474/1021/1036 915/1022/1037 914/1023/1038 476/1024/1039
f 713/688/341 718/672/339 854/1025/1040 855/1026/1041
f 718/672/339 723/671/337 853/1027/1042 854/1025/1040
f 480/1028/1043 912/1029/1044 911/1030/1045 482/1031/1046
f 728/722/335 733/609/333 851/1032/1047 852/1033/1048
f 484/1034/1049 910/1035/1050 909/1036/1051 486/1037/1052
f 738/524/331 743/523/329 849/1038/1053 850/1039/1054
f 743/523/329 748/552/327 848/1040/1055 849/1038/1053
f 490/1041/1056 907/1042/1057 906/1043/1058 492/1044/1059
f 753/551/325 758/488/323 846/1045/1060 847/1046/1061
f 494/1047/1062 905/1048/1063 904/1049/1064 496/1050/1065
f 763/491/321 768/740/319 844/1051/1066 845/1052/1067
f 768/740/319 773/739/317 843/1053/1068 844/1051/1066
f 500/1054/1069 902/1055/1070 901/1056/1071 502/1057/1072
f 778/642/315 783/641/313 841/1058/1073 842/1059/1074
f 504/1060/1075 900/1061/1076 899/1062/1077 506/1063/1078
f 788/806/311 793/618/309 839/1064/1079 840/1065/1080
f 803/753/305 808/499/303 836/1066/1081 837/1067/1082
f 512/168/166 383/1068/1083 380/1069/1084 510/441/435
f 510/441/435 380/1069/1084 377/1070/1085 508/438/432
f 508/438/432 377/1070/1085 374/1071/1086 506/1063/1078
f 506/1063/1078 374/1071/1086 371/1072/1087 504/1060/1075
f 504/1060/1075 371/1072/1087 368/1073/1088 502/1057/1072
f 502/1057/1072 368/1073/1088 365/1074/1089 500/1054/1069
f 500/1054/1069 365/1074/1089 362/1075/1090 498/1076/1091
f 498/1076/1091 362/1075/1090 359/1077/1092 496/1050/1065
f 496/1050/1065 359/1077/1092 356/1078/1093 494/1047/1062
f 494/1047/1062 356/1078/1093 353/1079/1094 492/1044/1059
f 492/1044/1059 353/1079/1094 350/1080/1095 490/1041/1056
f 490/1041/1056 350/1080/1095 347/1081/1096 488/1082/1097
f 488/1082/1097 347/1081/1096 344/1083/1098 486/1037/1052
f 486/1037/1052 344/1083/1098 341/1084/1099 484/1034/1049
f 484/1034/1049 341/1084/1099 338/1085/1100 482/1031/1046
f 482/1031/1046 338/1085/1100 335/1086/1101 480/1028/1043
f 480/1028/1043 335/1086/1101 332/1087/1102 478/1088/1103
f 478/1088/1103 332/1087/1102 329/1089/1104 476/1024/1039
f 476/1024/1039 329/1089/1104 326/1090/1105 474/1021/1036
f 474/1021/1036 326/1090/1105 323/1091/1106 472/1017/1033
f 472/1017/1033 323/1091/1106 320/1092/1107 470/1014/1030
f 470/1014/1030 320/1092/1107 317/1093/1108 468/1094/1109
f 468/1094/1109 317/1093/1108 314/1095/1110 466/1010/1027
f 466/1010/1027 314/1095/1110 311/1096/1111 464/1007/1024
f 464/1007/1024 311/1096/1111 308/1097/1112 462/1004/1021
f 462/1004/1021 308/1097/1112 305/1098/1113 460/1001/1018
f 460/1001/1018 305/1098/1113 302/1099/1114 458/1100/1115
f 458/1100/1115 302/1099/1114 299/1101/1116 456/998/1015
f 456/998/1015 299/1101/1116 296/1102/1117 454/995/1012
f 454/995/1012 296/1102/1117 293/1103/1118 452/992/1009
f 452/992/1009 293/1103/1118 290/1104/1119 450/989/1006
f 450/1105/1006 290/1106/1119 287/1107/1120 448/1108/1121
f 448/1108/1121 287/1107/1120 284/1109/1122 446/984/1002
f 446/984/1002 284/1109/1122 281/1110/1123 444/981/999
f 444/981/999 281/1110/1123 278/1111/1124 442/978/996
f 442/978/996 278/1111/1124 275/1112/1125 440/975/993
f 440/975/993 275/1112/1125 272/1113/1126 438/1114/1127
f 438/1114/1127 272/1113/1126 269/1115/1128 436/970/989
f 436/970/989 269/1115/1128 266/1116/1129 434/967/986
f 434/967/986 266/1116/1129 263/1117/1130 432/963/983
f 432/963/983 263/1117/1130 260/1118/1131 430/960/980
f 430/960/980 260/1118/1131 257/1119/1132 428/1120/1133
f 428/1120/1133 257/1119/1132 254/1121/1134 426/954/976
f 426/954/976 254/1121/1134 251/1122/1135 424/951/973
f 424/951/973 251/1122/1135 248/1123/1136 422/947/970
f 422/947/970 248/1123/1136 245/1124/1137 420/944/967
f 420/944/967 245/1124/1137 242/1125/1138 418/1126/1139
f 418/1126/1139 242/1125/1138 239/1127/1140 416/939/963
f 416/939/963 239/1127/1140 236/1128/1141 414/936/960
f 414/936/960 236/1128/1141 233/1129/1142 412/932/957
f 412/932/957 233/1129/1142 230/1130/1143 410/929/954
f 410/929/954 230/1130/1143 227/1131/1144 408/1132/1145
f 408/1132/1145 227/1131/1144 224/1133/1146 406/925/950
f 406/925/950 224/1133/1146 221/1134/1147 404/922/947
f 404/922/947 221/1134/1147 218/1135/1148 402/920/945
f 402/920/945 218/1135/1148 215/1136/1149 400/917/942
f 400/917/942 215/1136/1149 212/1137/1150 398/1138/1151
f 398/1138/1151 212/1137/1150 209/1139/1152 396/912/939
f 396/912/939 209/1139/1152 206/1140/1153 394/909/936
f 394/909/936 206/1140/1153 203/1141/1154 392/906/934
f 392/906/934 203/1141/1154 200/1142/1155 390/903/931
f 390/903/931 200/1142/1155 197/1143/1156 388/885/915
f 388/885/915 197/1143/1156 193/1144/1157 385/882/169
f 509/1145/295 511/1146/922 963/1147/1158 1023/1148/1159
f 507/1149/293 509/1145/295 1023/1148/1159 1022/1150/1160
f 505/1151/291 507/1149/293 1022/1150/1160 1021/1152/1161
f 503/1153/289 505/1151/291 1021/1152/1161 1020/1154/1162
f 501/1155/287 503/1153/289 1020/1154/1162 1019/1156/1163
f 499/1157/285 501/1155/287 1019/1156/1163 1018/1158/1164
f 497/1159/283 499/1157/285 1018/1158/1164 1017/1160/1165
f 495/1161/281 497/1159/283 1017/1160/1165 1016/1162/1166
f 493/1163/279 495/1161/281 1016/1162/1166 1015/1164/1167
f 491/1165/277 493/1163/279 1015/1164/1167 1014/1166/1168
f 489/1167/275 491/1165/277 1014/1166/1168 1013/1168/1169
f 487/1169/273 489/1167/275 1013/1168/1169 1012/1170/1170
f 485/1171/271 487/1169/273 1012/1170/1170 1011/1172/1171
f 483/1173/269 485/1171/271 1011/1172/1171 1010/1174/1172
f 481/1175/267 483/1173/269 1010/1174/1172 1009/1176/1173
f 479/1177/265 481/1175/267 1009/1176/1173 1008/1178/1174
f 477/1179/263 479/1177/265 1008/1178/1174 1007/1180/1175
f 475/1181/261 477/1179/263 1007/1180/1175 1006/1182/1176
f 473/1183/259 475/1181/261 1006/1182/1176 1005/1184/1177
f 471/1185/257 473/1183/259 1005/1184/1177 1004/1186/1178
f 469/1187/255 471/1185/257 1004/1186/1178 1003/1188/1179
f 467/1189/253 469/1187/255 1003/1188/1179 1002/1190/1180
f 465/1191/251 467/1189/253 1002/1190/1180 1001/1192/1181
f 463/1193/249 465/1191/251 1001/1192/1181 1000/1194/1182
f 461/1195/247 463/1193/249 1000/1194/1182 999/1196/1183
f 459/1197/245 461/1195/247 999/1196/1183 998/1198/1184
f 457/1199/243 459/1197/245 998/1198/1184 997/1200/1185
f 455/1201/241 457/1199/243 997/1200/1185 996/1202/1186
f 453/1203/239 455/1201/241 996/1202/1186 995/1204/1187
f 451/1205/237 453/1203/239 995/1204/1187 994/1206/1188
f 449/1207/235 451/1205/237 994/1206/1188 993/1208/1189
f 447/1209/233 449/1210/235 993/1211/1189 992/1212/1190
f 445/1213/231 447/1209/233 992/1212/1190 991/1214/1191
f 443/1215/229 445/1213/231 991/1214/1191 990/1216/1192
f 441/1217/227 443/1215/229 990/1216/1192 989/1218/1193
f 439/1219/225 441/1217/227 989/1218/1193 988/1220/1194
f 437/1221/223 439/1219/225 988/1220/1194 987/1222/1195
f 435/1223/221 437/1221/223 987/1222/1195 986/1224/1196
f 433/1225/219 435/1223/221 986/1224/1196 985/1226/1197
f 431/1227/217 433/1225/219 985/1226/1197 984/1228/1198
f 429/1229/215 431/1227/217 984/1228/1198 983/1230/1199
f 427/1231/213 429/1229/215 983/1230/1199 982/1232/1200
f 425/1233/211 427/1231/213 982/1232/1200 981/1234/1201
f 423/1235/209 425/1233/211 981/1234/1201 980/1236/1202
f 421/1237/207 423/1235/209 980/1236/1202 979/1238/1203
f 419/1239/205 421/1237/207 979/1238/1203 978/1240/1204
f 417/1241/203 419/1239/205 978/1240/1204 977/1242/1205
f 415/1243/201 417/1241/203 977/1242/1205 976/1244/1206
f 413/1245/199 415/1243/201 976/1244/1206 975/1246/1207
f 411/1247/197 413/1245/199 975/1246/1207 974/1248/1208
f 2174/1249/1209 409/1250/195 411/1247/197 974/1248/1208
f 403/1251/189 405/1252/191 972/1253/1210 971/1254/1211
f 401/1255/187 403/1251/189 971/1254/1211 970/1256/1212
f 399/1257/185 401/1255/187 970/1256/1212 969/1258/1213
f 397/1259/183 399/1257/185 969/1258/1213 968/1260/1214
f 395/1261/181 397/1259/183 968/1260/1214 967/1262/1215
f 393/1263/179 395/1261/181 967/1262/1215 966/1264/1216
f 391/1265/177 393/1263/179 966/1264/1216 965/1266/1217
f 389/1267/175 391/1265/177 965/1266/1217 964/1268/1218
f 387/1269/171 389/1267/175 964/1268/1218 962/1270/1219
f 386/1271/172 387/1269/171 962/1270/1219 961/1272/1220
f 1024/1273/1221 1286/1274/1222 1290/431/427 1029/430/426
f 388/885/915 958/884/914 957/904/932 390/903/931
f 1269/483/480 1470/482/479 1280/472/467 1272/1275/1223
f 4684/148/146 551/1276/1224 546/1277/1225 4704/151/149
f 510/441/435 897/440/434 960/169/167 512/168/166
f 793/618/309 798/617/307 838/1278/1226 839/1064/1079
f 506/1063/1078 899/1062/1077 898/439/433 508/438/432
f 808/499/303 813/498/301 835/902/930 836/1066/1081
f 502/1057/1072 901/1056/1071 900/1061/1076 504/1060/1075
f 498/1076/1091 903/1279/1227 902/1055/1070 500/1054/1069
f 798/617/307 803/753/305 837/1067/1082 838/1278/1226
f 496/1050/1065 904/1049/1064 903/1279/1227 498/1076/1091
f 783/641/313 788/806/311 840/1065/1080 841/1058/1073
f 492/1044/1059 906/1043/1058 905/1048/1063 494/1047/1062
f 488/1082/1097 908/1280/1228 907/1042/1057 490/1041/1056
f 773/739/317 778/642/315 842/1059/1074 843/1053/1068
f 486/1037/1052 909/1036/1051 908/1280/1228 488/1082/1097
f 758/488/323 763/491/321 845/1052/1067 846/1045/1060
f 482/1031/1046 911/1030/1045 910/1035/1050 484/1034/1049
f 478/1088/1103 913/1281/1229 912/1029/1044 480/1028/1043
f 748/552/327 753/551/325 847/1046/1061 848/1040/1055
f 476/1024/1039 914/1023/1038 913/1281/1229 478/1088/1103
f 733/609/333 738/524/331 850/1039/1054 851/1032/1047
f 472/1017/1033 916/1016/1032 915/1022/1037 474/1021/1036
f 468/1094/1109 918/1282/1230 917/1015/1031 470/1014/1030
f 723/671/337 728/722/335 852/1033/1048 853/1027/1042
f 466/1010/1027 919/1009/1026 918/1282/1230 468/1094/1109
f 708/736/343 713/688/341 855/1026/1041 856/1019/1034
f 462/1004/1021 921/1003/1020 920/1008/1025 464/1007/1024
f 458/1100/1115 923/1283/1231 922/1002/1019 460/1001/1018
f 698/1011/347 703/1018/345 857/1020/1035 858/1012/1028
f 456/998/1015 924/997/1014 923/1283/1231 458/1100/1115
f 452/992/1009 926/991/1008 925/996/1013 454/995/1012
f 448/1108/1121 928/1284/1232 927/1285/1007 450/1105/1006
f 673/678/357 678/681/355 862/1286/1233 863/1287/1016
f 446/984/1002 929/983/1001 928/1284/1232 448/1108/1121
f 658/462/363 663/1288/361 865/1289/1234 866/993/1010
f 442/978/996 931/977/995 930/982/1000 444/981/999
f 438/1114/1127 933/1290/1235 932/976/994 440/975/993
f 648/987/367 653/463/365 867/994/1011 868/988/1005
f 436/970/989 934/969/988 933/1290/1235 438/1114/1127
f 633/576/373 638/534/371 870/986/1004 871/979/997
f 432/963/983 936/962/982 935/968/987 434/967/986
f 428/1120/1133 938/1291/1236 937/961/981 430/960/980
f 623/973/377 628/592/375 872/980/998 873/974/992
f 426/954/976 939/953/975 938/1291/1236 428/1120/1133
f 608/964/383 613/651/381 875/972/991 876/965/984
f 422/947/970 941/946/969 940/952/974 424/951/973
f 418/1126/1139 943/1292/1237 942/945/968 420/944/967
f 598/711/387 603/713/385 877/966/985 878/959/979
f 416/939/963 944/938/962 943/1292/1237 418/1126/1139
f 583/948/393 588/955/391 880/958/978 881/949/971
f 412/932/957 946/931/956 945/937/961 414/936/960
f 408/1132/1145 948/1293/1238 947/930/955 410/929/954
f 573/767/397 578/768/395 882/950/972 883/943/966
f 406/925/950 949/924/949 948/1293/1238 408/1132/1145
f 558/819/403 563/822/401 885/942/965 886/934/958
f 402/920/945 951/919/944 950/923/948 404/922/947
f 398/1138/1151 953/1294/1239 952/918/943 400/917/942
f 548/702/407 553/933/405 887/935/959 888/928/953
f 396/912/939 954/911/938 953/1294/1239 398/1138/1151
f 533/867/413 538/868/411 890/927/952 891/921/946
f 392/906/934 956/905/933 955/910/937 394/909/936
f 1032/1295/1240 125/1296/1241 126/1297/1242 1028/1298/1243
f 1036/1299/1244 124/1300/1245 125/1296/1241 1032/1295/1240
f 1040/1301/1246 123/1302/1247 124/1300/1245 1036/1299/1244
f 1044/1303/1248 122/1304/1249 123/1302/1247 1040/1301/1246
f 1048/1305/1250 121/1306/1251 122/1304/1249 1044/1303/1248
f 1052/1307/1252 120/1308/1253 121/1306/1251 1048/1305/1250
f 1056/1309/1254 119/1310/1255 120/1308/1253 1052/1307/1252
f 1060/1311/1256 118/1312/1257 119/1310/1255 1056/1309/1254
f 1064/1313/1258 117/1314/1259 118/1312/1257 1060/1311/1256
f 1068/1315/1260 116/1316/1261 117/1314/1259 1064/1313/1258
f 1072/1317/1262 115/1318/1263 116/1316/1261 1068/1315/1260
f 1076/1319/1264 114/1320/1265 115/1318/1263 1072/1317/1262
f 1080/1321/1266 113/1322/1267 114/1320/1265 1076/1319/1264
f 1084/1323/1268 112/1324/1269 113/1322/1267 1080/1321/1266
f 1088/1325/1270 111/1326/1271 112/1324/1269 1084/1323/1268
f 1092/1327/1272 110/1328/1273 111/1326/1271 1088/1325/1270
f 1096/1329/1274 109/1330/1275 110/1328/1273 1092/1327/1272
f 1100/1331/1276 108/1332/1277 109/1330/1275 1096/1329/1274
f 1104/1333/1278 107/1334/1279 108/1332/1277 1100/1331/1276
f 1108/1335/1280 106/1336/1281 107/1334/1279 1104/1333/1278
f 1112/1337/1282 105/1338/1283 106/1336/1281 1108/1335/1280
f 1116/1339/1284 104/1340/1285 105/1338/1283 1112/1337/1282
f 1120/1341/1286 103/1342/1287 104/1340/1285 1116/1339/1284
f 1124/1343/1288 102/1344/1289 103/1342/1287 1120/1341/1286
f 1128/1345/1290 101/1346/1291 102/1344/1289 1124/1343/1288
f 1132/1347/1292 100/1348/1293 101/1346/1291 1128/1345/1290
f 1136/1349/1294 99/1350/1295 100/1348/1293 1132/1347/1292
f 1140/1351/1296 98/1352/1297 99/1350/1295 1136/1349/1294
f 1144/1353/1298 97/1354/1299 98/1352/1297 1140/1351/1296
f 1148/1355/1300 96/1356/1301 97/1354/1299 1144/1353/1298
f 1152/1357/1302 95/1358/1303 96/1359/1301 1148/1360/1300
f 1156/1361/1304 94/1362/1305 95/1358/1303 1152/1357/1302
f 1160/1363/1306 93/1364/1307 94/1362/1305 1156/1361/1304
f 1164/1365/1308 92/1366/1309 93/1364/1307 1160/1363/1306
f 1168/1367/1310 91/1368/1311 92/1366/1309 1164/1365/1308
f 1172/1369/1312 90/1370/1313 91/1368/1311 1168/1367/1310
f 1176/1371/1314 89/1372/1315 90/1370/1313 1172/1369/1312
f 1180/1373/1316 88/1374/1317 89/1372/1315 1176/1371/1314
f 1184/1375/1318 87/1376/1319 88/1374/1317 1180/1373/1316
f 1188/1377/1320 86/1378/1321 87/1376/1319 1184/1375/1318
f 1192/1379/1322 85/1380/1323 86/1378/1321 1188/1377/1320
f 1196/1381/1324 84/1382/1325 85/1380/1323 1192/1379/1322
f 1200/1383/1326 83/1384/1327 84/1382/1325 1196/1381/1324
f 1204/1385/1328 82/1386/1329 83/1384/1327 1200/1383/1326
f 1208/1387/1330 81/1388/1331 82/1386/1329 1204/1385/1328
f 1212/1389/1332 80/1390/1333 81/1388/1331 1208/1387/1330
f 1216/1391/1334 79/1392/1335 80/1390/1333 1212/1389/1332
f 1220/1393/1336 78/1394/1337 79/1392/1335 1216/1391/1334
f 1224/1395/1338 77/1396/1339 78/1394/1337 1220/1393/1336
f 1228/1397/1340 76/1398/1341 77/1396/1339 1224/1395/1338
f 1232/1399/1342 75/1400/1343 76/1398/1341 1228/1397/1340
f 1236/1401/1344 74/1402/1345 75/1400/1343 1232/1399/1342
f 1240/1403/1346 73/1404/1347 74/1402/1345 1236/1401/1344
f 1244/1405/1348 72/1406/1349 73/1404/1347 1240/1403/1346
f 1248/1407/1350 71/1408/1351 72/1406/1349 1244/1405/1348
f 1252/1409/1352 70/1410/1353 71/1408/1351 1248/1407/1350
f 1256/1411/1354 69/1412/1355 70/1410/1353 1252/1409/1352
f 1260/1413/1356 68/1414/1357 69/1412/1355 1256/1411/1354
f 1264/1415/1358 67/1416/1359 68/1414/1357 1260/1413/1356
f 1268/1417/1360 66/1418/1361 67/1416/1359 1264/1415/1358
f 1273/1419/1362 65/1420/1363 66/1418/1361 1268/1417/1360
f 1276/1421/1364 128/1422/1365 65/1420/1363 1273/1419/1362
f 1277/1423/1366 1284/1424/466 1286/1274/1222 1024/1273/1221
f 405/1252/191 407/1425/193 973/1426/1367 972/1253/1210
f 1028/1298/1243 126/1297/1242 127/1427/1368 1025/1428/1369
f 194/1429/173 382/892/923 384/1430/1370 195/1431/1371
f 195/1431/1371 384/1430/1370 383/1068/1083 193/1432/1157
f 382/892/923 379/298/296 381/1433/1372 384/1430/1370
f 384/1430/1370 381/1433/1372 380/1069/1084 383/1068/1083
f 379/298/296 376/296/294 378/1434/1373 381/1433/1372
f 381/1433/1372 378/1434/1373 377/1070/1085 380/1069/1084
f 376/296/294 373/294/292 375/1435/1374 378/1434/1373
f 378/1434/1373 375/1435/1374 374/1071/1086 377/1070/1085
f 373/294/292 370/292/290 372/1436/1375 375/1435/1374
f 375/1435/1374 372/1436/1375 371/1072/1087 374/1071/1086
f 370/292/290 367/290/288 369/1437/1376 372/1436/1375
f 372/1436/1375 369/1437/1376 368/1073/1088 371/1072/1087
f 367/290/288 364/288/286 366/1438/1377 369/1437/1376
f 369/1437/1376 366/1438/1377 365/1074/1089 368/1073/1088
f 364/288/286 361/286/284 363/1439/1378 366/1438/1377
f 366/1438/1377 363/1439/1378 362/1075/1090 365/1074/1089
f 361/286/284 358/284/282 360/1440/1379 363/1439/1378
f 363/1439/1378 360/1440/1379 359/1077/1092 362/1075/1090
f 358/284/282 355/282/280 357/1441/1380 360/1440/1379
f 360/1440/1379 357/1441/1380 356/1078/1093 359/1077/1092
f 355/282/280 352/280/278 354/1442/1381 357/1441/1380
f 357/1441/1380 354/1442/1381 353/1079/1094 356/1078/1093
f 352/280/278 349/278/276 351/1443/1382 354/1442/1381
f 354/1442/1381 351/1443/1382 350/1080/1095 353/1079/1094
f 349/278/276 346/276/274 348/1444/1383 351/1443/1382
f 351/1443/1382 348/1444/1383 347/1081/1096 350/1080/1095
f 346/276/274 343/274/272 345/1445/1384 348/1444/1383
f 348/1444/1383 345/1445/1384 344/1083/1098 347/1081/1096
f 343/274/272 340/272/270 342/1446/1385 345/1445/1384
f 345/1445/1384 342/1446/1385 341/1084/1099 344/1083/1098
f 340/272/270 337/270/268 339/1447/1386 342/1446/1385
f 342/1446/1385 339/1447/1386 338/1085/1100 341/1084/1099
f 337/270/268 334/268/266 336/1448/1387 339/1447/1386
f 339/1447/1386 336/1448/1387 335/1086/1101 338/1085/1100
f 334/268/266 331/266/264 333/1449/1388 336/1448/1387
f 336/1448/1387 333/1449/1388 332/1087/1102 335/1086/1101
f 331/266/264 328/264/262 330/1450/1389 333/1449/1388
f 333/1449/1388 330/1450/1389 329/1089/1104 332/1087/1102
f 328/264/262 325/262/260 327/1451/1390 330/1450/1389
f 330/1450/1389 327/1451/1390 326/1090/1105 329/1089/1104
f 325/262/260 322/260/258 324/1452/1391 327/1451/1390
f 327/1451/1390 324/1452/1391 323/1091/1106 326/1090/1105
f 322/260/258 319/258/256 321/1453/1392 324/1452/1391
f 324/1452/1391 321/1453/1392 320/1092/1107 323/1091/1106
f 319/258/256 316/256/254 318/1454/1393 321/1453/1392
f 321/1453/1392 318/1454/1393 317/1093/1108 320/1092/1107
f 316/256/254 313/254/252 315/1455/1394 318/1454/1393
f 318/1454/1393 315/1455/1394 314/1095/1110 317/1093/1108
f 313/254/252 310/252/250 312/1456/1395 315/1455/1394
f 315/1455/1394 312/1456/1395 311/1096/1111 314/1095/1110
f 310/252/250 307/251/248 309/1457/1396 312/1456/1395
f 312/1456/1395 309/1457/1396 308/1097/1112 311/1096/1111
f 307/251/248 304/250/246 306/1458/1397 309/1457/1396
f 309/1457/1396 306/1458/1397 305/1098/1113 308/1097/1112
f 304/250/246 301/248/244 303/1459/1398 306/1458/1397
f 306/1458/1397 303/1459/1398 302/1099/1114 305/1098/1113
f 301/248/244 298/246/242 300/1460/1399 303/1459/1398
f 303/1459/1398 300/1460/1399 299/1101/1116 302/1099/1114
f 298/246/242 295/244/240 297/1461/1400 300/1460/1399
f 300/1460/1399 297/1461/1400 296/1102/1117 299/1101/1116
f 295/244/240 292/242/238 294/1462/1401 297/1461/1400
f 297/1461/1400 294/1462/1401 293/1103/1118 296/1102/1117
f 292/242/238 289/241/236 291/1463/1402 294/1462/1401
f 294/1462/1401 291/1463/1402 290/1104/1119 293/1103/1118
f 289/238/236 286/236/234 288/1464/1403 291/1465/1402
f 291/1465/1402 288/1464/1403 287/1107/1120 290/1106/1119
f 286/236/234 283/234/232 285/1466/1404 288/1464/1403
f 288/1464/1403 285/1466/1404 284/1109/1122 287/1107/1120
f 283/234/232 280/232/230 282/1467/1405 285/1466/1404
f 285/1466/1404 282/1467/1405 281/1110/1123 284/1109/1122
f 280/232/230 277/230/228 279/1468/1406 282/1467/1405
f 282/1467/1405 279/1468/1406 278/1111/1124 281/1110/1123
f 277/230/228 274/228/226 276/1469/1407 279/1468/1406
f 279/1468/1406 276/1469/1407 275/1112/1125 278/1111/1124
f 274/228/226 271/226/224 273/1470/1408 276/1469/1407
f 276/1469/1407 273/1470/1408 272/1113/1126 275/1112/1125
f 271/226/224 268/224/222 270/1471/1409 273/1470/1408
f 273/1470/1408 270/1471/1409 269/1115/1128 272/1113/1126
f 268/224/222 265/222/220 267/1472/1410 270/1471/1409
f 270/1471/1409 267/1472/1410 266/1116/1129 269/1115/1128
f 265/222/220 262/220/218 264/1473/1411 267/1472/1410
f 267/1472/1410 264/1473/1411 263/1117/1130 266/1116/1129
f 262/220/218 259/218/216 261/1474/1412 264/1473/1411
f 264/1473/1411 261/1474/1412 260/1118/1131 263/1117/1130
f 259/218/216 256/216/214 258/1475/1413 261/1474/1412
f 261/1474/1412 258/1475/1413 257/1119/1132 260/1118/1131
f 256/216/214 253/214/212 255/1476/1414 258/1475/1413
f 258/1475/1413 255/1476/1414 254/1121/1134 257/1119/1132
f 253/214/212 250/212/210 252/1477/1415 255/1476/1414
f 255/1476/1414 252/1477/1415 251/1122/1135 254/1121/1134
f 250/212/210 247/210/208 249/1478/1416 252/1477/1415
f 252/1477/1415 249/1478/1416 248/1123/1136 251/1122/1135
f 247/210/208 244/208/206 246/1479/1417 249/1478/1416
f 249/1478/1416 246/1479/1417 245/1124/1137 248/1123/1136
f 244/208/206 241/206/204 243/1480/1418 246/1479/1417
f 246/1479/1417 243/1480/1418 242/1125/1138 245/1124/1137
f 241/206/204 238/204/202 240/1481/1419 243/1480/1418
f 243/1480/1418 240/1481/1419 239/1127/1140 242/1125/1138
f 238/204/202 235/202/200 237/1482/1420 240/1481/1419
f 240/1481/1419 237/1482/1420 236/1128/1141 239/1127/1140
f 235/202/200 232/200/198 234/1483/1421 237/1482/1420
f 237/1482/1420 234/1483/1421 233/1129/1142 236/1128/1141
f 232/200/198 229/198/196 231/1484/1422 234/1483/1421
f 234/1483/1421 231/1484/1422 230/1130/1143 233/1129/1142
f 229/198/196 226/196/194 228/1485/1423 231/1484/1422
f 231/1484/1422 228/1485/1423 227/1131/1144 230/1130/1143
f 226/196/194 223/194/192 225/1486/1424 228/1485/1423
f 228/1485/1423 225/1486/1424 224/1133/1146 227/1131/1144
f 223/194/192 220/192/190 222/1487/1425 225/1486/1424
f 225/1486/1424 222/1487/1425 221/1134/1147 224/1133/1146
f 220/192/190 217/190/188 219/1488/1426 222/1487/1425
f 222/1487/1425 219/1488/1426 218/1135/1148 221/1134/1147
f 217/190/188 214/188/186 216/1489/1427 219/1488/1426
f 219/1488/1426 216/1489/1427 215/1136/1149 218/1135/1148
f 214/188/186 211/186/184 213/1490/1428 216/1489/1427
f 216/1489/1427 213/1490/1428 212/1137/1150 215/1136/1149
f 211/186/184 208/184/182 210/1491/1429 213/1490/1428
f 213/1490/1428 210/1491/1429 209/1139/1152 212/1137/1150
f 208/184/182 205/182/180 207/1492/1430 210/1491/1429
f 210/1491/1429 207/1492/1430 206/1140/1153 209/1139/1152
f 205/182/180 202/180/178 204/1493/1431 207/1492/1430
f 207/1492/1430 204/1493/1431 203/1141/1154 206/1140/1153
f 202/180/178 199/178/176 201/1494/1432 204/1493/1431
f 204/1493/1431 201/1494/1432 200/1142/1155 203/1141/1154
f 199/178/176 196/176/174 198/1495/1433 201/1494/1432
f 201/1494/1432 198/1495/1433 197/1143/1156 200/1142/1155
f 196/176/174 194/175/173 195/1496/1371 198/1495/1433
f 198/1495/1433 195/1496/1371 193/1144/1157 197/1143/1156
f 407/1425/193 409/1250/195 2174/1249/1209 973/1426/1367
f 516/453/422 830/452/445 832/1497/1434 517/1498/1435
f 517/1498/1435 832/1497/1434 831/163/161 515/162/160
f 823/907/297 828/1499/444 896/1500/1436 833/908/935
f 830/452/445 825/302/300 827/1501/1437 832/1497/1434
f 832/1497/1434 827/1501/1437 826/1502/1438 831/163/161
f 825/302/300 820/301/299 822/1503/1439 827/1501/1437
f 827/1501/1437 822/1503/1439 821/1504/1440 826/1502/1438
f 820/301/299 815/304/302 817/1505/1441 822/1503/1439
f 822/1503/1439 817/1505/1441 816/1506/1442 821/1504/1440
f 815/304/302 810/306/304 812/1507/1443 817/1505/1441
f 817/1505/1441 812/1507/1443 811/137/135 816/1506/1442
f 810/306/304 805/308/306 807/1508/1444 812/1507/1443
f 812/1507/1443 807/1508/1444 806/135/133 811/137/135
f 805/308/306 800/310/308 802/1509/1445 807/1508/1444
f 807/1508/1444 802/1509/1445 801/133/131 806/135/133
f 800/310/308 795/312/310 797/1510/1446 802/1509/1445
f 802/1509/1445 797/1510/1446 796/130/128 801/133/131
f 795/312/310 790/314/312 792/1511/1447 797/1510/1446
f 797/1510/1446 792/1511/1447 791/131/129 796/130/128
f 790/314/312 785/316/314 787/1512/1448 792/1511/1447
f 792/1511/1447 787/1512/1448 786/1513/1449 791/131/129
f 785/316/314 780/318/316 782/1514/1450 787/1512/1448
f 787/1512/1448 782/1514/1450 781/122/120 786/1513/1449
f 780/318/316 775/320/318 777/1515/1451 782/1514/1450
f 782/1514/1450 777/1515/1451 776/123/121 781/122/120
f 775/320/318 770/322/320 772/1516/1452 777/1515/1451
f 777/1515/1451 772/1516/1452 771/1517/1453 776/123/121
f 770/322/320 765/324/322 767/1518/1454 772/1516/1452
f 772/1516/1452 767/1518/1454 766/115/113 771/1517/1453
f 765/324/322 760/326/324 762/1519/1455 767/1518/1454
f 767/1518/1454 762/1519/1455 761/113/111 766/115/113
f 760/326/324 755/328/326 757/1520/1456 762/1519/1455
f 762/1519/1455 757/1520/1456 756/110/108 761/113/111
f 755/328/326 750/330/328 752/1521/1457 757/1520/1456
f 757/1520/1456 752/1521/1457 751/111/109 756/110/108
f 750/330/328 745/332/330 747/1522/1458 752/1521/1457
f 752/1521/1457 747/1522/1458 746/1523/1459 751/111/109
f 745/332/330 740/334/332 742/1524/1460 747/1522/1458
f 747/1522/1458 742/1524/1460 741/102/100 746/1523/1459
f 740/334/332 735/336/334 737/1525/1461 742/1524/1460
f 742/1524/1460 737/1525/1461 736/103/101 741/102/100
f 735/336/334 730/338/336 732/1526/1462 737/1525/1461
f 737/1525/1461 732/1526/1462 731/1527/1463 736/103/101
f 730/338/336 725/340/338 727/1528/1464 732/1526/1462
f 732/1526/1462 727/1528/1464 726/78/76 731/1527/1463
f 725/340/338 720/342/340 722/1529/1465 727/1528/1464
f 727/1528/1464 722/1529/1465 721/79/77 726/78/76
f 720/342/340 715/344/342 717/1530/1466 722/1529/1465
f 722/1529/1465 717/1530/1466 716/159/157 721/79/77
f 715/344/342 710/346/344 712/1531/1467 717/1530/1466
f 717/1530/1466 712/1531/1467 711/160/158 716/159/157
f 710/346/344 705/348/346 707/1532/1468 712/1531/1467
f 712/1531/1467 707/1532/1468 706/1533/1469 711/160/158
f 705/348/346 700/350/348 702/1534/1470 707/1532/1468
f 707/1532/1468 702/1534/1470 701/89/87 706/1533/1469
f 700/350/348 695/352/350 697/1535/1471 702/1534/1470
f 702/1534/1470 697/1535/1471 696/90/88 701/89/87
f 695/352/350 690/354/352 692/1536/1472 697/1535/1471
f 697/1535/1471 692/1536/1472 691/1537/1473 696/90/88
f 690/354/352 685/356/354 687/1538/1474 692/1536/1472
f 692/1536/1472 687/1538/1474 686/1539/1475 691/1537/1473
f 685/356/354 680/358/356 682/1540/1476 687/1538/1474
f 687/1538/1474 682/1540/1476 681/1541/1477 686/1539/1475
f 680/358/356 675/360/358 677/1542/1478 682/1540/1476
f 682/1540/1476 677/1542/1478 676/1543/1479 681/1541/1477
f 675/364/358 670/363/360 672/1544/1480 677/1545/1478
f 677/1545/1478 672/1544/1480 671/62/62 676/1546/1479
f 670/363/360 665/366/362 667/1547/1481 672/1544/1480
f 672/1544/1480 667/1547/1481 666/63/63 671/62/62
f 665/366/362 660/368/364 662/1548/1482 667/1547/1481
f 667/1547/1481 662/1548/1482 661/56/56 666/63/63
f 660/368/364 655/370/366 657/1549/1483 662/1548/1482
f 662/1548/1482 657/1549/1483 656/57/57 661/56/56
f 655/370/366 650/372/368 652/1550/1484 657/1549/1483
f 657/1549/1483 652/1550/1484 651/50/50 656/57/57
f 650/372/368 645/374/370 647/1551/1485 652/1550/1484
f 652/1550/1484 647/1551/1485 646/51/51 651/50/50
f 645/374/370 640/376/372 642/1552/1486 647/1551/1485
f 647/1551/1485 642/1552/1486 641/44/44 646/51/51
f 640/376/372 635/378/374 637/1553/1487 642/1552/1486
f 642/1552/1486 637/1553/1487 636/45/45 641/44/44
f 635/378/374 630/380/376 632/1554/1488 637/1553/1487
f 637/1553/1487 632/1554/1488 631/38/38 636/45/45
f 630/380/376 625/382/378 627/1555/1489 632/1554/1488
f 632/1554/1488 627/1555/1489 626/39/39 631/38/38
f 625/382/378 620/384/380 622/1556/1490 627/1555/1489
f 627/1555/1489 622/1556/1490 621/1557/1491 626/39/39
f 620/384/380 615/386/382 617/1558/1492 622/1556/1490
f 622/1556/1490 617/1558/1492 616/1559/1493 621/1557/1491
f 615/386/382 610/388/384 612/1560/1494 617/1558/1492
f 617/1558/1492 612/1560/1494 611/28/28 616/1559/1493
f 610/388/384 605/390/386 607/1561/1495 612/1560/1494
f 612/1560/1494 607/1561/1495 606/29/29 611/28/28
f 605/390/386 600/392/388 602/1562/1496 607/1561/1495
f 607/1561/1495 602/1562/1496 601/22/22 606/29/29
f 600/392/388 595/394/390 597/1563/1497 602/1562/1496
f 602/1562/1496 597/1563/1497 596/23/23 601/22/22
f 595/394/390 590/396/392 592/1564/1498 597/1563/1497
f 597/1563/1497 592/1564/1498 591/16/16 596/23/23
f 590/396/392 585/398/394 587/1565/1499 592/1564/1498
f 592/1564/1498 587/1565/1499 586/17/17 591/16/16
f 585/398/394 580/400/396 582/1566/1500 587/1565/1499
f 587/1565/1499 582/1566/1500 581/1567/1501 586/17/17
f 580/400/396 575/402/398 577/1568/1502 582/1566/1500
f 582/1566/1500 577/1568/1502 576/1569/1503 581/1567/1501
f 575/402/398 570/404/400 572/1570/1504 577/1568/1502
f 577/1568/1502 572/1570/1504 571/1571/1505 576/1569/1503
f 570/404/400 565/406/402 567/1572/1506 572/1570/1504
f 572/1570/1504 567/1572/1506 566/1573/1507 571/1571/1505
f 565/406/402 560/408/404 562/1574/1508 567/1572/1506
f 567/1572/1506 562/1574/1508 561/428/424 566/1573/1507
f 560/408/404 555/410/406 557/1575/1509 562/1574/1508
f 562/1574/1508 557/1575/1509 556/429/425 561/428/424
f 555/410/406 550/412/408 552/1576/1510 557/1575/1509
f 557/1575/1509 552/1576/1510 551/1276/1224 556/429/425
f 550/412/408 545/414/410 547/1577/1511 552/1576/1510
f 552/1576/1510 547/1577/1511 546/1277/1225 551/1276/1224
f 545/414/410 540/416/412 542/1578/1512 547/1577/1511
f 547/1577/1511 542/1578/1512 541/1579/1513 546/1277/1225
f 540/416/412 535/418/414 537/1580/1514 542/1578/1512
f 542/1578/1512 537/1580/1514 536/1581/1515 541/1579/1513
f 535/418/414 530/420/416 532/1582/1516 537/1580/1514
f 537/1580/1514 532/1582/1516 531/1583/1517 536/1581/1515
f 530/420/416 525/422/418 527/1584/1518 532/1582/1516
f 532/1582/1516 527/1584/1518 526/157/155 531/1583/1517
f 525/422/418 520/424/420 522/1585/1519 527/1584/1518
f 527/1584/1518 522/1585/1519 521/158/156 526/157/155
f 520/424/420 516/426/422 517/1586/1435 522/1585/1519
f 522/1585/1519 517/1586/1435 515/1587/160 521/158/156
f 1725/1588/1520 62/1589/1521 63/165/163 1600/164/162
f 1795/1590/1522 961/1272/1220 962/1270/1219 1796/1591/1523
f 2116/1592/1524 1023/1148/1159 963/1147/1158 1793/1593/1525
f 2120/1594/1526 1022/1150/1160 1023/1148/1159 2116/1592/1524
f 1885/1595/1527 1021/1152/1161 1022/1150/1160 2120/1594/1526
f 1883/1596/1528 1020/1154/1162 1021/1152/1161 1885/1595/1527
f 2123/1597/1529 1019/1156/1163 1020/1154/1162 1883/1596/1528
f 2128/1598/1530 1018/1158/1164 1019/1156/1163 2123/1597/1529
f 2122/1599/1531 1017/1160/1165 1018/1158/1164 2128/1598/1530
f 1881/1600/1532 1016/1162/1166 1017/1160/1165 2122/1599/1531
f 2130/1601/1533 1015/1164/1167 1016/1162/1166 1881/1600/1532
f 2136/1602/1534 1014/1166/1168 1015/1164/1167 2130/1601/1533
f 2129/1603/1535 1013/1168/1169 1014/1166/1168 2136/1602/1534
f 1876/1604/1536 1012/1170/1170 1013/1168/1169 2129/1603/1535
f 2141/1605/1537 1011/1172/1171 1012/1170/1170 1876/1604/1536
f 2139/1606/1538 1010/1174/1172 1011/1172/1171 2141/1605/1537
f 1871/1607/1539 1009/1176/1173 1010/1174/1172 2139/1606/1538
f 1869/1608/1540 1008/1178/1174 1009/1176/1173 1871/1607/1539
f 2147/1609/1541 1007/1180/1175 1008/1178/1174 1869/1608/1540
f 2149/1610/1542 1006/1182/1176 1007/1180/1175 2147/1609/1541
f 2146/1611/1543 1005/1184/1177 1006/1182/1176 2149/1610/1542
f 1863/1612/1544 1004/1186/1178 1005/1184/1177 2146/1611/1543
f 2152/1613/1545 1003/1188/1179 1004/1186/1178 1863/1612/1544
f 2150/1614/1546 1002/1190/1180 1003/1188/1179 2152/1613/1545
f 1858/1615/1547 1001/1192/1181 1002/1190/1180 2150/1614/1546
f 1857/1616/1548 1000/1194/1182 1001/1192/1181 1858/1615/1547
f 1855/1617/1549 999/1196/1183 1000/1194/1182 1857/1616/1548
f 1853/1618/1550 998/1198/1184 999/1196/1183 1855/1617/1549
f 1851/1619/1551 997/1200/1185 998/1198/1184 1853/1618/1550
f 1850/1620/1552 996/1202/1186 997/1200/1185 1851/1619/1551
f 1849/1621/1553 995/1204/1187 996/1202/1186 1850/1620/1552
f 1847/1622/1554 994/1206/1188 995/1204/1187 1849/1621/1553
f 1845/1623/1555 993/1208/1189 994/1206/1188 1847/1622/1554
f 1843/1624/1556 992/1212/1190 993/1211/1189 1845/1625/1555
f 1841/1626/1557 991/1214/1191 992/1212/1190 1843/1624/1556
f 1840/1627/1558 990/1216/1192 991/1214/1191 1841/1626/1557
f 1838/1628/1559 989/1218/1193 990/1216/1192 1840/1627/1558
f 1836/1629/1560 988/1220/1194 989/1218/1193 1838/1628/1559
f 1835/1630/1561 987/1222/1195 988/1220/1194 1836/1629/1560
f 1833/1631/1562 986/1224/1196 987/1222/1195 1835/1630/1561
f 1832/1632/1563 985/1226/1197 986/1224/1196 1833/1631/1562
f 1830/1633/1564 984/1228/1198 985/1226/1197 1832/1632/1563
f 1828/1634/1565 983/1230/1199 984/1228/1198 1830/1633/1564
f 1826/1635/1566 982/1232/1200 983/1230/1199 1828/1634/1565
f 1824/1636/1567 981/1234/1201 982/1232/1200 1826/1635/1566
f 1823/1637/1568 980/1236/1202 981/1234/1201 1824/1636/1567
f 2090/1638/1569 979/1238/1203 980/1236/1202 1823/1637/1568
f 2088/1639/1570 978/1240/1204 979/1238/1203 2090/1638/1569
f 1819/1640/1571 977/1242/1205 978/1240/1204 2088/1639/1570
f 1818/1641/1572 976/1244/1206 977/1242/1205 1819/1640/1571
f 1816/1642/1573 975/1246/1207 976/1244/1206 1818/1641/1572
f 1814/1643/1574 974/1248/1208 975/1246/1207 1816/1642/1573
f 1812/1644/1575 1810/1645/1576 973/1426/1367 2174/1249/1209
f 1807/1646/1577 971/1254/1211 972/1253/1210 1809/1647/1578
f 1805/1648/1579 970/1256/1212 971/1254/1211 1807/1646/1577
f 1803/1649/1580 969/1258/1213 970/1256/1212 1805/1648/1579
f 1801/1650/1581 968/1260/1214 969/1258/1213 1803/1649/1580
f 1800/1651/1582 967/1262/1215 968/1260/1214 1801/1650/1581
f 2109/1652/1583 966/1264/1216 967/1262/1215 1800/1651/1582
f 2113/1653/1584 965/1266/1217 966/1264/1216 2109/1652/1583
f 2107/1654/1585 964/1268/1218 965/1266/1217 2113/1653/1584
f 1796/1591/1523 962/1270/1219 964/1268/1218 2107/1654/1585
f 1277/1423/1366 1024/1273/1221 1026/1655/1586 1279/1656/1587
f 1279/1656/1587 1026/1655/1586 1027/1657/1588 1278/1658/1589
f 1278/1658/1589 1027/1657/1588 1025/1428/1369 1276/1659/1364
f 1269/483/480 1272/1275/1223 1274/1660/1590 1271/1661/1591
f 1271/1661/1591 1274/1660/1590 1275/1662/1592 1270/1663/1593
f 1270/1663/1593 1275/1662/1592 1273/1419/1362 1268/1417/1360
f 1265/480/477 1269/483/480 1271/1661/1591 1267/1664/1594
f 1267/1664/1594 1271/1661/1591 1270/1663/1593 1266/1665/1595
f 1266/1665/1595 1270/1663/1593 1268/1417/1360 1264/1415/1358
f 1261/492/487 1265/480/477 1267/1664/1594 1263/1666/1596
f 1263/1666/1596 1267/1664/1594 1266/1665/1595 1262/1667/1597
f 1262/1667/1597 1266/1665/1595 1264/1415/1358 1260/1413/1356
f 1257/502/497 1261/492/487 1263/1666/1596 1259/1668/1598
f 1259/1668/1598 1263/1666/1596 1262/1667/1597 1258/1669/1599
f 1258/1669/1599 1262/1667/1597 1260/1413/1356 1256/1411/1354
f 1253/509/505 1257/502/497 1259/1668/1598 1255/1670/1600
f 1255/1670/1600 1259/1668/1598 1258/1669/1599 1254/1671/1601
f 1254/1671/1601 1258/1669/1599 1256/1411/1354 1252/1409/1352
f 1249/517/515 1253/509/505 1255/1670/1600 1251/1672/1602
f 1251/1672/1602 1255/1670/1600 1254/1671/1601 1250/1673/1603
f 1250/1673/1603 1254/1671/1601 1252/1409/1352 1248/1407/1350
f 1245/527/525 1249/517/515 1251/1672/1602 1247/1674/1604
f 1247/1674/1604 1251/1672/1602 1250/1673/1603 1246/1675/1605
f 1246/1675/1605 1250/1673/1603 1248/1407/1350 1244/1405/1348
f 1241/536/534 1245/527/525 1247/1674/1604 1243/1676/1606
f 1243/1676/1606 1247/1674/1604 1246/1675/1605 1242/1677/1607
f 1242/1677/1607 1246/1675/1605 1244/1405/1348 1240/1403/1346
f 1237/539/539 1241/536/534 1243/1676/1606 1239/1678/1608
f 1239/1678/1608 1243/1676/1606 1242/1677/1607 1238/1679/1609
f 1238/1679/1609 1242/1677/1607 1240/1403/1346 1236/1401/1344
f 1233/545/547 1237/539/539 1239/1678/1608 1235/1680/1610
f 1235/1680/1610 1239/1678/1608 1238/1679/1609 1234/1681/1611
f 1234/1681/1611 1238/1679/1609 1236/1401/1344 1232/1399/1342
f 1229/554/556 1233/545/547 1235/1680/1610 1231/1682/1612
f 1231/1682/1612 1235/1680/1610 1234/1681/1611 1230/1683/1613
f 1230/1683/1613 1234/1681/1611 1232/1399/1342 1228/1397/1340
f 1225/562/566 1229/554/556 1231/1682/1612 1227/1684/1614
f 1227/1684/1614 1231/1682/1612 1230/1683/1613 1226/1685/1615
f 1226/1685/1615 1230/1683/1613 1228/1397/1340 1224/1395/1338
f 1221/570/576 1225/562/566 1227/1684/1614 1223/1686/1616
f 1223/1686/1616 1227/1684/1614 1226/1685/1615 1222/1687/1617
f 1222/1687/1617 1226/1685/1615 1224/1395/1338 1220/1393/1336
f 1217/578/584 1221/570/576 1223/1686/1616 1219/1688/1618
f 1219/1688/1618 1223/1686/1616 1222/1687/1617 1218/1689/1619
f 1218/1689/1619 1222/1687/1617 1220/1393/1336 1216/1391/1334
f 1213/586/594 1217/578/584 1219/1688/1618 1215/1690/1620
f 1215/1690/1620 1219/1688/1618 1218/1689/1619 1214/1691/1621
f 1214/1691/1621 1218/1689/1619 1216/1391/1334 1212/1389/1332
f 1209/594/602 1213/586/594 1215/1690/1620 1211/1692/1622
f 1211/1692/1622 1215/1690/1620 1214/1691/1621 1210/1693/1623
f 1210/1693/1623 1214/1691/1621 1212/1389/1332 1208/1387/1330
f 1205/601/610 1209/594/602 1211/1692/1622 1207/1694/1624
f 1207/1694/1624 1211/1692/1622 1210/1693/1623 1206/1695/1625
f 1206/1695/1625 1210/1693/1623 1208/1387/1330 1204/1385/1328
f 1201/605/616 1205/601/610 1207/1694/1624 1203/1696/1626
f 1203/1696/1626 1207/1694/1624 1206/1695/1625 1202/1697/1627
f 1202/1697/1627 1206/1695/1625 1204/1385/1328 1200/1383/1326
f 1197/611/622 1201/605/616 1203/1696/1626 1199/1698/1628
f 1199/1698/1628 1203/1696/1626 1202/1697/1627 1198/1699/1629
f 1198/1699/1629 1202/1697/1627 1200/1383/1326 1196/1381/1324
f 1193/621/632 1197/611/622 1199/1698/1628 1195/1700/1630
f 1195/1700/1630 1199/1698/1628 1198/1699/1629 1194/1701/1631
f 1194/1701/1631 1198/1699/1629 1196/1381/1324 1192/1379/1322
f 1189/629/642 1193/621/632 1195/1700/1630 1191/1702/1632
f 1191/1702/1632 1195/1700/1630 1194/1701/1631 1190/1703/1633
f 1190/1703/1633 1194/1701/1631 1192/1379/1322 1188/1377/1320
f 1185/636/650 1189/629/642 1191/1702/1632 1187/1704/1634
f 1187/1704/1634 1191/1702/1632 1190/1703/1633 1186/1705/1635
f 1186/1705/1635 1190/1703/1633 1188/1377/1320 1184/1375/1318
f 1181/644/658 1185/636/650 1187/1704/1634 1183/1706/1636
f 1183/1706/1636 1187/1704/1634 1186/1705/1635 1182/1707/1637
f 1182/1707/1637 1186/1705/1635 1184/1375/1318 1180/1373/1316
f 1177/654/668 1181/644/658 1183/1706/1636 1179/1708/1638
f 1179/1708/1638 1183/1706/1636 1182/1707/1637 1178/1709/1639
f 1178/1709/1639 1182/1707/1637 1180/1373/1316 1176/1371/1314
f 1173/662/678 1177/654/668 1179/1708/1638 1175/1710/1640
f 1175/1710/1640 1179/1708/1638 1178/1709/1639 1174/1711/1641
f 1174/1711/1641 1178/1709/1639 1176/1371/1314 1172/1369/1312
f 1169/669/687 1173/662/678 1175/1710/1640 1171/1712/1642
f 1171/1712/1642 1175/1710/1640 1174/1711/1641 1170/1713/1643
f 1170/1713/1643 1174/1711/1641 1172/1369/1312 1168/1367/1310
f 1165/674/692 1169/669/687 1171/1712/1642 1167/1714/1644
f 1167/1714/1644 1171/1712/1642 1170/1713/1643 1166/1715/1645
f 1166/1715/1645 1170/1713/1643 1168/1367/1310 1164/1365/1308
f 1161/682/700 1165/674/692 1167/1714/1644 1163/1716/1646
f 1163/1716/1646 1167/1714/1644 1166/1715/1645 1162/1717/1647
f 1162/1717/1647 1166/1715/1645 1164/1365/1308 1160/1363/1306
f 1157/690/708 1161/682/700 1163/1716/1646 1159/1718/1648
f 1159/1718/1648 1163/1716/1646 1162/1717/1647 1158/1719/1649
f 1158/1719/1649 1162/1717/1647 1160/1363/1306 1156/1361/1304
f 1153/696/715 1157/690/708 1159/1718/1648 1155/1720/1650
f 1155/1720/1650 1159/1718/1648 1158/1719/1649 1154/1721/1651
f 1154/1721/1651 1158/1719/1649 1156/1361/1304 1152/1357/1302
f 1149/705/724 1153/696/715 1155/1720/1650 1151/1722/1652
f 1151/1722/1652 1155/1720/1650 1154/1721/1651 1150/1723/1653
f 1150/1723/1653 1154/1721/1651 1152/1357/1302 1148/1360/1300
f 1145/714/733 1149/717/724 1151/1724/1652 1147/1725/1654
f 1147/1725/1654 1151/1724/1652 1150/1726/1653 1146/1727/1655
f 1146/1727/1655 1150/1726/1653 1148/1355/1300 1144/1353/1298
f 1141/723/740 1145/714/733 1147/1725/1654 1143/1728/1656
f 1143/1728/1656 1147/1725/1654 1146/1727/1655 1142/1729/1657
f 1142/1729/1657 1146/1727/1655 1144/1353/1298 1140/1351/1296
f 1137/730/749 1141/723/740 1143/1728/1656 1139/1730/1658
f 1139/1730/1658 1143/1728/1656 1142/1729/1657 1138/1731/1659
f 1138/1731/1659 1142/1729/1657 1140/1351/1296 1136/1349/1294
f 1133/737/756 1137/730/749 1139/1730/1658 1135/1732/1660
f 1135/1732/1660 1139/1730/1658 1138/1731/1659 1134/1733/1661
f 1134/1733/1661 1138/1731/1659 1136/1349/1294 1132/1347/1292
f 1129/742/761 1133/737/756 1135/1732/1660 1131/1734/1662
f 1131/1734/1662 1135/1732/1660 1134/1733/1661 1130/1735/1663
f 1130/1735/1663 1134/1733/1661 1132/1347/1292 1128/1345/1290
f 1125/747/768 1129/742/761 1131/1734/1662 1127/1736/1664
f 1127/1736/1664 1131/1734/1662 1130/1735/1663 1126/1737/1665
f 1126/1737/1665 1130/1735/1663 1128/1345/1290 1124/1343/1288
f 1121/754/775 1125/747/768 1127/1736/1664 1123/1738/1666
f 1123/1738/1666 1127/1736/1664 1126/1737/1665 1122/1739/1667
f 1122/1739/1667 1126/1737/1665 1124/1343/1288 1120/1341/1286
f 1117/761/784 1121/754/775 1123/1738/1666 1119/1740/1668
f 1119/1740/1668 1123/1738/1666 1122/1739/1667 1118/1741/1669
f 1118/1741/1669 1122/1739/1667 1120/1341/1286 1116/1339/1284
f 1113/769/792 1117/761/784 1119/1740/1668 1115/1742/1670
f 1115/1742/1670 1119/1740/1668 1118/1741/1669 1114/1743/1671
f 1114/1743/1671 1118/1741/1669 1116/1339/1284 1112/1337/1282
f 1109/778/801 1113/769/792 1115/1742/1670 1111/1744/1672
f 1111/1744/1672 1115/1742/1670 1114/1743/1671 1110/1745/1673
f 1110/1745/1673 1114/1743/1671 1112/1337/1282 1108/1335/1280
f 1105/785/809 1109/778/801 1111/1744/1672 1107/1746/1674
f 1107/1746/1674 1111/1744/1672 1110/1745/1673 1106/1747/1675
f 1106/1747/1675 1110/1745/1673 1108/1335/1280 1104/1333/1278
f 1101/792/818 1105/785/809 1107/1746/1674 1103/1748/1676
f 1103/1748/1676 1107/1746/1674 1106/1747/1675 1102/1749/1677
f 1102/1749/1677 1106/1747/1675 1104/1333/1278 1100/1331/1276
f 1097/798/825 1101/792/818 1103/1748/1676 1099/1750/1678
f 1099/1750/1678 1103/1748/1676 1102/1749/1677 1098/1751/1679
f 1098/1751/1679 1102/1749/1677 1100/1331/1276 1096/1329/1274
f 1093/802/829 1097/798/825 1099/1750/1678 1095/1752/1680
f 1095/1752/1680 1099/1750/1678 1098/1751/1679 1094/1753/1681
f 1094/1753/1681 1098/1751/1679 1096/1329/1274 1092/1327/1272
f 1089/807/834 1093/802/829 1095/1752/1680 1091/1754/1682
f 1091/1754/1682 1095/1752/1680 1094/1753/1681 1090/1755/1683
f 1090/1755/1683 1094/1753/1681 1092/1327/1272 1088/1325/1270
f 1085/813/840 1089/807/834 1091/1754/1682 1087/1756/1684
f 1087/1756/1684 1091/1754/1682 1090/1755/1683 1086/1757/1685
f 1086/1757/1685 1090/1755/1683 1088/1325/1270 1084/1323/1268
f 1081/823/850 1085/813/840 1087/1756/1684 1083/1758/1686
f 1083/1758/1686 1087/1756/1684 1086/1757/1685 1082/1759/1687
f 1082/1759/1687 1086/1757/1685 1084/1323/1268 1080/1321/1266
f 1077/829/856 1081/823/850 1083/1758/1686 1079/1760/1688
f 1079/1760/1688 1083/1758/1686 1082/1759/1687 1078/1761/1689
f 1078/1761/1689 1082/1759/1687 1080/1321/1266 1076/1319/1264
f 1073/836/865 1077/829/856 1079/1760/1688 1075/1762/1690
f 1075/1762/1690 1079/1760/1688 1078/1761/1689 1074/1763/1691
f 1074/1763/1691 1078/1761/1689 1076/1319/1264 1072/1317/1262
f 1069/843/872 1073/836/865 1075/1762/1690 1071/1764/1692
f 1071/1764/1692 1075/1762/1690 1074/1763/1691 1070/1765/1693
f 1070/1765/1693 1074/1763/1691 1072/1317/1262 1068/1315/1260
f 1065/849/879 1069/843/872 1071/1764/1692 1067/1766/1694
f 1067/1766/1694 1071/1764/1692 1070/1765/1693 1066/1767/1695
f 1066/1767/1695 1070/1765/1693 1068/1315/1260 1064/1313/1258
f 1061/855/886 1065/849/879 1067/1766/1694 1063/1768/1696
f 1063/1768/1696 1067/1766/1694 1066/1767/1695 1062/1769/1697
f 1062/1769/1697 1066/1767/1695 1064/1313/1258 1060/1311/1256
f 1057/857/888 1061/855/886 1063/1768/1696 1059/1770/1698
f 1059/1770/1698 1063/1768/1696 1062/1769/1697 1058/1771/1699
f 1058/1771/1699 1062/1769/1697 1060/1311/1256 1056/1309/1254
f 1053/861/892 1057/857/888 1059/1770/1698 1055/1772/1700
f 1055/1772/1700 1059/1770/1698 1058/1771/1699 1054/1773/1701
f 1054/1773/1701 1058/1771/1699 1056/1309/1254 1052/1307/1252
f 1049/869/900 1053/861/892 1055/1772/1700 1051/1774/1702
f 1051/1774/1702 1055/1772/1700 1054/1773/1701 1050/1775/1703
f 1050/1775/1703 1054/1773/1701 1052/1307/1252 1048/1305/1250
f 1045/875/907 1049/869/900 1051/1774/1702 1047/1776/1704
f 1047/1776/1704 1051/1774/1702 1050/1775/1703 1046/1777/1705
f 1046/1777/1705 1050/1775/1703 1048/1305/1250 1044/1303/1248
f 1041/886/916 1045/875/907 1047/1776/1704 1043/1778/1706
f 1043/1778/1706 1047/1776/1704 1046/1777/1705 1042/1779/1707
f 1042/1779/1707 1046/1777/1705 1044/1303/1248 1040/1301/1246
f 1037/457/451 1041/886/916 1043/1778/1706 1039/1780/1708
f 1039/1780/1708 1043/1778/1706 1042/1779/1707 1038/1781/1709
f 1038/1781/1709 1042/1779/1707 1040/1301/1246 1036/1299/1244
f 1033/433/429 1037/457/451 1039/1780/1708 1035/1782/1710
f 1035/1782/1710 1039/1780/1708 1038/1781/1709 1034/1783/1711
f 1034/1783/1711 1038/1781/1709 1036/1299/1244 1032/1295/1240
f 1029/430/426 1033/433/429 1035/1782/1710 1031/1784/1712
f 1031/1784/1712 1035/1782/1710 1034/1783/1711 1030/1785/1713
f 1030/1785/1713 1034/1783/1711 1032/1295/1240 1028/1298/1243
f 1024/1273/1221 1029/430/426 1031/1784/1712 1026/1655/1586
f 1026/1655/1586 1031/1784/1712 1030/1785/1713 1027/1657/1588
f 1027/1657/1588 1030/1785/1713 1028/1298/1243 1025/1428/1369
f 1272/1275/1223 1277/1786/1366 1279/1787/1587 1274/1660/1590
f 1274/1660/1590 1279/1787/1587 1278/1788/1589 1275/1662/1592
f 1275/1662/1592 1278/1788/1589 1276/1421/1364 1273/1419/1362
f 1025/1428/1369 127/1427/1368 128/1789/1365 1276/1659/1364
f 1289/1790/1714 1290/431/427 1286/1274/1222 1287/1791/1715
f 1465/1792/1716 191/1793/1717 192/1794/1718 1471/1795/1719
f 1292/1796/1720 1293/432/428 1290/431/427 1289/1790/1714
f 1295/1797/1721 1296/456/450 1293/432/428 1292/1796/1720
f 1298/1798/1722 1299/887/917 1296/456/450 1295/1797/1721
f 1301/1799/1723 1302/876/908 1299/887/917 1298/1798/1722
f 1304/1800/1724 1305/870/901 1302/876/908 1301/1799/1723
f 1307/1801/1725 1308/862/893 1305/870/901 1304/1800/1724
f 1310/1802/1726 1311/858/889 1308/862/893 1307/1801/1725
f 1313/1803/1727 1314/856/887 1311/858/889 1310/1802/1726
f 1316/1804/1728 1317/850/880 1314/856/887 1313/1803/1727
f 1319/1805/1729 1320/844/873 1317/850/880 1316/1804/1728
f 1322/1806/1730 1323/837/866 1320/844/873 1319/1805/1729
f 1325/1807/1731 1326/830/857 1323/837/866 1322/1806/1730
f 1328/1808/1732 1329/824/851 1326/830/857 1325/1807/1731
f 1331/1809/1733 1332/814/841 1329/824/851 1328/1808/1732
f 1334/1810/1734 1335/808/835 1332/814/841 1331/1809/1733
f 1337/1811/1735 1338/803/830 1335/808/835 1334/1810/1734
f 1340/1812/1736 1341/799/826 1338/803/830 1337/1811/1735
f 1343/1813/1737 1344/793/819 1341/799/826 1340/1812/1736
f 1346/1814/1738 1347/786/810 1344/793/819 1343/1813/1737
f 1349/1815/1739 1350/779/802 1347/786/810 1346/1814/1738
f 1352/1816/1740 1353/770/793 1350/779/802 1349/1815/1739
f 1355/1817/1741 1356/762/785 1353/770/793 1352/1816/1740
f 1358/1818/1742 1359/755/776 1356/762/785 1355/1817/1741
f 1361/1819/1743 1362/748/769 1359/755/776 1358/1818/1742
f 1364/1820/1744 1365/743/762 1362/748/769 1361/1819/1743
f 1367/1821/1745 1368/738/757 1365/743/762 1364/1820/1744
f 1370/1822/1746 1371/731/750 1368/738/757 1367/1821/1745
f 1373/1823/1747 1374/724/741 1371/731/750 1370/1822/1746
f 1376/1824/1748 1377/715/734 1374/724/741 1373/1823/1747
f 1379/1825/1749 1380/716/725 1377/715/734 1376/1824/1748
f 1382/1826/1750 1383/697/716 1380/706/725 1379/1827/1749
f 1385/1828/1751 1386/691/709 1383/697/716 1382/1826/1750
f 1388/1829/1752 1389/683/701 1386/691/709 1385/1828/1751
f 1391/1830/1753 1392/675/693 1389/683/701 1388/1829/1752
f 1394/1831/1754 1395/670/688 1392/675/693 1391/1830/1753
f 1397/1832/1755 1398/663/679 1395/670/688 1394/1831/1754
f 1400/1833/1756 1401/655/669 1398/663/679 1397/1832/1755
f 1403/1834/1757 1404/645/659 1401/655/669 1400/1833/1756
f 1406/1835/1758 1407/637/651 1404/645/659 1403/1834/1757
f 1409/1836/1759 1410/630/643 1407/637/651 1406/1835/1758
f 1412/1837/1760 1413/622/633 1410/630/643 1409/1836/1759
f 1415/1838/1761 1416/612/623 1413/622/633 1412/1837/1760
f 1418/1839/1762 1419/606/617 1416/612/623 1415/1838/1761
f 1421/1840/1763 1422/602/611 1419/606/617 1418/1839/1762
f 1424/1841/1764 1425/595/603 1422/602/611 1421/1840/1763
f 1427/1842/1765 1428/587/595 1425/595/603 1424/1841/1764
f 1430/1843/1766 1431/579/585 1428/587/595 1427/1842/1765
f 1433/1844/1767 1434/571/577 1431/579/585 1430/1843/1766
f 1436/1845/1768 1437/563/567 1434/571/577 1433/1844/1767
f 1439/1846/1769 1440/555/557 1437/563/567 1436/1845/1768
f 1442/1847/1770 1443/546/548 1440/555/557 1439/1846/1769
f 1445/1848/1771 1446/540/540 1443/546/548 1442/1847/1770
f 1448/1849/1772 1449/537/535 1446/540/540 1445/1848/1771
f 1451/1850/1773 1452/528/526 1449/537/535 1448/1849/1772
f 1454/1851/1774 1455/518/516 1452/528/526 1451/1850/1773
f 1457/1852/1775 1458/510/506 1455/518/516 1454/1851/1774
f 1460/1853/1776 1461/503/498 1458/510/506 1457/1852/1775
f 1463/1854/1777 1464/493/488 1461/503/498 1460/1853/1776
f 1466/1855/1778 1467/481/478 1464/493/488 1463/1854/1777
f 1469/1856/1779 1470/482/479 1467/481/478 1466/1855/1778
f 1281/473/468 1280/472/467 1470/482/479 1469/1856/1779
f 1287/1791/1715 1286/1274/1222 1284/1424/466 1283/1857/465
f 1272/1275/1223 1280/472/467 1284/471/466 1277/1786/1366
f 1462/1858/1780 130/1859/1781 131/1860/1782 1459/1861/1783
f 1459/1861/1783 131/1860/1782 132/1862/1784 1456/1863/1785
f 1456/1863/1785 132/1862/1784 133/1864/1786 1453/1865/1787
f 1453/1865/1787 133/1864/1786 134/1866/1788 1450/1867/1789
f 1450/1867/1789 134/1866/1788 135/1868/1790 1447/1869/1791
f 1447/1869/1791 135/1868/1790 136/1870/1792 1444/1871/1793
f 1444/1871/1793 136/1870/1792 137/1872/1794 1441/1873/1795
f 1441/1873/1795 137/1872/1794 138/1874/1796 1438/1875/1797
f 1438/1875/1797 138/1874/1796 139/1876/1798 1435/1877/1799
f 1435/1877/1799 139/1876/1798 140/1878/1800 1432/1879/1801
f 1432/1879/1801 140/1878/1800 141/1880/1802 1429/1881/1803
f 1429/1881/1803 141/1880/1802 142/1882/1804 1426/1883/1805
f 1426/1883/1805 142/1882/1804 143/1884/1806 1423/1885/1807
f 1423/1885/1807 143/1884/1806 144/1886/1808 1420/1887/1809
f 1420/1887/1809 144/1886/1808 145/1888/1810 1417/1889/1811
f 1417/1889/1811 145/1888/1810 146/1890/1812 1414/1891/1813
f 1414/1891/1813 146/1890/1812 147/1892/1814 1411/1893/1815
f 1411/1893/1815 147/1892/1814 148/1894/1816 1408/1895/1817
f 1408/1895/1817 148/1894/1816 149/1896/1818 1405/1897/1819
f 1405/1897/1819 149/1896/1818 150/1898/1820 1402/1899/1821
f 1402/1899/1821 150/1898/1820 151/1900/1822 1399/1901/1823
f 1399/1901/1823 151/1900/1822 152/1902/1824 1396/1903/1825
f 1396/1903/1825 152/1902/1824 153/1904/1826 1393/1905/1827
f 1393/1905/1827 153/1904/1826 154/1906/1828 1390/1907/1829
f 1390/1907/1829 154/1906/1828 155/1908/1830 1387/1909/1831
f 1387/1909/1831 155/1908/1830 156/1910/1832 1384/1911/1833
f 1384/1911/1833 156/1910/1832 157/1912/1834 1381/1913/1835
f 1381/1913/1835 157/1912/1834 158/1914/1836 1378/1915/1837
f 1378/1915/1837 158/1914/1836 159/1916/1838 1375/1917/1839
f 1375/1917/1839 159/1916/1838 160/1918/1840 1372/1919/1841
f 1372/1919/1841 160/1918/1840 161/1920/1842 1369/1921/1843
f 1369/1922/1843 161/1923/1842 162/1924/1844 1366/1925/1845
f 1366/1925/1845 162/1924/1844 163/1926/1846 1363/1927/1847
f 1363/1927/1847 163/1926/1846 164/1928/1848 1360/1929/1849
f 1360/1929/1849 164/1928/1848 165/1930/1850 1357/1931/1851
f 1357/1931/1851 165/1930/1850 166/1932/1852 1354/1933/1853
f 1354/1933/1853 166/1932/1852 167/1934/1854 1351/1935/1855
f 1351/1935/1855 167/1934/1854 168/1936/1856 1348/1937/1857
f 1348/1937/1857 168/1936/1856 169/1938/1858 1345/1939/1859
f 1345/1939/1859 169/1938/1858 170/1940/1860 1342/1941/1861
f 1342/1941/1861 170/1940/1860 171/1942/1862 1339/1943/1863
f 1339/1943/1863 171/1942/1862 172/1944/1864 1336/1945/1865
f 1336/1945/1865 172/1944/1864 173/1946/1866 1333/1947/1867
f 1333/1947/1867 173/1946/1866 174/1948/1868 1330/1949/1869
f 1330/1949/1869 174/1948/1868 175/1950/1870 1327/1951/1871
f 1327/1951/1871 175/1950/1870 176/1952/1872 1324/1953/1873
f 1324/1953/1873 176/1952/1872 177/1954/1874 1321/1955/1875
f 1321/1955/1875 177/1954/1874 178/1956/1876 1318/1957/1877
f 1318/1957/1877 178/1956/1876 179/1958/1878 1315/1959/1879
f 1315/1959/1879 179/1958/1878 180/1960/1880 1312/1961/1881
f 1312/1961/1881 180/1960/1880 181/1962/1882 1309/1963/1883
f 1309/1963/1883 181/1962/1882 182/1964/1884 1306/1965/1885
f 1306/1965/1885 182/1964/1884 183/1966/1886 1303/1967/1887
f 1303/1967/1887 183/1966/1886 184/1968/1888 1300/1969/1889
f 1300/1969/1889 184/1968/1888 185/1970/1890 1297/1971/1891
f 1297/1971/1891 185/1970/1890 186/1972/1892 1294/1973/1893
f 1294/1973/1893 186/1972/1892 187/1974/1894 1291/1975/1895
f 1291/1975/1895 187/1974/1894 188/1976/1896 1288/1977/1897
f 1288/1977/1897 188/1976/1896 189/1978/1898 1285/1979/1899
f 1285/1979/1899 189/1978/1898 190/1980/1900 1282/1981/1901
f 1282/1981/1901 190/1980/1900 191/1793/1717 1465/1792/1716
f 1468/1982/1902 129/1983/1903 130/1859/1781 1462/1858/1780
f 1471/1795/1719 192/1794/1718 129/1984/1903 1468/1985/1902
f 1596/167/165 64/166/164 1/1986/1904 1603/1987/1905
f 1536/891/921 3/890/920 4/1988/1906 1605/1989/1907
f 2177/445/439 1665/444/438 1537/1990/1908 2175/1991/1909
f 2179/896/927 1609/895/926 1672/852/882 2183/851/881
f 1539/866/897 6/865/896 7/1992/1910 1608/1993/1911
f 2180/880/912 1669/879/911 1540/894/925 2178/893/924
f 1608/1993/1911 7/1992/1910 8/872/903 1671/871/902
f 2184/1994/1912 1546/1995/1913 1615/826/853 2185/825/852
f 1542/874/905 9/873/904 10/860/891 1611/859/890
f 1614/1996/1914 13/1997/1915 14/810/837 1677/809/836
f 1545/834/861 12/833/860 13/1997/1915 1614/1996/1914
f 2186/848/877 1675/847/876 1546/1995/1913 2184/1994/1912
f 2188/841/870 1618/840/869 1681/795/821 2192/794/820
f 1548/812/839 15/811/838 16/1998/1916 1617/1999/1917
f 2189/828/855 1678/827/854 1549/839/868 2187/838/867
f 1617/1999/1917 16/1998/1916 17/816/843 1680/815/842
f 2193/2000/1918 1555/2001/1919 1624/764/787 2194/763/786
f 1551/818/845 18/817/844 19/805/832 1620/804/831
f 1623/2002/1920 22/2003/1921 23/750/771 1686/749/770
f 1554/774/797 21/773/796 22/2003/1921 1623/2002/1920
f 2195/790/814 1684/789/813 1555/2001/1919 2193/2000/1918
f 2197/783/806 1627/782/805 1690/733/752 2201/732/751
f 1557/752/773 24/751/772 25/2004/1922 1626/2005/1923
f 2198/766/789 1687/765/788 1558/781/804 2196/780/803
f 1626/2005/1923 25/2004/1922 26/757/778 1689/756/777
f 2202/2006/1924 1564/2007/1925 1633/699/718 2203/698/717
f 1560/759/780 27/758/779 28/745/764 1629/744/763
f 1632/2008/1926 31/2009/1927 32/685/703 1695/684/702
f 1563/710/729 30/709/728 31/2009/1927 1632/2008/1926
f 2204/728/745 1693/727/744 1564/2007/1925 2202/2006/1924
f 2206/721/738 1636/720/737 1699/665/681 2210/664/680
f 1566/2010/705 33/2011/704 34/2012/1928 1635/2013/1929
f 2207/701/720 1696/700/719 1567/2014/736 2205/2015/735
f 1635/2013/1929 34/2012/1928 35/693/711 1698/692/710
f 2211/2016/1930 1573/2017/1931 1642/632/645 2212/631/644
f 1569/695/713 36/694/712 37/677/695 1638/676/694
f 1641/2018/1932 40/465/459 41/614/625 1704/613/624
f 1572/640/654 39/466/460 40/465/459 1641/2018/1932
f 2213/659/673 1702/658/672 1573/2017/1931 2211/2016/1930
f 2215/649/663 1645/648/662 1708/597/605 2219/596/604
f 1575/616/627 42/615/626 43/2019/1933 1644/2020/1934
f 2216/634/647 1705/633/646 1576/647/661 2214/646/660
f 1644/2020/1934 43/2019/1933 44/624/635 1707/623/634
f 2220/2021/1935 1582/2022/1936 1651/565/569 2221/564/568
f 1578/626/637 45/625/636 46/608/619 1647/607/618
f 1650/2023/1937 49/2024/1938 50/548/550 1713/547/549
f 1581/575/581 48/574/580 49/2024/1938 1650/2023/1937
f 2222/591/599 1711/590/598 1582/2022/1936 2220/2021/1935
f 2224/583/589 1654/582/588 1717/530/528 2228/529/527
f 1584/550/552 51/549/551 52/2025/1939 1653/2026/1940
f 2225/567/571 1714/566/570 1585/581/587 2223/580/586
f 1653/2026/1940 52/2025/1939 53/557/559 1716/556/558
f 2229/2027/1941 1591/2028/1942 1660/495/490 2230/494/489
f 1587/559/561 54/558/560 55/542/542 1656/541/541
f 1659/2029/1943 58/2030/1944 59/475/470 1722/474/469
f 1590/507/502 57/506/501 58/2030/1944 1659/2029/1943
f 2231/522/520 1720/521/519 1591/2028/1942 2229/2027/1941
f 2233/514/510 1663/513/509 1726/459/453 2238/458/452
f 1593/477/472 60/476/471 61/2031/1945 1662/2032/1946
f 2234/497/492 1723/496/491 1594/512/508 2232/511/507
f 1662/2032/1946 61/2031/1945 62/1589/1521 1725/1588/1520
f 1603/2033/1905 1/2034/1904 2/889/919 1666/888/918
f 1605/1989/1907 4/1988/1906 5/864/895 1668/863/894
f 2237/461/455 1599/460/454 1597/485/482 2235/484/481
f 1600/164/162 1596/167/165 1598/2035/1947 1601/2036/1948
f 1601/2036/1948 1598/2035/1947 1597/485/482 1599/460/454
f 1666/888/918 1536/891/921 1538/2037/1949 1667/2038/1950
f 1667/2038/1950 1538/2037/1949 1537/1990/1908 1665/444/438
f 1536/891/921 1605/1989/1907 1607/2039/1951 1538/2037/1949
f 1538/2037/1949 1607/2039/1951 1606/878/910 1537/1990/1908
f 1605/1989/1907 1668/863/894 1670/2040/1952 1607/2039/1951
f 1607/2039/1951 1670/2040/1952 1669/879/911 1606/878/910
f 1668/863/894 1539/866/897 1541/2041/1953 1670/2040/1952
f 1670/2040/1952 1541/2041/1953 1540/894/925 1669/879/911
f 1539/866/897 1608/1993/1911 1610/2042/1954 1541/2041/1953
f 1541/2041/1953 1610/2042/1954 1609/895/926 1540/894/925
f 1608/1993/1911 1671/871/902 1673/2043/1955 1610/2042/1954
f 1610/2042/1954 1673/2043/1955 1672/852/882 1609/895/926
f 1671/871/902 1542/874/905 1544/2044/1956 1673/2043/1955
f 1673/2043/1955 1544/2044/1956 1543/853/883 1672/852/882
f 1542/874/905 1611/859/890 1613/2045/1957 1544/2044/1956
f 1544/2044/1956 1613/2045/1957 1612/846/875 1543/853/883
f 1611/859/890 1674/831/858 1676/2046/1958 1613/2045/1957
f 1613/2045/1957 1676/2046/1958 1675/847/876 1612/846/875
f 1674/831/858 1545/834/861 1547/2047/1959 1676/2046/1958
f 1676/2046/1958 1547/2047/1959 1546/1995/1913 1675/847/876
f 1545/834/861 1614/1996/1914 1616/2048/1960 1547/2047/1959
f 1547/2047/1959 1616/2048/1960 1615/826/853 1546/1995/1913
f 1614/1996/1914 1677/809/836 1679/2049/1961 1616/2048/1960
f 1616/2048/1960 1679/2049/1961 1678/827/854 1615/826/853
f 1677/809/836 1548/812/839 1550/2050/1962 1679/2049/1961
f 1679/2049/1961 1550/2050/1962 1549/839/868 1678/827/854
f 1548/812/839 1617/1999/1917 1619/2051/1963 1550/2050/1962
f 1550/2050/1962 1619/2051/1963 1618/840/869 1549/839/868
f 1617/1999/1917 1680/815/842 1682/2052/1964 1619/2051/1963
f 1619/2051/1963 1682/2052/1964 1681/795/821 1618/840/869
f 1680/815/842 1551/818/845 1553/2053/1965 1682/2052/1964
f 1682/2052/1964 1553/2053/1965 1552/796/822 1681/795/821
f 1551/818/845 1620/804/831 1622/2054/1966 1553/2053/1965
f 1553/2053/1965 1622/2054/1966 1621/788/812 1552/796/822
f 1620/804/831 1683/771/794 1685/2055/1967 1622/2054/1966
f 1622/2054/1966 1685/2055/1967 1684/789/813 1621/788/812
f 1683/771/794 1554/774/797 1556/2056/1968 1685/2055/1967
f 1685/2055/1967 1556/2056/1968 1555/2001/1919 1684/789/813
f 1554/774/797 1623/2002/1920 1625/2057/1969 1556/2056/1968
f 1556/2056/1968 1625/2057/1969 1624/764/787 1555/2001/1919
f 1623/2002/1920 1686/749/770 1688/2058/1970 1625/2057/1969
f 1625/2057/1969 1688/2058/1970 1687/765/788 1624/764/787
f 1686/749/770 1557/752/773 1559/2059/1971 1688/2058/1970
f 1688/2058/1970 1559/2059/1971 1558/781/804 1687/765/788
f 1557/752/773 1626/2005/1923 1628/2060/1972 1559/2059/1971
f 1559/2059/1971 1628/2060/1972 1627/782/805 1558/781/804
f 1626/2005/1923 1689/756/777 1691/2061/1973 1628/2060/1972
f 1628/2060/1972 1691/2061/1973 1690/733/752 1627/782/805
f 1689/756/777 1560/759/780 1562/2062/1974 1691/2061/1973
f 1691/2061/1973 1562/2062/1974 1561/734/753 1690/733/752
f 1560/759/780 1629/744/763 1631/2063/1975 1562/2062/1974
f 1562/2062/1974 1631/2063/1975 1630/726/743 1561/734/753
f 1629/744/763 1692/707/726 1694/2064/1976 1631/2063/1975
f 1631/2063/1975 1694/2064/1976 1693/727/744 1630/726/743
f 1692/707/726 1563/710/729 1565/2065/1977 1694/2064/1976
f 1694/2064/1976 1565/2065/1977 1564/2007/1925 1693/727/744
f 1563/710/729 1632/2008/1926 1634/2066/1978 1565/2065/1977
f 1565/2065/1977 1634/2066/1978 1633/699/718 1564/2007/1925
f 1632/2008/1926 1695/684/702 1697/2067/1979 1634/2066/1978
f 1634/2066/1978 1697/2067/1979 1696/700/719 1633/699/718
f 1695/684/702 1566/687/705 1568/2068/1980 1697/2067/1979
f 1697/2067/1979 1568/2068/1980 1567/2014/736 1696/700/719
f 1566/2010/705 1635/2013/1929 1637/2069/1981 1568/2070/1980
f 1568/2070/1980 1637/2069/1981 1636/720/737 1567/719/736
f 1635/2013/1929 1698/692/710 1700/2071/1982 1637/2069/1981
f 1637/2069/1981 1700/2071/1982 1699/665/681 1636/720/737
f 1698/692/710 1569/695/713 1571/2072/1983 1700/2071/1982
f 1700/2071/1982 1571/2072/1983 1570/666/682 1699/665/681
f 1569/695/713 1638/676/694 1640/2073/1984 1571/2072/1983
f 1571/2072/1983 1640/2073/1984 1639/657/671 1570/666/682
f 1638/676/694 1701/638/652 1703/2074/1985 1640/2073/1984
f 1640/2073/1984 1703/2074/1985 1702/658/672 1639/657/671
f 1701/638/652 1572/640/654 1574/2075/1986 1703/2074/1985
f 1703/2074/1985 1574/2075/1986 1573/2017/1931 1702/658/672
f 1572/640/654 1641/2018/1932 1643/2076/1987 1574/2075/1986
f 1574/2075/1986 1643/2076/1987 1642/632/645 1573/2017/1931
f 1641/2018/1932 1704/613/624 1706/2077/1988 1643/2076/1987
f 1643/2076/1987 1706/2077/1988 1705/633/646 1642/632/645
f 1704/613/624 1575/616/627 1577/2078/1989 1706/2077/1988
f 1706/2077/1988 1577/2078/1989 1576/647/661 1705/633/646
f 1575/616/627 1644/2020/1934 1646/2079/1990 1577/2078/1989
f 1577/2078/1989 1646/2079/1990 1645/648/662 1576/647/661
f 1644/2020/1934 1707/623/634 1709/2080/1991 1646/2079/1990
f 1646/2079/1990 1709/2080/1991 1708/597/605 1645/648/662
f 1707/623/634 1578/626/637 1580/2081/1992 1709/2080/1991
f 1709/2080/1991 1580/2081/1992 1579/598/606 1708/597/605
f 1578/626/637 1647/607/618 1649/2082/1993 1580/2081/1992
f 1580/2081/1992 1649/2082/1993 1648/589/597 1579/598/606
f 1647/607/618 1710/572/578 1712/2083/1994 1649/2082/1993
f 1649/2082/1993 1712/2083/1994 1711/590/598 1648/589/597
f 1710/572/578 1581/575/581 1583/2084/1995 1712/2083/1994
f 1712/2083/1994 1583/2084/1995 1582/2022/1936 1711/590/598
f 1581/575/581 1650/2023/1937 1652/2085/1996 1583/2084/1995
f 1583/2084/1995 1652/2085/1996 1651/565/569 1582/2022/1936
f 1650/2023/1937 1713/547/549 1715/2086/1997 1652/2085/1996
f 1652/2085/1996 1715/2086/1997 1714/566/570 1651/565/569
f 1713/547/549 1584/550/552 1586/2087/1998 1715/2086/1997
f 1715/2086/1997 1586/2087/1998 1585/581/587 1714/566/570
f 1584/550/552 1653/2026/1940 1655/2088/1999 1586/2087/1998
f 1586/2087/1998 1655/2088/1999 1654/582/588 1585/581/587
f 1653/2026/1940 1716/556/558 1718/2089/2000 1655/2088/1999
f 1655/2088/1999 1718/2089/2000 1717/530/528 1654/582/588
f 1716/556/558 1587/559/561 1589/2090/2001 1718/2089/2000
f 1718/2089/2000 1589/2090/2001 1588/531/529 1717/530/528
f 1587/559/561 1656/541/541 1658/2091/2002 1589/2090/2001
f 1589/2090/2001 1658/2091/2002 1657/520/518 1588/531/529
f 1656/541/541 1719/504/499 1721/2092/2003 1658/2091/2002
f 1658/2091/2002 1721/2092/2003 1720/521/519 1657/520/518
f 1719/504/499 1590/507/502 1592/2093/2004 1721/2092/2003
f 1721/2092/2003 1592/2093/2004 1591/2028/1942 1720/521/519
f 1590/507/502 1659/2029/1943 1661/2094/2005 1592/2093/2004
f 1592/2093/2004 1661/2094/2005 1660/495/490 1591/2028/1942
f 1659/2029/1943 1722/474/469 1724/2095/2006 1661/2094/2005
f 1661/2094/2005 1724/2095/2006 1723/496/491 1660/495/490
f 1722/474/469 1593/477/472 1595/2096/2007 1724/2095/2006
f 1724/2095/2006 1595/2096/2007 1594/512/508 1723/496/491
f 1593/477/472 1662/2032/1946 1664/2097/2008 1595/2096/2007
f 1595/2096/2007 1664/2097/2008 1663/513/509 1594/512/508
f 1662/2032/1946 1725/1588/1520 1727/2098/2009 1664/2097/2008
f 1664/2097/2008 1727/2098/2009 1726/459/453 1663/513/509
f 1725/1588/1520 1600/164/162 1601/2036/1948 1727/2098/2009
f 1727/2098/2009 1601/2036/1948 1599/460/454 1726/459/453
f 1603/2033/1905 1666/888/918 1667/2038/1950 1604/2099/2010
f 1604/2099/2010 1667/2038/1950 1665/444/438 1602/443/437
f 1596/167/165 1603/1987/1905 1604/2100/2010 1598/2035/1947
f 1598/2035/1947 1604/2100/2010 1602/486/437 1597/485/482
f 2175/1991/1909 1537/1990/1908 1606/878/910 2176/877/909
f 14/810/837 13/1997/1915 1523/2101/2011 1522/2102/2012
f 41/614/625 40/465/459 1496/468/462 1495/2103/2013
f 15/811/838 14/810/837 1522/2102/2012 1521/2104/2014
f 42/615/626 41/614/625 1495/2103/2013 1494/2105/2015
f 16/1998/1916 15/811/838 1521/2104/2014 1520/2106/2016
f 43/2019/1933 42/615/626 1494/2105/2015 1493/2107/2017
f 17/816/843 16/1998/1916 1520/2106/2016 1519/2108/2018
f 44/624/635 43/2019/1933 1493/2107/2017 1492/2109/2019
f 18/817/844 17/816/843 1519/2108/2018 1518/2110/2020
f 45/625/636 44/624/635 1492/2109/2019 1491/2111/2021
f 19/805/832 18/817/844 1518/2110/2020 1517/2112/2022
f 46/608/619 45/625/636 1491/2111/2021 1490/2113/2023
f 20/772/795 19/805/832 1517/2112/2022 1516/2114/2024
f 47/573/579 46/608/619 1490/2113/2023 1489/2115/2025
f 21/773/796 20/772/795 1516/2114/2024 1515/2116/2026
f 48/574/580 47/573/579 1489/2115/2025 1488/2117/2027
f 22/2003/1921 21/773/796 1515/2116/2026 1514/2118/2028
f 49/2024/1938 48/574/580 1488/2117/2027 1487/2119/2029
f 23/750/771 22/2003/1921 1514/2118/2028 1513/2120/2030
f 50/548/550 49/2024/1938 1487/2119/2029 1486/2121/2031
f 24/751/772 23/750/771 1513/2120/2030 1512/2122/2032
f 51/549/551 50/548/550 1486/2121/2031 1485/2123/2033
f 25/2004/1922 24/751/772 1512/2122/2032 1511/2124/2034
f 52/2025/1939 51/549/551 1485/2123/2033 1484/2125/2035
f 26/757/778 25/2004/1922 1511/2124/2034 1510/2126/2036
f 53/557/559 52/2025/1939 1484/2125/2035 1483/2127/2037
f 27/758/779 26/757/778 1510/2126/2036 1509/2128/2038
f 54/558/560 53/557/559 1483/2127/2037 1482/2129/2039
f 28/745/764 27/758/779 1509/2128/2038 1508/2130/2040
f 2/889/919 1/2034/1904 1535/2131/2041 1534/2132/2042
f 55/542/542 54/558/560 1482/2129/2039 1481/2133/2043
f 29/708/727 28/745/764 1508/2130/2040 1507/2134/2044
f 3/890/920 2/889/919 1534/2132/2042 1533/2135/2045
f 56/505/500 55/542/542 1481/2133/2043 1480/2136/2046
f 30/709/728 29/708/727 1507/2134/2044 1506/2137/2047
f 4/1988/1906 3/890/920 1533/2135/2045 1532/2138/2048
f 57/506/501 56/505/500 1480/2136/2046 1479/2139/2049
f 31/2009/1927 30/709/728 1506/2137/2047 1505/2140/2050
f 5/864/895 4/1988/1906 1532/2138/2048 1531/2141/2051
f 58/2030/1944 57/506/501 1479/2139/2049 1478/2142/2052
f 32/685/703 31/2009/1927 1505/2140/2050 1504/2143/2053
f 6/865/896 5/864/895 1531/2141/2051 1530/2144/2054
f 59/475/470 58/2030/1944 1478/2142/2052 1477/2145/2055
f 33/686/704 32/685/703 1504/2143/2053 1503/2146/2056
f 7/1992/1910 6/865/896 1530/2144/2054 1529/2147/2057
f 60/476/471 59/475/470 1477/2145/2055 1476/2148/2058
f 34/2012/1928 33/2011/704 1503/2149/2056 1502/2150/2059
f 8/872/903 7/1992/1910 1529/2147/2057 1528/2151/2060
f 61/2031/1945 60/476/471 1476/2148/2058 1475/2152/2061
f 35/693/711 34/2012/1928 1502/2150/2059 1501/2153/2062
f 9/873/904 8/872/903 1528/2151/2060 1527/2154/2063
f 62/1589/1521 61/2031/1945 1475/2152/2061 1474/2155/2064
f 36/694/712 35/693/711 1501/2153/2062 1500/2156/2065
f 10/860/891 9/873/904 1527/2154/2063 1526/2157/2066
f 63/165/163 62/1589/1521 1474/2155/2064 1473/2158/2067
f 37/677/695 36/694/712 1500/2156/2065 1499/2159/2068
f 11/832/859 10/860/891 1526/2157/2066 1525/2160/2069
f 64/166/164 63/165/163 1473/2158/2067 1472/2161/2070
f 38/639/653 37/677/695 1499/2159/2068 1498/2162/2071
f 12/833/860 11/832/859 1525/2160/2069 1524/2163/2072
f 1/1986/1904 64/166/164 1472/2161/2070 1535/2164/2041
f 39/466/460 38/639/653 1498/2162/2071 1497/467/461
f 13/1997/1915 12/833/860 1524/2163/2072 1523/2101/2011
f 1494/2105/2015 1495/2103/2013 1751/2165/2073 1750/2166/2074
f 1525/2160/2069 1526/2157/2066 1782/2167/2075 1781/2168/2076
f 1509/2128/2038 1510/2126/2036 1766/2169/2077 1765/2170/2078
f 1522/2102/2012 1523/2101/2011 1779/2171/2079 1778/2172/2080
f 1511/2124/2034 1512/2122/2032 1768/2173/2081 1767/2174/2082
f 1496/468/462 1497/467/461 1753/2175/2083 1752/2176/2084
f 1503/2146/2056 1504/2143/2053 1760/2177/2085 1759/2178/2086
f 1492/2109/2019 1493/2107/2017 1749/2179/2087 1748/2180/2088
f 1524/2163/2072 1525/2160/2069 1781/2168/2076 1780/2181/2089
f 1498/2162/2071 1499/2159/2068 1755/2182/2090 1754/2183/2091
f 1497/467/461 1498/2162/2071 1754/2183/2091 1753/2175/2083
f 1472/2161/2070 1473/2158/2067 1729/2184/2092 1728/2185/2093
f 1526/2157/2066 1527/2154/2063 1783/2186/2094 1782/2167/2075
f 1500/2156/2065 1501/2153/2062 1757/2187/2095 1756/2188/2096
f 1505/2140/2050 1506/2137/2047 1762/2189/2097 1761/2190/2098
f 1491/2111/2021 1492/2109/2019 1748/2180/2088 1747/2191/2099
f 1476/2148/2058 1477/2145/2055 1733/2192/2100 1732/2193/2101
f 1527/2154/2063 1528/2151/2060 1784/2194/2102 1783/2186/2094
f 1535/2164/2041 1472/2161/2070 1728/2185/2093 1791/2195/2103
f 1499/2159/2068 1500/2156/2065 1756/2188/2096 1755/2182/2090
f 1502/2150/2059 1503/2149/2056 1759/2196/2086 1758/2197/2104
f 1482/2129/2039 1483/2127/2037 1739/2198/2105 1738/2199/2106
f 1479/2139/2049 1480/2136/2046 1736/2200/2107 1735/2201/2108
f 1530/2144/2054 1531/2141/2051 1787/2202/2109 1786/2203/2110
f 1493/2107/2017 1494/2105/2015 1750/2166/2074 1749/2179/2087
f 1504/2143/2053 1505/2140/2050 1761/2190/2098 1760/2177/2085
f 1473/2158/2067 1474/2155/2064 1730/2204/2111 1729/2184/2092
f 1474/2155/2064 1475/2152/2061 1731/2205/2112 1730/2204/2111
f 1481/2133/2043 1482/2129/2039 1738/2199/2106 1737/2206/2113
f 1532/2138/2048 1533/2135/2045 1789/2207/2114 1788/2208/2115
f 1484/2125/2035 1485/2123/2033 1741/2209/2116 1740/2210/2117
f 1506/2137/2047 1507/2134/2044 1763/2211/2118 1762/2189/2097
f 1485/2123/2033 1486/2121/2031 1742/2212/2119 1741/2209/2116
f 1534/2132/2042 1535/2131/2041 1791/2213/2103 1790/2214/2120
f 1477/2145/2055 1478/2142/2052 1734/2215/2121 1733/2192/2100
f 1475/2152/2061 1476/2148/2058 1732/2193/2101 1731/2205/2112
f 1508/2130/2040 1509/2128/2038 1765/2170/2078 1764/2216/2122
f 1488/2117/2027 1489/2115/2025 1745/2217/2123 1744/2218/2124
f 1533/2135/2045 1534/2132/2042 1790/2214/2120 1789/2207/2114
f 1510/2126/2036 1511/2124/2034 1767/2174/2082 1766/2169/2077
f 1519/2108/2018 1520/2106/2016 1776/2219/2125 1775/2220/2126
f 1480/2136/2046 1481/2133/2043 1737/2206/2113 1736/2200/2107
f 1490/2113/2023 1491/2111/2021 1747/2191/2099 1746/2221/2127
f 1528/2151/2060 1529/2147/2057 1785/2222/2128 1784/2194/2102
f 1513/2120/2030 1514/2118/2028 1770/2223/2129 1769/2224/2130
f 1512/2122/2032 1513/2120/2030 1769/2224/2130 1768/2173/2081
f 1507/2134/2044 1508/2130/2040 1764/2216/2122 1763/2211/2118
f 1501/2153/2062 1502/2150/2059 1758/2197/2104 1757/2187/2095
f 1483/2127/2037 1484/2125/2035 1740/2210/2117 1739/2198/2105
f 1514/2118/2028 1515/2116/2026 1771/2225/2131 1770/2223/2129
f 1495/2103/2013 1496/468/462 1752/2176/2084 1751/2165/2073
f 1487/2119/2029 1488/2117/2027 1744/2218/2124 1743/2226/2132
f 1516/2114/2024 1517/2112/2022 1773/2227/2133 1772/2228/2134
f 1529/2147/2057 1530/2144/2054 1786/2203/2110 1785/2222/2128
f 1478/2142/2052 1479/2139/2049 1735/2201/2108 1734/2215/2121
f 1486/2121/2031 1487/2119/2029 1743/2226/2132 1742/2212/2119
f 1523/2101/2011 1524/2163/2072 1780/2181/2089 1779/2171/2079
f 1521/2104/2014 1522/2102/2012 1778/2172/2080 1777/2229/2135
f 1518/2110/2020 1519/2108/2018 1775/2220/2126 1774/2230/2136
f 1517/2112/2022 1518/2110/2020 1774/2230/2136 1773/2227/2133
f 1515/2116/2026 1516/2114/2024 1772/2228/2134 1771/2225/2131
f 1531/2141/2051 1532/2138/2048 1788/2208/2115 1787/2202/2109
f 1489/2115/2025 1490/2113/2023 1746/2221/2127 1745/2217/2123
f 1520/2106/2016 1521/2104/2014 1777/2229/2135 1776/2219/2125
f 1949/2231/2137 1950/2232/2138 2079/2233/2139 2078/2234/2140
f 1935/2235/2141 1904/2236/2142 2033/2237/2143 2064/2238/2144
f 1898/2239/2145 1899/2240/2146 2028/2241/2147 2027/2242/2148
f 1932/2243/2149 1945/2244/2150 2074/2245/2151 2061/2246/2152
f 1903/2247/2153 1936/2248/2154 2065/2249/2155 2032/2250/2156
f 1900/2251/2157 1901/2252/2158 2030/2253/2159 2029/2254/2160
f 1934/2255/2161 1902/2256/2162 2031/2257/2163 2063/2258/2164
f 1937/2259/2165 1900/2251/2157 2029/2254/2160 2066/2260/2166
f 1902/2256/2162 1903/2247/2153 2032/2250/2156 2031/2257/2163
f 1896/2261/2167 1937/2259/2165 2066/2260/2166 2025/2262/2168
f 1899/2240/2146 1938/2263/2169 2067/2264/2170 2028/2241/2147
f 1904/2236/2142 1905/2265/2171 2034/2266/2172 2033/2237/2143
f 1940/2267/2173 1943/2268/2174 2072/2269/2175 2069/2270/2176
f 1939/2271/2177 1940/2267/2173 2069/2270/2176 2068/2272/2178
f 1906/2273/2179 1907/2274/2180 2036/2275/2181 2035/2276/2182
f 1944/2277/2183 1942/2278/2184 2071/2279/2185 2073/2280/2186
f 1897/2281/2187 1895/2282/2188 2024/2283/2189 2026/2284/2190
f 1894/2285/2191 1908/2286/2192 2037/2287/2193 2023/2288/2194
f 1917/2289/2195 1929/2290/2196 2058/2291/2197 2046/2292/2198
f 1909/2293/2199 1910/2294/2200 2039/2295/2201 2038/2296/2202
f 1892/2297/2203 1941/2298/2204 2070/2299/2205 2021/2300/2206
f 1911/2301/2207 1912/2302/2208 2041/2303/2209 2040/2304/2210
f 1914/2305/2211 1887/2306/2212 2016/2307/2213 2043/2308/2214
f 1913/2309/2215 1914/2305/2211 2043/2308/2214 2042/2310/2216
f 1942/2278/2184 1939/2271/2177 2068/2272/2178 2071/2279/2185
f 1910/2294/2200 1915/2311/2217 2044/2312/2218 2039/2295/2201
f 1928/2313/2219 1913/2309/2215 2042/2310/2216 2057/2314/2220
f 1916/2315/2221 1917/2289/2195 2046/2292/2198 2045/2316/2222
f 1943/2268/2174 1931/2317/2223 2060/2318/2224 2072/2269/2175
f 1918/2319/2225 1919/2320/2226 2048/2321/2227 2047/2322/2228
f 1941/2298/2204 1944/2277/2183 2073/2280/2186 2070/2299/2205
f 1920/2323/2229 1921/2324/2230 2050/2325/2231 2049/2326/2232
f 1912/2302/2208 1930/2327/2233 2059/2328/2234 2041/2303/2209
f 1922/2329/2235 1923/2330/2236 2052/2331/2237 2051/2332/2238
f 1945/2244/2150 1922/2329/2235 2051/2332/2238 2074/2245/2151
f 1924/2333/2239 1925/2334/2240 2054/2335/2241 2053/2336/2242
f 1946/2337/2243 1906/2273/2179 2035/2276/2182 2075/2338/2244
f 1926/2339/2245 1918/2319/2225 2047/2322/2228 2055/2340/2246
f 1947/2341/2247 1889/2342/2248 2018/2343/2249 2076/2344/2250
f 1925/2334/2240 1926/2339/2245 2055/2340/2246 2054/2335/2241
f 1938/2263/2169 1891/2345/2251 2020/2346/2252 2067/2264/2170
f 1927/2347/2253 1928/2313/2219 2057/2314/2220 2056/2348/2254
f 1905/2265/2171 1933/2349/2255 2062/2350/2256 2034/2266/2172
f 1929/2290/2196 1920/2323/2229 2049/2326/2232 2058/2291/2197
f 1948/2351/2257 1949/2231/2137 2078/2234/2140 2077/2352/2258
f 1919/2320/2226 1909/2293/2199 2038/2296/2202 2048/2321/2227
f 1950/2232/2138 1927/2353/2253 2056/2354/2254 2079/2233/2139
f 1930/2327/2233 1916/2315/2221 2045/2316/2222 2059/2328/2234
f 1887/2306/2212 1888/2355/2259 2017/2356/2260 2016/2307/2213
f 1890/2357/2261 1948/2351/2257 2077/2352/2258 2019/2358/2262
f 1915/2311/2217 1893/2359/2263 2022/2360/2264 2044/2312/2218
f 1889/2342/2248 1890/2357/2261 2019/2358/2262 2018/2343/2249
f 1936/2248/2154 1898/2239/2145 2027/2242/2148 2065/2249/2155
f 1931/2317/2223 1932/2243/2149 2061/2246/2152 2060/2318/2224
f 1891/2345/2251 1892/2297/2203 2021/2300/2206 2020/2346/2252
f 1901/2252/2158 1935/2235/2141 2064/2238/2144 2030/2253/2159
f 1933/2349/2255 1911/2301/2207 2040/2304/2210 2062/2350/2256
f 1893/2361/2263 1894/2285/2191 2023/2288/2194 2022/2362/2264
f 1907/2274/2180 1947/2341/2247 2076/2344/2250 2036/2275/2181
f 1921/2324/2230 1924/2333/2239 2053/2336/2242 2050/2325/2231
f 1895/2282/2188 1896/2261/2167 2025/2262/2168 2024/2283/2189
f 1923/2330/2236 1946/2337/2243 2075/2338/2244 2052/2331/2237
f 1908/2286/2192 1934/2255/2161 2063/2258/2164 2037/2287/2193
f 1888/2355/2259 1897/2281/2187 2026/2284/2190 2017/2356/2260
f 688/776/351 693/775/349 859/1013/1029 860/1005/1022
f 2574/2363/2265 840/1065/1080 839/1064/1079 2590/2364/2266
f 2240/2365/2267 2118/2366/2268 2119/2367/2269 2241/2368/2270
f 3151/2369/2271 2101/2370/2272 1803/1649/1580 1805/1648/1579 2102/2371/2273 3152/2372/2271 3153/2373/2271 3154/2374/2271 3155/2375/2271 3148/2376/2271 3149/2377/2271 3150/2378/2271
f 3152/2372/2271 2102/2371/2273 2101/2370/2272 3151/2369/2271
f 2108/2379/2274 2624/2380/2275 1799/2381/2276 1798/2382/2277
f 2242/2383/2278 1798/2382/2277 1799/2381/2276 2243/2384/2279
f 2111/2385/2280 2623/2386/2281 2109/1652/1583 1800/1651/1582
f 2243/2384/2279 1799/2381/2276 2110/2387/2282 2244/2388/2283
f 2244/2388/2283 2110/2387/2282 2114/2389/2284 2245/2390/2285
f 1800/1651/1582 1801/1650/1581 1802/2391/2286 2111/2385/2280
f 2245/2390/2285 2114/2389/2284 2112/2392/2287 2246/2393/2288
f 1802/2391/2286 2101/2370/2272 1804/2394/2289 2112/2392/2287
f 2246/2393/2288 2112/2392/2287 1804/2394/2289 2247/2395/2290
f 1801/1650/1581 1803/1649/1580 2101/2370/2272 1802/2391/2286
f 2101/2370/2272 2102/2371/2273 1806/2396/2291 1804/2394/2289
f 2247/2395/2290 1804/2394/2289 1806/2396/2291 2248/2397/2292
f 2102/2371/2273 2819/2398/2293 2817/2399/2294
f 2103/2400/2295 2820/2401/2296 2821/2402/2296
f 2248/2397/2292 1806/2396/2291 1808/2403/2297 2249/2404/2298
f 1805/1648/1579 1807/1646/1577 2106/2405/2299 2102/2371/2273
f 1807/1646/1577 1809/1647/1578 2103/2400/2295 2106/2405/2299
f 2249/2404/2298 1808/2403/2297 2104/2406/2300 2250/2407/2301
f 1811/2408/2302 2827/2409/2303 2833/2410/2303
f 2104/2406/2300 2832/2411/2303 2831/2412/2303
f 1809/1647/1578 1810/1645/1576 1811/2408/2302 2103/2400/2295
f 2250/2407/2301 2104/2406/2300 2105/2413/2304 2251/2414/2305
f 2096/2415/2306 2841/2416/2307 2835/2417/2307
f 1812/1644/1575 2840/2418/2307 2838/2419/2307
f 1811/2408/2302 2095/2420/2308 1813/2421/2309 2105/2413/2304
f 2251/2414/2305 2105/2413/2304 1813/2421/2309 2252/2422/2310
f 1810/1645/1576 1812/1644/1575 2095/2420/2308 1811/2408/2302
f 2095/2420/2308 2096/2415/2306 1815/2423/2311 1813/2421/2309
f 2252/2422/2310 1813/2421/2309 1815/2423/2311 2253/2424/2312
f 1814/1643/1574 1816/1642/1573 2100/2425/2313 2096/2415/2306
f 2096/2415/2306 2846/2426/2314 2844/2427/2314
f 2253/2424/2312 1815/2423/2311 1817/2428/2315 2254/2429/2316
f 2848/2430/2317 2849/2431/2318 2097/2432/2319
f 1816/1642/1573 1818/1641/1572 2097/2432/2319 2100/2425/2313
f 2254/2429/2316 1817/2428/2315 2098/2433/2320 2255/2434/2321
f 2098/2433/2320 2856/2435/2322 2855/2436/2322
f 1820/2437/2323 2851/2438/2322 2857/2439/2322
f 1818/1641/1572 1819/1640/1571 1820/2437/2323 2097/2432/2319
f 2255/2434/2321 2098/2433/2320 2099/2440/2324 2256/2441/2325
f 2093/2442/2326 2865/2443/2327 2859/2444/2327
f 2091/2445/2328 2092/2446/2329 2861/2447/2327
f 1820/2437/2323 2089/2448/2330 1821/2449/2331 2099/2440/2324
f 2256/2441/2325 2099/2440/2324 1821/2449/2331 2257/2450/2332
f 1819/1640/1571 2088/1639/1570 2089/2448/2330 1820/2437/2323
f 2089/2448/2330 2091/2445/2328 1822/2451/2333 1821/2449/2331
f 2257/2450/2332 1821/2449/2331 1822/2451/2333 2258/2452/2334
f 2090/1638/1569 1823/1637/1568 2092/2446/2329 2091/2445/2328
f 2258/2452/2334 1822/2451/2333 2093/2442/2326 2259/2453/2335
f 2872/2454/2336 2094/2455/2337 2093/2442/2326 2870/2456/2336
f 1825/2457/2338 2867/2458/2336 2873/2459/2336
f 1823/1637/1568 1824/1636/1567 1825/2457/2338 2092/2446/2329
f 2259/2453/2335 2093/2442/2326 2094/2455/2337 2260/2460/2339
f 2086/2461/2340 2878/2462/2341 2879/2463/2341
f 1828/1634/1565 2875/2464/2341 2881/2465/2341
f 1822/2451/2333 2091/2445/2328 2863/2466/2327
f 2260/2460/2339 2094/2455/2337 1827/2467/2342 2261/2468/2343
f 1824/1636/1567 1826/1635/1566 2086/2461/2340 1825/2457/2338
f 2086/2461/2340 2087/2469/2344 1829/2470/2345 1827/2467/2342
f 2261/2468/2343 1827/2467/2342 1829/2470/2345 2262/2471/2346
f 2087/2469/2344 2084/2472/2347 1831/2473/2348 1829/2470/2345
f 1831/2473/2348 2885/2474/2349 2888/2475/2349
f 2262/2471/2346 1829/2470/2345 1831/2473/2348 2263/2476/2350
f 1828/1634/1565 1830/1633/1564 2084/2472/2347 2087/2469/2344
f 2085/2477/2351 2884/2478/2349 2889/2479/2349
f 2263/2476/2350 1831/2473/2348 2081/2480/2352 2264/2481/2353
f 2085/2477/2351 2894/2482/2354 2893/2483/2354
f 1834/2484/2355 2890/2485/2354 2891/2486/2354
f 1832/1632/1563 1833/1631/1562 1834/2484/2355 2085/2477/2351
f 2264/2481/2353 2081/2480/2352 2083/2487/2356 2265/2488/2357
f 2080/2489/2358 2082/2490/2359 2083/2487/2356 1834/2484/2355
f 1833/1631/1562 1835/1630/1561 2080/2489/2358 1834/2484/2355
f 2265/2488/2357 2083/2487/2356 2082/2490/2359 2266/2491/2360
f 2080/2489/2358 2904/2492/2361 2905/2493/2361
f 1835/1630/1561 2903/2494/2361 2899/2495/2361
f 2080/2489/2358 2169/2496/2362 1837/2497/2363 2082/2490/2359
f 2266/2491/2360 2082/2490/2359 1837/2497/2363 2267/2498/2364
f 1836/1629/1560 1838/1628/1559 2173/2499/2365 2169/2496/2362
f 2169/2496/2362 2908/2500/2366 2907/2501/2367
f 2267/2498/2364 1837/2497/2363 1839/2502/2368 2268/2503/2369
f 2171/2504/2370 2910/2505/2371 2909/2506/2371
f 1838/1628/1559 1840/1627/1558 2170/2507/2372 2173/2499/2365
f 2268/2503/2369 1839/2502/2368 2171/2504/2370 2269/2508/2373
f 2171/2504/2370 2920/2509/2374 2919/2510/2374
f 1842/2511/2375 2915/2512/2374 2921/2513/2374
f 1840/1627/1558 1841/1626/1557 1842/2511/2375 2170/2507/2372
f 2269/2508/2373 2171/2504/2370 2172/2514/2376 2270/2515/2377
f 2163/2516/2378 2928/2517/2379 2927/2518/2379
f 1845/1625/1555 2923/2519/2379 2929/2520/2379
f 1842/2511/2375 2163/2516/2378 1844/2521/2380 2172/2514/2376
f 2270/2515/2377 2172/2514/2376 1844/2521/2380 2271/2522/2381
f 1841/1626/1557 1843/1624/1556 2163/2516/2378 1842/2511/2375
f 2163/2516/2378 2164/2523/2382 1846/2524/2383 1844/2521/2380
f 2271/2522/2381 1844/2521/2380 1846/2524/2383 2272/2525/2384
f 2164/2526/2382 2934/2527/2385 2932/2528/2385
f 2165/2529/2386 2935/2530/2387 2937/2531/2388
f 2272/2532/2384 1846/2533/2383 1848/2534/2389 2273/2535/2390
f 1845/1623/1555 1847/1622/1554 2168/2536/2391 2164/2526/2382
f 1847/1622/1554 1849/1621/1553 2165/2529/2386 2168/2536/2391
f 2273/2535/2390 1848/2534/2389 2166/2537/2392 2274/2538/2393
f 2942/2539/2394 2945/2540/2394 2165/2529/2386
f 2166/2541/2392 2944/2542/2394 2941/2543/2394
f 1849/1621/1553 1850/1620/1552 2156/2544/2395 2165/2529/2386
f 2274/2538/2393 2166/2537/2392 2167/2545/2396 2275/2546/2397
f 1856/2547/2398 2952/2548/2399 2948/2549/2399
f 2156/2544/2395 2161/2550/2400 1852/2551/2401 2167/2545/2396
f 2275/2546/2397 2167/2545/2396 1852/2551/2401 2276/2552/2402
f 2161/2550/2400 2157/2553/2403 1854/2554/2404 1852/2551/2401
f 2276/2552/2402 1852/2551/2401 1854/2554/2404 2277/2555/2405
f 1853/1618/1550 2157/2553/2403 2954/2556/2406
f 2277/2555/2405 1854/2554/2404 1856/2547/2398 2278/2557/2407
f 1853/1618/1550 2954/2556/2406 2956/2558/2408
f 1857/1616/1548 1858/1615/1547 1859/2559/2409 2158/2560/2410
f 1855/1617/1549 1857/1616/1548 2158/2560/2410 2162/2561/2411
f 2278/2557/2407 1856/2547/2398 2159/2562/2412 2279/2563/2413
f 2960/2564/2414 2958/2565/2414 2158/2560/2410
f 1856/2547/2398 1854/2554/2404 2952/2548/2399
f 1858/1615/1547 2150/1614/1546 2151/2566/2415 1859/2559/2409
f 2279/2563/2413 2159/2562/2412 2160/2567/2416 2280/2568/2417
f 2158/2560/2410 2159/2562/2412 1856/2547/2398 2162/2561/2411
f 2280/2568/2417 2160/2567/2416 1860/2569/2418 2281/2570/2419
f 1863/1612/1544 2146/1611/1543 2154/2571/2420 1864/2572/2421
f 2281/2570/2419 1860/2569/2418 1862/2573/2422 2282/2574/2423
f 1863/1612/1544 2966/2575/2424 2967/2576/2424
f 1859/2559/2409 2151/2566/2415 1860/2569/2418 2160/2567/2416
f 2282/2574/2423 1862/2573/2422 2153/2577/2425 2283/2578/2426
f 2148/2579/2427 2971/2580/2428 2972/2581/2428
f 2973/2582/2428 2975/2583/2428 1872/2584/2429
f 2283/2578/2426 2153/2577/2425 2155/2585/2430 2284/2586/2431
f 2155/2585/2430 2154/2571/2420 1865/2587/2432 1866/2588/2433
f 2284/2586/2431 2155/2585/2430 1866/2588/2433 2285/2589/2434
f 1865/2587/2432 2144/2590/2435 1868/2591/2436 1866/2588/2433
f 2285/2589/2434 1866/2588/2433 1868/2591/2436 2286/2592/2437
f 2144/2590/2435 1867/2593/2438 1870/2594/2439 1868/2591/2436
f 2154/2571/2420 2977/2595/2440 2976/2596/2441
f 2286/2592/2437 1868/2591/2436 1870/2594/2439 2287/2597/2442
f 1872/2584/2429 2148/2579/2427 2140/2598/2443 1873/2599/2444
f 2287/2597/2442 1870/2594/2439 1872/2584/2429 2288/2600/2445
f 2140/2598/2443 2139/1606/1538 2979/2601/2446
f 1874/2602/2447 2984/2603/2446 2982/2604/2446
f 1795/1590/1522 1796/1591/1523 1797/2605/2448 2117/2606/2449
f 2288/2600/2445 1872/2584/2429 1873/2599/2444 2289/2607/2450
f 2140/2598/2443 1874/2602/2447 1875/2608/2451 1873/2599/2444
f 2140/2598/2443 2148/2579/2427 1871/1607/1539 2139/1606/1538
f 2145/2609/2452 2989/2610/2453 2142/2611/2454
f 1878/2612/2455 2994/2613/2453 2991/2614/2453
f 2289/2607/2450 1873/2599/2444 1875/2608/2451 2290/2615/2456
f 1874/2602/2447 2142/2611/2454 1877/2616/2457 1875/2608/2451
f 2290/2615/2456 1875/2608/2451 1877/2616/2457 2291/2617/2458
f 1876/1604/1536 2129/1603/1535 2145/2609/2452 2142/2611/2454
f 2142/2611/2454 1874/2602/2447 3000/2618/2459
f 3002/2619/2459 2997/2620/2459 2141/1605/1537
f 2291/2617/2458 1877/2616/2457 1878/2612/2455 2292/2621/2460
f 3000/2618/2459 3001/2622/2459 2142/2611/2454
f 1879/2623/2461 2143/2624/2462 2131/2625/2463 1880/2626/2464
f 2292/2621/2460 1878/2612/2455 1879/2623/2461 2293/2627/2465
f 2129/1603/1535 3005/2628/2466 3003/2629/2466
f 3008/2630/2467 2130/1601/1533 3009/2631/2468
f 2293/2627/2465 1879/2623/2461 1880/2626/2464 2294/2632/2469
f 2131/2625/2463 2132/2633/2470 2133/2634/2471 1880/2626/2464
f 2131/2625/2463 3012/2635/2472 3016/2636/2472
f 3018/2637/2472 3013/2638/2472 2130/1601/1533
f 2294/2632/2469 1880/2626/2464 2133/2634/2471 2295/2639/2473
f 1881/1600/1532 2122/1599/1531 2138/2640/2474 2132/2633/2470
f 2122/1599/1531 3021/2641/2475 3019/2642/2475
f 2295/2639/2473 2133/2634/2471 2137/2643/2476 2296/2644/2477
f 2134/2645/2478 2124/2646/2479 1882/2647/2480 2135/2648/2481
f 2296/2644/2477 2137/2643/2476 2135/2648/2481 2297/2649/2482
f 3027/2650/2483 3026/2651/2484 2117/2652/2449
f 3106/2653/2485 2137/2643/2476 3046/2654/2486
f 2297/2649/2482 2135/2648/2481 1882/2647/2480 2298/2655/2487
f 1884/2656/2488 2125/2657/2489 1886/2658/2490 2126/2659/2491
f 2125/2657/2489 1884/2656/2488 1882/2647/2480 2124/2646/2479 3030/2660/2492
f 2298/2655/2487 1882/2647/2480 1884/2656/2488 2299/2661/2493
f 1883/1596/1528 3036/2662/2492 3037/2663/2492
f 3044/2664/2494 3043/2665/2494 1886/2658/2490
f 2126/2659/2491 3038/2666/2494 3040/2667/2494
f 2299/2661/2493 1884/2656/2488 2126/2659/2491 2300/2668/2495
f 1883/1596/1528 1885/1595/1527 1886/2658/2490 2125/2657/2489
f 1885/1595/1527 2120/1594/1526 2121/2669/2496 1886/2658/2490
f 2300/2668/2495 2126/2659/2491 2127/2670/2497 2301/2671/2498
f 2133/2634/2471 3047/2672/2499 3046/2654/2486
f 2121/2669/2496 2115/2673/2500 1792/2674/2501 2127/2670/2497
f 2301/2671/2498 2127/2670/2497 1792/2674/2501 2302/2675/2502
f 1792/2674/2501 2115/2673/2500 3050/2676/2503
f 2302/2675/2502 1792/2674/2501 1794/2677/2504 2239/2678/2505
f 1797/2605/2448 2108/2379/2274 1798/2382/2277 2119/2367/2269
f 1867/2593/2438 2144/2590/2435 3058/2679/2506
f 1869/1608/1540 3059/2680/2507 3060/2681/2508
f 2241/2368/2270 2119/2367/2269 1798/2382/2277 2242/2383/2278
f 1796/1591/1523 2107/1654/1585 2108/2379/2274 1797/2605/2448
f 2115/2673/2500 2121/2669/2496 3120/2682/2509
f 2239/2678/2505 1794/2677/2504 2118/2683/2268 2240/2684/2267
f 2117/2606/2449 3063/2685/2510 3064/2686/2510
f 2117/2652/2449 2118/2683/2268 3027/2650/2483
f 2153/2577/2425 1864/2572/2421 3069/2687/2511
f 2155/2585/2430 3073/2688/2511 3072/2689/2511
f 83/1384/1327 82/1386/1329 1942/2278/2184 1944/2277/2183
f 80/1390/1333 79/1392/1335 1943/2268/2174 1940/2267/2173
f 120/1308/1253 119/1310/1255 1937/2259/2165 1896/2261/2167
f 93/1364/1307 92/1366/1309 1902/2256/2162 1934/2255/2161
f 77/1396/1339 76/1398/1341 1945/2244/2150 1932/2243/2149
f 66/1418/1361 65/1420/1363 1950/2232/2138 1949/2231/2137
f 74/1402/1345 73/1404/1347 1946/2337/2243 1923/2330/2236
f 71/1408/1351 70/1410/1353 1947/2341/2247 1907/2274/2180
f 117/1314/1259 116/1316/1261 1935/2235/2141 1901/2252/2158
f 90/1370/1313 89/1372/1315 1898/2239/2145 1936/2248/2154
f 68/1414/1357 67/1416/1359 1948/2351/2257 1890/2357/2261
f 65/1420/1363 128/1422/1365 1927/2353/2253 1950/2232/2138
f 67/1416/1359 66/1418/1361 1949/2231/2137 1948/2351/2257
f 114/1320/1265 113/1322/1267 1933/2349/2255 1905/2265/2171
f 87/1376/1319 86/1378/1321 1891/2345/2251 1938/2263/2169
f 70/1410/1353 69/1412/1355 1889/2342/2248 1947/2341/2247
f 73/1404/1347 72/1406/1349 1906/2273/2179 1946/2337/2243
f 76/1398/1341 75/1400/1343 1922/2329/2235 1945/2244/2150
f 111/1326/1271 110/1328/1273 1930/2327/2233 1912/2302/2208
f 84/1382/1325 83/1384/1327 1944/2277/2183 1941/2298/2204
f 79/1392/1335 78/1394/1337 1931/2317/2223 1943/2268/2174
f 127/1427/1368 126/1297/1242 1913/2309/2215 1928/2313/2219
f 82/1386/1329 81/1388/1331 1939/2271/2177 1942/2278/2184
f 125/1296/1241 124/1300/1245 1887/2306/2212 1914/2305/2211
f 85/1380/1323 84/1382/1325 1941/2298/2204 1892/2297/2203
f 108/1332/1277 107/1334/1279 1929/2290/2196 1917/2289/2195
f 122/1304/1249 121/1306/1251 1895/2282/2188 1897/2281/2187
f 81/1388/1331 80/1390/1333 1940/2267/2173 1939/2271/2177
f 88/1374/1317 87/1376/1319 1938/2263/2169 1899/2240/2146
f 119/1310/1255 118/1312/1257 1900/2251/2157 1937/2259/2165
f 91/1368/1311 90/1370/1313 1936/2248/2154 1903/2247/2153
f 116/1316/1261 115/1318/1263 1904/2236/2142 1935/2235/2141
f 94/1362/1305 93/1364/1307 1934/2255/2161 1908/2286/2192
f 105/1338/1283 104/1340/1285 1924/2333/2239 1921/2324/2230
f 113/1322/1267 112/1324/1269 1911/2301/2207 1933/2349/2255
f 78/1394/1337 77/1396/1339 1932/2243/2149 1931/2317/2223
f 97/1354/1299 96/1356/1301 1893/2359/2263 1915/2311/2217
f 110/1328/1273 109/1330/1275 1916/2315/2221 1930/2327/2233
f 100/1348/1293 99/1350/1295 1909/2293/2199 1919/2320/2226
f 107/1334/1279 106/1336/1281 1920/2323/2229 1929/2290/2196
f 128/1789/1365 127/1427/1368 1928/2313/2219 1927/2347/2253
f 103/1342/1287 102/1344/1289 1926/2339/2245 1925/2334/2240
f 102/1344/1289 101/1346/1291 1918/2319/2225 1926/2339/2245
f 104/1340/1285 103/1342/1287 1925/2334/2240 1924/2333/2239
f 75/1400/1343 74/1402/1345 1923/2330/2236 1922/2329/2235
f 106/1336/1281 105/1338/1283 1921/2324/2230 1920/2323/2229
f 101/1346/1291 100/1348/1293 1919/2320/2226 1918/2319/2225
f 109/1330/1275 108/1332/1277 1917/2289/2195 1916/2315/2221
f 98/1352/1297 97/1354/1299 1915/2311/2217 1910/2294/2200
f 126/1297/1242 125/1296/1241 1914/2305/2211 1913/2309/2215
f 112/1324/1269 111/1326/1271 1912/2302/2208 1911/2301/2207
f 99/1350/1295 98/1352/1297 1910/2294/2200 1909/2293/2199
f 95/1358/1303 94/1362/1305 1908/2286/2192 1894/2285/2191
f 72/1406/1349 71/1408/1351 1907/2274/2180 1906/2273/2179
f 115/1318/1263 114/1320/1265 1905/2265/2171 1904/2236/2142
f 92/1366/1309 91/1368/1311 1903/2247/2153 1902/2256/2162
f 118/1312/1257 117/1314/1259 1901/2252/2158 1900/2251/2157
f 89/1372/1315 88/1374/1317 1899/2240/2146 1898/2239/2145
f 123/1302/1247 122/1304/1249 1897/2281/2187 1888/2355/2259
f 121/1306/1251 120/1308/1253 1896/2261/2167 1895/2282/2188
f 96/1359/1301 95/1358/1303 1894/2285/2191 1893/2361/2263
f 86/1378/1321 85/1380/1323 1892/2297/2203 1891/2345/2251
f 69/1412/1355 68/1414/1357 1890/2357/2261 1889/2342/2248
f 124/1300/1245 123/1302/1247 1888/2355/2259 1887/2306/2212
f 2016/2690/2213 2017/2691/2260 1956/2692/2512 1955/2693/2512
f 2018/2694/2249 2019/2695/2262 2011/2696/2512 2010/2697/2512
f 2020/2698/2252 2021/2699/2206 1994/2700/2512 1993/2701/2512
f 2022/2702/2264 2023/2703/2194 1984/2704/2512 1983/2705/2512
f 2024/2706/2189 2025/2707/2168 1959/2708/2512 1958/2709/2512
f 2017/2691/2260 2026/2710/2190 1957/2711/2512 1956/2692/2512
f 2027/2712/2148 2028/2713/2147 1991/2714/2512 1990/2715/2512
f 2029/2716/2160 2030/2717/2159 1962/2718/2512 1961/2719/2512
f 2031/2720/2163 2032/2721/2156 1988/2722/2512 1987/2723/2512
f 2033/2724/2143 2034/2725/2172 1965/2726/2512 1964/2727/2512
f 2035/2728/2182 2036/2729/2181 2008/2730/2512 2007/2731/2512
f 2023/2703/2194 2037/2732/2193 1985/2733/2512 1984/2704/2512
f 2038/2734/2202 2039/2735/2201 1981/2736/2512 1980/2737/2512
f 2040/2738/2210 2041/2739/2209 1968/2740/2512 1967/2741/2512
f 2042/2742/2216 2043/2743/2214 1954/2744/2512 1953/2745/2512
f 2039/2735/2201 2044/2746/2218 1982/2747/2512 1981/2736/2512
f 2045/2748/2222 2046/2749/2198 1971/2750/2512 1970/2751/2512
f 2047/2752/2228 2048/2753/2227 1979/2754/2512 1978/2755/2512
f 2049/2756/2232 2050/2757/2231 1974/2758/2512 1973/2759/2512
f 2051/2760/2238 2052/2761/2237 2005/2762/2512 2004/2763/2512
f 2053/2764/2242 2054/2765/2241 1976/2766/2512 1975/2767/2512
f 2055/2768/2246 2047/2752/2228 1978/2755/2512 1977/2769/2512
f 2054/2765/2241 2055/2768/2246 1977/2769/2512 1976/2766/2512
f 2056/2770/2254 2057/2771/2220 1952/2772/2512 1951/2773/2512
f 2058/2774/2197 2049/2756/2232 1973/2759/2512 1972/2775/2512
f 2048/2753/2227 2038/2734/2202 1980/2737/2512 1979/2754/2512
f 2059/2776/2234 2045/2748/2222 1970/2751/2512 1969/2777/2512
f 2044/2746/2218 2022/2702/2264 1983/2705/2512 1982/2747/2512
f 2060/2778/2224 2061/2779/2152 2002/2780/2512 2001/2781/2512
f 2062/2782/2256 2040/2738/2210 1967/2741/2512 1966/2783/2512
f 2050/2757/2231 2053/2764/2242 1975/2767/2512 1974/2758/2512
f 2037/2732/2193 2063/2784/2164 1986/2785/2512 1985/2733/2512
f 2064/2786/2144 2033/2724/2143 1964/2727/2512 1963/2787/2512
f 2032/2721/2156 2065/2788/2155 1989/2789/2512 1988/2722/2512
f 2066/2790/2166 2029/2716/2160 1961/2719/2512 1960/2791/2512
f 2028/2713/2147 2067/2792/2170 1992/2793/2512 1991/2714/2512
f 2068/2794/2178 2069/2795/2176 1999/2796/2512 1998/2797/2512
f 2026/2710/2190 2024/2706/2189 1958/2709/2512 1957/2711/2512
f 2046/2749/2198 2058/2774/2197 1972/2775/2512 1971/2750/2512
f 2021/2699/2206 2070/2798/2205 1995/2799/2512 1994/2700/2512
f 2043/2743/2214 2016/2690/2213 1955/2693/2512 1954/2744/2512
f 2071/2800/2185 2068/2794/2178 1998/2797/2512 1997/2801/2512
f 2057/2771/2220 2042/2742/2216 1953/2745/2512 1952/2772/2512
f 2072/2802/2175 2060/2778/2224 2001/2781/2512 2000/2803/2512
f 2070/2798/2205 2073/2804/2186 1996/2805/2512 1995/2799/2512
f 2041/2739/2209 2059/2776/2234 1969/2777/2512 1968/2740/2512
f 2074/2806/2151 2051/2760/2238 2004/2763/2512 2003/2807/2512
f 2075/2808/2244 2035/2728/2182 2007/2731/2512 2006/2809/2512
f 2076/2810/2250 2018/2694/2249 2010/2697/2512 2009/2811/2512
f 2067/2792/2170 2020/2698/2252 1993/2701/2512 1992/2793/2512
f 2034/2725/2172 2062/2782/2256 1966/2783/2512 1965/2726/2512
f 2077/2812/2258 2078/2813/2140 2013/2814/2512 2012/2815/2512
f 2079/2816/2139 2056/2770/2254 1951/2773/2512 2014/2817/2512
f 2019/2695/2262 2077/2812/2258 2012/2815/2512 2011/2696/2512
f 2065/2788/2155 2027/2712/2148 1990/2715/2512 1989/2789/2512
f 2030/2717/2159 2064/2786/2144 1963/2787/2512 1962/2718/2512
f 2036/2729/2181 2076/2810/2250 2009/2811/2512 2008/2730/2512
f 2052/2761/2237 2075/2808/2244 2006/2809/2512 2005/2762/2512
f 2078/2813/2140 2079/2816/2139 2014/2817/2512 2013/2814/2512
f 2061/2779/2152 2074/2806/2151 2003/2807/2512 2002/2780/2512
f 2063/2784/2164 2031/2720/2163 1987/2723/2512 1986/2785/2512
f 2025/2707/2168 2066/2790/2166 1960/2791/2512 1959/2708/2512
f 2069/2795/2176 2072/2802/2175 2000/2803/2512 1999/2796/2512
f 2073/2804/2186 2071/2800/2185 1997/2801/2512 1996/2805/2512
f 2008/2818/2512 2015/2819/2512 2007/2820/2512
f 1984/2821/2512 2015/2819/2512 1983/2822/2512
f 2000/2823/2512 2015/2819/2512 1999/2824/2512
f 1966/2825/2512 2015/2819/2512 1965/2826/2512
f 2015/2819/2512 1980/2827/2512 1981/2828/2512
f 2015/2819/2512 1951/2829/2512 1952/2830/2512
f 2007/2820/2512 2015/2819/2512 2006/2831/2512
f 2005/2832/2512 2015/2819/2512 2004/2833/2512
f 1974/2834/2512 2015/2819/2512 1973/2835/2512
f 1964/2836/2512 2015/2819/2512 1963/2837/2512
f 2015/2819/2512 1978/2838/2512 1979/2839/2512
f 1962/2840/2512 2015/2819/2512 1961/2841/2512
f 1971/2842/2512 2015/2819/2512 1970/2843/2512
f 1989/2844/2512 2015/2819/2512 1988/2845/2512
f 2010/2846/2512 2015/2819/2512 2009/2847/2512
f 1997/2848/2512 2015/2819/2512 1996/2849/2512
f 1961/2841/2512 2015/2819/2512 1960/2850/2512
f 2013/2851/2512 2015/2819/2512 2012/2852/2512
f 1994/2853/2512 2015/2819/2512 1993/2854/2512
f 1963/2837/2512 2015/2819/2512 1962/2840/2512
f 1992/2855/2512 2015/2819/2512 1991/2856/2512
f 2002/2857/2512 2015/2819/2512 2001/2858/2512
f 1978/2838/2512 2015/2819/2512 1977/2859/2512
f 1976/2860/2512 2015/2819/2512 1975/2861/2512
f 1956/2862/2512 2015/2819/2512 1955/2863/2512
f 1951/2829/2512 2015/2819/2512 2014/2864/2512
f 1991/2856/2512 2015/2819/2512 1990/2865/2512
f 1977/2859/2512 2015/2819/2512 1976/2860/2512
f 1958/2866/2512 2015/2819/2512 1957/2867/2512
f 1999/2824/2512 2015/2819/2512 1998/2868/2512
f 1958/2866/2512 1959/2869/2512 2015/2819/2512
f 1960/2850/2512 2015/2819/2512 1959/2869/2512
f 1995/2870/2512 2015/2819/2512 1994/2853/2512
f 2012/2852/2512 2015/2819/2512 2011/2871/2512
f 2015/2819/2512 1974/2834/2512 1975/2861/2512
f 1973/2835/2512 2015/2819/2512 1972/2872/2512
f 1954/2873/2512 1955/2863/2512 2015/2819/2512
f 1996/2849/2512 2015/2819/2512 1995/2870/2512
f 1988/2845/2512 2015/2819/2512 1987/2874/2512
f 1980/2827/2512 2015/2819/2512 1979/2839/2512
f 1998/2868/2512 2015/2819/2512 1997/2848/2512
f 2009/2847/2512 2015/2819/2512 2008/2818/2512
f 1965/2826/2512 2015/2819/2512 1964/2836/2512
f 1957/2867/2512 2015/2819/2512 1956/2862/2512
f 1952/2830/2512 1953/2875/2512 2015/2819/2512
f 1993/2854/2512 2015/2819/2512 1992/2855/2512
f 1972/2872/2512 2015/2819/2512 1971/2842/2512
f 1970/2843/2512 2015/2819/2512 1969/2876/2512
f 2001/2858/2512 2015/2819/2512 2000/2823/2512
f 2006/2831/2512 2015/2819/2512 2005/2832/2512
f 1985/2877/2512 2015/2819/2512 1984/2821/2512
f 1982/2878/2512 1983/2822/2512 2015/2819/2512
f 2014/2864/2512 2015/2819/2512 2013/2851/2512
f 1990/2865/2512 2015/2819/2512 1989/2844/2512
f 1968/2879/2512 2015/2819/2512 1967/2880/2512
f 1954/2873/2512 2015/2819/2512 1953/2875/2512
f 2004/2833/2512 2015/2819/2512 2003/2881/2512
f 2003/2881/2512 2015/2819/2512 2002/2857/2512
f 1969/2876/2512 2015/2819/2512 1968/2879/2512
f 1967/2880/2512 2015/2819/2512 1966/2825/2512
f 2011/2871/2512 2015/2819/2512 2010/2846/2512
f 1987/2874/2512 2015/2819/2512 1986/2882/2512
f 2015/2819/2512 1981/2828/2512 1982/2878/2512
f 1986/2882/2512 2015/2819/2512 1985/2877/2512
f 2107/1654/1585 3078/2883/2513 3077/2884/2514
f 1862/2573/2422 3081/2885/2424 3083/2886/2424
f 2151/2566/2415 1861/2887/2515 1862/2573/2422 1860/2569/2418
f 1867/2593/2438 1869/1608/1540 1871/1607/1539 2148/2579/2427
f 3123/2888/2509 3124/2889/2509 2116/1592/1524
f 1793/1593/1525 963/1147/1158 961/2890/1220 1795/2891/1522
f 3086/2892/2516 3092/2893/2516 2110/2387/2282
f 3095/2894/2517 3097/2895/2517 2156/2544/2395
f 2624/2380/2275 2623/2386/2281 3104/2896/2518
f 3105/2897/2519 3102/2898/2518 2110/2387/2282
f 2138/2640/2474 3110/2899/2520 3107/2900/2521
f 131/1860/1782 2175/1991/1909 2176/877/909 132/1862/1784
f 191/1793/1717 2237/461/455 2235/484/481 192/1794/1718
f 187/1974/1894 2234/497/492 2232/511/507 188/1976/1896
f 189/1978/1898 2233/514/510 2238/458/452 190/1980/1900
f 184/1968/1888 2231/522/520 2229/2027/1941 185/1970/1890
f 185/1970/1890 2229/2027/1941 2230/494/489 186/1972/1892
f 178/1956/1876 2225/567/571 2223/580/586 179/1958/1878
f 180/1960/1880 2224/583/589 2228/529/527 181/1962/1882
f 175/1950/1870 2222/591/599 2220/2021/1935 176/1952/1872
f 176/1952/1872 2220/2021/1935 2221/564/568 177/1954/1874
f 169/1938/1858 2216/634/647 2214/646/660 170/1940/1860
f 171/1942/1862 2215/649/663 2219/596/604 172/1944/1864
f 166/1932/1852 2213/659/673 2211/2016/1930 167/1934/1854
f 167/1934/1854 2211/2016/1930 2212/631/644 168/1936/1856
f 160/1918/1840 2207/701/720 2205/2015/735 161/1920/1842
f 162/1924/1844 2206/721/738 2210/664/680 163/1926/1846
f 157/1912/1834 2204/728/745 2202/2006/1924 158/1914/1836
f 158/1914/1836 2202/2006/1924 2203/698/717 159/1916/1838
f 151/1900/1822 2198/766/789 2196/780/803 152/1902/1824
f 153/1904/1826 2197/783/806 2201/732/751 154/1906/1828
f 148/1894/1816 2195/790/814 2193/2000/1918 149/1896/1818
f 149/1896/1818 2193/2000/1918 2194/763/786 150/1898/1820
f 142/1882/1804 2189/828/855 2187/838/867 143/1884/1806
f 144/1886/1808 2188/841/870 2192/794/820 145/1888/1810
f 139/1876/1798 2186/848/877 2184/1994/1912 140/1878/1800
f 140/1878/1800 2184/1994/1912 2185/825/852 141/1880/1802
f 133/1864/1786 2180/880/912 2178/893/924 134/1866/1788
f 135/1868/1790 2179/896/927 2183/851/881 136/1870/1792
f 130/1859/1781 2177/445/439 2175/1991/1909 131/1860/1782
f 134/1866/1788 2178/893/924 2179/896/927 135/1868/1790
f 132/1862/1784 2176/877/909 2180/880/912 133/1864/1786
f 137/1872/1794 2181/854/884 2182/845/874 138/1874/1796
f 136/1870/1792 2183/851/881 2181/854/884 137/1872/1794
f 138/1874/1796 2182/845/874 2186/848/877 139/1876/1798
f 143/1884/1806 2187/838/867 2188/841/870 144/1886/1808
f 141/1880/1802 2185/825/852 2189/828/855 142/1882/1804
f 146/1890/1812 2190/797/823 2191/787/811 147/1892/1814
f 145/1888/1810 2192/794/820 2190/797/823 146/1890/1812
f 147/1892/1814 2191/787/811 2195/790/814 148/1894/1816
f 152/1902/1824 2196/780/803 2197/783/806 153/1904/1826
f 150/1898/1820 2194/763/786 2198/766/789 151/1900/1822
f 155/1908/1830 2199/735/754 2200/725/742 156/1910/1832
f 154/1906/1828 2201/732/751 2199/735/754 155/1908/1830
f 156/1910/1832 2200/725/742 2204/728/745 157/1912/1834
f 161/1923/1842 2205/718/735 2206/721/738 162/1924/1844
f 159/1916/1838 2203/698/717 2207/701/720 160/1918/1840
f 164/1928/1848 2208/667/683 2209/656/670 165/1930/1850
f 163/1926/1846 2210/664/680 2208/667/683 164/1928/1848
f 165/1930/1850 2209/656/670 2213/659/673 166/1932/1852
f 170/1940/1860 2214/646/660 2215/649/663 171/1942/1862
f 168/1936/1856 2212/631/644 2216/634/647 169/1938/1858
f 173/1946/1866 2217/599/607 2218/588/596 174/1948/1868
f 172/1944/1864 2219/596/604 2217/599/607 173/1946/1866
f 174/1948/1868 2218/588/596 2222/591/599 175/1950/1870
f 179/1958/1878 2223/580/586 2224/583/589 180/1960/1880
f 177/1954/1874 2221/564/568 2225/567/571 178/1956/1876
f 182/1964/1884 2226/532/530 2227/519/517 183/1966/1886
f 181/1962/1882 2228/529/527 2226/532/530 182/1964/1884
f 183/1966/1886 2227/519/517 2231/522/520 184/1968/1888
f 188/1976/1896 2232/511/507 2233/514/510 189/1978/1898
f 186/1972/1892 2230/494/489 2234/497/492 187/1974/1894
f 192/1794/1718 2235/484/481 2236/487/436 129/1984/1903
f 190/1980/1900 2238/458/452 2237/461/455 191/1793/1717
f 129/1983/1903 2236/442/436 2177/445/439 130/1859/1781
f 1281/473/468 2239/2678/2505 2240/2684/2267 1283/470/465
f 1287/1791/1715 2241/2368/2270 2242/2383/2278 1289/1790/1714
f 1469/1856/1779 2302/2675/2502 2239/2678/2505 1281/473/468
f 1466/1855/1778 2301/2671/2498 2302/2675/2502 1469/1856/1779
f 1463/1854/1777 2300/2668/2495 2301/2671/2498 1466/1855/1778
f 1460/1853/1776 2299/2661/2493 2300/2668/2495 1463/1854/1777
f 1457/1852/1775 2298/2655/2487 2299/2661/2493 1460/1853/1776
f 1454/1851/1774 2297/2649/2482 2298/2655/2487 1457/1852/1775
f 1451/1850/1773 2296/2644/2477 2297/2649/2482 1454/1851/1774
f 1448/1849/1772 2295/2639/2473 2296/2644/2477 1451/1850/1773
f 1445/1848/1771 2294/2632/2469 2295/2639/2473 1448/1849/1772
f 1442/1847/1770 2293/2627/2465 2294/2632/2469 1445/1848/1771
f 1439/1846/1769 2292/2621/2460 2293/2627/2465 1442/1847/1770
f 1436/1845/1768 2291/2617/2458 2292/2621/2460 1439/1846/1769
f 1433/1844/1767 2290/2615/2456 2291/2617/2458 1436/1845/1768
f 1430/1843/1766 2289/2607/2450 2290/2615/2456 1433/1844/1767
f 1427/1842/1765 2288/2600/2445 2289/2607/2450 1430/1843/1766
f 1424/1841/1764 2287/2597/2442 2288/2600/2445 1427/1842/1765
f 1421/1840/1763 2286/2592/2437 2287/2597/2442 1424/1841/1764
f 1418/1839/1762 2285/2589/2434 2286/2592/2437 1421/1840/1763
f 1415/1838/1761 2284/2586/2431 2285/2589/2434 1418/1839/1762
f 1412/1837/1760 2283/2578/2426 2284/2586/2431 1415/1838/1761
f 1409/1836/1759 2282/2574/2423 2283/2578/2426 1412/1837/1760
f 1406/1835/1758 2281/2570/2419 2282/2574/2423 1409/1836/1759
f 1403/1834/1757 2280/2568/2417 2281/2570/2419 1406/1835/1758
f 1400/1833/1756 2279/2563/2413 2280/2568/2417 1403/1834/1757
f 1397/1832/1755 2278/2557/2407 2279/2563/2413 1400/1833/1756
f 1394/1831/1754 2277/2555/2405 2278/2557/2407 1397/1832/1755
f 1391/1830/1753 2276/2552/2402 2277/2555/2405 1394/1831/1754
f 1388/1829/1752 2275/2546/2397 2276/2552/2402 1391/1830/1753
f 1385/1828/1751 2274/2538/2393 2275/2546/2397 1388/1829/1752
f 1382/1826/1750 2273/2535/2390 2274/2538/2393 1385/1828/1751
f 1379/1827/1749 2272/2532/2384 2273/2535/2390 1382/1826/1750
f 1376/1824/1748 2271/2522/2381 2272/2525/2384 1379/1825/1749
f 1373/1823/1747 2270/2515/2377 2271/2522/2381 1376/1824/1748
f 1370/1822/1746 2269/2508/2373 2270/2515/2377 1373/1823/1747
f 1367/1821/1745 2268/2503/2369 2269/2508/2373 1370/1822/1746
f 1364/1820/1744 2267/2498/2364 2268/2503/2369 1367/1821/1745
f 1361/1819/1743 2266/2491/2360 2267/2498/2364 1364/1820/1744
f 1358/1818/1742 2265/2488/2357 2266/2491/2360 1361/1819/1743
f 1355/1817/1741 2264/2481/2353 2265/2488/2357 1358/1818/1742
f 1352/1816/1740 2263/2476/2350 2264/2481/2353 1355/1817/1741
f 1349/1815/1739 2262/2471/2346 2263/2476/2350 1352/1816/1740
f 1346/1814/1738 2261/2468/2343 2262/2471/2346 1349/1815/1739
f 1343/1813/1737 2260/2460/2339 2261/2468/2343 1346/1814/1738
f 1340/1812/1736 2259/2453/2335 2260/2460/2339 1343/1813/1737
f 1337/1811/1735 2258/2452/2334 2259/2453/2335 1340/1812/1736
f 1334/1810/1734 2257/2450/2332 2258/2452/2334 1337/1811/1735
f 1331/1809/1733 2256/2441/2325 2257/2450/2332 1334/1810/1734
f 1328/1808/1732 2255/2434/2321 2256/2441/2325 1331/1809/1733
f 1325/1807/1731 2254/2429/2316 2255/2434/2321 1328/1808/1732
f 1322/1806/1730 2253/2424/2312 2254/2429/2316 1325/1807/1731
f 1319/1805/1729 2252/2422/2310 2253/2424/2312 1322/1806/1730
f 1316/1804/1728 2251/2414/2305 2252/2422/2310 1319/1805/1729
f 1313/1803/1727 2250/2407/2301 2251/2414/2305 1316/1804/1728
f 1310/1802/1726 2249/2404/2298 2250/2407/2301 1313/1803/1727
f 1307/1801/1725 2248/2397/2292 2249/2404/2298 1310/1802/1726
f 1304/1800/1724 2247/2395/2290 2248/2397/2292 1307/1801/1725
f 1301/1799/1723 2246/2393/2288 2247/2395/2290 1304/1800/1724
f 1298/1798/1722 2245/2390/2285 2246/2393/2288 1301/1799/1723
f 1295/1797/1721 2244/2388/2283 2245/2390/2285 1298/1798/1722
f 1292/1796/1720 2243/2384/2279 2244/2388/2283 1295/1797/1721
f 1289/1790/1714 2242/2383/2278 2243/2384/2279 1292/1796/1720
f 1283/1857/465 2240/2365/2267 2241/2368/2270 1287/1791/1715
f 386/446/172 511/449/922 382/892/923 194/1429/173
f 3274/211/783 609/760/782 529/712/731 3273/209/2522
f 895/2901/941 896/1500/1436 828/1499/444 514/2902/421
f 511/1146/922 386/2903/172 961/2890/1220 963/1147/1158
f 385/171/169 193/1432/1157 383/1068/1083 512/168/166
f 2462/2904/2523 869/985/1003 868/988/1005 2458/2905/2524
f 2458/2905/2524 868/988/1005 867/994/1011 2454/2906/2525
f 2454/2906/2525 867/994/1011 866/993/1010 2450/2907/2526
f 2450/2907/2526 866/993/1010 865/1289/1234 2446/2908/2527
f 2446/2908/2527 865/1289/1234 864/1000/1017 2442/2909/2528
f 2442/2909/2528 864/1000/1017 863/999/1016 2438/2910/2529
f 2606/2911/2530 843/1053/1068 842/1059/1074 2594/2912/2531
f 1812/1644/1575 2174/1249/1209 974/1248/1208 1814/1643/1574
f 1809/1647/1578 972/1253/1210 973/1426/1367 1810/1645/1576
f 2366/145/143 1471/1795/1719 1468/1985/1902 2303/2913/2532
f 2303/2914/2532 1468/1982/1902 1462/1858/1780 2304/2915/2533
f 2364/142/140 1282/1981/1901 1465/1792/1716 2365/144/142
f 2363/140/138 1285/1979/1899 1282/1981/1901 2364/142/140
f 2362/139/137 1288/1977/1897 1285/1979/1899 2363/140/138
f 2361/2916/2534 1291/1975/1895 1288/1977/1897 2362/139/137
f 2360/2917/2535 1294/1973/1893 1291/1975/1895 2361/2916/2534
f 2359/2918/2536 1297/1971/1891 1294/1973/1893 2360/2917/2535
f 2358/128/126 1300/1969/1889 1297/1971/1891 2359/2918/2536
f 2357/126/124 1303/1967/1887 1300/1969/1889 2358/128/126
f 2356/125/123 1306/1965/1885 1303/1967/1887 2357/126/124
f 2355/120/118 1309/1963/1883 1306/1965/1885 2356/125/123
f 2354/118/116 1312/1961/1881 1309/1963/1883 2355/120/118
f 2353/117/115 1315/1959/1879 1312/1961/1881 2354/118/116
f 2352/2919/2537 1318/1957/1877 1315/1959/1879 2353/117/115
f 2351/2920/2538 1321/1955/1875 1318/1957/1877 2352/2919/2537
f 2350/108/106 1324/1953/1873 1321/1955/1875 2351/2920/2538
f 2349/106/104 1327/1951/1871 1324/1953/1873 2350/108/106
f 2348/105/103 1330/1949/1869 1327/1951/1871 2349/106/104
f 2347/100/98 1333/1947/1867 1330/1949/1869 2348/105/103
f 2346/98/96 1336/1945/1865 1333/1947/1867 2347/100/98
f 2345/97/95 1339/1943/1863 1336/1945/1865 2346/98/96
f 2344/93/91 1342/1941/1861 1339/1943/1863 2345/97/95
f 2343/92/90 1345/1939/1859 1342/1941/1861 2344/93/91
f 2342/95/93 1348/1937/1857 1345/1939/1859 2343/92/90
f 2341/84/82 1351/1935/1855 1348/1937/1857 2342/95/93
f 2340/83/81 1354/1933/1853 1351/1935/1855 2341/84/82
f 2339/76/74 1357/1931/1851 1354/1933/1853 2340/83/81
f 2338/74/72 1360/1929/1849 1357/1931/1851 2339/76/74
f 2337/72/70 1363/1927/1847 1360/1929/1849 2338/74/72
f 2336/70/68 1366/1925/1845 1363/1927/1847 2337/72/70
f 2335/69/66 1369/1922/1843 1366/1925/1845 2336/70/68
f 2334/65/65 1372/1919/1841 1369/1921/1843 2335/66/66
f 2333/60/60 1375/1917/1839 1372/1919/1841 2334/65/65
f 2332/59/59 1378/1915/1837 1375/1917/1839 2333/60/60
f 2331/54/54 1381/1913/1835 1378/1915/1837 2332/59/59
f 2330/53/53 1384/1911/1833 1381/1913/1835 2331/54/54
f 2329/48/48 1387/1909/1831 1384/1911/1833 2330/53/53
f 2328/47/47 1390/1907/1829 1387/1909/1831 2329/48/48
f 2327/42/42 1393/1905/1827 1390/1907/1829 2328/47/47
f 2326/41/41 1396/1903/1825 1393/1905/1827 2327/42/42
f 2325/36/36 1399/1901/1823 1396/1903/1825 2326/41/41
f 2324/34/34 1402/1899/1821 1399/1901/1823 2325/36/36
f 2323/32/32 1405/1897/1819 1402/1899/1821 2324/34/34
f 2322/31/31 1408/1895/1817 1405/1897/1819 2323/32/32
f 2321/26/26 1411/1893/1815 1408/1895/1817 2322/31/31
f 2320/25/25 1414/1891/1813 1411/1893/1815 2321/26/26
f 2319/20/20 1417/1889/1811 1414/1891/1813 2320/25/25
f 2318/19/19 1420/1887/1809 1417/1889/1811 2319/20/20
f 2317/14/14 1423/1885/1807 1420/1887/1809 2318/19/19
f 2316/12/12 1426/1883/1805 1423/1885/1807 2317/14/14
f 2315/10/10 1429/1881/1803 1426/1883/1805 2316/12/12
f 2314/8/8 1432/1879/1801 1429/1881/1803 2315/10/10
f 2313/7/7 1435/1877/1799 1432/1879/1801 2314/8/8
f 2312/881/913 1438/1875/1797 1435/1877/1799 2313/7/7
f 2311/150/148 1441/1873/1795 1438/1875/1797 2312/881/913
f 2310/149/147 1444/1871/1793 1441/1873/1795 2311/150/148
f 2309/154/152 1447/1869/1791 1444/1871/1793 2310/149/147
f 2308/153/151 1450/1867/1789 1447/1869/1791 2309/154/152
f 2307/4/4 1453/1865/1787 1450/1867/1789 2308/153/151
f 2306/3/3 1456/1863/1785 1453/1865/1787 2307/4/4
f 2305/172/170 1459/1861/1783 1456/1863/1785 2306/3/3
f 2365/144/142 1465/1792/1716 1471/1795/1719 2366/145/143
f 2304/2915/2533 1462/1858/1780 1459/1861/1783 2305/172/170
f 2386/2921/2539 838/1278/1226 837/1067/1082 2382/2922/2540
f 2434/2923/2541 859/1013/1029 858/1012/1028 2582/2924/2542
f 668/898/359 864/1000/1017 865/1289/1234 663/1288/361
f 3321/434/2543 3320/914/2544 764/800/828 549/516/513
f 2578/2925/2545 845/1052/1067 844/1051/1066 2614/2926/2546
f 2598/2927/2547 841/1058/1073 840/1065/1080 2574/2363/2265
f 2586/2928/2548 870/986/1004 869/985/1003 2462/2904/2523
f 2590/2364/2266 839/1064/1079 838/1278/1226 2386/2921/2539
f 2622/2929/2549 846/1045/1060 845/1052/1067 2578/2925/2545
f 2570/2930/2550 960/169/167 897/440/434 2566/2931/2551
f 2378/2932/2552 836/1066/1081 835/902/930 2374/2933/2553
f 2382/2922/2540 837/1067/1082 836/1066/1081 2378/2932/2552
f 2390/2934/2554 847/1046/1061 846/1045/1060 2622/2929/2549
f 2394/2935/2555 848/1040/1055 847/1046/1061 2390/2934/2554
f 2594/2912/2531 842/1059/1074 841/1058/1073 2598/2927/2547
f 2398/2936/2556 849/1038/1053 848/1040/1055 2394/2935/2555
f 2402/2937/2557 850/1039/1054 849/1038/1053 2398/2936/2556
f 2406/2938/2558 851/1032/1047 850/1039/1054 2402/2937/2557
f 2410/2939/2559 852/1033/1048 851/1032/1047 2406/2938/2558
f 2414/2940/2560 853/1027/1042 852/1033/1048 2410/2939/2559
f 2418/2941/2561 854/1025/1040 853/1027/1042 2414/2940/2560
f 2422/2942/2562 855/1026/1041 854/1025/1040 2418/2941/2561
f 2426/2943/2563 856/1019/1034 855/1026/1041 2422/2942/2562
f 2430/2944/2564 857/1020/1035 856/1019/1034 2426/2943/2563
f 2602/2945/2565 860/1005/1022 859/1013/1029 2434/2923/2541
f 2610/2946/2566 861/1006/1023 860/1005/1022 2602/2945/2565
f 2618/2947/2567 862/1286/1233 861/1006/1023 2610/2946/2566
f 2438/2948/2529 863/1287/1016 862/1286/1233 2618/2947/2567
f 2470/2949/2568 872/980/998 871/979/997 2466/2950/2569
f 2474/2951/2570 873/974/992 872/980/998 2470/2949/2568
f 2478/2952/2571 874/971/990 873/974/992 2474/2951/2570
f 2482/2953/2572 875/972/991 874/971/990 2478/2952/2571
f 2486/2954/2573 876/965/984 875/972/991 2482/2953/2572
f 2490/2955/2574 877/966/985 876/965/984 2486/2954/2573
f 2494/2956/2575 878/959/979 877/966/985 2490/2955/2574
f 2498/2957/2576 879/957/977 878/959/979 2494/2956/2575
f 2502/2958/2577 880/958/978 879/957/977 2498/2957/2576
f 2506/2959/2578 881/949/971 880/958/978 2502/2958/2577
f 2510/2960/2579 882/950/972 881/949/971 2506/2959/2578
f 2514/2961/2580 883/943/966 882/950/972 2510/2960/2579
f 2518/2962/2581 884/941/964 883/943/966 2514/2961/2580
f 2522/2963/2582 885/942/965 884/941/964 2518/2962/2581
f 2526/2964/2583 886/934/958 885/942/965 2522/2963/2582
f 2530/2965/2584 887/935/959 886/934/958 2526/2964/2583
f 2534/2966/2585 888/928/953 887/935/959 2530/2965/2584
f 2538/2967/2586 889/926/951 888/928/953 2534/2966/2585
f 2542/2968/2587 890/927/952 889/926/951 2538/2967/2586
f 2546/2969/2588 891/921/946 890/927/952 2542/2968/2587
f 2550/2970/2589 892/436/430 891/921/946 2546/2969/2588
f 2554/2971/2590 893/437/431 892/436/430 2550/2970/2589
f 2558/2972/2591 894/915/940 893/437/431 2554/2971/2590
f 2562/2973/2592 895/916/941 894/915/940 2558/2972/2591
f 2559/2974/2593 959/170/168 960/169/167 2570/2930/2550
f 2374/2933/2553 835/902/930 834/901/929 2370/2975/2594
f 2586/2928/2548 2466/2950/2569 871/979/997 870/986/1004
f 2614/2926/2546 844/1051/1066 843/1053/1068 2606/2911/2530
f 2582/2924/2542 858/1012/1028 857/1020/1035 2430/2944/2564
f 2370/2975/2594 834/901/929 833/908/935 2563/2976/2595
f 898/439/433 2367/2977/2596 2566/2931/2551 897/440/434
f 2367/2977/2596 2368/2978/2597 2565/2979/2598 2566/2931/2551
f 2368/2978/2597 2369/2980/2599 2564/2981/2600 2565/2979/2598
f 2369/2980/2599 2370/2975/2594 2563/2976/2595 2564/2981/2600
f 922/1002/1019 2579/2982/2601 2427/2983/2602 921/1003/1020
f 2579/2982/2601 2580/2984/2603 2428/2985/2604 2427/2983/2602
f 2580/2984/2603 2581/2986/2605 2429/2987/2606 2428/2985/2604
f 2581/2986/2605 2582/2924/2542 2430/2944/2564 2429/2987/2606
f 908/1280/1228 2611/2988/2607 2603/2989/2608 907/1042/1057
f 2611/2988/2607 2612/2990/2609 2604/2991/2610 2603/2989/2608
f 2612/2990/2609 2613/2992/2611 2605/2993/2612 2604/2991/2610
f 2613/2992/2611 2614/2926/2546 2606/2911/2530 2605/2993/2612
f 934/969/988 935/968/987 2463/2994/2613 2583/2995/2614
f 2583/2995/2614 2463/2994/2613 2464/2996/2615 2584/2997/2616
f 2584/2997/2616 2464/2996/2615 2465/2998/2617 2585/2999/2618
f 2585/2999/2618 2465/2998/2617 2466/2950/2569 2586/2928/2548
f 899/1062/1077 2371/3000/2619 2367/2977/2596 898/439/433
f 2371/3000/2619 2372/3001/2620 2368/2978/2597 2367/2977/2596
f 2372/3001/2620 2373/3002/2621 2369/2980/2599 2368/2978/2597
f 2373/3002/2621 2374/2933/2553 2370/2975/2594 2369/2980/2599
f 895/2901/941 2562/3003/2592 2567/3004/2622 896/1500/1436
f 2562/3003/2592 2561/3005/2623 2568/3006/2624 2567/3004/2622
f 2561/3005/2623 2560/3007/2625 2569/3008/2626 2568/3006/2624
f 2560/3007/2625 2559/2974/2593 2570/2930/2550 2569/3008/2626
f 959/883/168 2559/3009/2593 2555/3010/2627 958/884/914
f 2559/3009/2593 2560/3011/2625 2556/3012/2628 2555/3010/2627
f 2560/3011/2625 2561/3013/2623 2557/3014/2629 2556/3012/2628
f 2561/3013/2623 2562/2973/2592 2558/2972/2591 2557/3014/2629
f 958/884/914 2555/3010/2627 2551/3015/2630 957/904/932
f 2555/3010/2627 2556/3012/2628 2552/3016/2631 2551/3015/2630
f 2556/3012/2628 2557/3014/2629 2553/3017/2632 2552/3016/2631
f 2557/3014/2629 2558/2972/2591 2554/2971/2590 2553/3017/2632
f 957/904/932 2551/3015/2630 2547/3018/2633 956/905/933
f 2551/3015/2630 2552/3016/2631 2548/3019/2634 2547/3018/2633
f 2552/3016/2631 2553/3017/2632 2549/3020/2635 2548/3019/2634
f 2553/3017/2632 2554/2971/2590 2550/2970/2589 2549/3020/2635
f 956/905/933 2547/3018/2633 2543/3021/2636 955/910/937
f 2547/3018/2633 2548/3019/2634 2544/3022/2637 2543/3021/2636
f 2548/3019/2634 2549/3020/2635 2545/3023/2638 2544/3022/2637
f 2549/3020/2635 2550/2970/2589 2546/2969/2588 2545/3023/2638
f 955/910/937 2543/3021/2636 2539/3024/2639 954/911/938
f 2543/3021/2636 2544/3022/2637 2540/3025/2640 2539/3024/2639
f 2544/3022/2637 2545/3023/2638 2541/3026/2641 2540/3025/2640
f 2545/3023/2638 2546/2969/2588 2542/2968/2587 2541/3026/2641
f 954/911/938 2539/3024/2639 2535/3027/2642 953/1294/1239
f 2539/3024/2639 2540/3025/2640 2536/3028/2643 2535/3027/2642
f 2540/3025/2640 2541/3026/2641 2537/3029/2644 2536/3028/2643
f 2541/3026/2641 2542/2968/2587 2538/2967/2586 2537/3029/2644
f 953/1294/1239 2535/3027/2642 2531/3030/2645 952/918/943
f 2535/3027/2642 2536/3028/2643 2532/3031/2646 2531/3030/2645
f 2536/3028/2643 2537/3029/2644 2533/3032/2647 2532/3031/2646
f 2537/3029/2644 2538/2967/2586 2534/2966/2585 2533/3032/2647
f 952/918/943 2531/3030/2645 2527/3033/2648 951/919/944
f 2531/3030/2645 2532/3031/2646 2528/3034/2649 2527/3033/2648
f 2532/3031/2646 2533/3032/2647 2529/3035/2650 2528/3034/2649
f 2533/3032/2647 2534/2966/2585 2530/2965/2584 2529/3035/2650
f 951/919/944 2527/3033/2648 2523/3036/2651 950/923/948
f 2527/3033/2648 2528/3034/2649 2524/3037/2652 2523/3036/2651
f 2528/3034/2649 2529/3035/2650 2525/3038/2653 2524/3037/2652
f 2529/3035/2650 2530/2965/2584 2526/2964/2583 2525/3038/2653
f 950/923/948 2523/3036/2651 2519/3039/2654 949/924/949
f 2523/3036/2651 2524/3037/2652 2520/3040/2655 2519/3039/2654
f 2524/3037/2652 2525/3038/2653 2521/3041/2656 2520/3040/2655
f 2525/3038/2653 2526/2964/2583 2522/2963/2582 2521/3041/2656
f 949/924/949 2519/3039/2654 2515/3042/2657 948/1293/1238
f 2519/3039/2654 2520/3040/2655 2516/3043/2658 2515/3042/2657
f 2520/3040/2655 2521/3041/2656 2517/3044/2659 2516/3043/2658
f 2521/3041/2656 2522/2963/2582 2518/2962/2581 2517/3044/2659
f 948/1293/1238 2515/3042/2657 2511/3045/2660 947/930/955
f 2515/3042/2657 2516/3043/2658 2512/3046/2661 2511/3045/2660
f 2516/3043/2658 2517/3044/2659 2513/3047/2662 2512/3046/2661
f 2517/3044/2659 2518/2962/2581 2514/2961/2580 2513/3047/2662
f 947/930/955 2511/3045/2660 2507/3048/2663 946/931/956
f 2511/3045/2660 2512/3046/2661 2508/3049/2664 2507/3048/2663
f 2512/3046/2661 2513/3047/2662 2509/3050/2665 2508/3049/2664
f 2513/3047/2662 2514/2961/2580 2510/2960/2579 2509/3050/2665
f 946/931/956 2507/3048/2663 2503/3051/2666 945/937/961
f 2507/3048/2663 2508/3049/2664 2504/3052/2667 2503/3051/2666
f 2508/3049/2664 2509/3050/2665 2505/3053/2668 2504/3052/2667
f 2509/3050/2665 2510/2960/2579 2506/2959/2578 2505/3053/2668
f 945/937/961 2503/3051/2666 2499/3054/2669 944/938/962
f 2503/3051/2666 2504/3052/2667 2500/3055/2670 2499/3054/2669
f 2504/3052/2667 2505/3053/2668 2501/3056/2671 2500/3055/2670
f 2505/3053/2668 2506/2959/2578 2502/2958/2577 2501/3056/2671
f 944/938/962 2499/3054/2669 2495/3057/2672 943/1292/1237
f 2499/3054/2669 2500/3055/2670 2496/3058/2673 2495/3057/2672
f 2500/3055/2670 2501/3056/2671 2497/3059/2674 2496/3058/2673
f 2501/3056/2671 2502/2958/2577 2498/2957/2576 2497/3059/2674
f 943/1292/1237 2495/3057/2672 2491/3060/2675 942/945/968
f 2495/3057/2672 2496/3058/2673 2492/3061/2676 2491/3060/2675
f 2496/3058/2673 2497/3059/2674 2493/3062/2677 2492/3061/2676
f 2497/3059/2674 2498/2957/2576 2494/2956/2575 2493/3062/2677
f 942/945/968 2491/3060/2675 2487/3063/2678 941/946/969
f 2491/3060/2675 2492/3061/2676 2488/3064/2679 2487/3063/2678
f 2492/3061/2676 2493/3062/2677 2489/3065/2680 2488/3064/2679
f 2493/3062/2677 2494/2956/2575 2490/2955/2574 2489/3065/2680
f 941/946/969 2487/3063/2678 2483/3066/2681 940/952/974
f 2487/3063/2678 2488/3064/2679 2484/3067/2682 2483/3066/2681
f 2488/3064/2679 2489/3065/2680 2485/3068/2683 2484/3067/2682
f 2489/3065/2680 2490/2955/2574 2486/2954/2573 2485/3068/2683
f 940/952/974 2483/3066/2681 2479/3069/2684 939/953/975
f 2483/3066/2681 2484/3067/2682 2480/3070/2685 2479/3069/2684
f 2484/3067/2682 2485/3068/2683 2481/3071/2686 2480/3070/2685
f 2485/3068/2683 2486/2954/2573 2482/2953/2572 2481/3071/2686
f 939/953/975 2479/3069/2684 2475/3072/2687 938/1291/1236
f 2479/3069/2684 2480/3070/2685 2476/3073/2688 2475/3072/2687
f 2480/3070/2685 2481/3071/2686 2477/3074/2689 2476/3073/2688
f 2481/3071/2686 2482/2953/2572 2478/2952/2571 2477/3074/2689
f 938/1291/1236 2475/3072/2687 2471/3075/2690 937/961/981
f 2475/3072/2687 2476/3073/2688 2472/3076/2691 2471/3075/2690
f 2476/3073/2688 2477/3074/2689 2473/3077/2692 2472/3076/2691
f 2477/3074/2689 2478/2952/2571 2474/2951/2570 2473/3077/2692
f 937/961/981 2471/3075/2690 2467/3078/2693 936/962/982
f 2471/3075/2690 2472/3076/2691 2468/3079/2694 2467/3078/2693
f 2472/3076/2691 2473/3077/2692 2469/3080/2695 2468/3079/2694
f 2473/3077/2692 2474/2951/2570 2470/2949/2568 2469/3080/2695
f 936/962/982 2467/3078/2693 2463/2994/2613 935/968/987
f 2467/3078/2693 2468/3079/2694 2464/2996/2615 2463/2994/2613
f 2468/3079/2694 2469/3080/2695 2465/2998/2617 2464/2996/2615
f 2469/3080/2695 2470/2949/2568 2466/2950/2569 2465/2998/2617
f 927/990/1007 2435/3081/2696 2615/3082/2697 926/991/1008
f 2435/3081/2696 2436/3083/2698 2616/3084/2699 2615/3082/2697
f 2436/3083/2698 2437/3085/2700 2617/3086/2701 2616/3084/2699
f 2437/3085/2700 2438/2948/2529 2618/2947/2567 2617/3086/2701
f 926/991/1008 2615/3082/2697 2607/3087/2702 925/996/1013
f 2615/3082/2697 2616/3084/2699 2608/3088/2703 2607/3087/2702
f 2616/3084/2699 2617/3086/2701 2609/3089/2704 2608/3088/2703
f 2617/3086/2701 2618/2947/2567 2610/2946/2566 2609/3089/2704
f 925/996/1013 2607/3087/2702 2599/3090/2705 924/997/1014
f 2607/3087/2702 2608/3088/2703 2600/3091/2706 2599/3090/2705
f 2608/3088/2703 2609/3089/2704 2601/3092/2707 2600/3091/2706
f 2609/3089/2704 2610/2946/2566 2602/2945/2565 2601/3092/2707
f 924/997/1014 2599/3090/2705 2431/3093/2708 923/1283/1231
f 2599/3090/2705 2600/3091/2706 2432/3094/2709 2431/3093/2708
f 2600/3091/2706 2601/3092/2707 2433/3095/2710 2432/3094/2709
f 2601/3092/2707 2602/2945/2565 2434/2923/2541 2433/3095/2710
f 921/1003/1020 2427/2983/2602 2423/3096/2711 920/1008/1025
f 2427/2983/2602 2428/2985/2604 2424/3097/2712 2423/3096/2711
f 2428/2985/2604 2429/2987/2606 2425/3098/2713 2424/3097/2712
f 2429/2987/2606 2430/2944/2564 2426/2943/2563 2425/3098/2713
f 920/1008/1025 2423/3096/2711 2419/3099/2714 919/1009/1026
f 2423/3096/2711 2424/3097/2712 2420/3100/2715 2419/3099/2714
f 2424/3097/2712 2425/3098/2713 2421/3101/2716 2420/3100/2715
f 2425/3098/2713 2426/2943/2563 2422/2942/2562 2421/3101/2716
f 919/1009/1026 2419/3099/2714 2415/3102/2717 918/1282/1230
f 2419/3099/2714 2420/3100/2715 2416/3103/2718 2415/3102/2717
f 2420/3100/2715 2421/3101/2716 2417/3104/2719 2416/3103/2718
f 2421/3101/2716 2422/2942/2562 2418/2941/2561 2417/3104/2719
f 918/1282/1230 2415/3102/2717 2411/3105/2720 917/1015/1031
f 2415/3102/2717 2416/3103/2718 2412/3106/2721 2411/3105/2720
f 2416/3103/2718 2417/3104/2719 2413/3107/2722 2412/3106/2721
f 2417/3104/2719 2418/2941/2561 2414/2940/2560 2413/3107/2722
f 917/1015/1031 2411/3105/2720 2407/3108/2723 916/1016/1032
f 2411/3105/2720 2412/3106/2721 2408/3109/2724 2407/3108/2723
f 2412/3106/2721 2413/3107/2722 2409/3110/2725 2408/3109/2724
f 2413/3107/2722 2414/2940/2560 2410/2939/2559 2409/3110/2725
f 916/1016/1032 2407/3108/2723 2403/3111/2726 915/1022/1037
f 2407/3108/2723 2408/3109/2724 2404/3112/2727 2403/3111/2726
f 2408/3109/2724 2409/3110/2725 2405/3113/2728 2404/3112/2727
f 2409/3110/2725 2410/2939/2559 2406/2938/2558 2405/3113/2728
f 915/1022/1037 2403/3111/2726 2399/3114/2729 914/1023/1038
f 2403/3111/2726 2404/3112/2727 2400/3115/2730 2399/3114/2729
f 2404/3112/2727 2405/3113/2728 2401/3116/2731 2400/3115/2730
f 2405/3113/2728 2406/2938/2558 2402/2937/2557 2401/3116/2731
f 914/1023/1038 2399/3114/2729 2395/3117/2732 913/1281/1229
f 2399/3114/2729 2400/3115/2730 2396/3118/2733 2395/3117/2732
f 2400/3115/2730 2401/3116/2731 2397/3119/2734 2396/3118/2733
f 2401/3116/2731 2402/2937/2557 2398/2936/2556 2397/3119/2734
f 913/1281/1229 2395/3117/2732 2391/3120/2735 912/1029/1044
f 2395/3117/2732 2396/3118/2733 2392/3121/2736 2391/3120/2735
f 2396/3118/2733 2397/3119/2734 2393/3122/2737 2392/3121/2736
f 2397/3119/2734 2398/2936/2556 2394/2935/2555 2393/3122/2737
f 906/1043/1058 2591/3123/2738 2595/3124/2739 905/1048/1063
f 2591/3123/2738 2592/3125/2740 2596/3126/2741 2595/3124/2739
f 2592/3125/2740 2593/3127/2742 2597/3128/2743 2596/3126/2741
f 2593/3127/2742 2594/2912/2531 2598/2927/2547 2597/3128/2743
f 912/1029/1044 2391/3120/2735 2387/3129/2744 911/1030/1045
f 2391/3120/2735 2392/3121/2736 2388/3130/2745 2387/3129/2744
f 2392/3121/2736 2393/3122/2737 2389/3131/2746 2388/3130/2745
f 2393/3122/2737 2394/2935/2555 2390/2934/2554 2389/3131/2746
f 911/1030/1045 2387/3129/2744 2619/3132/2747 910/1035/1050
f 2387/3129/2744 2388/3130/2745 2620/3133/2748 2619/3132/2747
f 2388/3130/2745 2389/3131/2746 2621/3134/2749 2620/3133/2748
f 2389/3131/2746 2390/2934/2554 2622/2929/2549 2621/3134/2749
f 901/1056/1071 2379/3135/2750 2375/3136/2751 900/1061/1076
f 2379/3135/2750 2380/3137/2752 2376/3138/2753 2375/3136/2751
f 2380/3137/2752 2381/3139/2754 2377/3140/2755 2376/3138/2753
f 2381/3139/2754 2382/2922/2540 2378/2932/2552 2377/3140/2755
f 900/1061/1076 2375/3136/2751 2371/3000/2619 899/1062/1077
f 2375/3136/2751 2376/3138/2753 2372/3001/2620 2371/3000/2619
f 2376/3138/2753 2377/3140/2755 2373/3002/2621 2372/3001/2620
f 2377/3140/2755 2378/2932/2552 2374/2933/2553 2373/3002/2621
f 896/1500/1436 2567/3004/2622 2563/2976/2595 833/908/935
f 2567/3004/2622 2568/3006/2624 2564/2981/2600 2563/2976/2595
f 2568/3006/2624 2569/3008/2626 2565/2979/2598 2564/2981/2600
f 2569/3008/2626 2570/2930/2550 2566/2931/2551 2565/2979/2598
f 910/1035/1050 2619/3132/2747 2575/3141/2756 909/1036/1051
f 2619/3132/2747 2620/3133/2748 2576/3142/2757 2575/3141/2756
f 2620/3133/2748 2621/3134/2749 2577/3143/2758 2576/3142/2757
f 2621/3134/2749 2622/2929/2549 2578/2925/2545 2577/3143/2758
f 903/1279/1227 2587/3144/2759 2383/3145/2760 902/1055/1070
f 2587/3144/2759 2588/3146/2761 2384/3147/2762 2383/3145/2760
f 2588/3146/2761 2589/3148/2763 2385/3149/2764 2384/3147/2762
f 2589/3148/2763 2590/2364/2266 2386/2921/2539 2385/3149/2764
f 934/969/988 2583/2995/2614 2459/3150/2765 933/1290/1235
f 2583/2995/2614 2584/2997/2616 2460/3151/2766 2459/3150/2765
f 2584/2997/2616 2585/2999/2618 2461/3152/2767 2460/3151/2766
f 2585/2999/2618 2586/2928/2548 2462/2904/2523 2461/3152/2767
f 905/1048/1063 2595/3124/2739 2571/3153/2768 904/1049/1064
f 2595/3124/2739 2596/3126/2741 2572/3154/2769 2571/3153/2768
f 2596/3126/2741 2597/3128/2743 2573/3155/2770 2572/3154/2769
f 2597/3128/2743 2598/2927/2547 2574/2363/2265 2573/3155/2770
f 909/1036/1051 2575/3141/2756 2611/2988/2607 908/1280/1228
f 2575/3141/2756 2576/3142/2757 2612/2990/2609 2611/2988/2607
f 2576/3142/2757 2577/3143/2758 2613/2992/2611 2612/2990/2609
f 2577/3143/2758 2578/2925/2545 2614/2926/2546 2613/2992/2611
f 923/1283/1231 2431/3093/2708 2579/2982/2601 922/1002/1019
f 2431/3093/2708 2432/3094/2709 2580/2984/2603 2579/2982/2601
f 2432/3094/2709 2433/3095/2710 2581/2986/2605 2580/2984/2603
f 2433/3095/2710 2434/2923/2541 2582/2924/2542 2581/2986/2605
f 902/1055/1070 2383/3145/2760 2379/3135/2750 901/1056/1071
f 2383/3145/2760 2384/3147/2762 2380/3137/2752 2379/3135/2750
f 2384/3147/2762 2385/3149/2764 2381/3139/2754 2380/3137/2752
f 2385/3149/2764 2386/2921/2539 2382/2922/2540 2381/3139/2754
f 907/1042/1057 2603/2989/2608 2591/3123/2738 906/1043/1058
f 2603/2989/2608 2604/2991/2610 2592/3125/2740 2591/3123/2738
f 2604/2991/2610 2605/2993/2612 2593/3127/2742 2592/3125/2740
f 2605/2993/2612 2606/2911/2530 2594/2912/2531 2593/3127/2742
f 928/1284/1232 2439/3156/2771 2435/3157/2696 927/1285/1007
f 2439/3156/2771 2440/3158/2772 2436/3159/2698 2435/3157/2696
f 2440/3158/2772 2441/3160/2773 2437/3161/2700 2436/3159/2698
f 2441/3160/2773 2442/2909/2528 2438/2910/2529 2437/3161/2700
f 929/983/1001 2443/3162/2774 2439/3156/2771 928/1284/1232
f 2443/3162/2774 2444/3163/2775 2440/3158/2772 2439/3156/2771
f 2444/3163/2775 2445/3164/2776 2441/3160/2773 2440/3158/2772
f 2445/3164/2776 2446/2908/2527 2442/2909/2528 2441/3160/2773
f 930/982/1000 2447/3165/2777 2443/3162/2774 929/983/1001
f 2447/3165/2777 2448/3166/2778 2444/3163/2775 2443/3162/2774
f 2448/3166/2778 2449/3167/2779 2445/3164/2776 2444/3163/2775
f 2449/3167/2779 2450/2907/2526 2446/2908/2527 2445/3164/2776
f 931/977/995 2451/3168/2780 2447/3165/2777 930/982/1000
f 2451/3168/2780 2452/3169/2781 2448/3166/2778 2447/3165/2777
f 2452/3169/2781 2453/3170/2782 2449/3167/2779 2448/3166/2778
f 2453/3170/2782 2454/2906/2525 2450/2907/2526 2449/3167/2779
f 932/976/994 2455/3171/2783 2451/3168/2780 931/977/995
f 2455/3171/2783 2456/3172/2784 2452/3169/2781 2451/3168/2780
f 2456/3172/2784 2457/3173/2785 2453/3170/2782 2452/3169/2781
f 2457/3173/2785 2458/2905/2524 2454/2906/2525 2453/3170/2782
f 933/1290/1235 2459/3150/2765 2455/3171/2783 932/976/994
f 2459/3150/2765 2460/3151/2766 2456/3172/2784 2455/3171/2783
f 2460/3151/2766 2461/3152/2767 2457/3173/2785 2456/3172/2784
f 2461/3152/2767 2462/2904/2523 2458/2905/2524 2457/3173/2785
f 904/1049/1064 2571/3153/2768 2587/3144/2759 903/1279/1227
f 2571/3153/2768 2572/3154/2769 2588/3146/2761 2587/3144/2759
f 2572/3154/2769 2573/3155/2770 2589/3148/2763 2588/3146/2761
f 2573/3155/2770 2574/2363/2265 2590/2364/2266 2589/3148/2763
f 678/681/355 683/842/353 861/1006/1023 862/1286/1233
f 2112/2392/2287 3113/3174/2786 3111/3175/2786
f 2623/2386/2281 3117/3176/2787 3116/3177/2788
f 2115/2673/2500 3120/2682/2509 3122/3178/2509
f 2120/1594/1526 3124/2889/2509 3126/3179/2509
f 3129/3180/2789 3131/3181/2789 2147/1609/1541
f 2090/1638/1569 3132/3182/2790 3133/3183/2790
f 2091/2445/2328 2089/2448/2330 3137/3184/2790
f 1735/2201/2108 1736/2200/2107 2633/3185/2791 2632/3186/2792
f 1791/2195/2103 1728/2185/2093 2625/3187/2793 2688/3188/2794
f 1761/2190/2098 1762/2189/2097 2659/3189/2795 2658/3190/2796
f 1732/2193/2101 1733/2192/2100 2630/3191/2797 2629/3192/2798
f 1788/2208/2115 1789/2207/2114 2686/3193/2799 2685/3194/2800
f 1777/2229/2135 1778/2172/2080 2675/3195/2801 2674/3196/2802
f 1740/2210/2117 1741/2209/2116 2638/3197/2803 2637/3198/2804
f 1786/2203/2110 1787/2202/2109 2684/3199/2805 2683/3200/2806
f 1785/2222/2128 1786/2203/2110 2683/3200/2806 2682/3201/2807
f 1749/2179/2087 1750/2166/2074 2647/3202/2808 2646/3203/2809
f 1758/2197/2104 1759/2196/2086 2656/3204/2810 2655/3205/2811
f 1734/2215/2121 1735/2201/2108 2632/3186/2792 2631/3206/2812
f 1780/2181/2089 1781/2168/2076 2678/3207/2813 2677/3208/2814
f 1748/2180/2088 1749/2179/2087 2646/3203/2809 2645/3209/2815
f 1728/2185/2093 1729/2184/2092 2626/3210/2816 2625/3187/2793
f 1737/2206/2113 1738/2199/2106 2635/3211/2817 2634/3212/2818
f 1767/2174/2082 1768/2173/2081 2665/3213/2819 2664/3214/2820
f 1778/2172/2080 1779/2171/2079 2676/3215/2821 2675/3195/2801
f 1736/2200/2107 1737/2206/2113 2634/3212/2818 2633/3185/2791
f 1782/2167/2075 1783/2186/2094 2680/3216/2822 2679/3217/2823
f 1747/2191/2099 1748/2180/2088 2645/3209/2815 2644/3218/2824
f 1773/2227/2133 1774/2230/2136 2671/3219/2825 2670/3220/2826
f 1790/2214/2120 1791/2213/2103 2688/3221/2794 2687/3222/2827
f 1768/2173/2081 1769/2224/2130 2666/3223/2828 2665/3213/2819
f 1750/2166/2074 1751/2165/2073 2648/3224/2829 2647/3202/2808
f 1772/2228/2134 1773/2227/2133 2670/3220/2826 2669/3225/2830
f 1783/2186/2094 1784/2194/2102 2681/3226/2831 2680/3216/2822
f 1745/2217/2123 1746/2221/2127 2643/3227/2832 2642/3228/2833
f 1784/2194/2102 1785/2222/2128 2682/3201/2807 2681/3226/2831
f 1781/2168/2076 1782/2167/2075 2679/3217/2823 2678/3207/2813
f 1770/2223/2129 1771/2225/2131 2668/3229/2834 2667/3230/2835
f 1776/2219/2125 1777/2229/2135 2674/3196/2802 2673/3231/2836
f 1774/2230/2136 1775/2220/2126 2672/3232/2837 2671/3219/2825
f 1787/2202/2109 1788/2208/2115 2685/3194/2800 2684/3199/2805
f 1766/2169/2077 1767/2174/2082 2664/3214/2820 2663/3233/2838
f 1764/2216/2122 1765/2170/2078 2662/3234/2839 2661/3235/2840
f 1760/2177/2085 1761/2190/2098 2658/3190/2796 2657/3236/2841
f 1733/2192/2100 1734/2215/2121 2631/3206/2812 2630/3191/2797
f 1751/2165/2073 1752/2176/2084 2649/3237/2842 2648/3224/2829
f 1762/2189/2097 1763/2211/2118 2660/3238/2843 2659/3189/2795
f 1752/2176/2084 1753/2175/2083 2650/3239/2844 2649/3237/2842
f 1757/2187/2095 1758/2197/2104 2655/3205/2811 2654/3240/2845
f 1753/2175/2083 1754/2183/2091 2651/3241/2846 2650/3239/2844
f 1756/2188/2096 1757/2187/2095 2654/3240/2845 2653/3242/2847
f 1771/2225/2131 1772/2228/2134 2669/3225/2830 2668/3229/2834
f 1775/2220/2126 1776/2219/2125 2673/3231/2836 2672/3232/2837
f 1754/2183/2091 1755/2182/2090 2652/3243/2848 2651/3241/2846
f 1741/2209/2116 1742/2212/2119 2639/3244/2849 2638/3197/2803
f 1789/2207/2114 1790/2214/2120 2687/3222/2827 2686/3193/2799
f 1731/2205/2112 1732/2193/2101 2629/3192/2798 2628/3245/2850
f 1729/2184/2092 1730/2204/2111 2627/3246/2851 2626/3210/2816
f 1755/2182/2090 1756/2188/2096 2653/3242/2847 2652/3243/2848
f 1738/2199/2106 1739/2198/2105 2636/3247/2852 2635/3211/2817
f 1779/2171/2079 1780/2181/2089 2677/3208/2814 2676/3215/2821
f 1743/2226/2132 1744/2218/2124 2641/3248/2853 2640/3249/2854
f 1759/2178/2086 1760/2177/2085 2657/3236/2841 2656/3250/2810
f 1763/2211/2118 1764/2216/2122 2661/3235/2840 2660/3238/2843
f 1765/2170/2078 1766/2169/2077 2663/3233/2838 2662/3234/2839
f 1742/2212/2119 1743/2226/2132 2640/3249/2854 2639/3244/2849
f 1746/2221/2127 1747/2191/2099 2644/3218/2824 2643/3227/2832
f 1739/2198/2105 1740/2210/2117 2637/3198/2804 2636/3247/2852
f 1744/2218/2124 1745/2217/2123 2642/3228/2833 2641/3248/2853
f 1769/2224/2130 1770/2223/2129 2667/3230/2835 2666/3223/2828
f 1730/2204/2111 1731/2205/2112 2628/3245/2850 2627/3246/2851
f 2647/3202/2808 2648/3224/2829 2712/3251/2855 2711/3252/2856
f 2643/3227/2832 2644/3218/2824 2708/3253/2857 2707/3254/2858
f 2671/3219/2825 2672/3232/2837 2736/3255/2859 2735/3256/2860
f 2641/3248/2853 2642/3228/2833 2706/3257/2861 2705/3258/2862
f 2630/3191/2797 2631/3206/2812 2695/3259/2863 2694/3260/2864
f 2632/3186/2792 2633/3185/2791 2697/3261/2865 2696/3262/2866
f 2666/3223/2828 2667/3230/2835 2731/3263/2867 2730/3264/2868
f 2631/3206/2812 2632/3186/2792 2696/3262/2866 2695/3259/2863
f 2629/3192/2798 2630/3191/2797 2694/3260/2864 2693/3265/2869
f 2658/3190/2796 2659/3189/2795 2723/3266/2870 2722/3267/2871
f 2625/3187/2793 2626/3210/2816 2690/3268/2872 2689/3269/2873
f 2637/3198/2804 2638/3197/2803 2702/3270/2874 2701/3271/2875
f 2674/3196/2802 2675/3195/2801 2739/3272/2876 2738/3273/2877
f 2644/3218/2824 2645/3209/2815 2709/3274/2878 2708/3253/2857
f 2646/3203/2809 2647/3202/2808 2711/3252/2856 2710/3275/2879
f 2655/3205/2811 2656/3204/2810 2720/3276/2880 2719/3277/2881
f 2665/3213/2819 2666/3223/2828 2730/3264/2868 2729/3278/2882
f 2664/3214/2820 2665/3213/2819 2729/3278/2882 2728/3279/2883
f 2679/3217/2823 2680/3216/2822 2744/3280/2884 2743/3281/2885
f 2681/3226/2831 2682/3201/2807 2746/3282/2886 2745/3283/2887
f 2670/3220/2826 2671/3219/2825 2735/3256/2860 2734/3284/2888
f 2642/3228/2833 2643/3227/2832 2707/3254/2858 2706/3257/2861
f 2645/3209/2815 2646/3203/2809 2710/3275/2879 2709/3274/2878
f 2678/3207/2813 2679/3217/2823 2743/3281/2885 2742/3285/2889
f 2639/3244/2849 2640/3249/2854 2704/3286/2890 2703/3287/2891
f 2633/3185/2791 2634/3212/2818 2698/3288/2892 2697/3261/2865
f 2684/3199/2805 2685/3194/2800 2749/3289/2893 2748/3290/2894
f 2636/3247/2852 2637/3198/2804 2701/3271/2875 2700/3291/2895
f 2687/3222/2827 2688/3221/2794 2752/3292/2896 2751/3293/2897
f 2648/3224/2829 2649/3237/2842 2713/3294/2898 2712/3251/2855
f 2627/3246/2851 2628/3245/2850 2692/3295/2899 2691/3296/2900
f 2680/3216/2822 2681/3226/2831 2745/3283/2887 2744/3280/2884
f 2654/3240/2845 2655/3205/2811 2719/3277/2881 2718/3297/2901
f 2688/3188/2794 2625/3187/2793 2689/3269/2873 2752/3298/2896
f 2673/3231/2836 2674/3196/2802 2738/3273/2877 2737/3299/2902
f 2672/3232/2837 2673/3231/2836 2737/3299/2902 2736/3255/2859
f 2685/3194/2800 2686/3193/2799 2750/3300/2903 2749/3289/2893
f 2663/3233/2838 2664/3214/2820 2728/3279/2883 2727/3301/2904
f 2686/3193/2799 2687/3222/2827 2751/3293/2897 2750/3300/2903
f 2683/3200/2806 2684/3199/2805 2748/3290/2894 2747/3302/2905
f 2657/3236/2841 2658/3190/2796 2722/3267/2871 2721/3303/2906
f 2677/3208/2814 2678/3207/2813 2742/3285/2889 2741/3304/2907
f 2649/3237/2842 2650/3239/2844 2714/3305/2908 2713/3294/2898
f 2675/3195/2801 2676/3215/2821 2740/3306/2909 2739/3272/2876
f 2650/3239/2844 2651/3241/2846 2715/3307/2910 2714/3305/2908
f 2669/3225/2830 2670/3220/2826 2734/3284/2888 2733/3308/2911
f 2668/3229/2834 2669/3225/2830 2733/3308/2911 2732/3309/2912
f 2667/3230/2835 2668/3229/2834 2732/3309/2912 2731/3263/2867
f 2638/3197/2803 2639/3244/2849 2703/3287/2891 2702/3270/2874
f 2661/3235/2840 2662/3234/2839 2726/3310/2913 2725/3311/2914
f 2628/3245/2850 2629/3192/2798 2693/3265/2869 2692/3295/2899
f 2659/3189/2795 2660/3238/2843 2724/3312/2915 2723/3266/2870
f 2652/3243/2848 2653/3242/2847 2717/3313/2916 2716/3314/2917
f 2653/3242/2847 2654/3240/2845 2718/3297/2901 2717/3313/2916
f 2676/3215/2821 2677/3208/2814 2741/3304/2907 2740/3306/2909
f 2651/3241/2846 2652/3243/2848 2716/3314/2917 2715/3307/2910
f 2640/3249/2854 2641/3248/2853 2705/3258/2862 2704/3286/2890
f 2626/3210/2816 2627/3246/2851 2691/3296/2900 2690/3268/2872
f 2660/3238/2843 2661/3235/2840 2725/3311/2914 2724/3312/2915
f 2635/3211/2817 2636/3247/2852 2700/3291/2895 2699/3315/2918
f 2682/3201/2807 2683/3200/2806 2747/3302/2905 2746/3282/2886
f 2656/3250/2810 2657/3236/2841 2721/3303/2906 2720/3316/2880
f 2634/3212/2818 2635/3211/2817 2699/3315/2918 2698/3288/2892
f 2662/3234/2839 2663/3233/2838 2727/3301/2904 2726/3310/2913
f 2730/3317/2868 2731/3318/2867 2799/3319/2919 2760/3320/2920
f 2695/3321/2863 2696/3322/2866 2754/3323/2921 2753/3324/2922
f 2693/3325/2869 2694/3326/2864 2798/3327/2923 2783/3328/2924
f 2722/3329/2871 2723/3330/2870 2800/3331/2925 2774/3332/2926
f 2689/3333/2873 2690/3334/2872 2756/3335/2927 2755/3336/2928
f 2701/3337/2875 2702/3338/2874 2780/3339/2929 2808/3340/2930
f 2738/3341/2877 2739/3342/2876 2801/3343/2931 2770/3344/2932
f 2708/3345/2857 2709/3346/2878 2758/3347/2933 2757/3348/2934
f 2710/3349/2879 2711/3350/2856 2794/3351/2935 2763/3352/2936
f 2719/3353/2881 2720/3354/2880 2803/3355/2937 2802/3356/2938
f 2729/3357/2882 2730/3317/2868 2760/3320/2920 2759/3358/2939
f 2728/3359/2883 2729/3357/2882 2759/3358/2939 2772/3360/2940
f 2743/3361/2885 2744/3362/2884 2768/3363/2941 2804/3364/2942
f 2745/3365/2887 2746/3366/2886 2762/3367/2943 2761/3368/2944
f 2734/3369/2888 2735/3370/2860 2796/3371/2945 2814/3372/2946
f 2706/3373/2861 2707/3374/2858 2806/3375/2947 2805/3376/2948
f 2709/3346/2878 2710/3349/2879 2763/3352/2936 2758/3347/2933
f 2742/3377/2889 2743/3361/2885 2804/3364/2942 2813/3378/2949
f 2703/3379/2891 2704/3380/2890 2788/3381/2950 2781/3382/2951
f 2697/3383/2865 2698/3384/2892 2765/3385/2952 2764/3386/2953
f 2748/3387/2894 2749/3388/2893 2810/3389/2954 2812/3390/2955
f 2700/3391/2895 2701/3337/2875 2808/3340/2930 2807/3392/2956
f 2751/3393/2897 2752/3394/2896 2767/3395/2957 2766/3396/2958
f 2712/3397/2855 2713/3398/2898 2775/3399/2959 2795/3400/2960
f 2691/3401/2900 2692/3402/2899 2782/3403/2961 2809/3404/2962
f 2744/3362/2884 2745/3365/2887 2761/3368/2944 2768/3363/2941
f 2718/3405/2901 2719/3353/2881 2802/3356/2938 2816/3406/2963
f 2752/3407/2896 2689/3333/2873 2755/3336/2928 2767/3408/2957
f 2737/3409/2902 2738/3341/2877 2770/3344/2932 2769/3410/2964
f 2736/3411/2859 2737/3409/2902 2769/3410/2964 2797/3412/2965
f 2749/3388/2893 2750/3413/2903 2811/3414/2966 2810/3389/2954
f 2727/3415/2904 2728/3359/2883 2772/3360/2940 2771/3416/2967
f 2750/3413/2903 2751/3393/2897 2766/3396/2958 2811/3414/2966
f 2747/3417/2905 2748/3387/2894 2812/3390/2955 2792/3418/2968
f 2721/3419/2906 2722/3329/2871 2774/3332/2926 2773/3420/2969
f 2741/3421/2907 2742/3377/2889 2813/3378/2949 2787/3422/2970
f 2713/3398/2898 2714/3423/2908 2776/3424/2971 2775/3399/2959
f 2739/3342/2876 2740/3425/2909 2786/3426/2972 2801/3343/2931
f 2714/3423/2908 2715/3427/2910 2777/3428/2973 2776/3424/2971
f 2733/3429/2911 2734/3369/2888 2814/3372/2946 2779/3430/2974
f 2732/3431/2912 2733/3429/2911 2779/3430/2974 2778/3432/2975
f 2731/3318/2867 2732/3431/2912 2778/3432/2975 2799/3319/2919
f 2702/3338/2874 2703/3379/2891 2781/3382/2951 2780/3339/2929
f 2725/3433/2914 2726/3434/2913 2815/3435/2976 2791/3436/2977
f 2692/3402/2899 2693/3325/2869 2783/3328/2924 2782/3403/2961
f 2723/3330/2870 2724/3437/2915 2790/3438/2978 2800/3331/2925
f 2716/3439/2917 2717/3440/2916 2785/3441/2979 2784/3442/2980
f 2717/3440/2916 2718/3405/2901 2816/3406/2963 2785/3441/2979
f 2740/3425/2909 2741/3421/2907 2787/3422/2970 2786/3426/2972
f 2715/3427/2910 2716/3439/2917 2784/3442/2980 2777/3428/2973
f 2704/3380/2890 2705/3443/2862 2789/3444/2981 2788/3381/2950
f 2690/3334/2872 2691/3401/2900 2809/3404/2962 2756/3335/2927
f 2724/3437/2915 2725/3433/2914 2791/3436/2977 2790/3438/2978
f 2699/3445/2918 2700/3391/2895 2807/3392/2956 2793/3446/2982
f 2746/3366/2886 2747/3417/2905 2792/3418/2968 2762/3367/2943
f 2720/3447/2880 2721/3419/2906 2773/3420/2969 2803/3448/2937
f 2698/3384/2892 2699/3445/2918 2793/3446/2982 2765/3385/2952
f 2726/3434/2913 2727/3415/2904 2771/3416/2967 2815/3435/2976
f 2711/3350/2856 2712/3397/2855 2795/3400/2960 2794/3351/2935
f 2707/3374/2858 2708/3345/2857 2757/3348/2934 2806/3375/2947
f 2735/3370/2860 2736/3411/2859 2797/3412/2965 2796/3371/2945
f 2705/3443/2862 2706/3373/2861 2805/3376/2948 2789/3444/2981
f 2694/3326/2864 2695/3321/2863 2753/3324/2922 2798/3327/2923
f 2696/3322/2866 2697/3383/2865 2764/3386/2953 2754/3323/2921
f 2151/2566/2415 3143/3449/2983 3142/3450/2983
f 2152/1613/1545 3147/3451/2983 3144/3452/2983
f 2869/3453/2336 2870/2456/2336 2093/2442/2326
f 2093/2442/2326 2092/2446/2329 2871/3454/2336
f 2092/2446/2329 1825/2457/2338 2873/2459/2336
f 2093/2442/2326 2871/3454/2336 2869/3453/2336
f 2094/2455/2337 2872/2454/2336 2868/3455/2336
f 2094/2455/2337 2868/3455/2336 2866/3456/2984
f 2871/3454/2336 2092/2446/2329 2873/2459/2336
f 1827/2467/2342 2094/2455/2337 2866/3456/2984 1825/2457/2338 2086/2461/2340
f 1825/2457/2338 2866/3456/2984 2867/2458/2336
f 2858/3457/2327 2860/3458/2327 2092/2446/2329
f 2093/2442/2326 1822/2451/2333 2865/2443/2327
f 2091/2445/2328 2862/3459/2327 2863/2466/2327
f 1822/2451/2333 2863/2466/2327 2865/2443/2327
f 2858/3457/2327 2092/2446/2329 2093/2442/2326
f 2859/2444/2327 2858/3457/2327 2093/2442/2326
f 2864/3460/2327 2862/3459/2327 2091/2445/2328
f 2092/2446/2329 2860/3458/2327 2861/2447/2327
f 2861/2447/2327 2864/3460/2327 2091/2445/2328
f 3138/3461/2790 3132/3182/2790 2090/1638/1569
f 2088/1639/1570 3136/3462/2790 3134/3463/2790
f 2089/2448/2330 2088/1639/1570 3134/3463/2790
f 3138/3461/2790 2090/1638/1569 2091/2445/2328
f 3139/3464/2790 3138/3461/2790 2091/2445/2328
f 2089/2448/2330 3134/3463/2790 3135/3465/2790
f 3137/3184/2790 3139/3464/2790 2091/2445/2328
f 2089/2448/2330 3135/3465/2790 3137/3184/2790
f 3133/3183/2790 3136/3466/2790 2088/1639/1570
f 2088/1639/1570 2090/1638/1569 3133/3183/2790
f 2855/2436/2322 2852/3467/2322 2099/2440/2324
f 2099/2440/2324 2098/2433/2320 2855/2436/2322
f 2098/2433/2320 2097/2432/2319 2853/3468/2322
f 2097/2432/2319 1820/2437/2323 2857/2439/2322
f 2854/3469/2322 2097/2432/2319 2857/2439/2322
f 2099/2440/2324 2852/3467/2322 2850/3470/2322
f 2099/2440/2324 2850/3470/2322 1820/2437/2323
f 2850/3470/2322 2851/2438/2322 1820/2437/2323
f 2853/3468/2322 2856/2435/2322 2098/2433/2320
f 2854/3469/2322 2853/3468/2322 2097/2432/2319
f 2843/3471/2314 2847/3472/2985 1817/2428/2315
f 1817/2428/2315 1815/2423/2311 2843/3471/2314
f 1815/2423/2311 2096/2415/2306 2845/3473/2314
f 2845/3473/2314 2096/2415/2306 2844/2427/2314
f 2100/2425/2313 2849/2431/2318 2842/3474/2986
f 2096/2415/2306 2100/2425/2313 2842/3474/2986
f 2845/3473/2314 2843/3471/2314 1815/2423/2311
f 2096/2415/2306 2842/3474/2986 2846/2426/2314
f 2849/2431/2318 2100/2425/2313 2097/2432/2319
f 2097/2432/2319 2098/2433/2320 2847/3472/2985
f 2098/2433/2320 1817/2428/2315 2847/3472/2985
f 2097/2432/2319 2847/3472/2985 2848/2430/2317
f 2096/2415/2306 2095/2420/2308 2841/2416/2307
f 1812/1644/1575 1814/1643/1574 2837/3475/2307
f 1814/1643/1574 2096/2415/2306 2834/3476/2307
f 2836/3477/2307 1814/1643/1574 2834/3476/2307
f 2096/2415/2306 2835/2417/2307 2834/3476/2307
f 2839/3478/2307 2841/2416/2307 2095/2420/2308
f 2838/2419/2307 2839/3478/2307 2095/2420/2308
f 1814/1643/1574 2836/3477/2307 2837/3475/2307
f 2838/2419/2307 2095/2420/2308 1812/1644/1575
f 1812/1644/1575 2837/3475/2307 2840/2418/2307
f 2830/3479/2303 2829/3480/2303 2103/2400/2295
f 2103/2400/2295 1811/2408/2302 2833/2410/2303
f 2830/3479/2303 2103/2400/2295 2833/2410/2303
f 2105/2413/2304 2828/3481/2303 2826/3482/2303
f 1811/2408/2302 2105/2413/2304 2826/3482/2303
f 2829/3480/2303 2832/2411/2303 2104/2406/2300
f 2817/2399/2294 2818/3483/2987 2102/2371/2273
f 1811/2408/2302 2826/3482/2303 2827/2409/2303
f 2831/2412/2303 2828/3481/2303 2105/2413/2304
f 2105/2413/2304 2104/2406/2300 2831/2412/2303
f 2829/3480/2303 2104/2406/2300 2103/2400/2295
f 2818/3483/2987 1808/2403/2297 1806/2396/2291
f 1806/2396/2291 2102/2371/2273 2818/3483/2987
f 2102/2371/2273 2106/2405/2299 2819/2398/2293
f 3089/3484/2988 2114/2389/2284 3088/3485/2516
f 2103/2400/2295 2104/2406/2300 2822/3486/2296
f 2104/2406/2300 1808/2403/2297 2823/3487/2296
f 2103/2400/2295 2822/3486/2296 2820/2401/2296
f 1808/2403/2297 2818/3483/2987 2824/3488/2296
f 1808/2403/2297 2824/3488/2296 2823/3487/2296
f 2114/2389/2284 2110/2387/2282 3092/2893/2516
f 2821/2402/2296 2825/3489/2296 2106/2405/2299
f 2823/3487/2296 2822/3486/2296 2104/2406/2300
f 2821/2402/2296 2106/2405/2299 2103/2400/2295
f 2825/3489/2296 2819/2398/2293 2106/2405/2299
f 3088/3485/2516 2114/2389/2284 3092/2893/2516
f 2110/2387/2282 2623/2386/2281 3086/2892/2516
f 2623/2386/2281 2111/2385/2280 3087/3490/2516
f 2111/2385/2280 3090/3491/2988 3091/3492/2989
f 2111/2385/2280 3091/3492/2989 3087/3490/2516
f 2623/2386/2281 3087/3490/2516 3086/2892/2516
f 3112/3493/2786 3090/3491/2988 2111/2385/2280
f 2111/2385/2280 1802/2391/2286 3112/3493/2786
f 1802/2391/2286 2112/2392/2287 3111/3175/2786
f 3112/3493/2786 1802/2391/2286 3111/3175/2786
f 2112/2392/2287 2114/2389/2284 3113/3174/2786
f 2114/2389/2284 3089/3484/2988 3113/3174/2786
f 3104/2896/2518 3100/3494/2518 2624/2380/2275
f 2623/2386/2281 3103/3495/2518 3104/2896/2518
f 3101/3496/2518 3103/3495/2518 2623/2386/2281
f 2110/2387/2282 1799/2381/2276 3105/2897/2519
f 1799/2381/2276 2624/2380/2275 3099/3497/2990
f 2624/2380/2275 3100/3494/2518 3098/3498/2518
f 2624/2380/2275 3098/3498/2518 3099/3497/2990
f 3101/3496/2518 2623/2386/2281 2110/2387/2282
f 3102/2898/2518 3101/3496/2518 2110/2387/2282
f 1799/2381/2276 3099/3497/2990 3105/2897/2519
f 3114/3499/2991 3078/2883/2513 2113/1653/1584
f 2624/2380/2275 2108/2379/2274 3079/3500/2992
f 2108/2379/2274 2107/1654/1585 3077/2884/2514
f 3079/3500/2992 2108/2379/2274 3077/2884/2514
f 2107/1654/1585 2113/1653/1584 3078/2883/2513
f 1793/1593/1525 1795/2891/1522 3028/3501/2993
f 2117/2606/2449 1797/2605/2448 3063/2685/2510
f 2113/1653/1584 2109/1652/1583 3118/3502/2994
f 2109/1652/1583 2623/2386/2281 3116/3177/2788
f 2623/2386/2281 2624/2380/2275 3117/3176/2787
f 1797/2605/2448 2119/2367/2269 3066/3503/2510
f 2624/2380/2275 3115/3504/2995 3117/3176/2787
f 3118/3502/2994 3114/3499/2991 2113/1653/1584
f 3116/3177/2788 3118/3502/2994 2109/1652/1583
f 3079/3500/2992 3115/3504/2995 2624/2380/2275
f 3068/3505/2510 1797/2605/2448 3066/3503/2510
f 2119/2367/2269 3067/3506/2510 3066/3503/2510
f 3061/3507/2510 3062/3508/2510 2118/2366/2268
f 3061/3507/2510 2118/2366/2268 2117/2606/2449
f 1797/2605/2448 3068/3505/2510 3063/2685/2510
f 3064/2686/2510 3061/3507/2510 2117/2606/2449
f 3067/3506/2510 2119/2367/2269 3065/3509/2510
f 2119/2367/2269 2118/2366/2268 3065/3509/2510
f 3062/3508/2510 3065/3509/2510 2118/2366/2268
f 2118/2683/2268 1794/2677/2504 3027/2650/2483
f 3119/3510/2509 2121/2669/2496 3125/3511/2509
f 3026/2651/2484 3028/3501/2993 2117/2652/2449
f 3121/3512/2509 3123/2888/2509 2116/1592/1524
f 1794/2677/2504 1792/2674/2501 3050/2676/2503
f 3052/3513/2996 1794/2677/2504 3050/2676/2503
f 2115/2673/2500 2116/1592/1524 3085/3514/2997 3051/3515/2503
f 2115/2673/2500 3051/3515/2503 3049/3516/2503
f 2115/2673/2500 3049/3516/2503 3050/2676/2503
f 3028/3501/2993 3085/3514/2997 1793/1593/1525
f 1795/2891/1522 2117/2652/2449 3028/3501/2993
f 2120/1594/1526 3126/3179/2509 3125/3511/2509
f 2116/1592/1524 1793/1593/1525 3085/3514/2997
f 2121/2669/2496 2120/1594/1526 3125/3511/2509
f 1794/2677/2504 3052/3513/2996 3027/2650/2483
f 3121/3512/2509 2116/1592/1524 2115/2673/2500
f 2121/2669/2496 3119/3510/2509 3120/2682/2509
f 3122/3178/2509 3121/3512/2509 2115/2673/2500
f 2120/1594/1526 2116/1592/1524 3124/2889/2509
f 3042/3517/2494 3045/3518/2494 2126/2659/2491
f 1886/2658/2490 2121/2669/2496 3044/2664/2494
f 2121/2669/2496 2127/2670/2497 3041/3519/2494
f 2127/2670/2497 3040/2667/2494 3039/3520/2494
f 2127/2670/2497 3039/3520/2494 3041/3519/2494
f 3042/3517/2494 2126/2659/2491 1886/2658/2490
f 3043/2665/2494 3042/3517/2494 1886/2658/2490
f 2121/2669/2496 3041/3519/2494 3044/2664/2494
f 3040/2667/2494 2127/2670/2497 2126/2659/2491
f 2126/2659/2491 3045/3518/2494 3038/2666/2494
f 3032/3521/2492 3030/2660/2492 2124/2646/2479
f 2124/2646/2479 2123/1597/1529 3033/3522/2492
f 2123/1597/1529 1883/1596/1528 3037/2663/2492
f 3033/3522/2492 2123/1597/1529 3037/2663/2492
f 2125/2657/2489 3030/2660/2492 3035/3523/2492
f 2125/2657/2489 3035/3523/2492 3034/3524/2492
f 3031/3525/2492 3032/3521/2492 2124/2646/2479
f 3033/3522/2492 3031/3525/2492 2124/2646/2479
f 1883/1596/1528 2125/2657/2489 3036/2662/2492
f 2125/2657/2489 3034/3524/2492 3036/2662/2492
f 2134/2645/2478 2138/2640/2474 3023/3526/2475
f 2138/2640/2474 2122/1599/1531 3020/3527/2475
f 3020/3527/2475 2122/1599/1531 3019/2642/2475
f 3022/3528/2998 3029/3529/2999 2123/1597/1529
f 2128/1598/1530 3024/3530/3000 3025/3531/2475
f 2123/1597/1529 2124/2646/2479 3022/3528/2998
f 3023/3526/2475 3022/3528/2998 2134/2645/2478
f 2122/1599/1531 2128/1598/1530 3021/2641/2475
f 2128/1598/1530 3025/3531/2475 3021/2641/2475
f 3020/3527/2475 3023/3526/2475 2138/2640/2474
f 2133/2634/2471 2132/2633/2470 3047/2672/2499
f 2128/1598/1530 2123/1597/1529 3029/3529/2999
f 2124/2646/2479 2134/2645/2478 3022/3528/2998
f 2137/2643/2476 2133/2634/2471 3046/2654/2486
f 2128/1598/1530 3029/3529/2999 3024/3530/3000
f 2132/2633/2470 2138/2640/2474 3048/3532/3001
f 3047/2672/2499 2132/2633/2470 3048/3532/3001
f 2138/2640/2474 3107/2900/2521 3048/3532/3001
f 2138/2640/2474 2134/2645/2478 3110/2899/2520
f 2134/2645/2478 2135/2648/2481 3108/3533/3002
f 3110/2899/2520 2134/2645/2478 3108/3533/3002
f 3017/3534/2472 2132/2633/2470 2131/2625/2463
f 2137/2643/2476 3106/2653/2485 3109/3535/3003
f 2137/2643/2476 3109/3535/3003 2135/2648/2481
f 3109/3535/3003 3108/3533/3002 2135/2648/2481
f 3016/2636/2472 3017/3534/2472 2131/2625/2463
f 3011/3536/2472 3012/2635/2472 2131/2625/2463
f 2130/1601/1533 1881/1600/1532 3018/2637/2472
f 1881/1600/1532 2132/2633/2470 3015/3537/2472
f 2132/2633/2470 3017/3534/2472 3014/3538/2472
f 2132/2633/2470 3014/3538/2472 3015/3537/2472
f 3011/3536/2472 2131/2625/2463 2130/1601/1533
f 3013/2638/2472 3011/3536/2472 2130/1601/1533
f 1881/1600/1532 3015/3537/2472 3018/2637/2472
f 3010/3539/3004 3007/3540/3005 2136/1602/1534
f 2143/2624/2462 2145/2609/2452 3004/3541/2466
f 3006/3542/3006 2143/2624/2462 3004/3541/2466
f 2145/2609/2452 2993/3543/2453 2989/2610/2453
f 2136/1602/1534 3007/3540/3005 3005/2628/2466
f 2129/1603/1535 2136/1602/1534 3005/2628/2466
f 3003/2629/2466 3004/3541/2466 2129/1603/1535
f 3004/3541/2466 2145/2609/2452 2129/1603/1535
f 2992/3544/2453 2993/3543/2453 2145/2609/2452
f 2136/1602/1534 2130/1601/1533 3010/3539/3004
f 2130/1601/1533 2131/2625/2463 3009/2631/2468
f 3010/3539/3004 2130/1601/1533 3008/2630/2467
f 2131/2625/2463 2143/2624/2462 3009/2631/2468
f 1878/2612/2455 1877/2616/2457 2994/2613/2453
f 3009/2631/2468 2143/2624/2462 3006/3542/3006
f 1877/2616/2457 2142/2611/2454 2987/3545/2453
f 2988/3546/2453 1877/2616/2457 2987/3545/2453
f 2142/2611/2454 2989/2610/2453 2987/3545/2453
f 2990/3547/3007 2992/3544/2453 2145/2609/2452
f 1874/2602/2447 2996/3548/2459 3000/2618/2459
f 1877/2616/2457 2988/3546/2453 2994/2613/2453
f 2991/2614/2453 2990/3547/3007 1878/2612/2455
f 2990/3547/3007 2145/2609/2452 2143/2624/2462 1879/2623/2461 1878/2612/2455
f 2995/3549/2459 2996/3548/2459 1874/2602/2447
f 2141/1605/1537 1876/1604/1536 3002/2619/2459
f 1876/1604/1536 2142/2611/2454 2999/3550/2459
f 2142/2611/2454 3001/2622/2459 2998/3551/2459
f 2142/2611/2454 2998/3551/2459 2999/3550/2459
f 2995/3549/2459 1874/2602/2447 2141/1605/1537
f 2997/2620/2459 2995/3549/2459 2141/1605/1537
f 1876/1604/1536 2999/3550/2459 3002/2619/2459
f 2980/3552/2446 2985/3553/2446 2140/2598/2443
f 2139/1606/1538 2986/3554/2446 2981/3555/2446
f 2979/2601/2446 2980/3552/2446 2140/2598/2443
f 2139/1606/1538 2981/3555/2446 2979/2601/2446
f 2983/3556/2446 2986/3554/2446 2141/1605/1537
f 2986/3554/2446 2139/1606/1538 2141/1605/1537
f 2141/1605/1537 1874/2602/2447 2982/2604/2446
f 2983/3556/2446 2141/1605/1537 2982/2604/2446
f 1874/2602/2447 2140/2598/2443 2985/3553/2446
f 1874/2602/2447 2985/3553/2446 2984/2603/2446
f 2970/3557/2428 1867/2593/2438 2972/2581/2428
f 1867/2593/2438 2148/2579/2427 2972/2581/2428
f 2974/3558/2428 2971/2580/2428 2148/2579/2427
f 1872/2584/2429 1870/2594/2439 2973/2582/2428
f 1870/2594/2439 1867/2593/2438 2968/3559/2428
f 2969/3560/2428 1870/2594/2439 2968/3559/2428
f 1867/2593/2438 2970/3557/2428 2968/3559/2428
f 2974/3558/2428 2148/2579/2427 1872/2584/2429
f 2975/2583/2428 2974/3558/2428 1872/2584/2429
f 1870/2594/2439 2969/3560/2428 2973/2582/2428
f 2144/2590/2435 3054/3561/2506 3058/2679/2506
f 3058/2679/2506 3057/3562/2506 1867/2593/2438
f 3053/3563/3008 3054/3561/2506 2144/2590/2435
f 2144/2590/2435 2147/1609/1541 3055/3564/2506
f 2147/1609/1541 1869/1608/1540 3060/2681/2508
f 2144/2590/2435 3055/3564/2506 3053/3563/3008
f 1867/2593/2438 3057/3562/2506 3056/3565/3008
f 1867/2593/2438 3056/3565/3008 3059/2680/2507
f 3055/3564/2506 2147/1609/1541 3060/2681/2508
f 1869/1608/1540 1867/2593/2438 3059/2680/2507
f 2149/1610/1542 3128/3566/3009 2978/3567/3010
f 1865/2587/2432 2154/2571/2420 2976/2596/2441
f 2154/2571/2420 2146/1611/1543 2977/2595/2440
f 2146/1611/1543 2149/1610/1542 2978/3567/3010
f 2977/2595/2440 2146/1611/1543 2978/3567/3010
f 3070/3568/2511 3074/3569/2511 2153/2577/2425
f 1864/2572/2421 3076/3570/2511 3071/3571/2511
f 2149/1610/1542 2147/1609/1541 3131/3181/2789
f 3128/3566/3009 2149/1610/1542 3131/3181/2789
f 2147/1609/1541 2144/2590/2435 3129/3180/2789
f 2144/2590/2435 1865/2587/2432 3130/3572/2789
f 3069/2687/2511 3070/3568/2511 2153/2577/2425
f 1865/2587/2432 3127/3573/3011 3130/3572/2789
f 2144/2590/2435 3130/3572/2789 3129/3180/2789
f 3127/3573/3011 1865/2587/2432 2976/2596/2441
f 1864/2572/2421 3071/3571/2511 3069/2687/2511
f 3075/3574/2511 3076/3570/2511 2154/2571/2420
f 3076/3570/2511 1864/2572/2421 2154/2571/2420
f 2154/2571/2420 2155/2585/2430 3072/2689/2511
f 3075/3574/2511 2154/2571/2420 3072/2689/2511
f 2155/2585/2430 2153/2577/2425 3074/3569/2511
f 2155/2585/2430 3074/3569/2511 3073/2688/2511
f 3145/3575/2983 3147/3451/2983 2152/1613/1545
f 1861/2887/2515 2152/1613/1545 2965/3576/2424
f 2152/1613/1545 1863/1612/1544 2967/2576/2424
f 2965/3576/2424 2152/1613/1545 2967/2576/2424
f 1863/1612/1544 1864/2572/2421 2966/2575/2424
f 2965/3576/2424 3080/3577/2424 1861/2887/2515
f 2150/1614/1546 3141/3578/2983 3140/3579/2983
f 1864/2572/2421 2153/2577/2425 3084/3580/2424
f 2153/2577/2425 1862/2573/2422 3083/2886/2424
f 3084/3580/2424 2153/2577/2425 3083/2886/2424
f 2160/2567/2416 2964/3581/2414 2961/3582/2414
f 1861/2887/2515 3080/3577/2424 3081/2885/2424
f 3082/3583/2424 1864/2572/2421 3084/3580/2424
f 1862/2573/2422 1861/2887/2515 3081/2885/2424
f 3082/3583/2424 2966/2575/2424 1864/2572/2421
f 3145/3575/2983 2152/1613/1545 1861/2887/2515
f 3146/3584/2983 3145/3575/2983 1861/2887/2515
f 2151/2566/2415 2150/1614/1546 3140/3579/2983
f 2151/2566/2415 3140/3579/2983 3143/3449/2983
f 3146/3584/2983 1861/2887/2515 3142/3450/2983
f 1861/2887/2515 2151/2566/2415 3142/3450/2983
f 2160/2567/2416 2961/3582/2414 1859/2559/2409
f 2150/1614/1546 2152/1613/1545 3144/3452/2983
f 3144/3452/2983 3141/3578/2983 2150/1614/1546
f 2961/3582/2414 2962/3585/2414 1859/2559/2409
f 2953/3586/2399 2951/3587/2399 2157/2553/2403
f 2958/2565/2414 2959/3588/2414 2159/2562/2412
f 1859/2559/2409 2962/3585/2414 2957/3589/2414
f 2958/2565/2414 2159/2562/2412 2158/2560/2410
f 1859/2559/2409 2957/3589/2414 2158/2560/2410
f 2957/3589/2414 2960/2564/2414 2158/2560/2410
f 2963/3590/2414 2964/3581/2414 2160/2567/2416
f 2160/2567/2416 2159/2562/2412 2963/3590/2414
f 2959/3588/2414 2963/3590/2414 2159/2562/2412
f 1854/2554/2404 2157/2553/2403 2950/3591/2399
f 2950/3591/2399 2157/2553/2403 2949/3592/2399
f 2943/3593/2394 2944/2542/2394 2166/2541/2392
f 2157/2553/2403 2951/3587/2399 2949/3592/2399
f 2946/3594/2399 2947/3595/2399 2162/2561/2411
f 2948/2549/2399 2946/3594/2399 1856/2547/2398
f 2946/3594/2399 2162/2561/2411 1856/2547/2398
f 1854/2554/2404 2950/3591/2399 2952/2548/2399
f 1851/1619/1551 1853/1618/1550 2956/2558/2408
f 2157/2553/2403 1853/1618/1550 2953/3586/2399
f 1853/1618/1550 1855/1617/1549 2953/3586/2399
f 1855/1617/1549 2162/2561/2411 2953/3586/2399
f 2947/3595/2399 2953/3586/2399 2162/2561/2411
f 2157/2553/2403 2161/3596/2400 2955/3597/3012
f 2954/2556/2406 2157/2553/2403 2955/3597/3012
f 3094/3598/3013 1851/1619/1551 2956/2558/2408
f 2156/2544/2395 2167/2545/2396 2938/3599/2394
f 2161/3596/2400 2156/2544/2395 3097/2895/2517
f 3093/3600/3014 2161/3596/2400 3097/2895/2517
f 2156/2544/2395 1850/1620/1552 3095/2894/2517
f 1850/1620/1552 1851/1619/1551 3096/3601/2517
f 2165/2529/2386 2156/2544/2395 2942/2539/2394
f 1851/1619/1551 3094/3598/3013 3096/3601/2517
f 1850/1620/1552 3096/3601/2517 3095/2894/2517
f 2161/3596/2400 3093/3600/3014 2955/3597/3012
f 2940/3602/2394 2156/2544/2395 2938/3599/2394
f 2167/2545/2396 2939/3603/2394 2938/3599/2394
f 2943/3593/2394 2166/2541/2392 2165/2529/2386
f 2945/2540/2394 2943/3593/2394 2165/2529/2386
f 2156/2544/2395 2940/3602/2394 2942/2539/2394
f 2941/2543/2394 2939/3603/2394 2167/2545/2396
f 2167/2545/2396 2166/2541/2392 2941/2543/2394
f 2168/2536/2391 2937/2531/2388 2931/3604/3015
f 1848/2534/2389 1846/2533/2383 2933/3605/2385
f 2930/3606/3016 1848/2534/2389 2933/3605/2385
f 2927/2518/2379 2924/3607/2379 2164/2523/2382
f 2168/2536/2391 2931/3604/3015 2934/2527/2385
f 2164/2526/2382 2168/2536/2391 2934/2527/2385
f 2932/2528/2385 2933/3605/2385 2164/2526/2382
f 2933/3605/2385 1846/2533/2383 2164/2526/2382
f 2164/2523/2382 2163/2516/2378 2927/2518/2379
f 2168/2536/2391 2165/2529/2386 2937/2531/2388
f 2165/2529/2386 2166/2537/2392 2936/3608/3017
f 2166/2537/2392 1848/2534/2389 2936/3608/3017
f 2165/2529/2386 2936/3608/3017 2935/2530/2387
f 2163/2516/2378 1843/1624/1556 2925/3609/2379
f 2930/3606/3016 2936/3608/3017 1848/2534/2389
f 1843/1624/1556 1845/1625/1555 2929/2520/2379
f 2926/3610/2379 1843/1624/1556 2929/2520/2379
f 2164/2523/2382 2924/3607/2379 2922/3611/2379
f 2164/2523/2382 2922/3611/2379 1845/1625/1555
f 2922/3611/2379 2923/2519/2379 1845/1625/1555
f 2925/3609/2379 2928/2517/2379 2163/2516/2378
f 2926/3610/2379 2925/3609/2379 1843/1624/1556
f 2919/2510/2374 2916/3612/2374 2172/2514/2376
f 2172/2514/2376 2171/2504/2370 2919/2510/2374
f 2171/2504/2370 2170/2507/2372 2917/3613/2374
f 2170/2507/2372 1842/2511/2375 2921/2513/2374
f 2918/3614/2374 2170/2507/2372 2921/2513/2374
f 2172/2514/2376 2916/3612/2374 2914/3615/2374
f 2172/2514/2376 2914/3615/2374 1842/2511/2375
f 2914/3615/2374 2915/2512/2374 1842/2511/2375
f 2917/3613/2374 2920/2509/2374 2171/2504/2370
f 2918/3614/2374 2917/3613/2374 2170/2507/2372
f 2913/3616/3018 2908/2500/2366 2173/2499/2365
f 1839/2502/2368 1837/2497/2363 2906/3617/3019
f 1837/2497/2363 2169/2496/2362 2907/2501/2367
f 2906/3617/3019 1837/2497/2363 2907/2501/2367
f 2169/2496/2362 2173/2499/2365 2908/2500/2366
f 2905/2493/2361 2901/3618/2361 2169/2496/2362
f 2169/2496/2362 2080/2489/2358 2905/2493/2361
f 2173/2499/2365 2170/2507/2372 2911/3619/2371
f 2170/2507/2372 2171/2504/2370 2909/2506/2371
f 2171/2504/2370 1839/2502/2368 2910/2505/2371
f 1835/1630/1561 1836/1629/1560 2903/2494/2361
f 1839/2502/2368 2912/3620/3020 2910/2505/2371
f 2911/3619/2371 2913/3616/3018 2173/2499/2365
f 2909/2506/2371 2911/3619/2371 2170/2507/2372
f 2906/3617/3019 2912/3620/3020 1839/2502/2368
f 1836/1629/1560 2169/2496/2362 2902/3621/2361
f 2169/2496/2362 2901/3618/2361 2900/3622/2361
f 2169/2496/2362 2900/3622/2361 2902/3621/2361
f 2898/3623/2361 2904/2492/2361 2080/2489/2358
f 2898/3623/2361 2080/2489/2358 1835/1630/1561
f 1836/1629/1560 2902/3621/2361 2903/2494/2361
f 2899/2495/2361 2898/3623/2361 1835/1630/1561
f 2895/3624/2354 2897/3625/2354 2081/2480/2352
f 2897/3625/2354 2083/2487/2356 2081/2480/2352
f 2081/2480/2352 2085/2477/2351 2893/2483/2354
f 2895/3624/2354 2081/2480/2352 2893/2483/2354
f 2085/2477/2351 1834/2484/2355 2896/3626/2354
f 2085/2477/2351 2896/3626/2354 2894/2482/2354
f 2083/2487/2356 2897/3625/2354 2892/3627/2354
f 2083/2487/2356 2892/3627/2354 2890/2485/2354
f 2891/2486/2354 2896/3626/2354 1834/2484/2355
f 1834/2484/2355 2083/2487/2356 2890/2485/2354
f 2085/2477/2351 2081/2480/2352 2883/3628/2349
f 2081/2480/2352 1831/2473/2348 2888/2475/2349
f 2084/2472/2347 2887/3629/2349 2886/3630/2349
f 1831/2473/2348 2084/2472/2347 2886/3630/2349
f 2882/3631/2349 2884/2478/2349 2085/2477/2351
f 2883/3628/2349 2882/3631/2349 2085/2477/2351
f 1831/2473/2348 2886/3630/2349 2885/2474/2349
f 2888/2475/2349 2883/3628/2349 2081/2480/2352
f 2889/2479/2349 2887/3629/2349 2084/2472/2347
f 2084/2472/2347 1830/1633/1564 2889/2479/2349
f 1830/1633/1564 1832/1632/1563 2889/2479/2349
f 1832/1632/1563 2085/2477/2351 2889/2479/2349
f 2879/2463/2341 2876/3632/2341 2087/2469/2344
f 2087/2469/2344 2086/2461/2340 2879/2463/2341
f 2877/3633/2341 2878/2462/2341 2086/2461/2340
f 2086/2461/2340 1826/1635/1566 2877/3633/2341
f 1826/1635/1566 1828/1634/1565 2881/2465/2341
f 2877/3633/2341 1826/1635/1566 2880/3634/2341
f 2087/2469/2344 2876/3632/2341 2874/3635/2341
f 1828/1634/1565 2087/2469/2344 2874/3635/2341
f 2880/3634/2341 1826/1635/1566 2881/2465/2341
f 1828/1634/1565 2874/3635/2341 2875/2464/2341
f 3712/164/3021 3708/167/3022 3188/166/3023 3187/165/3024
f 699/635/649 3259/181/648 3260/183/864 789/835/863
f 759/820/847 3264/191/878 3265/193/885 539/821/848
f 689/603/613 3267/197/612 3268/199/476 794/479/475
f 754/584/591 3272/207/590 3273/209/2522 529/712/731
f 519/653/667 684/652/666 3275/213/781 3276/215/906
f 829/577/583 534/593/601 3278/219/765 3279/221/3025
f 664/508/503 749/535/533 3280/223/3026 3281/225/504
f 574/464/458 704/454/447 3283/229/446 3284/231/824
f 824/899/697 544/660/675 3286/235/674 3287/237/3027
f 654/569/574 744/680/698 3288/239/3028 3289/243/575
f 799/791/816 3356/1011/3029 3355/775/798 739/777/800
f 819/689/707 629/86/84 3294/85/83 3295/253/3030
f 649/628/640 734/673/691 3296/255/3031 3297/257/641
f 729/610/621 3299/261/3032 3300/263/3033 559/525/523
f 814/553/555 564/538/537 3302/267/536 3303/269/3034
f 724/489/484 3304/271/3035 3305/273/686 639/490/485
f 719/741/760 3307/277/3036 3308/279/3037 579/643/657
f 809/619/630 584/560/563 3310/283/562 3311/285/3038
f 714/620/631 3312/287/3039 3313/289/748 634/729/747
f 513/600/608 3380/900/3040 3379/498/493 709/501/496
f 699/635/649 3323/867/898 3322/435/3041 619/515/512
f 3321/421/2543 3322/419/3041 3629/1863/3042 3632/1861/3043
f 829/577/583 3279/221/3025 3280/223/3026 749/535/533
f 4081/458/3044 4080/461/3045 3711/460/3046 3775/459/3047
f 3164/465/3048 3669/468/3049 3670/467/3050 3163/466/3051
f 3518/470/3052 3516/473/3053 3515/472/3054 3519/471/3055
f 3771/474/3056 3705/477/3057 3184/476/3058 3183/475/3059
f 3500/480/3060 3504/483/3061 3643/482/3062 3640/481/3063
f 4078/484/3064 4079/487/3065 3714/486/3066 3709/485/3067
f 3496/492/3068 3500/480/3060 3640/481/3063 3637/493/3069
f 4073/494/3070 4077/497/3071 3772/496/3072 3742/495/3073
f 3492/502/3074 3496/492/3068 3637/493/3069 3634/503/3075
f 3768/504/3076 3702/507/3077 3181/506/3078 3180/505/3079
f 3488/509/3080 3492/502/3074 3634/503/3075 3631/510/3081
f 4075/511/3082 4076/514/3083 3745/513/3084 3706/512/3085
f 3484/517/3086 3488/509/3080 3631/510/3081 3628/518/3087
f 4070/519/3088 4074/522/3089 3769/521/3090 3739/520/3091
f 3480/527/3092 3484/517/3086 3628/518/3087 3625/528/3093
f 4071/529/3094 4069/532/3095 3700/531/3096 3766/530/3097
f 3476/536/3098 3480/527/3092 3625/528/3093 3622/537/3099
f 4069/532/3095 4070/519/3088 3739/520/3091 3700/531/3096
f 3472/539/3100 3476/536/3098 3622/537/3099 3619/540/3101
f 3738/541/3102 3768/504/3076 3180/505/3079 3179/542/3103
f 3468/545/3104 3472/539/3100 3619/540/3101 3616/546/3105
f 3762/547/3106 3696/550/3107 3175/549/3108 3174/548/3109
f 3464/554/3110 3468/545/3104 3616/546/3105 3613/555/3111
f 3765/556/3112 3699/559/3113 3178/558/3114 3177/557/3115
f 3460/562/3116 3464/554/3110 3613/555/3111 3610/563/3117
f 4064/564/3118 4068/567/3119 3763/566/3120 3733/565/3121
f 3456/570/3122 3460/562/3116 3610/563/3117 3607/571/3123
f 3759/572/3124 3693/575/3125 3172/574/3126 3171/573/3127
f 3452/578/3128 3456/570/3122 3607/571/3123 3604/579/3129
f 4066/580/3130 4067/583/3131 3736/582/3132 3697/581/3133
f 3448/586/3134 3452/578/3128 3604/579/3129 3601/587/3135
f 4061/588/3136 4065/591/3137 3760/590/3138 3730/589/3139
f 3444/594/3140 3448/586/3134 3601/587/3135 3598/595/3141
f 4062/596/3142 4060/599/3143 3691/598/3144 3757/597/3145
f 3440/601/3146 3444/594/3140 3598/595/3141 3595/602/3147
f 4060/599/3143 4061/588/3136 3730/589/3139 3691/598/3144
f 3436/605/3148 3440/601/3146 3595/602/3147 3592/606/3149
f 3729/607/3150 3759/572/3124 3171/573/3127 3170/608/3151
f 3432/611/3152 3436/605/3148 3592/606/3149 3589/612/3153
f 3753/613/3154 3687/616/3155 3166/615/3156 3165/614/3157
f 3428/621/3158 3432/611/3152 3589/612/3153 3586/622/3159
f 3756/623/3160 3690/626/3161 3169/625/3162 3168/624/3163
f 3424/629/3164 3428/621/3158 3586/622/3159 3583/630/3165
f 4055/631/3166 4059/634/3167 3754/633/3168 3724/632/3169
f 3420/636/3170 3424/629/3164 3583/630/3165 3580/637/3171
f 3750/638/3172 3684/640/3173 3163/466/3051 3162/639/3174
f 3416/644/3175 3420/636/3170 3580/637/3171 3577/645/3176
f 4057/646/3177 4058/649/3178 3727/648/3179 3688/647/3180
f 3412/654/3181 3416/644/3175 3577/645/3176 3574/655/3182
f 4052/656/3183 4056/659/3184 3751/658/3185 3721/657/3186
f 3408/662/3187 3412/654/3181 3574/655/3182 3571/663/3188
f 4053/664/3189 4051/667/3190 3682/666/3191 3748/665/3192
f 3404/669/3193 3408/662/3187 3571/663/3188 3568/670/3194
f 4051/667/3190 4052/656/3183 3721/657/3186 3682/666/3191
f 3400/674/3195 3404/669/3193 3568/670/3194 3565/675/3196
f 3720/676/3197 3750/638/3172 3162/639/3174 3161/677/3198
f 3396/682/3199 3400/674/3195 3565/675/3196 3562/683/3200
f 3392/690/3201 3396/682/3199 3562/683/3200 3559/691/3202
f 3747/692/3203 3681/695/3204 3160/694/3205 3159/693/3206
f 3388/696/3207 3392/690/3201 3559/691/3202 3556/697/3208
f 3384/705/3209 3388/696/3207 3556/697/3208 3553/706/3210
f 4049/718/3211 4050/721/3212 3718/720/3213 3679/719/3214
f 619/515/512 3322/435/3041 3321/434/2543 549/516/513
f 3982/1654/3215 3988/1653/3216 3258/1265/511 3257/1267/514
f 804/447/441 3319/2902/3217 3382/1499/3218 589/448/442
f 524/746/766 3341/973/3219 3340/650/664 519/653/667
f 3988/1653/3216 3984/1652/3220 3259/1263/648 3258/1265/511
f 659/585/592 3335/956/3221 3334/955/3222 604/784/808
f 3834/1642/3223 3836/1641/3224 3270/1243/807 3269/1245/473
f 3830/1644/3225 3832/1643/3226 3268/1247/476 3267/1250/612
f 739/777/800 769/568/573 3290/245/572 3291/247/817
f 729/610/621 554/627/639 3298/259/638 3299/261/3032
f 3865/1622/3227 3867/1621/3228 3289/1203/575 3288/1205/3028
f 544/660/675 3350/898/928 3349/1288/3229 669/661/676
f 679/469/463 3381/907/3230 3380/900/3040 513/600/608
f 564/538/537 3366/552/554 3365/523/521 784/526/524
f 4021/1611/3231 4024/1610/3232 3300/1181/3033 3299/1183/3032
f 589/448/442 3382/1499/3218 3381/907/3230 679/469/463
f 3814/1591/3233 3982/1654/3215 3257/1267/514 3256/1269/827
f 714/620/631 809/619/630 3311/285/3038 3312/287/3039
f 3830/1644/3225 3267/1250/612 3266/1425/615 3828/1645/3234
f 3991/1592/3235 3811/1593/3236 3318/1146/443 3317/1145/464
f 584/560/563 3374/806/833 3373/641/655 779/561/564
f 709/501/496 569/500/495 3314/291/746 3315/293/714
f 3995/1594/3237 3991/1592/3235 3317/1145/464 3316/1149/609
f 3903/1595/3238 3995/1594/3237 3316/1149/609 3315/1151/714
f 3901/1596/3239 3903/1595/3238 3315/1151/714 3314/1153/746
f 3998/1597/3240 3901/1596/3239 3314/1153/746 3313/1155/748
f 4003/1598/3241 3998/1597/3240 3313/1155/748 3312/1157/3039
f 3997/1599/3242 4003/1598/3241 3312/1157/3039 3311/1159/3038
f 3899/1600/3243 3997/1599/3242 3311/1159/3038 3310/1161/562
f 4005/1601/3244 3899/1600/3243 3310/1161/562 3309/1163/565
f 4011/1602/3245 4005/1601/3244 3309/1163/565 3308/1165/3037
f 759/820/847 3328/819/846 3327/933/3246 644/543/544
f 3894/1604/3247 4004/1603/3248 3307/1167/3036 3306/1169/684
f 4016/1605/3249 3894/1604/3247 3306/1169/684 3305/1171/686
f 4014/1606/3250 4016/1605/3249 3305/1171/686 3304/1173/3035
f 3889/1607/3251 4014/1606/3250 3304/1173/3035 3303/1175/3034
f 3887/1608/3252 3889/1607/3251 3303/1175/3034 3302/1177/536
f 4022/1609/3253 3887/1608/3252 3302/1177/536 3301/1179/538
f 4024/1610/3232 4022/1609/3253 3301/1179/538 3300/1181/3033
f 4004/1603/3248 4011/1602/3245 3308/1165/3037 3307/1167/3036
f 3881/1612/3254 4021/1611/3231 3299/1183/3032 3298/1185/638
f 4027/1613/3255 3881/1612/3254 3298/1185/638 3297/1187/641
f 4025/1614/3256 4027/1613/3255 3297/1187/641 3296/1189/3031
f 3876/1615/3257 4025/1614/3256 3296/1189/3031 3295/1191/3030
f 3875/1616/3258 3876/1615/3257 3295/1191/3030 3294/1193/83
f 3873/1617/3259 3875/1616/3258 3294/1193/83 3293/1195/86
f 3871/1618/3260 3873/1617/3259 3293/1195/86 3292/1197/815
f 3869/1619/3261 3871/1618/3260 3292/1197/815 3291/1199/817
f 3868/1620/3262 3869/1619/3261 3291/1199/817 3290/1201/572
f 3867/1621/3228 3868/1620/3262 3290/1201/572 3289/1203/575
f 3863/1623/3263 3865/1622/3227 3288/1205/3028 3287/1207/3027
f 3861/1624/3264 3863/1625/3263 3287/1210/3027 3286/1209/674
f 3859/1626/3265 3861/1624/3264 3286/1209/674 3285/1213/677
f 3858/1627/3266 3859/1626/3265 3285/1213/677 3284/1215/824
f 3856/1628/3267 3858/1627/3266 3284/1215/824 3283/1217/446
f 3854/1629/3268 3856/1628/3267 3283/1217/446 3282/1219/449
f 3853/1630/3269 3854/1629/3268 3282/1219/449 3281/1221/504
f 3851/1631/3270 3853/1630/3269 3281/1221/504 3280/1223/3026
f 3850/1632/3271 3851/1631/3270 3280/1223/3026 3279/1225/3025
f 3848/1633/3272 3850/1632/3271 3279/1225/3025 3278/1227/765
f 3846/1634/3273 3848/1633/3272 3278/1227/765 3277/1229/767
f 3844/1635/3274 3846/1634/3273 3277/1229/767 3276/1231/906
f 669/661/676 3349/1288/3229 3348/462/456 574/464/458
f 3965/1638/3275 3841/1637/3276 3274/1235/783 3273/1237/2522
f 3963/1639/3277 3965/1638/3275 3273/1237/2522 3272/1239/590
f 3836/1641/3224 3837/1640/3278 3271/1241/593 3270/1243/807
f 3832/1643/3226 3834/1642/3223 3269/1245/473 3268/1247/476
f 3842/1636/3279 3844/1635/3274 3276/1231/906 3275/1233/781
f 3827/1647/3280 3828/1645/3234 3266/1425/615 3265/1252/885
f 3823/1648/3281 3825/1646/3282 3264/1251/878 3263/1255/543
f 3837/1640/3278 3963/1639/3277 3272/1239/590 3271/1241/593
f 3504/483/3061 3507/1275/3283 3515/472/3054 3643/482/3062
f 3813/1590/3284 3814/1591/3233 3256/1269/827 3255/1271/440
f 719/741/760 614/668/685 3306/275/684 3307/277/3036
f 824/679/697 3287/240/3027 3288/239/3028 744/680/698
f 779/561/564 579/643/657 3308/279/3037 3309/281/565
f 754/584/591 3336/711/730 3335/956/3221 659/585/592
f 784/526/524 559/525/523 3300/263/3033 3301/265/538
f 704/454/447 3347/463/457 3346/987/3285 774/455/448
f 724/489/484 814/553/555 3303/269/3034 3304/271/3035
f 674/87/85 3357/1018/3286 3356/1011/3029 799/791/816
f 684/652/666 3339/651/665 3338/964/3287 609/760/782
f 694/544/545 594/704/723 3261/185/862 3262/187/546
f 689/603/613 3331/767/790 3330/940/3288 624/604/614
f 3819/1650/3289 3821/1649/3290 3262/1257/546 3261/1259/862
f 644/543/544 3327/933/3246 3326/702/721 694/544/545
f 3984/1652/3220 3818/1651/3291 3260/1261/864 3259/1263/648
f 599/478/474 3333/948/3292 3332/768/791 794/479/475
f 549/516/513 764/800/828 3256/173/827 3257/177/514
f 3825/1646/3282 3827/1647/3280 3265/1252/885 3264/1251/878
f 3387/1357/3293 3383/1360/3294 3220/1359/3295 3219/1358/3296
f 3391/1361/3297 3387/1357/3293 3219/1358/3296 3218/1362/3298
f 3395/1363/3299 3391/1361/3297 3218/1362/3298 3217/1364/3300
f 3399/1365/3301 3395/1363/3299 3217/1364/3300 3216/1366/3302
f 3403/1367/3303 3399/1365/3301 3216/1366/3302 3215/1368/3304
f 3407/1369/3305 3403/1367/3303 3215/1368/3304 3214/1370/3306
f 3411/1371/3307 3407/1369/3305 3214/1370/3306 3213/1372/3308
f 3415/1373/3309 3411/1371/3307 3213/1372/3308 3212/1374/3310
f 3419/1375/3311 3415/1373/3309 3212/1374/3310 3211/1376/3312
f 3423/1377/3313 3419/1375/3311 3211/1376/3312 3210/1378/3314
f 3427/1379/3315 3423/1377/3313 3210/1378/3314 3209/1380/3316
f 3431/1381/3317 3427/1379/3315 3209/1380/3316 3208/1382/3318
f 3435/1383/3319 3431/1381/3317 3208/1382/3318 3207/1384/3320
f 3439/1385/3321 3435/1383/3319 3207/1384/3320 3206/1386/3322
f 3443/1387/3323 3439/1385/3321 3206/1386/3322 3205/1388/3324
f 3447/1389/3325 3443/1387/3323 3205/1388/3324 3204/1390/3326
f 3451/1391/3327 3447/1389/3325 3204/1390/3326 3203/1392/3328
f 3455/1393/3329 3451/1391/3327 3203/1392/3328 3202/1394/3330
f 3459/1395/3331 3455/1393/3329 3202/1394/3330 3201/1396/3332
f 3463/1397/3333 3459/1395/3331 3201/1396/3332 3200/1398/3334
f 3467/1399/3335 3463/1397/3333 3200/1398/3334 3199/1400/3336
f 3471/1401/3337 3467/1399/3335 3199/1400/3336 3198/1402/3338
f 3475/1403/3339 3471/1401/3337 3198/1402/3338 3197/1404/3340
f 3479/1405/3341 3475/1403/3339 3197/1404/3340 3196/1406/3342
f 3483/1407/3343 3479/1405/3341 3196/1406/3342 3195/1408/3344
f 3487/1409/3345 3483/1407/3343 3195/1408/3344 3194/1410/3346
f 3491/1411/3347 3487/1409/3345 3194/1410/3346 3193/1412/3348
f 3495/1413/3349 3491/1411/3347 3193/1412/3348 3192/1414/3350
f 3499/1415/3351 3495/1413/3349 3192/1414/3350 3191/1416/3352
f 3503/1417/3353 3499/1415/3351 3191/1416/3352 3190/1418/3354
f 3508/1419/3355 3503/1417/3353 3190/1418/3354 3189/1420/3356
f 3511/1421/3357 3508/1419/3355 3189/1420/3356 3221/1422/3358
f 3841/1637/3276 3842/1636/3279 3275/1233/781 3274/1235/783
f 594/704/723 3325/703/722 3324/868/899 789/835/863
f 604/784/808 3334/955/3222 3333/948/3292 599/478/474
f 569/500/495 3378/499/494 3377/753/774 634/729/747
f 614/668/685 3370/740/759 3369/491/486 639/490/485
f 554/627/639 3362/722/739 3361/671/689 649/628/640
f 769/568/573 3354/776/799 3353/842/871 654/569/574
f 3821/1649/3290 3823/1648/3281 3263/1255/543 3262/1257/546
f 774/455/448 3346/987/3285 3345/533/531 664/508/503
f 609/760/782 3338/964/3287 3337/713/732 529/712/731
f 624/604/614 3330/940/3288 3329/822/849 539/821/848
f 3774/1588/3359 3712/164/3021 3187/165/3024 3186/1589/3360
f 3504/483/3061 3506/1661/3361 3509/1660/3362 3507/1275/3283
f 3506/1661/3361 3505/1663/3363 3510/1662/3364 3509/1660/3362
f 3505/1663/3363 3503/1417/3353 3508/1419/3355 3510/1662/3364
f 3500/480/3060 3502/1664/3365 3506/1661/3361 3504/483/3061
f 3502/1664/3365 3501/1665/3366 3505/1663/3363 3506/1661/3361
f 3501/1665/3366 3499/1415/3351 3503/1417/3353 3505/1663/3363
f 3496/492/3068 3498/1666/3367 3502/1664/3365 3500/480/3060
f 3498/1666/3367 3497/1667/3368 3501/1665/3366 3502/1664/3365
f 3497/1667/3368 3495/1413/3349 3499/1415/3351 3501/1665/3366
f 3492/502/3074 3494/1668/3369 3498/1666/3367 3496/492/3068
f 3494/1668/3369 3493/1669/3370 3497/1667/3368 3498/1666/3367
f 3493/1669/3370 3491/1411/3347 3495/1413/3349 3497/1667/3368
f 3488/509/3080 3490/1670/3371 3494/1668/3369 3492/502/3074
f 3490/1670/3371 3489/1671/3372 3493/1669/3370 3494/1668/3369
f 3489/1671/3372 3487/1409/3345 3491/1411/3347 3493/1669/3370
f 3484/517/3086 3486/1672/3373 3490/1670/3371 3488/509/3080
f 3486/1672/3373 3485/1673/3374 3489/1671/3372 3490/1670/3371
f 3485/1673/3374 3483/1407/3343 3487/1409/3345 3489/1671/3372
f 3480/527/3092 3482/1674/3375 3486/1672/3373 3484/517/3086
f 3482/1674/3375 3481/1675/3376 3485/1673/3374 3486/1672/3373
f 3481/1675/3376 3479/1405/3341 3483/1407/3343 3485/1673/3374
f 3476/536/3098 3478/1676/3377 3482/1674/3375 3480/527/3092
f 3478/1676/3377 3477/1677/3378 3481/1675/3376 3482/1674/3375
f 3477/1677/3378 3475/1403/3339 3479/1405/3341 3481/1675/3376
f 3472/539/3100 3474/1678/3379 3478/1676/3377 3476/536/3098
f 3474/1678/3379 3473/1679/3380 3477/1677/3378 3478/1676/3377
f 3473/1679/3380 3471/1401/3337 3475/1403/3339 3477/1677/3378
f 3468/545/3104 3470/1680/3381 3474/1678/3379 3472/539/3100
f 3470/1680/3381 3469/1681/3382 3473/1679/3380 3474/1678/3379
f 3469/1681/3382 3467/1399/3335 3471/1401/3337 3473/1679/3380
f 3464/554/3110 3466/1682/3383 3470/1680/3381 3468/545/3104
f 3466/1682/3383 3465/1683/3384 3469/1681/3382 3470/1680/3381
f 3465/1683/3384 3463/1397/3333 3467/1399/3335 3469/1681/3382
f 3460/562/3116 3462/1684/3385 3466/1682/3383 3464/554/3110
f 3462/1684/3385 3461/1685/3386 3465/1683/3384 3466/1682/3383
f 3461/1685/3386 3459/1395/3331 3463/1397/3333 3465/1683/3384
f 3456/570/3122 3458/1686/3387 3462/1684/3385 3460/562/3116
f 3458/1686/3387 3457/1687/3388 3461/1685/3386 3462/1684/3385
f 3457/1687/3388 3455/1393/3329 3459/1395/3331 3461/1685/3386
f 3452/578/3128 3454/1688/3389 3458/1686/3387 3456/570/3122
f 3454/1688/3389 3453/1689/3390 3457/1687/3388 3458/1686/3387
f 3453/1689/3390 3451/1391/3327 3455/1393/3329 3457/1687/3388
f 3448/586/3134 3450/1690/3391 3454/1688/3389 3452/578/3128
f 3450/1690/3391 3449/1691/3392 3453/1689/3390 3454/1688/3389
f 3449/1691/3392 3447/1389/3325 3451/1391/3327 3453/1689/3390
f 3444/594/3140 3446/1692/3393 3450/1690/3391 3448/586/3134
f 3446/1692/3393 3445/1693/3394 3449/1691/3392 3450/1690/3391
f 3445/1693/3394 3443/1387/3323 3447/1389/3325 3449/1691/3392
f 3440/601/3146 3442/1694/3395 3446/1692/3393 3444/594/3140
f 3442/1694/3395 3441/1695/3396 3445/1693/3394 3446/1692/3393
f 3441/1695/3396 3439/1385/3321 3443/1387/3323 3445/1693/3394
f 3436/605/3148 3438/1696/3397 3442/1694/3395 3440/601/3146
f 3438/1696/3397 3437/1697/3398 3441/1695/3396 3442/1694/3395
f 3437/1697/3398 3435/1383/3319 3439/1385/3321 3441/1695/3396
f 3432/611/3152 3434/1698/3399 3438/1696/3397 3436/605/3148
f 3434/1698/3399 3433/1699/3400 3437/1697/3398 3438/1696/3397
f 3433/1699/3400 3431/1381/3317 3435/1383/3319 3437/1697/3398
f 3428/621/3158 3430/1700/3401 3434/1698/3399 3432/611/3152
f 3430/1700/3401 3429/1701/3402 3433/1699/3400 3434/1698/3399
f 3429/1701/3402 3427/1379/3315 3431/1381/3317 3433/1699/3400
f 3424/629/3164 3426/1702/3403 3430/1700/3401 3428/621/3158
f 3426/1702/3403 3425/1703/3404 3429/1701/3402 3430/1700/3401
f 3425/1703/3404 3423/1377/3313 3427/1379/3315 3429/1701/3402
f 3420/636/3170 3422/1704/3405 3426/1702/3403 3424/629/3164
f 3422/1704/3405 3421/1705/3406 3425/1703/3404 3426/1702/3403
f 3421/1705/3406 3419/1375/3311 3423/1377/3313 3425/1703/3404
f 3416/644/3175 3418/1706/3407 3422/1704/3405 3420/636/3170
f 3418/1706/3407 3417/1707/3408 3421/1705/3406 3422/1704/3405
f 3417/1707/3408 3415/1373/3309 3419/1375/3311 3421/1705/3406
f 3412/654/3181 3414/1708/3409 3418/1706/3407 3416/644/3175
f 3414/1708/3409 3413/1709/3410 3417/1707/3408 3418/1706/3407
f 3413/1709/3410 3411/1371/3307 3415/1373/3309 3417/1707/3408
f 3408/662/3187 3410/1710/3411 3414/1708/3409 3412/654/3181
f 3410/1710/3411 3409/1711/3412 3413/1709/3410 3414/1708/3409
f 3409/1711/3412 3407/1369/3305 3411/1371/3307 3413/1709/3410
f 3404/669/3193 3406/1712/3413 3410/1710/3411 3408/662/3187
f 3406/1712/3413 3405/1713/3414 3409/1711/3412 3410/1710/3411
f 3405/1713/3414 3403/1367/3303 3407/1369/3305 3409/1711/3412
f 3400/674/3195 3402/1714/3415 3406/1712/3413 3404/669/3193
f 3402/1714/3415 3401/1715/3416 3405/1713/3414 3406/1712/3413
f 3401/1715/3416 3399/1365/3301 3403/1367/3303 3405/1713/3414
f 3396/682/3199 3398/1716/3417 3402/1714/3415 3400/674/3195
f 3398/1716/3417 3397/1717/3418 3401/1715/3416 3402/1714/3415
f 3397/1717/3418 3395/1363/3299 3399/1365/3301 3401/1715/3416
f 3392/690/3201 3394/1718/3419 3398/1716/3417 3396/682/3199
f 3394/1718/3419 3393/1719/3420 3397/1717/3418 3398/1716/3417
f 3393/1719/3420 3391/1361/3297 3395/1363/3299 3397/1717/3418
f 3388/696/3207 3390/1720/3421 3394/1718/3419 3392/690/3201
f 3390/1720/3421 3389/1721/3422 3393/1719/3420 3394/1718/3419
f 3389/1721/3422 3387/1357/3293 3391/1361/3297 3393/1719/3420
f 3384/705/3209 3386/1722/3423 3390/1720/3421 3388/696/3207
f 3386/1722/3423 3385/1723/3424 3389/1721/3422 3390/1720/3421
f 3385/1723/3424 3383/1360/3294 3387/1357/3293 3389/1721/3422
f 3507/1275/3283 3509/1660/3362 3514/1787/3425 3512/1786/3426
f 3509/1660/3362 3510/1662/3364 3513/1788/3427 3514/1787/3425
f 3510/1662/3364 3508/1419/3355 3511/1421/3357 3513/1788/3427
f 3555/1826/3428 3552/1827/3429 3553/706/3210 3556/697/3208
f 3558/1828/3430 3555/1826/3428 3556/697/3208 3559/691/3202
f 3561/1829/3431 3558/1828/3430 3559/691/3202 3562/683/3200
f 3564/1830/3432 3561/1829/3431 3562/683/3200 3565/675/3196
f 3567/1831/3433 3564/1830/3432 3565/675/3196 3568/670/3194
f 3570/1832/3434 3567/1831/3433 3568/670/3194 3571/663/3188
f 3573/1833/3435 3570/1832/3434 3571/663/3188 3574/655/3182
f 3576/1834/3436 3573/1833/3435 3574/655/3182 3577/645/3176
f 3579/1835/3437 3576/1834/3436 3577/645/3176 3580/637/3171
f 3582/1836/3438 3579/1835/3437 3580/637/3171 3583/630/3165
f 3585/1837/3439 3582/1836/3438 3583/630/3165 3586/622/3159
f 3588/1838/3440 3585/1837/3439 3586/622/3159 3589/612/3153
f 3591/1839/3441 3588/1838/3440 3589/612/3153 3592/606/3149
f 3594/1840/3442 3591/1839/3441 3592/606/3149 3595/602/3147
f 3597/1841/3443 3594/1840/3442 3595/602/3147 3598/595/3141
f 3600/1842/3444 3597/1841/3443 3598/595/3141 3601/587/3135
f 3603/1843/3445 3600/1842/3444 3601/587/3135 3604/579/3129
f 3606/1844/3446 3603/1843/3445 3604/579/3129 3607/571/3123
f 3609/1845/3447 3606/1844/3446 3607/571/3123 3610/563/3117
f 3612/1846/3448 3609/1845/3447 3610/563/3117 3613/555/3111
f 3615/1847/3449 3612/1846/3448 3613/555/3111 3616/546/3105
f 3618/1848/3450 3615/1847/3449 3616/546/3105 3619/540/3101
f 3621/1849/3451 3618/1848/3450 3619/540/3101 3622/537/3099
f 3624/1850/3452 3621/1849/3451 3622/537/3099 3625/528/3093
f 3627/1851/3453 3624/1850/3452 3625/528/3093 3628/518/3087
f 3630/1852/3454 3627/1851/3453 3628/518/3087 3631/510/3081
f 3633/1853/3455 3630/1852/3454 3631/510/3081 3634/503/3075
f 3636/1854/3456 3633/1853/3455 3634/503/3075 3637/493/3069
f 3639/1855/3457 3636/1854/3456 3637/493/3069 3640/481/3063
f 3642/1856/3458 3639/1855/3457 3640/481/3063 3643/482/3062
f 3516/473/3053 3642/1856/3458 3643/482/3062 3515/472/3054
f 3507/1275/3283 3512/1786/3426 3519/471/3055 3515/472/3054
f 3708/167/3022 3715/1987/3459 3156/1986/3460 3188/166/3023
f 4050/721/3212 4053/664/3189 3748/665/3192 3718/720/3213
f 3678/2010/3461 3717/2013/3462 3158/2012/3463 3157/2011/3464
f 3717/2013/3462 3747/692/3203 3159/693/3206 3158/2012/3463
f 4054/2016/3465 4055/631/3166 3724/632/3169 3685/2017/3466
f 3681/695/3204 3720/676/3197 3161/677/3198 3160/694/3205
f 3723/2018/3467 3753/613/3154 3165/614/3157 3164/465/3048
f 3684/640/3173 3723/2018/3467 3164/465/3048 3163/466/3051
f 4056/659/3184 4054/2016/3465 3685/2017/3466 3751/658/3185
f 4058/649/3178 4062/596/3142 3757/597/3145 3727/648/3179
f 3687/616/3155 3726/2020/3468 3167/2019/3469 3166/615/3156
f 4059/634/3167 4057/646/3177 3688/647/3180 3754/633/3168
f 3726/2020/3468 3756/623/3160 3168/624/3163 3167/2019/3469
f 4063/2021/3470 4064/564/3118 3733/565/3121 3694/2022/3471
f 3690/626/3161 3729/607/3150 3170/608/3151 3169/625/3162
f 3732/2023/3472 3762/547/3106 3174/548/3109 3173/2024/3473
f 3693/575/3125 3732/2023/3472 3173/2024/3473 3172/574/3126
f 4065/591/3137 4063/2021/3470 3694/2022/3471 3760/590/3138
f 4067/583/3131 4071/529/3094 3766/530/3097 3736/582/3132
f 3696/550/3107 3735/2026/3474 3176/2025/3475 3175/549/3108
f 4068/567/3119 4066/580/3130 3697/581/3133 3763/566/3120
f 3735/2026/3474 3765/556/3112 3177/557/3115 3176/2025/3475
f 4072/2027/3476 4073/494/3070 3742/495/3073 3703/2028/3477
f 3699/559/3113 3738/541/3102 3179/542/3103 3178/558/3114
f 3741/2029/3478 3771/474/3056 3183/475/3059 3182/2030/3479
f 3702/507/3077 3741/2029/3478 3182/2030/3479 3181/506/3078
f 4074/522/3089 4072/2027/3476 3703/2028/3477 3769/521/3090
f 4076/514/3083 4081/458/3044 3775/459/3047 3745/513/3084
f 3705/477/3057 3744/2032/3480 3185/2031/3481 3184/476/3058
f 4077/497/3071 4075/511/3082 3706/512/3085 3772/496/3072
f 3744/2032/3480 3774/1588/3359 3186/1589/3360 3185/2031/3481
f 4080/461/3045 4078/484/3064 3709/485/3067 3711/460/3046
f 3712/164/3021 3713/2036/3482 3710/2035/3483 3708/167/3022
f 3713/2036/3482 3711/460/3046 3709/485/3067 3710/2035/3483
f 3678/2010/3461 3680/2070/3484 3719/2069/3485 3717/2013/3462
f 3680/2070/3484 3679/719/3214 3718/720/3213 3719/2069/3485
f 3717/2013/3462 3719/2069/3485 3749/2071/3486 3747/692/3203
f 3719/2069/3485 3718/720/3213 3748/665/3192 3749/2071/3486
f 3747/692/3203 3749/2071/3486 3683/2072/3487 3681/695/3204
f 3749/2071/3486 3748/665/3192 3682/666/3191 3683/2072/3487
f 3681/695/3204 3683/2072/3487 3722/2073/3488 3720/676/3197
f 3683/2072/3487 3682/666/3191 3721/657/3186 3722/2073/3488
f 3720/676/3197 3722/2073/3488 3752/2074/3489 3750/638/3172
f 3722/2073/3488 3721/657/3186 3751/658/3185 3752/2074/3489
f 3750/638/3172 3752/2074/3489 3686/2075/3490 3684/640/3173
f 3752/2074/3489 3751/658/3185 3685/2017/3466 3686/2075/3490
f 3684/640/3173 3686/2075/3490 3725/2076/3491 3723/2018/3467
f 3686/2075/3490 3685/2017/3466 3724/632/3169 3725/2076/3491
f 3723/2018/3467 3725/2076/3491 3755/2077/3492 3753/613/3154
f 3725/2076/3491 3724/632/3169 3754/633/3168 3755/2077/3492
f 3753/613/3154 3755/2077/3492 3689/2078/3493 3687/616/3155
f 3755/2077/3492 3754/633/3168 3688/647/3180 3689/2078/3493
f 3687/616/3155 3689/2078/3493 3728/2079/3494 3726/2020/3468
f 3689/2078/3493 3688/647/3180 3727/648/3179 3728/2079/3494
f 3726/2020/3468 3728/2079/3494 3758/2080/3495 3756/623/3160
f 3728/2079/3494 3727/648/3179 3757/597/3145 3758/2080/3495
f 3756/623/3160 3758/2080/3495 3692/2081/3496 3690/626/3161
f 3758/2080/3495 3757/597/3145 3691/598/3144 3692/2081/3496
f 3690/626/3161 3692/2081/3496 3731/2082/3497 3729/607/3150
f 3692/2081/3496 3691/598/3144 3730/589/3139 3731/2082/3497
f 3729/607/3150 3731/2082/3497 3761/2083/3498 3759/572/3124
f 3731/2082/3497 3730/589/3139 3760/590/3138 3761/2083/3498
f 3759/572/3124 3761/2083/3498 3695/2084/3499 3693/575/3125
f 3761/2083/3498 3760/590/3138 3694/2022/3471 3695/2084/3499
f 3693/575/3125 3695/2084/3499 3734/2085/3500 3732/2023/3472
f 3695/2084/3499 3694/2022/3471 3733/565/3121 3734/2085/3500
f 3732/2023/3472 3734/2085/3500 3764/2086/3501 3762/547/3106
f 3734/2085/3500 3733/565/3121 3763/566/3120 3764/2086/3501
f 3762/547/3106 3764/2086/3501 3698/2087/3502 3696/550/3107
f 3764/2086/3501 3763/566/3120 3697/581/3133 3698/2087/3502
f 3696/550/3107 3698/2087/3502 3737/2088/3503 3735/2026/3474
f 3698/2087/3502 3697/581/3133 3736/582/3132 3737/2088/3503
f 3735/2026/3474 3737/2088/3503 3767/2089/3504 3765/556/3112
f 3737/2088/3503 3736/582/3132 3766/530/3097 3767/2089/3504
f 3765/556/3112 3767/2089/3504 3701/2090/3505 3699/559/3113
f 3767/2089/3504 3766/530/3097 3700/531/3096 3701/2090/3505
f 3699/559/3113 3701/2090/3505 3740/2091/3506 3738/541/3102
f 3701/2090/3505 3700/531/3096 3739/520/3091 3740/2091/3506
f 3738/541/3102 3740/2091/3506 3770/2092/3507 3768/504/3076
f 3740/2091/3506 3739/520/3091 3769/521/3090 3770/2092/3507
f 3768/504/3076 3770/2092/3507 3704/2093/3508 3702/507/3077
f 3770/2092/3507 3769/521/3090 3703/2028/3477 3704/2093/3508
f 3702/507/3077 3704/2093/3508 3743/2094/3509 3741/2029/3478
f 3704/2093/3508 3703/2028/3477 3742/495/3073 3743/2094/3509
f 3741/2029/3478 3743/2094/3509 3773/2095/3510 3771/474/3056
f 3743/2094/3509 3742/495/3073 3772/496/3072 3773/2095/3510
f 3771/474/3056 3773/2095/3510 3707/2096/3511 3705/477/3057
f 3773/2095/3510 3772/496/3072 3706/512/3085 3707/2096/3511
f 3705/477/3057 3707/2096/3511 3746/2097/3512 3744/2032/3480
f 3707/2096/3511 3706/512/3085 3745/513/3084 3746/2097/3512
f 3744/2032/3480 3746/2097/3512 3776/2098/3513 3774/1588/3359
f 3746/2097/3512 3745/513/3084 3775/459/3047 3776/2098/3513
f 3774/1588/3359 3776/2098/3513 3713/2036/3482 3712/164/3021
f 3776/2098/3513 3775/459/3047 3711/460/3046 3713/2036/3482
f 3708/167/3022 3710/2035/3483 3716/2100/3514 3715/1987/3459
f 3710/2035/3483 3709/485/3067 3714/486/3066 3716/2100/3514
f 3165/614/3157 3668/2103/3515 3669/468/3049 3164/465/3048
f 3166/615/3156 3667/2105/3516 3668/2103/3515 3165/614/3157
f 3167/2019/3469 3666/2107/3517 3667/2105/3516 3166/615/3156
f 3168/624/3163 3665/2109/3518 3666/2107/3517 3167/2019/3469
f 3169/625/3162 3664/2111/3519 3665/2109/3518 3168/624/3163
f 3170/608/3151 3663/2113/3520 3664/2111/3519 3169/625/3162
f 3171/573/3127 3662/2115/3521 3663/2113/3520 3170/608/3151
f 3172/574/3126 3661/2117/3522 3662/2115/3521 3171/573/3127
f 3173/2024/3473 3660/2119/3523 3661/2117/3522 3172/574/3126
f 3174/548/3109 3659/2121/3524 3660/2119/3523 3173/2024/3473
f 3175/549/3108 3658/2123/3525 3659/2121/3524 3174/548/3109
f 3176/2025/3475 3657/2125/3526 3658/2123/3525 3175/549/3108
f 3177/557/3115 3656/2127/3527 3657/2125/3526 3176/2025/3475
f 3178/558/3114 3655/2129/3528 3656/2127/3527 3177/557/3115
f 3179/542/3103 3654/2133/3529 3655/2129/3528 3178/558/3114
f 3180/505/3079 3653/2136/3530 3654/2133/3529 3179/542/3103
f 3181/506/3078 3652/2139/3531 3653/2136/3530 3180/505/3079
f 3182/2030/3479 3651/2142/3532 3652/2139/3531 3181/506/3078
f 3183/475/3059 3650/2145/3533 3651/2142/3532 3182/2030/3479
f 3184/476/3058 3649/2148/3534 3650/2145/3533 3183/475/3059
f 3158/2012/3463 3675/2150/3535 3676/2149/3536 3157/2011/3464
f 3185/2031/3481 3648/2152/3537 3649/2148/3534 3184/476/3058
f 3159/693/3206 3674/2153/3538 3675/2150/3535 3158/2012/3463
f 3186/1589/3360 3647/2155/3539 3648/2152/3537 3185/2031/3481
f 3160/694/3205 3673/2156/3540 3674/2153/3538 3159/693/3206
f 3187/165/3024 3646/2158/3541 3647/2155/3539 3186/1589/3360
f 3161/677/3198 3672/2159/3542 3673/2156/3540 3160/694/3205
f 3188/166/3023 3645/2161/3543 3646/2158/3541 3187/165/3024
f 3162/639/3174 3671/2162/3544 3672/2159/3542 3161/677/3198
f 3156/1986/3460 3677/2164/3545 3645/2161/3543 3188/166/3023
f 3163/466/3051 3670/467/3050 3671/2162/3544 3162/639/3174
f 3667/2105/3516 3799/2166/3546 3800/2165/3547 3668/2103/3515
f 3669/468/3049 3801/2176/3548 3802/2175/3549 3670/467/3050
f 3665/2109/3518 3797/2180/3550 3798/2179/3551 3666/2107/3517
f 3671/2162/3544 3803/2183/3552 3804/2182/3553 3672/2159/3542
f 3670/467/3050 3802/2175/3549 3803/2183/3552 3671/2162/3544
f 3645/2161/3543 3777/2185/3554 3778/2184/3555 3646/2158/3541
f 3673/2156/3540 3805/2188/3556 3806/2187/3557 3674/2153/3538
f 3664/2111/3519 3796/2191/3558 3797/2180/3550 3665/2109/3518
f 3649/2148/3534 3781/2193/3559 3782/2192/3560 3650/2145/3533
f 3677/2164/3545 3809/2195/3561 3777/2185/3554 3645/2161/3543
f 3672/2159/3542 3804/2182/3553 3805/2188/3556 3673/2156/3540
f 3675/2150/3535 3807/2197/3562 3808/2196/3563 3676/2149/3536
f 3655/2129/3528 3787/2199/3564 3788/2198/3565 3656/2127/3527
f 3652/2139/3531 3784/2201/3566 3785/2200/3567 3653/2136/3530
f 3666/2107/3517 3798/2179/3551 3799/2166/3546 3667/2105/3516
f 3646/2158/3541 3778/2184/3555 3779/2204/3568 3647/2155/3539
f 3647/2155/3539 3779/2204/3568 3780/2205/3569 3648/2152/3537
f 3654/2133/3529 3786/2206/3570 3787/2199/3564 3655/2129/3528
f 3657/2125/3526 3789/2210/3571 3790/2209/3572 3658/2123/3525
f 3658/2123/3525 3790/2209/3572 3791/2212/3573 3659/2121/3524
f 3650/2145/3533 3782/2192/3560 3783/2215/3574 3651/2142/3532
f 3648/2152/3537 3780/2205/3569 3781/2193/3559 3649/2148/3534
f 3661/2117/3522 3793/2218/3575 3794/2217/3576 3662/2115/3521
f 3653/2136/3530 3785/2200/3567 3786/2206/3570 3654/2133/3529
f 3663/2113/3520 3795/2221/3577 3796/2191/3558 3664/2111/3519
f 3674/2153/3538 3806/2187/3557 3807/2197/3562 3675/2150/3535
f 3656/2127/3527 3788/2198/3565 3789/2210/3571 3657/2125/3526
f 3668/2103/3515 3800/2165/3547 3801/2176/3548 3669/468/3049
f 3660/2119/3523 3792/2226/3578 3793/2218/3575 3661/2117/3522
f 3651/2142/3532 3783/2215/3574 3784/2201/3566 3652/2139/3531
f 3659/2121/3524 3791/2212/3573 3792/2226/3578 3660/2119/3523
f 3662/2115/3521 3794/2217/3576 3795/2221/3577 3663/2113/3520
f 764/800/828 3320/914/2544 3319/913/3217 804/801/441
f 4083/2365/3579 4084/2368/3580 3994/2367/3581 3993/2366/3582
f 4643/2369/3583 4642/2378/3584 4641/2377/3584 4640/2376/3584 4647/2375/3584 4646/2374/3584 4645/2373/3584 4644/2372/3583 3977/2371/3585 3823/1648/3281 3821/1649/3290 3976/2370/3586
f 4644/2372/3583 4643/2369/3583 3976/2370/3586 3977/2371/3585
f 3983/2379/3587 3816/2382/3588 3817/2381/3589 4147/2380/3590
f 4085/2383/3591 4086/2384/3592 3817/2381/3589 3816/2382/3588
f 3986/2385/3593 3818/1651/3291 3984/1652/3220 4146/2386/3594
f 4086/2384/3592 4087/2388/3595 3985/2387/3596 3817/2381/3589
f 4087/2388/3595 4088/2390/3597 3989/2389/3598 3985/2387/3596
f 3818/1651/3291 3986/2385/3593 3820/2391/3599 3819/1650/3289
f 4088/2390/3597 4089/2393/3600 3987/2392/3601 3989/2389/3598
f 3820/2391/3599 3987/2392/3601 3822/2394/3602 3976/2370/3586
f 4089/2393/3600 4090/2395/3603 3822/2394/3602 3987/2392/3601
f 3819/1650/3289 3820/2391/3599 3976/2370/3586 3821/1649/3290
f 3976/2370/3586 3822/2394/3602 3824/2396/3604 3977/2371/3585
f 4090/2395/3603 4091/2397/3605 3824/2396/3604 3822/2394/3602
f 3977/2371/3585 4309/2399/3606 4311/2398/3607
f 3978/2400/3608 4313/2402/3609 4312/2401/3610
f 4091/2397/3605 4092/2404/3611 3826/2403/3612 3824/2396/3604
f 3823/1648/3281 3977/2371/3585 3981/2405/3613 3825/1646/3282
f 3825/1646/3282 3981/2405/3613 3978/2400/3608 3827/1647/3280
f 4092/2404/3611 4093/2407/3614 3979/2406/3615 3826/2403/3612
f 3829/2408/3616 4325/2410/3617 4319/2409/3618
f 3979/2406/3615 4323/2412/3619 4324/2411/3620
f 3827/1647/3280 3978/2400/3608 3829/2408/3616 3828/1645/3234
f 4093/2407/3614 4094/2414/3621 3980/2413/3622 3979/2406/3615
f 3971/2415/3623 4327/2417/3624 4333/2416/3625
f 3830/1644/3225 4330/2419/3626 4332/2418/3627
f 3829/2408/3616 3980/2413/3622 3831/2421/3628 3970/2420/3629
f 4094/2414/3621 4095/2422/3630 3831/2421/3628 3980/2413/3622
f 3828/1645/3234 3829/2408/3616 3970/2420/3629 3830/1644/3225
f 3970/2420/3629 3831/2421/3628 3833/2423/3631 3971/2415/3623
f 4095/2422/3630 4096/2424/3632 3833/2423/3631 3831/2421/3628
f 3832/1643/3226 3971/2415/3623 3975/2425/3633 3834/1642/3223
f 3971/2415/3623 4336/2427/3634 4338/2426/3635
f 4096/2424/3632 4097/2429/3636 3835/2428/3637 3833/2423/3631
f 4340/2430/3638 3972/2432/3639 4341/2431/3640
f 3834/1642/3223 3975/2425/3633 3972/2432/3639 3836/1641/3224
f 4097/2429/3636 4098/2434/3641 3973/2433/3642 3835/2428/3637
f 3973/2433/3642 4347/2436/3643 4348/2435/3644
f 3838/2437/3645 4349/2439/3646 4343/2438/3646
f 3836/1641/3224 3972/2432/3639 3838/2437/3645 3837/1640/3278
f 4098/2434/3641 4099/2441/3647 3974/2440/3648 3973/2433/3642
f 3968/2442/3649 4351/2444/3650 4357/2443/3651
f 3966/2445/3652 4353/2447/3653 3967/2446/3654
f 3838/2437/3645 3974/2440/3648 3839/2449/3655 3964/2448/3656
f 4099/2441/3647 4100/2450/3657 3839/2449/3655 3974/2440/3648
f 3837/1640/3278 3838/2437/3645 3964/2448/3656 3963/1639/3277
f 3964/2448/3656 3839/2449/3655 3840/2451/3658 3966/2445/3652
f 4100/2450/3657 4101/2452/3659 3840/2451/3658 3839/2449/3655
f 3965/1638/3275 3966/2445/3652 3967/2446/3654 3841/1637/3276
f 4101/2452/3659 4102/2453/3660 3968/2442/3649 3840/2451/3658
f 4364/2454/3661 4362/2456/3662 3968/2442/3649 3969/2455/3663
f 3843/2457/3664 4365/2459/3665 4359/2458/3666
f 3841/1637/3276 3967/2446/3654 3843/2457/3664 3842/1636/3279
f 4102/2453/3660 4103/2460/3667 3969/2455/3663 3968/2442/3649
f 3961/2461/3668 4371/2463/3669 4370/2462/3670
f 3846/1634/3273 4373/2465/3671 4367/2464/3672
f 3840/2451/3658 4355/2466/3673 3966/2445/3652
f 4103/2460/3667 4104/2468/3674 3845/2467/3675 3969/2455/3663
f 3842/1636/3279 3843/2457/3664 3961/2461/3668 3844/1635/3274
f 3961/2461/3668 3845/2467/3675 3847/2470/3676 3962/2469/3677
f 4104/2468/3674 4105/2471/3678 3847/2470/3676 3845/2467/3675
f 3962/2469/3677 3847/2470/3676 3849/2473/3679 3959/2472/3680
f 3849/2473/3679 4380/2475/3681 4377/2474/3682
f 4105/2471/3678 4106/2476/3683 3849/2473/3679 3847/2470/3676
f 3846/1634/3273 3962/2469/3677 3959/2472/3680 3848/1633/3272
f 3960/2477/3684 4381/2479/3685 4376/2478/3686
f 4106/2476/3683 4107/2481/3687 3956/2480/3688 3849/2473/3679
f 3960/2477/3684 4385/2483/3689 4386/2482/3690
f 3852/2484/3691 4383/2486/3692 4382/2485/3693
f 3850/1632/3271 3960/2477/3684 3852/2484/3691 3851/1631/3270
f 4107/2481/3687 4108/2488/3694 3958/2487/3695 3956/2480/3688
f 3955/2489/3696 3852/2484/3691 3958/2487/3695 3957/2490/3697
f 3851/1631/3270 3852/2484/3691 3955/2489/3696 3853/1630/3269
f 4108/2488/3694 4109/2491/3698 3957/2490/3697 3958/2487/3695
f 3955/2489/3696 4397/2493/3699 4396/2492/3700
f 3853/1630/3269 4391/2495/3701 4395/2494/3702
f 3955/2489/3696 3957/2490/3697 3855/2497/3703 4044/2496/3704
f 4109/2491/3698 4110/2498/3705 3855/2497/3703 3957/2490/3697
f 3854/1629/3268 4044/2496/3704 4048/2499/3706 3856/1628/3267
f 4044/2496/3704 4399/2501/3707 4400/2500/3708
f 4110/2498/3705 4111/2503/3709 3857/2502/3710 3855/2497/3703
f 4046/2504/3711 4401/2506/3712 4402/2505/3713
f 3856/1628/3267 4048/2499/3706 4045/2507/3714 3858/1627/3266
f 4111/2503/3709 4112/2508/3715 4046/2504/3711 3857/2502/3710
f 4046/2504/3711 4411/2510/3716 4412/2509/3717
f 3860/2511/3718 4413/2513/3719 4407/2512/3719
f 3858/1627/3266 4045/2507/3714 3860/2511/3718 3859/1626/3265
f 4112/2508/3715 4113/2515/3720 4047/2514/3721 4046/2504/3711
f 4038/2516/3722 4419/2518/3723 4420/2517/3724
f 3863/1625/3263 4421/2520/3725 4415/2519/3726
f 3860/2511/3718 4047/2514/3721 3862/2521/3727 4038/2516/3722
f 4113/2515/3720 4114/2522/3728 3862/2521/3727 4047/2514/3721
f 3859/1626/3265 3860/2511/3718 4038/2516/3722 3861/1624/3264
f 4038/2516/3722 3862/2521/3727 3864/2524/3729 4039/2523/3730
f 4114/2522/3728 4115/2525/3731 3864/2524/3729 3862/2521/3727
f 4039/2526/3730 4424/2528/3732 4426/2527/3733
f 4040/2529/3734 4429/2531/3735 4427/2530/3736
f 4115/2532/3731 4116/2535/3737 3866/2534/3738 3864/2533/3729
f 3863/1623/3263 4039/2526/3730 4043/2536/3739 3865/1622/3227
f 3865/1622/3227 4043/2536/3739 4040/2529/3734 3867/1621/3228
f 4116/2535/3737 4117/2538/3740 4041/2537/3741 3866/2534/3738
f 4434/2539/3742 4040/2529/3734 4437/2540/3742
f 4041/2541/3741 4433/2543/3743 4436/2542/3744
f 3867/1621/3228 4040/2529/3734 4031/2544/3745 3868/1620/3262
f 4117/2538/3740 4118/2546/3746 4042/2545/3747 4041/2537/3741
f 3874/2547/3748 4440/2549/3749 4444/2548/3750
f 4031/2544/3745 4042/2545/3747 3870/2551/3751 4036/2550/3752
f 4118/2546/3746 4119/2552/3753 3870/2551/3751 4042/2545/3747
f 4036/2550/3752 3870/2551/3751 3872/2554/3754 4032/2553/3755
f 4119/2552/3753 4120/2555/3756 3872/2554/3754 3870/2551/3751
f 3871/1618/3260 4446/2556/3757 4032/2553/3755
f 4120/2555/3756 4121/2557/3758 3874/2547/3748 3872/2554/3754
f 3871/1618/3260 4448/2558/3759 4446/2556/3757
f 3875/1616/3258 4033/2560/3760 3877/2559/3761 3876/1615/3257
f 3873/1617/3259 4037/2561/3762 4033/2560/3760 3875/1616/3258
f 4121/2557/3758 4122/2563/3763 4034/2562/3764 3874/2547/3748
f 4452/2564/3765 4033/2560/3760 4450/2565/3766
f 3874/2547/3748 4444/2548/3750 3872/2554/3754
f 3876/1615/3257 3877/2559/3761 4026/2566/3767 4025/1614/3256
f 4122/2563/3763 4123/2568/3768 4035/2567/3769 4034/2562/3764
f 4033/2560/3760 4037/2561/3762 3874/2547/3748 4034/2562/3764
f 4123/2568/3768 4124/2570/3770 3878/2569/3771 4035/2567/3769
f 3881/1612/3254 3882/2572/3772 4029/2571/3773 4021/1611/3231
f 4124/2570/3770 4125/2574/3774 3880/2573/3775 3878/2569/3771
f 3881/1612/3254 4459/2576/3776 4458/2575/3777
f 3877/2559/3761 4035/2567/3769 3878/2569/3771 4026/2566/3767
f 4125/2574/3774 4126/2578/3778 4028/2577/3779 3880/2573/3775
f 4023/2579/3780 4464/2581/3781 4463/2580/3782
f 4465/2582/3783 3890/2584/3784 4467/2583/3783
f 4126/2578/3778 4127/2586/3785 4030/2585/3786 4028/2577/3779
f 4030/2585/3786 3884/2588/3787 3883/2587/3788 4029/2571/3773
f 4127/2586/3785 4128/2589/3789 3884/2588/3787 4030/2585/3786
f 3883/2587/3788 3884/2588/3787 3886/2591/3790 4019/2590/3791
f 4128/2589/3789 4129/2592/3792 3886/2591/3790 3884/2588/3787
f 4019/2590/3791 3886/2591/3790 3888/2594/3793 3885/2593/3794
f 4029/2571/3773 4468/2596/3795 4469/2595/3796
f 4129/2592/3792 4130/2597/3797 3888/2594/3793 3886/2591/3790
f 3890/2584/3784 3891/2599/3798 4015/2598/3799 4023/2579/3780
f 4130/2597/3797 4131/2600/3800 3890/2584/3784 3888/2594/3793
f 4015/2598/3799 4471/2601/3801 4014/1606/3250
f 3892/2602/3802 4474/2604/3803 4476/2603/3804
f 3813/1590/3284 3992/2606/3805 3815/2605/3806 3814/1591/3233
f 4131/2600/3800 4132/2607/3807 3891/2599/3798 3890/2584/3784
f 4015/2598/3799 3891/2599/3798 3893/2608/3808 3892/2602/3802
f 4015/2598/3799 4014/1606/3250 3889/1607/3251 4023/2579/3780
f 4020/2609/3809 4017/2611/3810 4481/2610/3811
f 3896/2612/3812 4483/2614/3813 4486/2613/3814
f 4132/2607/3807 4133/2615/3815 3893/2608/3808 3891/2599/3798
f 3892/2602/3802 3893/2608/3808 3895/2616/3816 4017/2611/3810
f 4133/2615/3815 4134/2617/3817 3895/2616/3816 3893/2608/3808
f 3894/1604/3247 4017/2611/3810 4020/2609/3809 4004/1603/3248
f 4017/2611/3810 4492/2618/3818 3892/2602/3802
f 4494/2619/3819 4016/1605/3249 4489/2620/3819
f 4134/2617/3817 4135/2621/3820 3896/2612/3812 3895/2616/3816
f 4492/2618/3818 4017/2611/3810 4493/2622/3821
f 3897/2623/3822 3898/2626/3823 4006/2625/3824 4018/2624/3825
f 4135/2621/3820 4136/2627/3826 3897/2623/3822 3896/2612/3812
f 4004/1603/3248 4495/2629/3827 4497/2628/3828
f 4500/2630/3829 4501/2631/3830 4005/1601/3244
f 4136/2627/3826 4137/2632/3831 3898/2626/3823 3897/2623/3822
f 4006/2625/3824 3898/2626/3823 4008/2634/3832 4007/2633/3833
f 4006/2625/3824 4508/2636/3834 4504/2635/3835
f 4510/2637/3836 4005/1601/3244 4505/2638/3837
f 4137/2632/3831 4138/2639/3838 4008/2634/3832 3898/2626/3823
f 3899/1600/3243 4007/2633/3833 4013/2640/3839 3997/1599/3242
f 3997/1599/3242 4511/2642/3840 4513/2641/3841
f 4138/2639/3838 4139/2644/3842 4012/2643/3843 4008/2634/3832
f 4009/2645/3844 4010/2648/3845 3900/2647/3846 3999/2646/3847
f 4139/2644/3842 4140/2649/3848 4010/2648/3845 4012/2643/3843
f 4519/2650/3849 3992/2652/3805 4518/2651/3850
f 4598/2653/3851 4538/2654/3852 4012/2643/3843
f 4140/2649/3848 4141/2655/3853 3900/2647/3846 4010/2648/3845
f 3902/2656/3854 4001/2659/3855 3904/2658/3856 4000/2657/3857
f 4000/2657/3857 4522/2660/3858 3999/2646/3847 3900/2647/3846 3902/2656/3854
f 4141/2655/3853 4142/2661/3859 3902/2656/3854 3900/2647/3846
f 3901/1596/3239 4529/2663/3860 4528/2662/3861
f 4536/2664/3862 3904/2658/3856 4535/2665/3863
f 4001/2659/3855 4532/2667/3864 4530/2666/3865
f 4142/2661/3859 4143/2668/3866 4001/2659/3855 3902/2656/3854
f 3901/1596/3239 4000/2657/3857 3904/2658/3856 3903/1595/3238
f 3903/1595/3238 3904/2658/3856 3996/2669/3867 3995/1594/3237
f 4143/2668/3866 4144/2671/3868 4002/2670/3869 4001/2659/3855
f 4008/2634/3832 4538/2654/3852 4539/2672/3870
f 3996/2669/3867 4002/2670/3869 3810/2674/3871 3990/2673/3872
f 4144/2671/3868 4145/2675/3873 3810/2674/3871 4002/2670/3869
f 3810/2674/3871 4542/2676/3874 3990/2673/3872
f 4145/2675/3873 4082/2678/3875 3812/2677/3876 3810/2674/3871
f 3815/2605/3806 3994/2367/3581 3816/2382/3588 3983/2379/3587
f 3885/2593/3794 4550/2679/3877 4019/2590/3791
f 3887/1608/3252 4552/2681/3878 4551/2680/3879
f 4084/2368/3580 4085/2383/3591 3816/2382/3588 3994/2367/3581
f 3814/1591/3233 3815/2605/3806 3983/2379/3587 3982/1654/3215
f 3990/2673/3872 4612/2682/3880 3996/2669/3867
f 4082/2678/3875 4083/2684/3579 3993/2683/3582 3812/2677/3876
f 3992/2606/3805 4556/2686/3881 4555/2685/3881
f 3992/2652/3805 4519/2650/3849 3993/2683/3582
f 4028/2577/3779 4561/2687/3882 3882/2572/3772
f 4030/2585/3786 4564/2689/3883 4565/2688/3884
f 3207/1384/3320 3931/2277/3885 3929/2278/3886 3206/1386/3322
f 3204/1390/3326 3927/2267/3887 3930/2268/3888 3203/1392/3328
f 3217/1364/3300 3923/2255/3889 3913/2256/3890 3216/1366/3302
f 3201/1396/3332 3922/2243/3891 3932/2244/3892 3200/1398/3334
f 3190/1418/3354 3936/2231/3893 3937/2232/3894 3189/1420/3356
f 3198/1402/3338 3919/2330/3895 3933/2337/3896 3197/1404/3340
f 3195/1408/3344 3916/2274/3897 3934/2341/3898 3194/1410/3346
f 3214/1370/3306 3924/2248/3899 3911/2239/3900 3213/1372/3308
f 3192/1414/3350 3906/2357/3901 3935/2351/3902 3191/1416/3352
f 3189/1420/3356 3937/2232/3894 3920/2353/3903 3221/1422/3358
f 3191/1416/3352 3935/2351/3902 3936/2231/3893 3190/1418/3354
f 3211/1376/3312 3925/2263/3904 3907/2345/3905 3210/1378/3314
f 3194/1410/3346 3934/2341/3898 3905/2342/3906 3193/1412/3348
f 3197/1404/3340 3933/2337/3896 3915/2273/3907 3196/1406/3342
f 3200/1398/3334 3932/2244/3892 3918/2329/3908 3199/1400/3336
f 3208/1382/3318 3928/2298/3909 3931/2277/3885 3207/1384/3320
f 3203/1392/3328 3930/2268/3888 3921/2317/3910 3202/1394/3330
f 3206/1386/3322 3929/2278/3886 3926/2271/3911 3205/1388/3324
f 3209/1380/3316 3908/2297/3912 3928/2298/3909 3208/1382/3318
f 3205/1388/3324 3926/2271/3911 3927/2267/3887 3204/1390/3326
f 3212/1374/3310 3912/2240/3913 3925/2263/3904 3211/1376/3312
f 3215/1368/3304 3914/2247/3914 3924/2248/3899 3214/1370/3306
f 3218/1362/3298 3917/2286/3915 3923/2255/3889 3217/1364/3300
f 3202/1394/3330 3921/2317/3910 3922/2243/3891 3201/1396/3332
f 3199/1400/3336 3918/2329/3908 3919/2330/3895 3198/1402/3338
f 3219/1358/3296 3910/2285/3916 3917/2286/3915 3218/1362/3298
f 3196/1406/3342 3915/2273/3907 3916/2274/3897 3195/1408/3344
f 3216/1366/3302 3913/2256/3890 3914/2247/3914 3215/1368/3304
f 3213/1372/3308 3911/2239/3900 3912/2240/3913 3212/1374/3310
f 3220/1359/3295 3909/2361/3917 3910/2285/3916 3219/1358/3296
f 3210/1378/3314 3907/2345/3905 3908/2297/3912 3209/1380/3316
f 3193/1412/3348 3905/2342/3906 3906/2357/3901 3192/1414/3350
f 3945/2728/3918 3938/2819/3919 3940/2695/3920
f 3938/2819/3919 3947/2749/3921 3946/2738/3922
f 3938/2819/3919 3950/2770/3923 3940/2695/3920
f 3953/2798/3924 3938/2819/3919 3952/2795/3925
f 3938/2819/3919 3946/2738/3922 3951/2786/3926
f 3949/2764/3927 3947/2749/3921 3938/2819/3919
f 3938/2819/3919 3945/2728/3918 3954/2806/3928
f 3938/2819/3919 3942/2707/3929 3939/2690/3930
f 3938/2819/3919 3941/2702/3931 3948/2753/3932
f 3943/2713/3933 3944/2720/3934 3938/2819/3919
f 3954/2806/3928 3952/2795/3925 3938/2819/3919
f 3942/2707/3929 3938/2819/3919 3951/2786/3926
f 3949/2764/3927 3938/2819/3919 3948/2753/3932
f 3938/2819/3919 3944/2720/3934 3941/2702/3931
f 3943/2713/3933 3938/2819/3919 3953/2798/3924
f 3939/2690/3930 3950/2770/3923 3938/2819/3919
f 3982/1654/3215 4569/2884/3935 4570/2883/3936
f 3880/2573/3775 4575/2886/3937 4573/2885/3938
f 4026/2566/3767 3878/2569/3771 3880/2573/3775 3879/2887/3939
f 3885/2593/3794 4023/2579/3780 3889/1607/3251 3887/1608/3252
f 4615/2888/3940 3991/1592/3235 4616/2889/3941
f 4578/2892/3942 3985/2387/3596 4584/2893/3943
f 4587/2894/3944 4031/2544/3745 4589/2895/3945
f 4147/2380/3590 4596/2896/3946 4146/2386/3594
f 4597/2897/3947 3985/2387/3596 4594/2898/3948
f 4013/2640/3839 4599/2900/3949 4602/2899/3950
f 3253/1793/3951 3254/1794/3952 4078/484/3064 4080/461/3045
f 3249/1974/3953 3250/1976/3954 4075/511/3082 4077/497/3071
f 3251/1978/3955 3252/1980/3956 4081/458/3044 4076/514/3083
f 3246/1968/3957 3247/1970/3958 4072/2027/3476 4074/522/3089
f 3247/1970/3958 3248/1972/3959 4073/494/3070 4072/2027/3476
f 3240/1956/3960 3241/1958/3961 4066/580/3130 4068/567/3119
f 3242/1960/3962 3243/1962/3963 4071/529/3094 4067/583/3131
f 3237/1950/3964 3238/1952/3965 4063/2021/3470 4065/591/3137
f 3238/1952/3965 3239/1954/3966 4064/564/3118 4063/2021/3470
f 3231/1938/3967 3232/1940/3968 4057/646/3177 4059/634/3167
f 3233/1942/3969 3234/1944/3970 4062/596/3142 4058/649/3178
f 3228/1932/3971 3229/1934/3972 4054/2016/3465 4056/659/3184
f 3229/1934/3972 3230/1936/3973 4055/631/3166 4054/2016/3465
f 3224/1924/3974 3225/1926/3975 4053/664/3189 4050/721/3212
f 3223/1923/3976 3224/1924/3974 4050/721/3212 4049/718/3211
f 3226/1928/3977 3227/1930/3978 4052/656/3183 4051/667/3190
f 3225/1926/3975 3226/1928/3977 4051/667/3190 4053/664/3189
f 3227/1930/3978 3228/1932/3971 4056/659/3184 4052/656/3183
f 3232/1940/3968 3233/1942/3969 4058/649/3178 4057/646/3177
f 3230/1936/3973 3231/1938/3967 4059/634/3167 4055/631/3166
f 3235/1946/3979 3236/1948/3980 4061/588/3136 4060/599/3143
f 3234/1944/3970 3235/1946/3979 4060/599/3143 4062/596/3142
f 3236/1948/3980 3237/1950/3964 4065/591/3137 4061/588/3136
f 3241/1958/3961 3242/1960/3962 4067/583/3131 4066/580/3130
f 3239/1954/3966 3240/1956/3960 4068/567/3119 4064/564/3118
f 3244/1964/3981 3245/1966/3982 4070/519/3088 4069/532/3095
f 3243/1962/3963 3244/1964/3981 4069/532/3095 4071/529/3094
f 3245/1966/3982 3246/1968/3957 4074/522/3089 4070/519/3088
f 3250/1976/3954 3251/1978/3955 4076/514/3083 4075/511/3082
f 3248/1972/3959 3249/1974/3953 4077/497/3071 4073/494/3070
f 3254/1794/3952 3222/1984/3983 4079/487/3065 4078/484/3064
f 3252/1980/3956 3253/1793/3951 4080/461/3045 4081/458/3044
f 3321/421/2543 3632/1861/3043 3635/1858/3984 3320/423/2544
f 3327/409/3246 3328/407/846 3611/1875/3985 3614/1873/3986
f 3350/362/928 3549/1919/3987 3550/1917/3988 3349/365/3229
f 3324/415/899 3325/413/722 3620/1869/3989 3623/1867/3990
f 3324/415/899 3623/1867/3990 3626/1865/3991 3323/417/898
f 3322/419/3041 3323/417/898 3626/1865/3991 3629/1863/3042
f 4698/155/153 521/158/156 515/1587/160 4648/3636/159
f 3319/450/3217 3641/1985/3992 3644/1795/3993 3382/451/3218
f 3320/423/2544 3635/1858/3984 3641/1982/3992 3319/425/3217
f 3617/1871/3994 3326/411/721 3327/409/3246 3614/1873/3986
f 3380/300/3040 3381/299/3230 3638/1792/3995 3517/1981/3996
f 3380/300/3040 3517/1981/3996 3520/1979/3997 3379/303/493
f 3521/1977/3998 3378/305/494 3379/303/493 3520/1979/3997
f 3522/1975/3999 3377/307/774 3378/305/494 3521/1977/3998
f 3377/307/774 3522/1975/3999 3523/1973/4000 3376/309/628
f 3524/1971/4001 3375/311/629 3376/309/628 3523/1973/4000
f 3374/313/833 3375/311/629 3524/1971/4001 3525/1969/4002
f 3374/313/833 3525/1969/4002 3526/1967/4003 3373/315/655
f 3527/1965/4004 3372/317/656 3373/315/655 3526/1967/4003
f 3372/317/656 3527/1965/4004 3528/1963/4005 3371/319/758
f 3370/321/759 3371/319/758 3528/1963/4005 3529/1961/4006
f 3530/1959/4007 3369/323/486 3370/321/759 3529/1961/4006
f 3369/323/486 3530/1959/4007 3531/1957/4008 3368/325/483
f 3532/1955/4009 3367/327/553 3368/325/483 3531/1957/4008
f 3366/329/554 3367/327/553 3532/1955/4009 3533/1953/4010
f 3366/329/554 3533/1953/4010 3534/1951/4011 3365/331/521
f 3535/1949/4012 3364/333/522 3365/331/521 3534/1951/4011
f 3364/333/522 3535/1949/4012 3536/1947/4013 3363/335/620
f 3362/337/739 3363/335/620 3536/1947/4013 3537/1945/4014
f 3538/1943/4015 3361/339/689 3362/337/739 3537/1945/4014
f 3361/339/689 3538/1943/4015 3539/1941/4016 3360/341/690
f 3540/1939/4017 3359/343/706 3360/341/690 3539/1941/4016
f 3358/345/755 3359/343/706 3540/1939/4017 3541/1937/4018
f 3382/451/3218 3644/1795/3993 3638/1792/3995 3381/299/3230
f 3543/1933/4019 3356/349/3029 3357/347/3286 3542/1935/4020
f 3356/349/3029 3543/1933/4019 3544/1931/4021 3355/351/798
f 3354/353/799 3355/351/798 3544/1931/4021 3545/1929/4022
f 3353/355/871 3354/353/799 3545/1929/4022 3546/1927/4023
f 3353/355/871 3546/1927/4023 3547/1925/4024 3352/357/699
f 3351/359/696 3352/357/699 3547/1925/4024 3548/1922/4025
f 3549/1919/3987 3350/362/928 3351/361/696 3548/1921/4025
f 3358/345/755 3541/1937/4018 3542/1935/4020 3357/347/3286
f 3551/1915/4026 3348/367/456 3349/365/3229 3550/1917/3988
f 3348/367/456 3551/1915/4026 3554/1913/4027 3347/369/457
f 3557/1911/4028 3346/371/3285 3347/369/457 3554/1913/4027
f 3345/373/531 3346/371/3285 3557/1911/4028 3560/1909/4029
f 3345/373/531 3560/1909/4029 3563/1907/4030 3344/375/532
f 3343/377/582 3344/375/532 3563/1907/4030 3566/1905/4031
f 3569/1903/4032 3342/379/600 3343/377/582 3566/1905/4031
f 3342/379/600 3569/1903/4032 3572/1901/4033 3341/381/3219
f 3340/383/664 3341/381/3219 3572/1901/4033 3575/1899/4034
f 3340/383/664 3575/1899/4034 3578/1897/4035 3339/385/665
f 3581/1895/4036 3338/387/3287 3339/385/665 3578/1897/4035
f 3337/389/732 3338/387/3287 3581/1895/4036 3584/1893/4037
f 3337/389/732 3584/1893/4037 3587/1891/4038 3336/391/730
f 3335/393/3221 3336/391/730 3587/1891/4038 3590/1889/4039
f 3593/1887/4040 3334/395/3222 3335/393/3221 3590/1889/4039
f 3334/395/3222 3593/1887/4040 3596/1885/4041 3333/397/3292
f 3332/399/791 3333/397/3292 3596/1885/4041 3599/1883/4042
f 3332/399/791 3599/1883/4042 3602/1881/4043 3331/401/790
f 3330/403/3288 3331/401/790 3602/1881/4043 3605/1879/4044
f 3329/405/849 3330/403/3288 3605/1879/4044 3608/1877/4045
f 3326/411/721 3617/1871/3994 3620/1869/3989 3325/413/722
f 3329/405/849 3608/1877/4045 3611/1875/3985 3328/407/846
f 3318/1146/443 3811/1593/3236 3813/2891/3284 3255/2903/440
f 534/593/601 3342/592/600 3341/973/3219 524/746/766
f 3818/1651/3291 3819/1650/3289 3261/1259/862 3260/1261/864
f 734/673/691 819/689/707 3295/253/3030 3296/255/3031
f 629/86/84 3358/736/755 3357/1018/3286 674/87/85
f 3987/2392/3601 4603/3175/4046 4605/3174/4047
f 4146/2386/3594 4608/3177/4048 4609/3176/4049
f 3990/2673/3872 4614/3178/4050 4612/2682/3880
f 3995/1594/3237 4618/3179/4051 4616/2889/3941
f 4621/3180/4052 4022/1609/3253 4623/3181/4053
f 3965/1638/3275 4625/3183/4054 4624/3182/4055
f 3966/2445/3652 4629/3184/4056 3964/2448/3656
f 3784/2201/3566 4155/3186/4057 4156/3185/4058 3785/2200/3567
f 3809/2195/3561 4180/3188/4059 4148/3187/4060 3777/2185/3554
f 3781/2193/3559 4152/3192/4061 4153/3191/4062 3782/2192/3560
f 3789/2210/3571 4160/3198/4063 4161/3197/4064 3790/2209/3572
f 3798/2179/3551 4169/3203/4065 4170/3202/4066 3799/2166/3546
f 3807/2197/3562 4178/3205/4067 4179/3204/4068 3808/2196/3563
f 3783/2215/3574 4154/3206/4069 4155/3186/4057 3784/2201/3566
f 3797/2180/3550 4168/3209/4070 4169/3203/4065 3798/2179/3551
f 3777/2185/3554 4148/3187/4060 4149/3210/4071 3778/2184/3555
f 3786/2206/3570 4157/3212/4072 4158/3211/4073 3787/2199/3564
f 3785/2200/3567 4156/3185/4058 4157/3212/4072 3786/2206/3570
f 3796/2191/3558 4167/3218/4074 4168/3209/4070 3797/2180/3550
f 3799/2166/3546 4170/3202/4066 4171/3224/4075 3800/2165/3547
f 3794/2217/3576 4165/3228/4076 4166/3227/4077 3795/2221/3577
f 3782/2192/3560 4153/3191/4062 4154/3206/4069 3783/2215/3574
f 3800/2165/3547 4171/3224/4075 4172/3237/4078 3801/2176/3548
f 3801/2176/3548 4172/3237/4078 4173/3239/4079 3802/2175/3549
f 3806/2187/3557 4177/3240/4080 4178/3205/4067 3807/2197/3562
f 3802/2175/3549 4173/3239/4079 4174/3241/4081 3803/2183/3552
f 3805/2188/3556 4176/3242/4082 4177/3240/4080 3806/2187/3557
f 3803/2183/3552 4174/3241/4081 4175/3243/4083 3804/2182/3553
f 3790/2209/3572 4161/3197/4064 4162/3244/4084 3791/2212/3573
f 3780/2205/3569 4151/3245/4085 4152/3192/4061 3781/2193/3559
f 3778/2184/3555 4149/3210/4071 4150/3246/4086 3779/2204/3568
f 3804/2182/3553 4175/3243/4083 4176/3242/4082 3805/2188/3556
f 3787/2199/3564 4158/3211/4073 4159/3247/4087 3788/2198/3565
f 3792/2226/3578 4163/3249/4088 4164/3248/4089 3793/2218/3575
f 3791/2212/3573 4162/3244/4084 4163/3249/4088 3792/2226/3578
f 3795/2221/3577 4166/3227/4077 4167/3218/4074 3796/2191/3558
f 3788/2198/3565 4159/3247/4087 4160/3198/4063 3789/2210/3571
f 3793/2218/3575 4164/3248/4089 4165/3228/4076 3794/2217/3576
f 3779/2204/3568 4150/3246/4086 4151/3245/4085 3780/2205/3569
f 4222/3317/4090 4252/3320/4091 4291/3319/4092 4223/3318/4093
f 4187/3321/4094 4245/3324/4095 4246/3323/4096 4188/3322/4097
f 4185/3325/4098 4275/3328/4099 4290/3327/4100 4186/3326/4101
f 4214/3329/4102 4266/3332/4103 4292/3331/4104 4215/3330/4105
f 4181/3333/4106 4247/3336/4107 4248/3335/4108 4182/3334/4109
f 4193/3337/4110 4300/3340/4111 4272/3339/4112 4194/3338/4113
f 4230/3341/4114 4262/3344/4115 4293/3343/4116 4231/3342/4117
f 4200/3345/4118 4249/3348/4119 4250/3347/4120 4201/3346/4121
f 4202/3349/4122 4255/3352/4123 4286/3351/4124 4203/3350/4125
f 4211/3353/4126 4294/3356/4127 4295/3355/4128 4212/3354/4129
f 4221/3357/4130 4251/3358/4131 4252/3320/4091 4222/3317/4090
f 4220/3359/4132 4264/3360/4133 4251/3358/4131 4221/3357/4130
f 4235/3361/4134 4296/3364/4135 4260/3363/4136 4236/3362/4137
f 4237/3365/4138 4253/3368/4139 4254/3367/4140 4238/3366/4141
f 4226/3369/4142 4306/3372/4143 4288/3371/4144 4227/3370/4145
f 4198/3373/4146 4297/3376/4147 4298/3375/4148 4199/3374/4149
f 4201/3346/4121 4250/3347/4120 4255/3352/4123 4202/3349/4122
f 4234/3377/4150 4305/3378/4151 4296/3364/4135 4235/3361/4134
f 4195/3379/4152 4273/3382/4153 4280/3381/4154 4196/3380/4155
f 4189/3383/4156 4256/3386/4157 4257/3385/4158 4190/3384/4159
f 4240/3387/4160 4304/3390/4161 4302/3389/4162 4241/3388/4163
f 4192/3391/4164 4299/3392/4165 4300/3340/4111 4193/3337/4110
f 4243/3393/4166 4258/3396/4167 4259/3395/4168 4244/3394/4169
f 4204/3397/4170 4287/3400/4171 4267/3399/4172 4205/3398/4173
f 4183/3401/4174 4301/3404/4175 4274/3403/4176 4184/3402/4177
f 4236/3362/4137 4260/3363/4136 4253/3368/4139 4237/3365/4138
f 4210/3405/4178 4308/3406/4179 4294/3356/4127 4211/3353/4126
f 4244/3407/4169 4259/3408/4168 4247/3336/4107 4181/3333/4106
f 4229/3409/4180 4261/3410/4181 4262/3344/4115 4230/3341/4114
f 4228/3411/4182 4289/3412/4183 4261/3410/4181 4229/3409/4180
f 4241/3388/4163 4302/3389/4162 4303/3414/4184 4242/3413/4185
f 4219/3415/4186 4263/3416/4187 4264/3360/4133 4220/3359/4132
f 4242/3413/4185 4303/3414/4184 4258/3396/4167 4243/3393/4166
f 4239/3417/4188 4284/3418/4189 4304/3390/4161 4240/3387/4160
f 4213/3419/4190 4265/3420/4191 4266/3332/4103 4214/3329/4102
f 4233/3421/4192 4279/3422/4193 4305/3378/4151 4234/3377/4150
f 4205/3398/4173 4267/3399/4172 4268/3424/4194 4206/3423/4195
f 4231/3342/4117 4293/3343/4116 4278/3426/4196 4232/3425/4197
f 4206/3423/4195 4268/3424/4194 4269/3428/4198 4207/3427/4199
f 4225/3429/4200 4271/3430/4201 4306/3372/4143 4226/3369/4142
f 4224/3431/4202 4270/3432/4203 4271/3430/4201 4225/3429/4200
f 4223/3318/4093 4291/3319/4092 4270/3432/4203 4224/3431/4202
f 4194/3338/4113 4272/3339/4112 4273/3382/4153 4195/3379/4152
f 4217/3433/4204 4283/3436/4205 4307/3435/4206 4218/3434/4207
f 4184/3402/4177 4274/3403/4176 4275/3328/4099 4185/3325/4098
f 4215/3330/4105 4292/3331/4104 4282/3438/4208 4216/3437/4209
f 4208/3439/4210 4276/3442/4211 4277/3441/4212 4209/3440/4213
f 4209/3440/4213 4277/3441/4212 4308/3406/4179 4210/3405/4178
f 4232/3425/4197 4278/3426/4196 4279/3422/4193 4233/3421/4192
f 4207/3427/4199 4269/3428/4198 4276/3442/4211 4208/3439/4210
f 4196/3380/4155 4280/3381/4154 4281/3444/4214 4197/3443/4215
f 4182/3334/4109 4248/3335/4108 4301/3404/4175 4183/3401/4174
f 4216/3437/4209 4282/3438/4208 4283/3436/4205 4217/3433/4204
f 4191/3445/4216 4285/3446/4217 4299/3392/4165 4192/3391/4164
f 4238/3366/4141 4254/3367/4140 4284/3418/4189 4239/3417/4188
f 4212/3447/4129 4295/3448/4128 4265/3420/4191 4213/3419/4190
f 4190/3384/4159 4257/3385/4158 4285/3446/4217 4191/3445/4216
f 4218/3434/4207 4307/3435/4206 4263/3416/4187 4219/3415/4186
f 4203/3350/4125 4286/3351/4124 4287/3400/4171 4204/3397/4170
f 4199/3374/4149 4298/3375/4148 4249/3348/4119 4200/3345/4118
f 4227/3370/4145 4288/3371/4144 4289/3412/4183 4228/3411/4182
f 4197/3443/4215 4281/3444/4214 4297/3376/4147 4198/3373/4146
f 4186/3326/4101 4290/3327/4100 4245/3324/4095 4187/3321/4094
f 4188/3322/4097 4246/3323/4096 4256/3386/4157 4189/3383/4156
f 4026/2566/3767 4634/3450/4218 4635/3449/4219
f 4027/1613/3255 4636/3452/4220 4639/3451/4221
f 4361/3453/4222 3968/2442/3649 4362/2456/3662
f 3968/2442/3649 4363/3454/4223 3967/2446/3654
f 3967/2446/3654 4365/2459/3665 3843/2457/3664
f 3968/2442/3649 4361/3453/4222 4363/3454/4223
f 3969/2455/3663 4360/3455/4224 4364/2454/3661
f 3969/2455/3663 4358/3456/4225 4360/3455/4224
f 4363/3454/4223 4365/2459/3665 3967/2446/3654
f 3845/2467/3675 3961/2461/3668 3843/2457/3664 4358/3456/4225 3969/2455/3663
f 3843/2457/3664 4359/2458/3666 4358/3456/4225
f 4350/3457/4226 3967/2446/3654 4352/3458/4227
f 3968/2442/3649 4357/2443/3651 3840/2451/3658
f 3966/2445/3652 4355/2466/3673 4354/3459/4228
f 3840/2451/3658 4357/2443/3651 4355/2466/3673
f 4350/3457/4226 3968/2442/3649 3967/2446/3654
f 4351/2444/3650 3968/2442/3649 4350/3457/4226
f 4356/3460/4229 3966/2445/3652 4354/3459/4228
f 3967/2446/3654 4353/2447/3653 4352/3458/4227
f 4353/2447/3653 3966/2445/3652 4356/3460/4229
f 4630/3461/4230 3965/1638/3275 4624/3182/4055
f 3963/1639/3277 4626/3463/4231 4628/3462/4232
f 3964/2448/3656 4626/3463/4231 3963/1639/3277
f 4630/3461/4230 3966/2445/3652 3965/1638/3275
f 4631/3464/4233 3966/2445/3652 4630/3461/4230
f 3964/2448/3656 4627/3465/4234 4626/3463/4231
f 4629/3184/4056 3966/2445/3652 4631/3464/4233
f 3964/2448/3656 4629/3184/4056 4627/3465/4234
f 4625/3183/4054 3963/1639/3277 4628/3466/4232
f 3963/1639/3277 4625/3183/4054 3965/1638/3275
f 4347/2436/3643 3974/2440/3648 4344/3467/4235
f 3974/2440/3648 4347/2436/3643 3973/2433/3642
f 3973/2433/3642 4345/3468/4236 3972/2432/3639
f 3972/2432/3639 4349/2439/3646 3838/2437/3645
f 4346/3469/4237 4349/2439/3646 3972/2432/3639
f 3974/2440/3648 4342/3470/4238 4344/3467/4235
f 3974/2440/3648 3838/2437/3645 4342/3470/4238
f 4342/3470/4238 3838/2437/3645 4343/2438/3646
f 4345/3468/4236 3973/2433/3642 4348/2435/3644
f 4346/3469/4237 3972/2432/3639 4345/3468/4236
f 4335/3471/4239 3835/2428/3637 4339/3472/4240
f 3835/2428/3637 4335/3471/4239 3833/2423/3631
f 3833/2423/3631 4337/3473/3634 3971/2415/3623
f 4337/3473/3634 4336/2427/3634 3971/2415/3623
f 3975/2425/3633 4334/3474/4241 4341/2431/3640
f 3971/2415/3623 4334/3474/4241 3975/2425/3633
f 4337/3473/3634 3833/2423/3631 4335/3471/4239
f 3971/2415/3623 4338/2426/3635 4334/3474/4241
f 4341/2431/3640 3972/2432/3639 3975/2425/3633
f 3972/2432/3639 4339/3472/4240 3973/2433/3642
f 3973/2433/3642 4339/3472/4240 3835/2428/3637
f 3972/2432/3639 4340/2430/3638 4339/3472/4240
f 3971/2415/3623 4333/2416/3625 3970/2420/3629
f 3830/1644/3225 4329/3475/4242 3832/1643/3226
f 3832/1643/3226 4326/3476/4243 3971/2415/3623
f 4328/3477/4242 4326/3476/4243 3832/1643/3226
f 3971/2415/3623 4326/3476/4243 4327/2417/3624
f 4331/3478/4244 3970/2420/3629 4333/2416/3625
f 4330/2419/3626 3970/2420/3629 4331/3478/4244
f 3832/1643/3226 4329/3475/4242 4328/3477/4242
f 4330/2419/3626 3830/1644/3225 3970/2420/3629
f 3830/1644/3225 4332/2418/3627 4329/3475/4242
f 4322/3479/4245 3978/2400/3608 4321/3480/4246
f 3978/2400/3608 4325/2410/3617 3829/2408/3616
f 4322/3479/4245 4325/2410/3617 3978/2400/3608
f 3980/2413/3622 4318/3482/4247 4320/3481/4248
f 3829/2408/3616 4318/3482/4247 3980/2413/3622
f 4321/3480/4246 3979/2406/3615 4324/2411/3620
f 4309/2399/3606 3977/2371/3585 4310/3483/4249
f 3829/2408/3616 4319/2409/3618 4318/3482/4247
f 4323/2412/3619 3980/2413/3622 4320/3481/4248
f 3980/2413/3622 4323/2412/3619 3979/2406/3615
f 4321/3480/4246 3978/2400/3608 3979/2406/3615
f 4310/3483/4249 3824/2396/3604 3826/2403/3612
f 3824/2396/3604 4310/3483/4249 3977/2371/3585
f 3977/2371/3585 4311/2398/3607 3981/2405/3613
f 4581/3484/4250 4580/3485/4251 3989/2389/3598
f 3978/2400/3608 4314/3486/4252 3979/2406/3615
f 3979/2406/3615 4315/3487/4253 3826/2403/3612
f 3978/2400/3608 4312/2401/3610 4314/3486/4252
f 3826/2403/3612 4316/3488/4254 4310/3483/4249
f 3826/2403/3612 4315/3487/4253 4316/3488/4254
f 3989/2389/3598 4584/2893/3943 3985/2387/3596
f 4313/2402/3609 3981/2405/3613 4317/3489/4255
f 4315/3487/4253 3979/2406/3615 4314/3486/4252
f 4313/2402/3609 3978/2400/3608 3981/2405/3613
f 4317/3489/4255 3981/2405/3613 4311/2398/3607
f 4580/3485/4251 4584/2893/3943 3989/2389/3598
f 3985/2387/3596 4578/2892/3942 4146/2386/3594
f 4146/2386/3594 4579/3490/4256 3986/2385/3593
f 3986/2385/3593 4583/3492/4257 4582/3491/4258
f 3986/2385/3593 4579/3490/4256 4583/3492/4257
f 4146/2386/3594 4578/2892/3942 4579/3490/4256
f 4604/3493/4259 3986/2385/3593 4582/3491/4258
f 3986/2385/3593 4604/3493/4259 3820/2391/3599
f 3820/2391/3599 4603/3175/4046 3987/2392/3601
f 4604/3493/4259 4603/3175/4046 3820/2391/3599
f 3987/2392/3601 4605/3174/4047 3989/2389/3598
f 3989/2389/3598 4605/3174/4047 4581/3484/4250
f 4596/2896/3946 4147/2380/3590 4592/3494/4260
f 4146/2386/3594 4596/2896/3946 4595/3495/4261
f 4593/3496/4262 4146/2386/3594 4595/3495/4261
f 3985/2387/3596 4597/2897/3947 3817/2381/3589
f 3817/2381/3589 4591/3497/4263 4147/2380/3590
f 4147/2380/3590 4590/3498/4264 4592/3494/4260
f 4147/2380/3590 4591/3497/4263 4590/3498/4264
f 4593/3496/4262 3985/2387/3596 4146/2386/3594
f 4594/2898/3948 3985/2387/3596 4593/3496/4262
f 3817/2381/3589 4597/2897/3947 4591/3497/4263
f 4606/3499/4265 3988/1653/3216 4570/2883/3936
f 4147/2380/3590 4571/3500/4266 3983/2379/3587
f 3983/2379/3587 4569/2884/3935 3982/1654/3215
f 4571/3500/4266 4569/2884/3935 3983/2379/3587
f 3982/1654/3215 4570/2883/3936 3988/1653/3216
f 3811/1593/3236 4520/3501/4267 3813/2891/3284
f 3992/2606/3805 4555/2685/3881 3815/2605/3806
f 3988/1653/3216 4610/3502/4268 3984/1652/3220
f 3984/1652/3220 4608/3177/4048 4146/2386/3594
f 4146/2386/3594 4609/3176/4049 4147/2380/3590
f 3815/2605/3806 4558/3503/4269 3994/2367/3581
f 4147/2380/3590 4609/3176/4049 4607/3504/4270
f 4610/3502/4268 3988/1653/3216 4606/3499/4265
f 4608/3177/4048 3984/1652/3220 4610/3502/4268
f 4571/3500/4266 4147/2380/3590 4607/3504/4270
f 4560/3505/4271 4558/3503/4269 3815/2605/3806
f 3994/2367/3581 4558/3503/4269 4559/3506/4272
f 4553/3507/4273 3993/2366/3582 4554/3508/4274
f 4553/3507/4273 3992/2606/3805 3993/2366/3582
f 3815/2605/3806 4555/2685/3881 4560/3505/4271
f 4556/2686/3881 3992/2606/3805 4553/3507/4273
f 4559/3506/4272 4557/3509/4275 3994/2367/3581
f 3994/2367/3581 4557/3509/4275 3993/2366/3582
f 4554/3508/4274 3993/2366/3582 4557/3509/4275
f 3993/2683/3582 4519/2650/3849 3812/2677/3876
f 4611/3510/4276 4617/3511/4277 3996/2669/3867
f 4518/2651/3850 3992/2652/3805 4520/3501/4267
f 4613/3512/4278 3991/1592/3235 4615/2888/3940
f 3812/2677/3876 4542/2676/3874 3810/2674/3871
f 4544/3513/4279 4542/2676/3874 3812/2677/3876
f 3990/2673/3872 4543/3515/4280 4577/3514/4281 3991/1592/3235
f 3990/2673/3872 4541/3516/4282 4543/3515/4280
f 3990/2673/3872 4542/2676/3874 4541/3516/4282
f 4520/3501/4267 3811/1593/3236 4577/3514/4281
f 3813/2891/3284 4520/3501/4267 3992/2652/3805
f 3995/1594/3237 4617/3511/4277 4618/3179/4051
f 3991/1592/3235 4577/3514/4281 3811/1593/3236
f 3996/2669/3867 4617/3511/4277 3995/1594/3237
f 3812/2677/3876 4519/2650/3849 4544/3513/4279
f 4613/3512/4278 3990/2673/3872 3991/1592/3235
f 3996/2669/3867 4612/2682/3880 4611/3510/4276
f 4614/3178/4050 3990/2673/3872 4613/3512/4278
f 3995/1594/3237 4616/2889/3941 3991/1592/3235
f 4534/3517/4283 4001/2659/3855 4537/3518/4284
f 3904/2658/3856 4536/2664/3862 3996/2669/3867
f 3996/2669/3867 4533/3519/4285 4002/2670/3869
f 4002/2670/3869 4531/3520/4286 4532/2667/3864
f 4002/2670/3869 4533/3519/4285 4531/3520/4286
f 4534/3517/4283 3904/2658/3856 4001/2659/3855
f 4535/2665/3863 3904/2658/3856 4534/3517/4283
f 3996/2669/3867 4536/2664/3862 4533/3519/4285
f 4532/2667/3864 4001/2659/3855 4002/2670/3869
f 4001/2659/3855 4530/2666/3865 4537/3518/4284
f 4524/3521/4287 3999/2646/3847 4522/2660/3858
f 3999/2646/3847 4525/3522/4288 3998/1597/3240
f 3998/1597/3240 4529/2663/3860 3901/1596/3239
f 4525/3522/4288 4529/2663/3860 3998/1597/3240
f 4000/2657/3857 4527/3523/4289 4522/2660/3858
f 4000/2657/3857 4526/3524/4290 4527/3523/4289
f 4523/3525/4288 3999/2646/3847 4524/3521/4287
f 4525/3522/4288 3999/2646/3847 4523/3525/4288
f 3901/1596/3239 4528/2662/3861 4000/2657/3857
f 4000/2657/3857 4528/2662/3861 4526/3524/4290
f 4009/2645/3844 4515/3526/4291 4013/2640/3839
f 4013/2640/3839 4512/3527/4292 3997/1599/3242
f 4512/3527/4292 4511/2642/3840 3997/1599/3242
f 4514/3528/4293 3998/1597/3240 4521/3529/4294
f 4003/1598/3241 4517/3531/4295 4516/3530/4296
f 3998/1597/3240 4514/3528/4293 3999/2646/3847
f 4515/3526/4291 4009/2645/3844 4514/3528/4293
f 3997/1599/3242 4513/2641/3841 4003/1598/3241
f 4003/1598/3241 4513/2641/3841 4517/3531/4295
f 4512/3527/4292 4013/2640/3839 4515/3526/4291
f 4008/2634/3832 4539/2672/3870 4007/2633/3833
f 4003/1598/3241 4521/3529/4294 3998/1597/3240
f 3999/2646/3847 4514/3528/4293 4009/2645/3844
f 4012/2643/3843 4538/2654/3852 4008/2634/3832
f 4003/1598/3241 4516/3530/4296 4521/3529/4294
f 4007/2633/3833 4540/3532/4297 4013/2640/3839
f 4539/2672/3870 4540/3532/4297 4007/2633/3833
f 4013/2640/3839 4540/3532/4297 4599/2900/3949
f 4013/2640/3839 4602/2899/3950 4009/2645/3844
f 4009/2645/3844 4600/3533/4298 4010/2648/3845
f 4602/2899/3950 4600/3533/4298 4009/2645/3844
f 4509/3534/4299 4006/2625/3824 4007/2633/3833
f 4012/2643/3843 4601/3535/4300 4598/2653/3851
f 4012/2643/3843 4010/2648/3845 4601/3535/4300
f 4601/3535/4300 4010/2648/3845 4600/3533/4298
f 4508/2636/3834 4006/2625/3824 4509/3534/4299
f 4503/3536/4301 4006/2625/3824 4504/2635/3835
f 4005/1601/3244 4510/2637/3836 3899/1600/3243
f 3899/1600/3243 4507/3537/4302 4007/2633/3833
f 4007/2633/3833 4506/3538/4303 4509/3534/4299
f 4007/2633/3833 4507/3537/4302 4506/3538/4303
f 4503/3536/4301 4005/1601/3244 4006/2625/3824
f 4505/2638/3837 4005/1601/3244 4503/3536/4301
f 3899/1600/3243 4510/2637/3836 4507/3537/4302
f 4502/3539/4304 4011/1602/3245 4499/3540/4305
f 4018/2624/3825 4496/3541/4306 4020/2609/3809
f 4498/3542/4307 4496/3541/4306 4018/2624/3825
f 4020/2609/3809 4481/2610/3811 4485/3543/4308
f 4011/1602/3245 4497/2628/3828 4499/3540/4305
f 4004/1603/3248 4497/2628/3828 4011/1602/3245
f 4495/2629/3827 4004/1603/3248 4496/3541/4306
f 4496/3541/4306 4004/1603/3248 4020/2609/3809
f 4484/3544/4309 4020/2609/3809 4485/3543/4308
f 4011/1602/3245 4502/3539/4304 4005/1601/3244
f 4005/1601/3244 4501/2631/3830 4006/2625/3824
f 4502/3539/4304 4500/2630/3829 4005/1601/3244
f 4006/2625/3824 4501/2631/3830 4018/2624/3825
f 3896/2612/3812 4486/2613/3814 3895/2616/3816
f 4501/2631/3830 4498/3542/4307 4018/2624/3825
f 3895/2616/3816 4479/3545/4310 4017/2611/3810
f 4480/3546/3814 4479/3545/4310 3895/2616/3816
f 4017/2611/3810 4479/3545/4310 4481/2610/3811
f 4482/3547/4311 4020/2609/3809 4484/3544/4309
f 3892/2602/3802 4492/2618/3818 4488/3548/4312
f 3895/2616/3816 4486/2613/3814 4480/3546/3814
f 4483/2614/3813 3896/2612/3812 4482/3547/4311
f 4482/3547/4311 3896/2612/3812 3897/2623/3822 4018/2624/3825 4020/2609/3809
f 4487/3549/4313 3892/2602/3802 4488/3548/4312
f 4016/1605/3249 4494/2619/3819 3894/1604/3247
f 3894/1604/3247 4491/3550/4314 4017/2611/3810
f 4017/2611/3810 4490/3551/4314 4493/2622/3821
f 4017/2611/3810 4491/3550/4314 4490/3551/4314
f 4487/3549/4313 4016/1605/3249 3892/2602/3802
f 4489/2620/3819 4016/1605/3249 4487/3549/4313
f 3894/1604/3247 4494/2619/3819 4491/3550/4314
f 4472/3552/4315 4015/2598/3799 4477/3553/4316
f 4014/1606/3250 4473/3555/4317 4478/3554/4318
f 4471/2601/3801 4015/2598/3799 4472/3552/4315
f 4014/1606/3250 4471/2601/3801 4473/3555/4317
f 4475/3556/4319 4016/1605/3249 4478/3554/4318
f 4478/3554/4318 4016/1605/3249 4014/1606/3250
f 4016/1605/3249 4474/2604/3803 3892/2602/3802
f 4475/3556/4319 4474/2604/3803 4016/1605/3249
f 3892/2602/3802 4477/3553/4316 4015/2598/3799
f 3892/2602/3802 4476/2603/3804 4477/3553/4316
f 4462/3557/4320 4464/2581/3781 3885/2593/3794
f 3885/2593/3794 4464/2581/3781 4023/2579/3780
f 4466/3558/4321 4023/2579/3780 4463/2580/3782
f 3890/2584/3784 4465/2582/3783 3888/2594/3793
f 3888/2594/3793 4460/3559/4322 3885/2593/3794
f 4461/3560/4323 4460/3559/4322 3888/2594/3793
f 3885/2593/3794 4460/3559/4322 4462/3557/4320
f 4466/3558/4321 3890/2584/3784 4023/2579/3780
f 4467/2583/3783 3890/2584/3784 4466/3558/4321
f 3888/2594/3793 4465/2582/3783 4461/3560/4323
f 4019/2590/3791 4550/2679/3877 4546/3561/4324
f 4550/2679/3877 3885/2593/3794 4549/3562/4325
f 4545/3563/4326 4019/2590/3791 4546/3561/4324
f 4019/2590/3791 4547/3564/4327 4022/1609/3253
f 4022/1609/3253 4552/2681/3878 3887/1608/3252
f 4019/2590/3791 4545/3563/4326 4547/3564/4327
f 3885/2593/3794 4548/3565/4328 4549/3562/4325
f 3885/2593/3794 4551/2680/3879 4548/3565/4328
f 4547/3564/4327 4552/2681/3878 4022/1609/3253
f 3887/1608/3252 4551/2680/3879 3885/2593/3794
f 4024/1610/3232 4470/3567/4329 4620/3566/4330
f 3883/2587/3788 4468/2596/3795 4029/2571/3773
f 4029/2571/3773 4469/2595/3796 4021/1611/3231
f 4021/1611/3231 4470/3567/4329 4024/1610/3232
f 4469/2595/3796 4470/3567/4329 4021/1611/3231
f 4562/3568/4331 4028/2577/3779 4566/3569/4332
f 3882/2572/3772 4563/3571/4333 4568/3570/4334
f 4024/1610/3232 4623/3181/4053 4022/1609/3253
f 4620/3566/4330 4623/3181/4053 4024/1610/3232
f 4022/1609/3253 4621/3180/4052 4019/2590/3791
f 4019/2590/3791 4622/3572/4335 3883/2587/3788
f 4561/2687/3882 4028/2577/3779 4562/3568/4331
f 3883/2587/3788 4622/3572/4335 4619/3573/4336
f 4019/2590/3791 4621/3180/4052 4622/3572/4335
f 4619/3573/4336 4468/2596/3795 3883/2587/3788
f 3882/2572/3772 4561/2687/3882 4563/3571/4333
f 4567/3574/4337 4029/2571/3773 4568/3570/4334
f 4568/3570/4334 4029/2571/3773 3882/2572/3772
f 4029/2571/3773 4564/2689/3883 4030/2585/3786
f 4567/3574/4337 4564/2689/3883 4029/2571/3773
f 4030/2585/3786 4566/3569/4332 4028/2577/3779
f 4030/2585/3786 4565/2688/3884 4566/3569/4332
f 4637/3575/4338 4027/1613/3255 4639/3451/4221
f 3879/2887/3939 4457/3576/4339 4027/1613/3255
f 4027/1613/3255 4459/2576/3776 3881/1612/3254
f 4457/3576/4339 4459/2576/3776 4027/1613/3255
f 3881/1612/3254 4458/2575/3777 3882/2572/3772
f 4457/3576/4339 3879/2887/3939 4572/3577/4340
f 4025/1614/3256 4632/3579/4341 4633/3578/4342
f 3882/2572/3772 4576/3580/3777 4028/2577/3779
f 4028/2577/3779 4575/2886/3937 3880/2573/3775
f 4576/3580/3777 4575/2886/3937 4028/2577/3779
f 4035/2567/3769 4453/3582/4343 4456/3581/4344
f 3879/2887/3939 4573/2885/3938 4572/3577/4340
f 4574/3583/3777 4576/3580/3777 3882/2572/3772
f 3880/2573/3775 4573/2885/3938 3879/2887/3939
f 4574/3583/3777 3882/2572/3772 4458/2575/3777
f 4637/3575/4338 3879/2887/3939 4027/1613/3255
f 4638/3584/4345 3879/2887/3939 4637/3575/4338
f 4026/2566/3767 4632/3579/4341 4025/1614/3256
f 4026/2566/3767 4635/3449/4219 4632/3579/4341
f 4638/3584/4345 4634/3450/4218 3879/2887/3939
f 3879/2887/3939 4634/3450/4218 4026/2566/3767
f 4035/2567/3769 3877/2559/3761 4453/3582/4343
f 4025/1614/3256 4636/3452/4220 4027/1613/3255
f 4636/3452/4220 4025/1614/3256 4633/3578/4342
f 4453/3582/4343 3877/2559/3761 4454/3585/4346
f 4445/3586/4347 4032/2553/3755 4443/3587/4348
f 4450/2565/3766 4034/2562/3764 4451/3588/4349
f 3877/2559/3761 4449/3589/4350 4454/3585/4346
f 4450/2565/3766 4033/2560/3760 4034/2562/3764
f 3877/2559/3761 4033/2560/3760 4449/3589/4350
f 4449/3589/4350 4033/2560/3760 4452/2564/3765
f 4455/3590/4351 4035/2567/3769 4456/3581/4344
f 4035/2567/3769 4455/3590/4351 4034/2562/3764
f 4451/3588/4349 4034/2562/3764 4455/3590/4351
f 3872/2554/3754 4442/3591/4352 4032/2553/3755
f 4442/3591/4352 4441/3592/4352 4032/2553/3755
f 4435/3593/4353 4041/2541/3741 4436/2542/3744
f 4032/2553/3755 4441/3592/4352 4443/3587/4348
f 4438/3594/4354 4037/2561/3762 4439/3595/4355
f 4440/2549/3749 3874/2547/3748 4438/3594/4354
f 4438/3594/4354 3874/2547/3748 4037/2561/3762
f 3872/2554/3754 4444/2548/3750 4442/3591/4352
f 3869/1619/3261 4448/2558/3759 3871/1618/3260
f 4032/2553/3755 4445/3586/4347 3871/1618/3260
f 3871/1618/3260 4445/3586/4347 3873/1617/3259
f 3873/1617/3259 4445/3586/4347 4037/2561/3762
f 4439/3595/4355 4037/2561/3762 4445/3586/4347
f 4032/2553/3755 4447/3597/4356 4036/3596/3752
f 4446/2556/3757 4447/3597/4356 4032/2553/3755
f 4586/3598/4357 4448/2558/3759 3869/1619/3261
f 4031/2544/3745 4430/3599/4358 4042/2545/3747
f 4036/3596/3752 4589/2895/3945 4031/2544/3745
f 4585/3600/4359 4589/2895/3945 4036/3596/3752
f 4031/2544/3745 4587/2894/3944 3868/1620/3262
f 3868/1620/3262 4588/3601/4360 3869/1619/3261
f 4040/2529/3734 4434/2539/3742 4031/2544/3745
f 3869/1619/3261 4588/3601/4360 4586/3598/4357
f 3868/1620/3262 4587/2894/3944 4588/3601/4360
f 4036/3596/3752 4447/3597/4356 4585/3600/4359
f 4432/3602/4361 4430/3599/4358 4031/2544/3745
f 4042/2545/3747 4430/3599/4358 4431/3603/4362
f 4435/3593/4353 4040/2529/3734 4041/2541/3741
f 4437/2540/3742 4040/2529/3734 4435/3593/4353
f 4031/2544/3745 4434/2539/3742 4432/3602/4361
f 4433/2543/3743 4042/2545/3747 4431/3603/4362
f 4042/2545/3747 4433/2543/3743 4041/2541/3741
f 4043/2536/3739 4423/3604/4363 4429/2531/3735
f 3866/2534/3738 4425/3605/4364 3864/2533/3729
f 4422/3606/4365 4425/3605/4364 3866/2534/3738
f 4419/2518/3723 4039/2523/3730 4416/3607/4366
f 4043/2536/3739 4426/2527/3733 4423/3604/4363
f 4039/2526/3730 4426/2527/3733 4043/2536/3739
f 4424/2528/3732 4039/2526/3730 4425/3605/4364
f 4425/3605/4364 4039/2526/3730 3864/2533/3729
f 4039/2523/3730 4419/2518/3723 4038/2516/3722
f 4043/2536/3739 4429/2531/3735 4040/2529/3734
f 4040/2529/3734 4428/3608/4367 4041/2537/3741
f 4041/2537/3741 4428/3608/4367 3866/2534/3738
f 4040/2529/3734 4427/2530/3736 4428/3608/4367
f 4038/2516/3722 4417/3609/4368 3861/1624/3264
f 4422/3606/4365 3866/2534/3738 4428/3608/4367
f 3861/1624/3264 4421/2520/3725 3863/1625/3263
f 4418/3610/4369 4421/2520/3725 3861/1624/3264
f 4039/2523/3730 4414/3611/4370 4416/3607/4366
f 4039/2523/3730 3863/1625/3263 4414/3611/4370
f 4414/3611/4370 3863/1625/3263 4415/2519/3726
f 4417/3609/4368 4038/2516/3722 4420/2517/3724
f 4418/3610/4369 3861/1624/3264 4417/3609/4368
f 4411/2510/3716 4047/2514/3721 4408/3612/4371
f 4047/2514/3721 4411/2510/3716 4046/2504/3711
f 4046/2504/3711 4409/3613/4372 4045/2507/3714
f 4045/2507/3714 4413/2513/3719 3860/2511/3718
f 4410/3614/4373 4413/2513/3719 4045/2507/3714
f 4047/2514/3721 4406/3615/4374 4408/3612/4371
f 4047/2514/3721 3860/2511/3718 4406/3615/4374
f 4406/3615/4374 3860/2511/3718 4407/2512/3719
f 4409/3613/4372 4046/2504/3711 4412/2509/3717
f 4410/3614/4373 4045/2507/3714 4409/3613/4372
f 4405/3616/4375 4048/2499/3706 4400/2500/3708
f 3857/2502/3710 4398/3617/4376 3855/2497/3703
f 3855/2497/3703 4399/2501/3707 4044/2496/3704
f 4398/3617/4376 4399/2501/3707 3855/2497/3703
f 4044/2496/3704 4400/2500/3708 4048/2499/3706
f 4397/2493/3699 4044/2496/3704 4393/3618/4377
f 4044/2496/3704 4397/2493/3699 3955/2489/3696
f 4048/2499/3706 4403/3619/4378 4045/2507/3714
f 4045/2507/3714 4401/2506/3712 4046/2504/3711
f 4046/2504/3711 4402/2505/3713 3857/2502/3710
f 3853/1630/3269 4395/2494/3702 3854/1629/3268
f 3857/2502/3710 4402/2505/3713 4404/3620/4379
f 4403/3619/4378 4048/2499/3706 4405/3616/4375
f 4401/2506/3712 4045/2507/3714 4403/3619/4378
f 4398/3617/4376 3857/2502/3710 4404/3620/4379
f 3854/1629/3268 4394/3621/4380 4044/2496/3704
f 4044/2496/3704 4392/3622/4381 4393/3618/4377
f 4044/2496/3704 4394/3621/4380 4392/3622/4381
f 4390/3623/4382 3955/2489/3696 4396/2492/3700
f 4390/3623/4382 3853/1630/3269 3955/2489/3696
f 3854/1629/3268 4395/2494/3702 4394/3621/4380
f 4391/2495/3701 3853/1630/3269 4390/3623/4382
f 4387/3624/4383 3956/2480/3688 4389/3625/4384
f 4389/3625/4384 3956/2480/3688 3958/2487/3695
f 3956/2480/3688 4385/2483/3689 3960/2477/3684
f 4387/3624/4383 4385/2483/3689 3956/2480/3688
f 3960/2477/3684 4388/3626/4385 3852/2484/3691
f 3960/2477/3684 4386/2482/3690 4388/3626/4385
f 3958/2487/3695 4384/3627/4386 4389/3625/4384
f 3958/2487/3695 4382/2485/3693 4384/3627/4386
f 4383/2486/3692 3852/2484/3691 4388/3626/4385
f 3852/2484/3691 4382/2485/3693 3958/2487/3695
f 3960/2477/3684 4375/3628/4387 3956/2480/3688
f 3956/2480/3688 4380/2475/3681 3849/2473/3679
f 3959/2472/3680 4378/3630/4388 4379/3629/4389
f 3849/2473/3679 4378/3630/4388 3959/2472/3680
f 4374/3631/4390 3960/2477/3684 4376/2478/3686
f 4375/3628/4387 3960/2477/3684 4374/3631/4390
f 3849/2473/3679 4377/2474/3682 4378/3630/4388
f 4380/2475/3681 3956/2480/3688 4375/3628/4387
f 4381/2479/3685 3959/2472/3680 4379/3629/4389
f 3959/2472/3680 4381/2479/3685 3848/1633/3272
f 3848/1633/3272 4381/2479/3685 3850/1632/3271
f 3850/1632/3271 4381/2479/3685 3960/2477/3684
f 4371/2463/3669 3962/2469/3677 4368/3632/4391
f 3962/2469/3677 4371/2463/3669 3961/2461/3668
f 4369/3633/4392 3961/2461/3668 4370/2462/3670
f 3961/2461/3668 4369/3633/4392 3844/1635/3274
f 3844/1635/3274 4373/2465/3671 3846/1634/3273
f 4369/3633/4392 4372/3634/4393 3844/1635/3274
f 3962/2469/3677 4366/3635/4394 4368/3632/4391
f 3846/1634/3273 4366/3635/4394 3962/2469/3677
f 4372/3634/4393 4373/2465/3671 3844/1635/3274
f 3846/1634/3273 4367/2464/3672 4366/3635/4394
f 2817/2399/4395 2819/2398/4395 4311/2398/4395 4309/2399/4395
f 2964/3581/4396 2963/3590/4396 4455/3590/4396 4456/3581/4396
f 3111/3175/4397 3113/3174/4397 4605/3174/4397 4603/3175/4397
f 2769/3410/2964 2770/3344/2932 4262/3344/4115 4261/3410/4181
f 2923/2519/4398 2922/3611/4398 4414/3611/4398 4415/2519/4398
f 3146/3584/4399 3142/3450/4399 4634/3450/4399 4638/3584/4399
f 3097/2895/4400 3095/2894/4400 4587/2894/4400 4589/2895/4400
f 2872/2454/4401 2870/2456/4401 4362/2456/4401 4364/2454/4401
f 3087/3490/4402 3091/3492/4402 4583/3492/4402 4579/3490/4402
f 2879/2463/4403 2878/2462/4403 4370/2462/4403 4371/2463/4403
f 3026/2651/4404 3027/2650/4404 4519/2650/4404 4518/2651/4404
f 2753/3324/2922 2754/3323/2921 4246/3323/4096 4245/3324/4095
f 2761/3368/2944 2762/3367/2943 4254/3367/4140 4253/3368/4139
f 2768/3363/2941 2761/3368/2944 4253/3368/4139 4260/3363/4136
f 2777/3428/2973 2784/3442/2980 4276/3442/4211 4269/3428/4198
f 2797/3412/2965 2769/3410/2964 4261/3410/4181 4289/3412/4183
f 2793/3446/2982 2807/3392/2956 4299/3392/4165 4285/3446/4217
f 2785/3441/2979 2816/3406/2963 4308/3406/4179 4277/3441/4212
f 2818/3483/4405 2817/2399/4405 4309/2399/4405 4310/3483/4405
f 2900/3622/4406 2901/3618/4406 4393/3618/4406 4392/3622/4406
f 2854/3469/4407 2857/2439/4407 4349/2439/4407 4346/3469/4407
f 2863/2466/4408 2862/3459/4408 4354/3459/4408 4355/2466/4408
f 2862/3459/4409 2864/3460/4409 4356/3460/4409 4354/3459/4409
f 2892/3627/4410 2897/3625/4410 4389/3625/4410 4384/3627/4410
f 2902/3621/4411 2900/3622/4411 4392/3622/4411 4394/3621/4411
f 3032/3521/4412 3031/3525/4412 4523/3525/4412 4524/3521/4412
f 2907/2501/4413 2908/2500/4413 4400/2500/4413 4399/2501/4413
f 2914/3615/4414 2916/3612/4414 4408/3612/4414 4406/3615/4414
f 2922/3611/4415 2924/3607/4415 4416/3607/4415 4414/3611/4415
f 2930/3606/4416 2933/3605/4416 4425/3605/4416 4422/3606/4416
f 2973/2582/4417 2969/3560/4417 4461/3560/4417 4465/2582/4417
f 2977/2595/4418 2978/3567/4418 4470/3567/4418 4469/2595/4418
f 2986/3554/4419 2983/3556/4419 4475/3556/4419 4478/3554/4419
f 2991/2614/4420 2994/2613/4420 4486/2613/4420 4483/2614/4420
f 3002/2619/4421 2999/3550/4421 4491/3550/4421 4494/2619/4421
f 3013/2638/4422 3018/2637/4422 4510/2637/4422 4505/2638/4422
f 3021/2641/4423 3025/3531/4423 4517/3531/4423 4513/2641/4423
f 3028/3501/4424 3026/2651/4424 4518/2651/4424 4520/3501/4424
f 3031/3525/4425 3033/3522/4425 4525/3522/4425 4523/3525/4425
f 2915/2512/4426 2914/3615/4426 4406/3615/4426 4407/2512/4426
f 3040/2667/4427 3038/2666/4427 4530/2666/4427 4532/2667/4427
f 2886/3630/4428 2887/3629/4428 4379/3629/4428 4378/3630/4428
f 3046/2654/4429 3047/2672/4429 4539/2672/4429 4538/2654/4429
f 3060/2681/4430 3059/2680/4430 4551/2680/4430 4552/2681/4430
f 3095/2894/4431 3096/3601/4431 4588/3601/4431 4587/2894/4431
f 3048/3532/4432 3107/2900/4432 4599/2900/4432 4540/3532/4432
f 3104/2896/4433 3103/3495/4433 4595/3495/4433 4596/2896/4433
f 3112/3493/4434 3111/3175/4434 4603/3175/4434 4604/3493/4434
f 3120/2682/4435 3119/3510/4435 4611/3510/4435 4612/2682/4435
f 3119/3510/4436 3125/3511/4436 4617/3511/4436 4611/3510/4436
f 3130/3572/4437 3127/3573/4437 4619/3573/4437 4622/3572/4437
f 3137/3184/4438 3135/3465/4438 4627/3465/4438 4629/3184/4438
f 3142/3450/4439 3143/3449/4439 4635/3449/4439 4634/3450/4439
f 3150/2378/4440 3149/2377/4440 4641/2377/4440 4642/2378/4440
f 2798/3327/2923 2753/3324/2922 4245/3324/4095 4290/3327/4100
f 3067/3506/4441 3065/3509/4441 4557/3509/4441 4559/3506/4441
f 3073/2688/4442 3074/3569/4442 4566/3569/4442 4565/2688/4442
f 3066/3503/4443 3067/3506/4443 4559/3506/4443 4558/3503/4443
f 2893/2483/4444 2894/2482/4444 4386/2482/4444 4385/2483/4444
f 3088/3485/4445 3092/2893/4445 4584/2893/4445 4580/3485/4445
f 2754/3323/2921 2764/3386/2953 4256/3386/4157 4246/3323/4096
f 3122/3178/4446 3120/2682/4446 4612/2682/4446 4614/3178/4446
f 3089/3484/4447 3088/3485/4447 4580/3485/4447 4581/3484/4447
f 2865/2443/4448 2863/2466/4448 4355/2466/4448 4357/2443/4448
f 2799/3319/2919 2778/3432/2975 4270/3432/4203 4291/3319/4092
f 2993/3543/4449 2992/3544/4449 4484/3544/4449 4485/3543/4449
f 3007/3540/4450 3010/3539/4450 4502/3539/4450 4499/3540/4450
f 3014/3538/4451 3017/3534/4451 4509/3534/4451 4506/3538/4451
f 3041/3519/4452 3039/3520/4452 4531/3520/4452 4533/3519/4452
f 2984/2603/4453 2985/3553/4453 4477/3553/4453 4476/2603/4453
f 3068/3505/4454 3066/3503/4454 4558/3503/4454 4560/3505/4454
f 3128/3566/4455 3131/3181/4455 4623/3181/4455 4620/3566/4455
f 2871/3454/4456 2873/2459/4456 4365/2459/4456 4363/3454/4456
f 3001/2622/4457 3000/2618/4457 4492/2618/4457 4493/2622/4457
f 2778/3432/2975 2779/3430/2974 4271/3430/4201 4270/3432/4203
f 2786/3426/2972 2787/3422/2970 4279/3422/4193 4278/3426/4196
f 2762/3367/2943 2792/3418/2968 4284/3418/4189 4254/3367/4140
f 2770/3344/2932 2801/3343/2931 4293/3343/4116 4262/3344/4115
f 2802/3356/2938 2803/3355/2937 4295/3355/4128 4294/3356/4127
f 2810/3389/2954 2811/3414/2966 4303/3414/4184 4302/3389/4162
f 2812/3390/2955 2810/3389/2954 4302/3389/4162 4304/3390/4161
f 2816/3406/2963 2802/3356/2938 4294/3356/4127 4308/3406/4179
f 2824/3488/4458 2818/3483/4458 4310/3483/4458 4316/3488/4458
f 2848/2430/4459 2847/3472/4459 4339/3472/4459 4340/2430/4459
f 3081/2885/4460 3080/3577/4460 4572/3577/4460 4573/2885/4460
f 3047/2672/4461 3048/3532/4461 4540/3532/4461 4539/2672/4461
f 2895/3624/4462 2893/2483/4462 4385/2483/4462 4387/3624/4462
f 2901/3618/4463 2905/2493/4463 4397/2493/4463 4393/3618/4463
f 2908/2500/4464 2913/3616/4464 4405/3616/4464 4400/2500/4464
f 2921/2513/4465 2915/2512/4465 4407/2512/4465 4413/2513/4465
f 2929/2520/4466 2923/2519/4466 4415/2519/4466 4421/2520/4466
f 2936/3608/4467 2930/3606/4467 4422/3606/4467 4428/3608/4467
f 2951/3587/4468 2953/3586/4468 4445/3586/4468 4443/3587/4468
f 2963/3590/4469 2959/3588/4469 4451/3588/4469 4455/3590/4469
f 3015/3537/4470 3014/3538/4470 4506/3538/4470 4507/3537/4470
f 2970/3557/4471 2972/2581/4471 4464/2581/4471 4462/3557/4471
f 3151/2369/4472 3150/2378/4472 4642/2378/4472 4643/2369/4472
f 2794/3351/2935 2795/3400/2960 4287/3400/4171 4286/3351/4124
f 3029/3529/4473 3022/3528/4473 4514/3528/4473 4521/3529/4473
f 2855/2436/4474 2856/2435/4474 4348/2435/4474 4347/2436/4474
f 3039/3520/4475 3040/2667/4475 4532/2667/4475 4531/3520/4475
f 2801/3343/2931 2786/3426/2972 4278/3426/4196 4293/3343/4116
f 2938/3599/4476 2939/3603/4476 4431/3603/4476 4430/3599/4476
f 2779/3430/2974 2814/3372/2946 4306/3372/4143 4271/3430/4201
f 2947/3595/4477 2946/3594/4477 4438/3594/4477 4439/3595/4477
f 3022/3528/4478 3023/3526/4478 4515/3526/4478 4514/3528/4478
f 3076/3570/4479 3075/3574/4479 4567/3574/4479 4568/3570/4479
f 2826/3482/4480 2828/3481/4480 4320/3481/4480 4318/3482/4480
f 2972/2581/4481 2971/2580/4481 4463/2580/4481 4464/2581/4481
f 2787/3422/2970 2813/3378/2949 4305/3378/4151 4279/3422/4193
f 3018/2637/4482 3015/3537/4482 4507/3537/4482 4510/2637/4482
f 2880/3634/4483 2881/2465/4483 4373/2465/4483 4372/3634/4483
f 3123/2888/4484 3121/3512/4484 4613/3512/4484 4615/2888/4484
f 2755/3336/2928 2756/3335/2927 4248/3335/4108 4247/3336/4107
f 2767/3408/2957 2755/3336/2928 4247/3336/4107 4259/3408/4168
f 2771/3416/2967 2772/3360/2940 4264/3360/4133 4263/3416/4187
f 2763/3352/2936 2794/3351/2935 4286/3351/4124 4255/3352/4123
f 2815/3435/2976 2771/3416/2967 4263/3416/4187 4307/3435/4206
f 2819/2398/4485 2825/3489/4485 4317/3489/4485 4311/2398/4485
f 2827/2409/4486 2826/3482/4486 4318/3482/4486 4319/2409/4486
f 2834/3476/4487 2835/2417/4487 4327/2417/4487 4326/3476/4487
f 2836/3477/4488 2834/3476/4488 4326/3476/4488 4328/3477/4488
f 2846/2426/4489 2842/3474/4489 4334/3474/4489 4338/2426/4489
f 2849/2431/4490 2848/2430/4490 4340/2430/4490 4341/2431/4490
f 2903/2494/4491 2902/3621/4491 4394/3621/4491 4395/2494/4491
f 2894/2482/4492 2896/3626/4492 4388/3626/4492 4386/2482/4492
f 2916/3612/4493 2919/2510/4493 4411/2510/4493 4408/3612/4493
f 2924/3607/4494 2927/2518/4494 4419/2518/4494 4416/3607/4494
f 2931/3604/4495 2937/2531/4495 4429/2531/4495 4423/3604/4495
f 2940/3602/4496 2938/3599/4496 4430/3599/4496 4432/3602/4496
f 2946/3594/4497 2948/2549/4497 4440/2549/4497 4438/3594/4497
f 2960/2564/4498 2957/3589/4498 4449/3589/4498 4452/2564/4498
f 2957/3589/4499 2962/3585/4499 4454/3585/4499 4449/3589/4499
f 2965/3576/4500 2967/2576/4500 4459/2576/4500 4457/3576/4500
f 2971/2580/4501 2974/3558/4501 4466/3558/4501 4463/2580/4501
f 3033/3522/4502 3037/2663/4502 4529/2663/4502 4525/3522/4502
f 3054/3561/4503 3053/3563/4503 4545/3563/4503 4546/3561/4503
f 3053/3563/4504 3055/3564/4504 4547/3564/4504 4545/3563/4504
f 3083/2886/4505 3081/2885/4505 4573/2885/4505 4575/2886/4505
f 3113/3174/4506 3089/3484/4506 4581/3484/4506 4605/3174/4506
f 3121/3512/4507 3122/3178/4507 4614/3178/4507 4613/3512/4507
f 2978/3567/4508 3128/3566/4508 4620/3566/4508 4470/3567/4508
f 3129/3180/4509 3130/3572/4509 4622/3572/4509 4621/3180/4509
f 3131/3181/4510 3129/3180/4510 4621/3180/4510 4623/3181/4510
f 3152/2372/4511 3151/2369/4511 4643/2369/4511 4644/2372/4511
f 3017/3534/4512 3016/2636/4512 4508/2636/4512 4509/3534/4512
f 3008/2630/4513 3009/2631/4513 4501/2631/4513 4500/2630/4513
f 2764/3386/2953 2765/3385/2952 4257/3385/4158 4256/3386/4157
f 3034/3524/4514 3035/3523/4514 4527/3523/4514 4526/3524/4514
f 2814/3372/2946 2796/3371/2945 4288/3371/4144 4306/3372/4143
f 3058/2679/4515 3054/3561/4515 4546/3561/4515 4550/2679/4515
f 3061/3507/4516 3064/2686/4516 4556/2686/4516 4553/3507/4516
f 3082/3583/4517 3084/3580/4517 4576/3580/4517 4574/3583/4517
f 2917/3613/4518 2918/3614/4518 4410/3614/4518 4409/3613/4518
f 2909/2506/4519 2910/2505/4519 4402/2505/4519 4401/2506/4519
f 3098/3498/4520 3100/3494/4520 4592/3494/4520 4590/3498/4520
f 3091/3492/4521 3090/3491/4521 4582/3491/4521 4583/3492/4521
f 2925/3609/4522 2926/3610/4522 4418/3610/4522 4417/3609/4522
f 2756/3335/2927 2809/3404/2962 4301/3404/4175 4248/3335/4108
f 3114/3499/4523 3118/3502/4523 4610/3502/4523 4606/3499/4523
f 3010/3539/4524 3008/2630/4524 4500/2630/4524 4502/3539/4524
f 2939/3603/4525 2941/2543/4525 4433/2543/4525 4431/3603/4525
f 3036/2662/4526 3034/3524/4526 4526/3524/4526 4528/2662/4526
f 3044/2664/4527 3041/3519/4527 4533/3519/4527 4536/2664/4527
f 3085/3514/4528 3028/3501/4528 4520/3501/4528 4577/3514/4528
f 3062/3508/4529 3061/3507/4529 4553/3507/4529 4554/3508/4529
f 3080/3577/4530 2965/3576/4530 4457/3576/4530 4572/3577/4530
f 3099/3497/4531 3098/3498/4531 4590/3498/4531 4591/3497/4531
f 3109/3535/4532 3106/2653/4532 4598/2653/4532 4601/3535/4532
f 3090/3491/4533 3112/3493/4533 4604/3493/4533 4582/3491/4533
f 3144/3452/4534 3147/3451/4534 4639/3451/4534 4636/3452/4534
f 3153/2373/4535 3152/2372/4535 4644/2372/4535 4645/2373/4535
f 2959/3588/4536 2958/2565/4536 4450/2565/4536 4451/3588/4536
f 2958/2565/4537 2960/2564/4537 4452/2564/4537 4450/2565/4537
f 2780/3339/2929 2781/3382/2951 4273/3382/4153 4272/3339/4112
f 2788/3381/2950 2789/3444/2981 4281/3444/4214 4280/3381/4154
f 2796/3371/2945 2797/3412/2965 4289/3412/4183 4288/3371/4144
f 2808/3340/2930 2780/3339/2929 4272/3339/4112 4300/3340/4111
f 2813/3378/2949 2804/3364/2942 4296/3364/4135 4305/3378/4151
f 2821/2402/4538 2820/2401/4538 4312/2401/4538 4313/2402/4538
f 2820/2401/4539 2822/3486/4539 4314/3486/4539 4312/2401/4539
f 2833/2410/4540 2827/2409/4540 4319/2409/4540 4325/2410/4540
f 2835/2417/4541 2841/2416/4541 4333/2416/4541 4327/2417/4541
f 3139/3464/4542 3137/3184/4542 4629/3184/4542 4631/3464/4542
f 2897/3625/4543 2895/3624/4543 4387/3624/4543 4389/3625/4543
f 2911/3619/4544 2909/2506/4544 4401/2506/4544 4403/3619/4544
f 2920/2509/4545 2917/3613/4545 4409/3613/4545 4412/2509/4545
f 2928/2517/4546 2925/3609/4546 4417/3609/4546 4420/2517/4546
f 2934/2527/4547 2931/3604/4547 4423/3604/4547 4426/2527/4547
f 2773/3420/2969 2774/3332/2926 4266/3332/4103 4265/3420/4191
f 2781/3382/2951 2788/3381/2950 4280/3381/4154 4273/3382/4153
f 2765/3385/2952 2793/3446/2982 4285/3446/4217 4257/3385/4158
f 2789/3444/2981 2805/3376/2948 4297/3376/4147 4281/3444/4214
f 2828/3481/4548 2831/2412/4548 4323/2412/4548 4320/3481/4548
f 2837/3475/4549 2836/3477/4549 4328/3477/4549 4329/3475/4549
f 2843/3471/4550 2845/3473/4550 4337/3473/4550 4335/3471/4550
f 2851/2438/4551 2850/3470/4551 4342/3470/4551 4343/2438/4551
f 2858/3457/4552 2859/2444/4552 4351/2444/4552 4350/3457/4552
f 2866/3456/4553 2868/3455/4553 4360/3455/4553 4358/3456/4553
f 3042/3517/4554 3043/2665/4554 4535/2665/4554 4534/3517/4554
f 2875/2464/4555 2874/3635/4555 4366/3635/4555 4367/2464/4555
f 2905/2493/4556 2904/2492/4556 4396/2492/4556 4397/2493/4556
f 2910/2505/4557 2912/3620/4557 4404/3620/4557 4402/2505/4557
f 2918/3614/4558 2921/2513/4558 4413/2513/4558 4410/3614/4558
f 2926/3610/4559 2929/2520/4559 4421/2520/4559 4418/3610/4559
f 2932/2528/4560 2934/2527/4560 4426/2527/4560 4424/2528/4560
f 2942/2539/4561 2940/3602/4561 4432/3602/4561 4434/2539/4561
f 2757/3348/2934 2758/3347/2933 4250/3347/4120 4249/3348/4119
f 2953/3586/4562 2947/3595/4562 4439/3595/4562 4445/3586/4562
f 2956/2558/4563 2954/2556/4563 4446/2556/4563 4448/2558/4563
f 2975/2583/4564 2973/2582/4564 4465/2582/4564 4467/2583/4564
f 2979/2601/4565 2981/3555/4565 4473/3555/4565 4471/2601/4565
f 2987/3545/4566 2989/2610/4566 4481/2610/4566 4479/3545/4566
f 2995/3549/4567 2997/2620/4567 4489/2620/4567 4487/3549/4567
f 3004/3541/4568 3003/2629/4568 4495/2629/4568 4496/3541/4568
f 3045/3518/4569 3042/3517/4569 4534/3517/4569 4537/3518/4569
f 3055/3564/4570 3060/2681/4570 4552/2681/4570 4547/3564/4570
f 3070/3568/4571 3069/2687/4571 4561/2687/4571 4562/3568/4571
f 3077/2884/4572 3078/2883/4572 4570/2883/4572 4569/2884/4572
f 3003/2629/4573 3005/2628/4573 4497/2628/4573 4495/2629/4573
f 3084/3580/4574 3083/2886/4574 4575/2886/4574 4576/3580/4574
f 2882/3631/4575 2883/3628/4575 4375/3628/4575 4374/3631/4575
f 3105/2897/4576 3099/3497/4576 4591/3497/4576 4597/2897/4576
f 3124/2889/4577 3123/2888/4577 4615/2888/4577 4616/2889/4577
f 3138/3461/4578 3139/3464/4578 4631/3464/4578 4630/3461/4578
f 3145/3575/4579 3146/3584/4579 4638/3584/4579 4637/3575/4579
f 3154/2374/4580 3153/2373/4580 4645/2373/4580 4646/2374/4580
f 2806/3375/2947 2757/3348/2934 4249/3348/4119 4298/3375/4148
f 3069/2687/4581 3071/3571/4581 4563/3571/4581 4561/2687/4581
f 2803/3448/2937 2773/3420/2969 4265/3420/4191 4295/3448/4128
f 3079/3500/4582 3077/2884/4582 4569/2884/4582 4571/3500/4582
f 2825/3489/4583 2821/2402/4583 4313/2402/4583 4317/3489/4583
f 2966/2575/4584 3082/3583/4584 4574/3583/4584 4458/2575/4584
f 3117/3176/4585 3115/3504/4585 4607/3504/4585 4609/3176/4585
f 3107/2900/4586 3110/2899/4586 4602/2899/4586 4599/2900/4586
f 2805/3376/2948 2806/3375/2947 4298/3375/4148 4297/3376/4147
f 2988/3546/4587 2987/3545/4587 4479/3545/4587 4480/3546/4587
f 2933/3605/4588 2932/2528/4588 4424/2528/4588 4425/3605/4588
f 2980/3552/4589 2979/2601/4589 4471/2601/4589 4472/3552/4589
f 2867/2458/4590 2866/3456/4590 4358/3456/4590 4359/2458/4590
f 2860/3458/4591 2858/3457/4591 4350/3457/4591 4352/3458/4591
f 2850/3470/4592 2852/3467/4592 4344/3467/4592 4342/3470/4592
f 2954/2556/4593 2955/3597/4593 4447/3597/4593 4446/2556/4593
f 2996/3548/4594 2995/3549/4594 4487/3549/4594 4488/3548/4594
f 3147/3451/4595 3145/3575/4595 4637/3575/4595 4639/3451/4595
f 2874/3635/4596 2876/3632/4596 4368/3632/4596 4366/3635/4596
f 2887/3629/4597 2889/2479/4597 4381/2479/4597 4379/3629/4597
f 2884/2478/4598 2882/3631/4598 4374/3631/4598 4376/2478/4598
f 3025/3531/4599 3024/3530/4599 4516/3530/4599 4517/3531/4599
f 2800/3331/2925 2790/3438/2978 4282/3438/4208 4292/3331/4104
f 2941/2543/4600 2944/2542/4600 4436/2542/4600 4433/2543/4600
f 2985/3553/4601 2980/3552/4601 4472/3552/4601 4477/3553/4601
f 2994/2613/4602 2988/3546/4602 4480/3546/4602 4486/2613/4602
f 3000/2618/4603 2996/3548/4603 4488/3548/4603 4492/2618/4603
f 3006/3542/4604 3004/3541/4604 4496/3541/4604 4498/3542/4604
f 3024/3530/4605 3029/3529/4605 4521/3529/4605 4516/3530/4605
f 3049/3516/4606 3051/3515/4606 4543/3515/4606 4541/3516/4606
f 3059/2680/4607 3056/3565/4607 4548/3565/4607 4551/2680/4607
f 3064/2686/4608 3063/2685/4608 4555/2685/4608 4556/2686/4608
f 3063/2685/4609 3068/3505/4609 4560/3505/4609 4555/2685/4609
f 3133/3183/4610 3132/3182/4610 4624/3182/4610 4625/3183/4610
f 3110/2899/4611 3108/3533/4611 4600/3533/4611 4602/2899/4611
f 3118/3502/4612 3116/3177/4612 4608/3177/4612 4610/3502/4612
f 3126/3179/4613 3124/2889/4613 4616/2889/4613 4618/3179/4613
f 3132/3182/4614 3138/3461/4614 4630/3461/4614 4624/3182/4614
f 2766/3396/2958 2767/3395/2957 4259/3395/4168 4258/3396/4167
f 2782/3403/2961 2783/3328/2924 4275/3328/4099 4274/3403/4176
f 2790/3438/2978 2791/3436/2977 4283/3436/4205 4282/3438/4208
f 2809/3404/2962 2782/3403/2961 4274/3403/4176 4301/3404/4175
f 2822/3486/4615 2823/3487/4615 4315/3487/4615 4314/3486/4615
f 2829/3480/4616 2830/3479/4616 4322/3479/4616 4321/3480/4616
f 2832/2411/4617 2829/3480/4617 4321/3480/4617 4324/2411/4617
f 2840/2418/4618 2837/3475/4618 4329/3475/4618 4332/2418/4618
f 2857/2439/4619 2851/2438/4619 4343/2438/4619 4349/2439/4619
f 2859/2444/4620 2865/2443/4620 4357/2443/4620 4351/2444/4620
f 2974/3558/4621 2975/2583/4621 4467/2583/4621 4466/3558/4621
f 2873/2459/4622 2867/2458/4622 4359/2458/4622 4365/2459/4622
f 2881/2465/4623 2875/2464/4623 4367/2464/4623 4373/2465/4623
f 2883/3628/4624 2888/2475/4624 4380/2475/4624 4375/3628/4624
f 2913/3616/4625 2911/3619/4625 4403/3619/4625 4405/3616/4625
f 2948/2549/4626 2952/2548/4626 4444/2548/4626 4440/2549/4626
f 3155/2375/4627 3154/2374/4627 4646/2374/4627 4647/2375/4627
f 2967/2576/4628 2966/2575/4628 4458/2575/4628 4459/2576/4628
f 3043/2665/4629 3044/2664/4629 4536/2664/4629 4535/2665/4629
f 3037/2663/4630 3036/2662/4630 4528/2662/4630 4529/2663/4630
f 3050/2676/4631 3049/3516/4631 4541/3516/4631 4542/2676/4631
f 3074/3569/4632 3070/3568/4632 4562/3568/4632 4566/3569/4632
f 3056/3565/4633 3057/3562/4633 4549/3562/4633 4548/3565/4633
f 2811/3414/2966 2766/3396/2958 4258/3396/4167 4303/3414/4184
f 3100/3494/4634 3104/2896/4634 4596/2896/4634 4592/3494/4634
f 2919/2510/4635 2920/2509/4635 4412/2509/4635 4411/2510/4635
f 2758/3347/2933 2763/3352/2936 4255/3352/4123 4250/3347/4120
f 2927/2518/4636 2928/2517/4636 4420/2517/4636 4419/2518/4636
f 2774/3332/2926 2800/3331/2925 4292/3331/4104 4266/3332/4103
f 3116/3177/4637 3117/3176/4637 4609/3176/4637 4608/3177/4637
f 3108/3533/4638 3109/3535/4638 4601/3535/4638 4600/3533/4638
f 2962/3585/4639 2961/3582/4639 4453/3582/4639 4454/3585/4639
f 2989/2610/4640 2993/3543/4640 4485/3543/4640 4481/2610/4640
f 3020/3527/4641 3019/2642/4641 4511/2642/4641 4512/3527/4641
f 3012/2635/4642 3011/3536/4642 4503/3536/4642 4504/2635/4642
f 3093/3600/4643 3097/2895/4643 4589/2895/4643 4585/3600/4643
f 2891/2486/4644 2890/2485/4644 4382/2485/4644 4383/2486/4644
f 2890/2485/4645 2892/3627/4645 4384/3627/4645 4382/2485/4645
f 2775/3399/2959 2776/3424/2971 4268/3424/4194 4267/3399/4172
f 2795/3400/2960 2775/3399/2959 4267/3399/4172 4287/3400/4171
f 2783/3328/2924 2798/3327/2923 4290/3327/4100 4275/3328/4099
f 2807/3392/2956 2808/3340/2930 4300/3340/4111 4299/3392/4165
f 2791/3436/2977 2815/3435/2976 4307/3435/4206 4283/3436/4205
f 2823/3487/4646 2824/3488/4646 4316/3488/4646 4315/3487/4646
f 2830/3479/4647 2833/2410/4647 4325/2410/4647 4322/3479/4647
f 2838/2419/4648 2840/2418/4648 4332/2418/4648 4330/2419/4648
f 2845/3473/4649 2844/2427/4649 4336/2427/4649 4337/3473/4649
f 2852/3467/4650 2855/2436/4650 4347/2436/4650 4344/3467/4650
f 2861/2447/4651 2860/3458/4651 4352/3458/4651 4353/2447/4651
f 2868/3455/4652 2872/2454/4652 4364/2454/4652 4360/3455/4652
f 2876/3632/4653 2879/2463/4653 4371/2463/4653 4368/3632/4653
f 2898/3623/4654 2899/2495/4654 4391/2495/4654 4390/3623/4654
f 2889/2479/4655 2884/2478/4655 4376/2478/4655 4381/2479/4655
f 2904/2492/4656 2898/3623/4656 4390/3623/4656 4396/2492/4656
f 2912/3620/4657 2906/3617/4657 4398/3617/4657 4404/3620/4657
f 2945/2540/4658 2942/2539/4658 4434/2539/4658 4437/2540/4658
f 2949/3592/4659 2951/3587/4659 4443/3587/4659 4441/3592/4659
f 2961/3582/4660 2964/3581/4660 4456/3581/4660 4453/3582/4660
f 2981/3555/4661 2986/3554/4661 4478/3554/4661 4473/3555/4661
f 2997/2620/4662 3002/2619/4662 4494/2619/4662 4489/2620/4662
f 3005/2628/4663 3007/3540/4663 4499/3540/4663 4497/2628/4663
f 3011/3536/4664 3013/2638/4664 4505/2638/4664 4503/3536/4664
f 3019/2642/4665 3021/2641/4665 4513/2641/4665 4511/2642/4665
f 2759/3358/2939 2760/3320/2920 4252/3320/4091 4251/3358/4131
f 3052/3513/4666 3050/2676/4666 4542/2676/4666 4544/3513/4666
f 3057/3562/4667 3058/2679/4667 4550/2679/4667 4549/3562/4667
f 3065/3509/4668 3062/3508/4668 4554/3508/4668 4557/3509/4668
f 3071/3571/4669 3076/3570/4669 4568/3570/4669 4563/3571/4669
f 2772/3360/2940 2759/3358/2939 4251/3358/4131 4264/3360/4133
f 2955/3597/4670 3093/3600/4670 4585/3600/4670 4447/3597/4670
f 3115/3504/4671 3079/3500/4671 4571/3500/4671 4607/3504/4671
f 3125/3511/4672 3126/3179/4672 4618/3179/4672 4617/3511/4672
f 3140/3579/4673 3141/3578/4673 4633/3578/4673 4632/3579/4673
f 3143/3449/4674 3140/3579/4674 4632/3579/4674 4635/3449/4674
f 2950/3591/4675 2949/3592/4675 4441/3592/4675 4442/3591/4675
f 3103/3495/4676 3101/3496/4676 4593/3496/4676 4595/3495/4676
f 3101/3496/4677 3102/2898/4677 4594/2898/4677 4593/3496/4677
f 2844/2427/4678 2846/2426/4678 4338/2426/4678 4336/2427/4678
f 2839/3478/4679 2838/2419/4679 4330/2419/4679 4331/3478/4679
f 2784/3442/2980 2785/3441/2979 4277/3441/4212 4276/3442/4211
f 3016/2636/4680 3012/2635/4680 4504/2635/4680 4508/2636/4680
f 3078/2883/4681 3114/3499/4681 4606/3499/4681 4570/2883/4681
f 3096/3601/4682 3094/3598/4682 4586/3598/4682 4588/3601/4682
f 2976/2596/4683 2977/2595/4683 4469/2595/4683 4468/2596/4683
f 3127/3573/4684 2976/2596/4684 4468/2596/4684 4619/3573/4684
f 2982/2604/4685 2984/2603/4685 4476/2603/4685 4474/2604/4685
f 2990/3547/4686 2991/2614/4686 4483/2614/4686 4482/3547/4686
f 2992/3544/4687 2990/3547/4687 4482/3547/4687 4484/3544/4687
f 2944/2542/4688 2943/3593/4688 4435/3593/4688 4436/2542/4688
f 3023/3526/4689 3020/3527/4689 4512/3527/4689 4515/3526/4689
f 2792/3418/2968 2812/3390/2955 4304/3390/4161 4284/3418/4189
f 3027/2650/4690 3052/3513/4690 4544/3513/4690 4519/2650/4690
f 3072/2689/4691 3073/2688/4691 4565/2688/4691 4564/2689/4691
f 3075/3574/4692 3072/2689/4692 4564/2689/4692 4567/3574/4692
f 3086/2892/4693 3087/3490/4693 4579/3490/4693 4578/2892/4693
f 3092/2893/4694 3086/2892/4694 4578/2892/4694 4584/2893/4694
f 3102/2898/4695 3105/2897/4695 4597/2897/4695 4594/2898/4695
f 3135/3465/4696 3134/3463/4696 4626/3463/4696 4627/3465/4696
f 3141/3578/4697 3144/3452/4697 4636/3452/4697 4633/3578/4697
f 3149/2377/4698 3148/2376/4698 4640/2376/4698 4641/2377/4698
f 3148/2376/4699 3155/2375/4699 4647/2375/4699 4640/2376/4699
f 3094/3598/4700 2956/2558/4700 4448/2558/4700 4586/3598/4700
f 2776/3424/2971 2777/3428/2973 4269/3428/4198 4268/3424/4194
f 3009/2631/4701 3006/3542/4701 4498/3542/4701 4501/2631/4701
f 2760/3320/2920 2799/3319/2919 4291/3319/4092 4252/3320/4091
f 2804/3364/2942 2768/3363/2941 4260/3363/4136 4296/3364/4135
f 2998/3551/4702 3001/2622/4702 4493/2622/4702 4490/3551/4702
f 2841/2416/4703 2839/3478/4703 4331/3478/4703 4333/2416/4703
f 2853/3468/4704 2854/3469/4704 4346/3469/4704 4345/3468/4704
f 2856/2435/4705 2853/3468/4705 4345/3468/4705 4348/2435/4705
f 2864/3460/4706 2861/2447/4706 4353/2447/4706 4356/3460/4706
f 2870/2456/4707 2869/3453/4707 4361/3453/4707 4362/2456/4707
f 2878/2462/4708 2877/3633/4708 4369/3633/4708 4370/2462/4708
f 2877/3633/4709 2880/3634/4709 4372/3634/4709 4369/3633/4709
f 2888/2475/4710 2885/2474/4710 4377/2474/4710 4380/2475/4710
f 2896/3626/4711 2891/2486/4711 4383/2486/4711 4388/3626/4711
f 3134/3463/4712 3136/3462/4712 4628/3462/4712 4626/3463/4712
f 2906/3617/4713 2907/2501/4713 4399/2501/4713 4398/3617/4713
f 2999/3550/4714 2998/3551/4714 4490/3551/4714 4491/3550/4714
f 2935/2530/4715 2936/3608/4715 4428/3608/4715 4427/2530/4715
f 2937/2531/4716 2935/2530/4716 4427/2530/4716 4429/2531/4716
f 2943/3593/4717 2945/2540/4717 4437/2540/4717 4435/3593/4717
f 2952/2548/4718 2950/3591/4718 4442/3591/4718 4444/2548/4718
f 2968/3559/4719 2970/3557/4719 4462/3557/4719 4460/3559/4719
f 2969/3560/4720 2968/3559/4720 4460/3559/4720 4461/3560/4720
f 2869/3453/4721 2871/3454/4721 4363/3454/4721 4361/3453/4721
f 2983/3556/4722 2982/2604/4722 4474/2604/4722 4475/3556/4722
f 3051/3515/4723 3085/3514/4723 4577/3514/4723 4543/3515/4723
f 2831/2412/4724 2832/2411/4724 4324/2411/4724 4323/2412/4724
f 2885/2474/4725 2886/3630/4725 4378/3630/4725 4377/2474/4725
f 2899/2495/4726 2903/2494/4726 4395/2494/4726 4391/2495/4726
f 3136/3466/4727 3133/3183/4727 4625/3183/4727 4628/3466/4727
f 2842/3474/4728 2849/2431/4728 4341/2431/4728 4334/3474/4728
f 2847/3472/4729 2843/3471/4729 4335/3471/4729 4339/3472/4729
f 3038/2666/4730 3045/3518/4730 4537/3518/4730 4530/2666/4730
f 3035/3523/4731 3030/2660/4731 4522/2660/4731 4527/3523/4731
f 3030/2660/4732 3032/3521/4732 4524/3521/4732 4522/2660/4732
f 3106/2653/4733 3046/2654/4733 4538/2654/4733 4598/2653/4733
f 2304/2915/2533 4698/155/153 4648/3636/159 2303/2914/2532
f 2310/149/147 4684/148/146 4704/151/149 2309/154/152
f 566/1573/1507 561/428/424 4699/427/423 4673/6/6
f 2312/881/913 4699/427/423 4657/147/145 2311/150/148
f 531/1583/1517 526/157/155 4672/156/154 4654/2/2
f 541/1579/1513 536/1581/1515 4688/1/1 4665/152/150
f 2303/2913/2532 4648/161/159 4683/146/144 2366/145/143
f 2343/92/90 4661/91/89 4680/94/92 2342/95/93
f 2304/2915/2533 2305/172/170 4672/156/154 4698/155/153
f 546/1277/1225 541/1579/1513 4665/152/150 4704/151/149
f 556/429/425 551/1276/1224 4684/148/146 4657/147/145
f 826/1502/1438 4711/143/141 4683/146/144 831/163/161
f 826/1502/1438 821/1504/1440 4670/141/139 4711/143/141
f 821/1504/1440 816/1506/1442 4695/138/136 4670/141/139
f 816/1506/1442 811/137/135 4651/136/134 4695/138/136
f 2362/139/137 4651/136/134 4679/134/132 2361/2916/2534
f 2361/2916/2534 4679/134/132 4697/132/130 2360/2917/2535
f 2360/2917/2535 4697/132/130 4663/129/127 2359/2918/2536
f 2359/2918/2536 4663/129/127 4682/127/125 2358/128/126
f 791/131/129 786/1513/1449 4710/124/122 4682/127/125
f 786/1513/1449 781/122/120 4668/121/119 4710/124/122
f 2356/125/123 4668/121/119 4694/119/117 2355/120/118
f 776/123/121 771/1517/1453 4655/116/114 4694/119/117
f 771/1517/1453 766/115/113 4678/114/112 4655/116/114
f 2353/117/115 4678/114/112 4696/112/110 2352/2919/2537
f 2352/2919/2537 4696/112/110 4662/109/107 2351/2920/2538
f 2351/2920/2538 4662/109/107 4681/107/105 2350/108/106
f 751/111/109 746/1523/1459 4709/104/102 4681/107/105
f 746/1523/1459 741/102/100 4667/101/99 4709/104/102
f 2348/105/103 4667/101/99 4693/99/97 2347/100/98
f 736/103/101 731/1527/1463 4653/96/94 4693/99/97
f 731/1527/1463 726/78/76 4677/77/75 4653/96/94
f 711/160/158 706/1533/1469 4708/81/79 4680/94/92
f 721/79/77 716/159/157 4661/91/89 4703/80/78
f 2340/83/81 4666/82/80 4692/75/73 2339/76/74
f 706/1533/1469 701/89/87 4666/82/80 4708/81/79
f 2345/97/95 4677/77/75 4703/80/78 2344/93/91
f 696/90/88 691/1537/1473 4652/73/71 4692/75/73
f 691/1537/1473 686/1539/1475 4676/71/69 4652/73/71
f 686/1539/1475 681/1541/1477 4702/67/67 4676/71/69
f 681/1541/1477 676/1543/1479 4660/68/64 4702/67/67
f 676/1546/1479 671/62/62 4687/61/61 4660/64/64
f 2334/65/65 4687/61/61 4707/58/58 2333/60/60
f 666/63/63 661/56/56 4664/55/55 4707/58/58
f 2332/59/59 4664/55/55 4691/52/52 2331/54/54
f 656/57/57 651/50/50 4650/49/49 4691/52/52
f 2330/53/53 4650/49/49 4675/46/46 2329/48/48
f 646/51/51 641/44/44 4701/43/43 4675/46/46
f 2328/47/47 4701/43/43 4659/40/40 2327/42/42
f 636/45/45 631/38/38 4686/37/37 4659/40/40
f 2326/41/41 4686/37/37 4706/35/35 2325/36/36
f 626/39/39 621/1557/1491 4671/33/33 4706/35/35
f 621/1557/1491 616/1559/1493 4690/30/30 4671/33/33
f 616/1559/1493 611/28/28 4649/27/27 4690/30/30
f 2322/31/31 4649/27/27 4674/24/24 2321/26/26
f 606/29/29 601/22/22 4700/21/21 4674/24/24
f 2320/25/25 4700/21/21 4658/18/18 2319/20/20
f 596/23/23 591/16/16 4685/15/15 4658/18/18
f 2318/19/19 4685/15/15 4705/13/13 2317/14/14
f 586/17/17 581/1567/1501 4669/11/11 4705/13/13
f 581/1567/1501 576/1569/1503 4689/9/9 4669/11/11
f 576/1569/1503 571/1571/1505 4656/5/5 4689/9/9
f 571/1571/1505 566/1573/1507 4673/6/6 4656/5/5
f 536/1581/1515 531/1583/1517 4654/2/2 4688/1/1
o Cylinder
v 0.000000 0.579191 -0.276024
v 0.000000 0.558053 -0.276024
v 0.053850 0.579191 -0.270720
v 0.053850 0.558053 -0.270720
v 0.105630 0.579191 -0.255013
v 0.105630 0.558053 -0.255013
v 0.153351 0.579191 -0.229506
v 0.153351 0.558053 -0.229506
v 0.195179 0.579191 -0.195179
v 0.195179 0.558053 -0.195179
v 0.229506 0.579191 -0.153351
v 0.229506 0.558053 -0.153351
v 0.255013 0.579191 -0.105630
v 0.255013 0.558053 -0.105630
v 0.270720 0.579191 -0.053850
v 0.270720 0.558053 -0.053850
v 0.276024 0.579191 0.000000
v 0.276024 0.558053 0.000000
v 0.270720 0.579191 0.053850
v 0.270720 0.558053 0.053850
v 0.255013 0.579191 0.105630
v 0.255013 0.558053 0.105630
v 0.229506 0.579191 0.153351
v 0.229506 0.558053 0.153351
v 0.195179 0.579191 0.195179
v 0.195179 0.558053 0.195179
v 0.153351 0.579191 0.229506
v 0.153351 0.558053 0.229506
v 0.105630 0.579191 0.255013
v 0.105630 0.558053 0.255013
v 0.053850 0.579191 0.270720
v 0.053850 0.558053 0.270720
v 0.000000 0.579191 0.276024
v 0.000000 0.558053 0.276024
v -0.053850 0.579191 0.270720
v -0.053850 0.558053 0.270720
v -0.105630 0.579191 0.255013
v -0.105630 0.558053 0.255013
v -0.153351 0.579191 0.229506
v -0.153351 0.558053 0.229506
v -0.195179 0.579191 0.195179
v -0.195179 0.558053 0.195179
v -0.229506 0.579191 0.153351
v -0.229506 0.558053 0.153351
v -0.255013 0.579191 0.105630
v -0.255013 0.558053 0.105630
v -0.270720 0.579191 0.053850
v -0.270720 0.558053 0.053850
v -0.276024 0.579191 0.000000
v -0.276024 0.558053 0.000000
v -0.270720 0.579191 -0.053850
v -0.270720 0.558053 -0.053850
v -0.255013 0.579191 -0.105630
v -0.255013 0.558053 -0.105630
v -0.229506 0.579191 -0.153351
v -0.229506 0.558053 -0.153351
v -0.195179 0.579191 -0.195179
v -0.195179 0.558053 -0.195179
v -0.153351 0.579191 -0.229506
v -0.153351 0.558053 -0.229506
v -0.105630 0.579191 -0.255013
v -0.105630 0.558053 -0.255013
v -0.053850 0.579191 -0.270720
v -0.053850 0.558053 -0.270720
vn 0.0980 -0.0000 -0.9952
vn 0.2903 -0.0000 -0.9569
vn 0.4714 -0.0000 -0.8819
vn 0.6344 -0.0000 -0.7730
vn 0.7730 -0.0000 -0.6344
vn 0.8819 -0.0000 -0.4714
vn 0.9569 -0.0000 -0.2903
vn 0.9952 -0.0000 -0.0980
vn 0.9952 -0.0000 0.0980
vn 0.9569 -0.0000 0.2903
vn 0.8819 -0.0000 0.4714
vn 0.7730 -0.0000 0.6344
vn 0.6344 -0.0000 0.7730
vn 0.4714 -0.0000 0.8819
vn 0.2903 -0.0000 0.9569
vn 0.0980 -0.0000 0.9952
vn -0.0980 -0.0000 0.9952
vn -0.2903 -0.0000 0.9569
vn -0.4714 -0.0000 0.8819
vn -0.6344 -0.0000 0.7730
vn -0.7730 -0.0000 0.6344
vn -0.8819 -0.0000 0.4714
vn -0.9569 -0.0000 0.2903
vn -0.9952 -0.0000 0.0980
vn -0.9952 -0.0000 -0.0980
vn -0.9569 -0.0000 -0.2903
vn -0.8819 -0.0000 -0.4714
vn -0.7730 -0.0000 -0.6344
vn -0.6344 -0.0000 -0.7730
vn -0.4714 -0.0000 -0.8819
vn -0.0000 -1.0000 -0.0000
vn -0.2903 -0.0000 -0.9569
vn -0.0980 -0.0000 -0.9952
vn -0.0000 1.0000 -0.0000
vt 1.000000 0.500000
vt 1.000000 1.000000
vt 0.968750 1.000000
vt 0.968750 0.500000
vt 0.937500 1.000000
vt 0.937500 0.500000
vt 0.906250 1.000000
vt 0.906250 0.500000
vt 0.875000 1.000000
vt 0.875000 0.500000
vt 0.843750 1.000000
vt 0.843750 0.500000
vt 0.812500 1.000000
vt 0.812500 0.500000
vt 0.781250 1.000000
vt 0.781250 0.500000
vt 0.750000 1.000000
vt 0.750000 0.500000
vt 0.718750 1.000000
vt 0.718750 0.500000
vt 0.687500 1.000000
vt 0.687500 0.500000
vt 0.656250 1.000000
vt 0.656250 0.500000
vt 0.625000 1.000000
vt 0.625000 0.500000
vt 0.593750 1.000000
vt 0.593750 0.500000
vt 0.562500 1.000000
vt 0.562500 0.500000
vt 0.531250 1.000000
vt 0.531250 0.500000
vt 0.500000 1.000000
vt 0.500000 0.500000
vt 0.468750 1.000000
vt 0.468750 0.500000
vt 0.437500 1.000000
vt 0.437500 0.500000
vt 0.406250 1.000000
vt 0.406250 0.500000
vt 0.375000 1.000000
vt 0.375000 0.500000
vt 0.343750 1.000000
vt 0.343750 0.500000
vt 0.312500 1.000000
vt 0.312500 0.500000
vt 0.281250 1.000000
vt 0.281250 0.500000
vt 0.250000 1.000000
vt 0.250000 0.500000
vt 0.218750 1.000000
vt 0.218750 0.500000
vt 0.187500 1.000000
vt 0.187500 0.500000
vt 0.156250 1.000000
vt 0.156250 0.500000
vt 0.125000 1.000000
vt 0.125000 0.500000
vt 0.093750 1.000000
vt 0.093750 0.500000
vt 0.062500 1.000000
vt 0.062500 0.500000
vt 0.296822 0.485388
vt 0.250000 0.490000
vt 0.203178 0.485388
vt 0.158156 0.471731
vt 0.116663 0.449553
vt 0.080294 0.419706
vt 0.050447 0.383337
vt 0.028269 0.341844
vt 0.014612 0.296822
vt 0.010000 0.250000
vt 0.014612 0.203178
vt 0.028269 0.158156
vt 0.050447 0.116663
vt 0.080294 0.080294
vt 0.116663 0.050447
vt 0.158156 0.028269
vt 0.203178 0.014612
vt 0.250000 0.010000
vt 0.296822 0.014612
vt 0.341844 0.028269
vt 0.383337 0.050447
vt 0.419706 0.080294
vt 0.449553 0.116663
vt 0.471731 0.158156
vt 0.485388 0.203178
vt 0.490000 0.250000
vt 0.485388 0.296822
vt 0.471731 0.341844
vt 0.449553 0.383337
vt 0.419706 0.419706
vt 0.383337 0.449553
vt 0.341844 0.471731
vt 0.031250 1.000000
vt 0.031250 0.500000
vt 0.000000 1.000000
vt 0.000000 0.500000
vt 0.750000 0.490000
vt 0.796822 0.485388
vt 0.841844 0.471731
vt 0.883337 0.449553
vt 0.919706 0.419706
vt 0.949553 0.383337
vt 0.971731 0.341844
vt 0.985388 0.296822
vt 0.990000 0.250000
vt 0.985388 0.203178
vt 0.971731 0.158156
vt 0.949553 0.116663
vt 0.919706 0.080294
vt 0.883337 0.050447
vt 0.841844 0.028269
vt 0.796822 0.014612
vt 0.750000 0.010000
vt 0.703178 0.014612
vt 0.658156 0.028269
vt 0.616663 0.050447
vt 0.580294 0.080294
vt 0.550447 0.116663
vt 0.528269 0.158156
vt 0.514612 0.203178
vt 0.510000 0.250000
vt 0.514612 0.296822
vt 0.528269 0.341844
vt 0.550447 0.383337
vt 0.580294 0.419706
vt 0.616663 0.449553
vt 0.658156 0.471731
vt 0.703178 0.485388
s 0
usemtl Material
f 4712/3637/4734 4714/3640/4734 4715/3639/4734 4713/3638/4734
f 4714/3640/4735 4716/3642/4735 4717/3641/4735 4715/3639/4735
f 4716/3642/4736 4718/3644/4736 4719/3643/4736 4717/3641/4736
f 4718/3644/4737 4720/3646/4737 4721/3645/4737 4719/3643/4737
f 4720/3646/4738 4722/3648/4738 4723/3647/4738 4721/3645/4738
f 4722/3648/4739 4724/3650/4739 4725/3649/4739 4723/3647/4739
f 4724/3650/4740 4726/3652/4740 4727/3651/4740 4725/3649/4740
f 4726/3652/4741 4728/3654/4741 4729/3653/4741 4727/3651/4741
f 4728/3654/4742 4730/3656/4742 4731/3655/4742 4729/3653/4742
f 4730/3656/4743 4732/3658/4743 4733/3657/4743 4731/3655/4743
f 4732/3658/4744 4734/3660/4744 4735/3659/4744 4733/3657/4744
f 4734/3660/4745 4736/3662/4745 4737/3661/4745 4735/3659/4745
f 4736/3662/4746 4738/3664/4746 4739/3663/4746 4737/3661/4746
f 4738/3664/4747 4740/3666/4747 4741/3665/4747 4739/3663/4747
f 4740/3666/4748 4742/3668/4748 4743/3667/4748 4741/3665/4748
f 4742/3668/4749 4744/3670/4749 4745/3669/4749 4743/3667/4749
f 4744/3670/4750 4746/3672/4750 4747/3671/4750 4745/3669/4750
f 4746/3672/4751 4748/3674/4751 4749/3673/4751 4747/3671/4751
f 4748/3674/4752 4750/3676/4752 4751/3675/4752 4749/3673/4752
f 4750/3676/4753 4752/3678/4753 4753/3677/4753 4751/3675/4753
f 4752/3678/4754 4754/3680/4754 4755/3679/4754 4753/3677/4754
f 4754/3680/4755 4756/3682/4755 4757/3681/4755 4755/3679/4755
f 4756/3682/4756 4758/3684/4756 4759/3683/4756 4757/3681/4756
f 4758/3684/4757 4760/3686/4757 4761/3685/4757 4759/3683/4757
f 4760/3686/4758 4762/3688/4758 4763/3687/4758 4761/3685/4758
f 4762/3688/4759 4764/3690/4759 4765/3689/4759 4763/3687/4759
f 4764/3690/4760 4766/3692/4760 4767/3691/4760 4765/3689/4760
f 4766/3692/4761 4768/3694/4761 4769/3693/4761 4767/3691/4761
f 4768/3694/4762 4770/3696/4762 4771/3695/4762 4769/3693/4762
f 4770/3696/4763 4772/3698/4763 4773/3697/4763 4771/3695/4763
f 4715/3699/4764 4717/3730/4764 4719/3729/4764 4721/3728/4764 4723/3727/4764 4725/3726/4764 4727/3725/4764 4729/3724/4764 4731/3723/4764 4733/3722/4764 4735/3721/4764 4737/3720/4764 4739/3719/4764 4741/3718/4764 4743/3717/4764 4745/3716/4764 4747/3715/4764 4749/3714/4764 4751/3713/4764 4753/3712/4764 4755/3711/4764 4757/3710/4764 4759/3709/4764 4761/3708/4764 4763/3707/4764 4765/3706/4764 4767/3705/4764 4769/3704/4764 4771/3703/4764 4773/3702/4764 4775/3701/4764 4713/3700/4764
f 4772/3698/4765 4774/3732/4765 4775/3731/4765 4773/3697/4765
f 4774/3732/4766 4712/3734/4766 4713/3733/4766 4775/3731/4766
f 4712/3735/4767 4774/3766/4767 4772/3765/4767 4770/3764/4767 4768/3763/4767 4766/3762/4767 4764/3761/4767 4762/3760/4767 4760/3759/4767 4758/3758/4767 4756/3757/4767 4754/3756/4767 4752/3755/4767 4750/3754/4767 4748/3753/4767 4746/3752/4767 4744/3751/4767 4742/3750/4767 4740/3749/4767 4738/3748/4767 4736/3747/4767 4734/3746/4767 4732/3745/4767 4730/3744/4767 4728/3743/4767 4726/3742/4767 4724/3741/4767 4722/3740/4767 4720/3739/4767 4718/3738/4767 4716/3737/4767 4714/3736/4767
