# Blender 4.5.4 LTS
# www.blender.org
mtllib crowbar_01_4k.mtl
o crowbar_01
v 0.004431 -0.185258 0.009153
v 0.004431 -0.185258 -0.008735
v 0.004431 -0.132084 0.009153
v 0.011937 -0.185258 -0.004263
v 0.004431 -0.132084 -0.008735
v 0.004431 -0.204518 0.008685
v 0.004431 -0.204674 -0.008735
v 0.004431 -0.217962 0.007817
v 0.004431 -0.218106 -0.008612
v 0.004431 -0.238051 0.004371
v 0.004431 -0.236859 -0.008832
v 0.004431 -0.227490 -0.008551
v 0.004431 -0.228060 0.006429
v 0.004430 -0.248557 0.001635
v 0.004430 -0.246660 -0.009769
v 0.004430 -0.257348 -0.000900
v 0.004430 -0.255451 -0.011029
v 0.004429 -0.264319 -0.003023
v 0.004429 -0.261957 -0.012102
v 0.011937 -0.132084 -0.004263
v 0.011936 -0.204674 -0.004263
v 0.011750 -0.218106 -0.004474
v 0.012510 -0.237183 -0.005474
v 0.011954 -0.227667 -0.004772
v 0.013433 -0.247164 -0.006860
v 0.014868 -0.255957 -0.008511
v 0.016779 -0.262625 -0.010039
v 0.020759 -0.270483 -0.011745
v 0.011937 -0.185258 0.004681
v 0.011937 -0.132084 0.004681
v 0.011937 -0.204596 0.004447
v 0.011936 -0.218034 0.003741
v 0.012691 -0.237778 0.001127
v 0.012161 -0.227952 0.002717
v 0.013619 -0.248112 -0.001159
v 0.015054 -0.256906 -0.003446
v 0.016947 -0.263739 -0.005495
v 0.021154 -0.272402 -0.008115
v 0.008841 -0.185258 0.009153
v 0.009737 -0.185258 0.008624
v 0.009442 -0.185258 0.009153
v 0.009735 -0.185258 -0.008210
v 0.008841 -0.185258 -0.008735
v 0.009442 -0.185258 -0.008735
v 0.014137 -0.185258 0.000735
v 0.014137 -0.185258 -0.000317
v 0.014431 -0.185258 0.000209
v 0.014137 -0.132084 0.000735
v 0.014137 -0.132084 -0.000317
v 0.014431 -0.132084 0.000209
v 0.008841 -0.132084 0.009153
v 0.009737 -0.132084 0.008624
v 0.009442 -0.132084 0.009153
v 0.009735 -0.132084 -0.008210
v 0.008841 -0.132084 -0.008735
v 0.009442 -0.132084 -0.008735
v 0.009735 -0.204674 -0.008210
v 0.008841 -0.204674 -0.008735
v 0.009442 -0.204674 -0.008735
v 0.014125 -0.204665 0.000729
v 0.014137 -0.204674 -0.000318
v 0.014431 -0.204674 0.000209
v 0.008841 -0.204518 0.008685
v 0.009750 -0.204528 0.008162
v 0.009442 -0.204518 0.008685
v 0.009735 -0.218106 -0.008088
v 0.008841 -0.218106 -0.008612
v 0.009442 -0.218106 -0.008612
v 0.013780 -0.218097 0.000199
v 0.013765 -0.218106 -0.000863
v 0.014058 -0.218106 -0.000336
v 0.009213 -0.217962 0.007817
v 0.010095 -0.217972 0.007279
v 0.009815 -0.217962 0.007817
v 0.010755 -0.236908 -0.008334
v 0.009864 -0.236860 -0.008832
v 0.010449 -0.236860 -0.008832
v 0.014277 -0.237548 -0.001610
v 0.014265 -0.237458 -0.002615
v 0.014571 -0.237506 -0.002117
v 0.010226 -0.238051 0.004371
v 0.011106 -0.238009 0.003863
v 0.010812 -0.238051 0.004371
v 0.010495 -0.228049 0.005900
v 0.009628 -0.228065 0.006428
v 0.010219 -0.228066 0.006428
v 0.013814 -0.227814 -0.001508
v 0.013831 -0.227855 -0.000469
v 0.014106 -0.227839 -0.000994
v 0.010093 -0.227522 -0.008038
v 0.009211 -0.227496 -0.008552
v 0.009802 -0.227497 -0.008552
v 0.011667 -0.246745 -0.009286
v 0.010714 -0.246661 -0.009769
v 0.011316 -0.246661 -0.009769
v 0.015210 -0.247745 -0.003462
v 0.015199 -0.247584 -0.004434
v 0.015549 -0.247667 -0.003952
v 0.011087 -0.248558 0.001635
v 0.012027 -0.248480 0.001145
v 0.011688 -0.248558 0.001635
v 0.013135 -0.255545 -0.010573
v 0.012149 -0.255453 -0.011029
v 0.012751 -0.255454 -0.011029
v 0.016625 -0.256544 -0.005517
v 0.016602 -0.256370 -0.006447
v 0.016985 -0.256461 -0.005992
v 0.012522 -0.257351 -0.000900
v 0.013483 -0.257268 -0.001374
v 0.013123 -0.257351 -0.000900
v 0.015065 -0.262078 -0.011687
v 0.014039 -0.261956 -0.012101
v 0.014641 -0.261958 -0.012101
v 0.018521 -0.263286 -0.007489
v 0.018465 -0.263057 -0.008362
v 0.018884 -0.263175 -0.007952
v 0.014411 -0.264311 -0.003040
v 0.015377 -0.264203 -0.003502
v 0.015013 -0.264312 -0.003040
v 0.020643 -0.273574 -0.014104
v 0.020894 -0.268815 -0.009692
v 0.020981 -0.269190 -0.008878
v 0.020934 -0.268805 -0.009245
v 0.021318 -0.276595 -0.007804
v 0.004425 -0.280996 -0.008801
v 0.004426 -0.276104 -0.014982
v 0.019241 -0.276295 -0.015105
v 0.020679 -0.276471 -0.014726
v 0.020637 -0.276357 -0.015152
v 0.020811 -0.276345 -0.013252
v 0.021152 -0.277322 -0.009861
v 0.021038 -0.293900 -0.017099
v 0.021314 -0.278321 -0.008450
v 0.019167 -0.279519 -0.008348
v 0.021357 -0.278464 -0.008033
v 0.004418 -0.286776 -0.010842
v 0.004417 -0.285031 -0.016829
v 0.019332 -0.285316 -0.016909
v 0.020807 -0.285496 -0.016515
v 0.020764 -0.285381 -0.016940
v 0.020918 -0.285755 -0.015394
v 0.021048 -0.292463 -0.016339
v 0.021181 -0.286487 -0.012783
v 0.021324 -0.286936 -0.011378
v 0.019726 -0.287022 -0.010924
v 0.021367 -0.287078 -0.010961
v 0.004410 -0.293788 -0.015636
v 0.004410 -0.292767 -0.018192
v 0.019427 -0.293135 -0.018236
v 0.020919 -0.293180 -0.017987
v 0.020896 -0.293199 -0.018253
v 0.021126 -0.293868 -0.015981
v 0.019465 -0.294153 -0.015713
v 0.021159 -0.294226 -0.015747
v 0.004409 -0.295355 -0.017767
v 0.004409 -0.295238 -0.018296
v 0.019455 -0.295527 -0.018307
v 0.020941 -0.294766 -0.018076
v 0.020819 -0.294916 -0.018406
v 0.021039 -0.294990 -0.017491
v 0.019440 -0.295658 -0.017795
v 0.020634 -0.295697 -0.017808
v 0.021282 -0.276618 -0.008136
v 0.020771 -0.270860 -0.011483
v 0.021111 -0.272513 -0.008477
v 0.020664 -0.273902 -0.013802
v 0.020901 -0.269396 -0.009817
v 0.020969 -0.269722 -0.009104
v 0.020940 -0.269261 -0.009343
v 0.020987 -0.276833 -0.011498
v 0.020964 -0.272951 -0.010380
v 0.021010 -0.273282 -0.009956
v 0.020905 -0.272861 -0.010995
v 0.021027 -0.284724 -0.013841
v 0.020347 -0.295907 -0.018259
v 0.021016 -0.295398 -0.018045
v 0.004409 -0.295638 -0.018259
v 0.019457 -0.295891 -0.018259
v 0.004431 0.124128 0.007775
v 0.004431 0.122911 -0.010071
v 0.011937 0.123216 -0.005609
v 0.011937 0.123824 0.003314
v 0.014137 0.123556 -0.000623
v 0.014137 0.123484 -0.001673
v 0.014431 0.123520 -0.001148
v 0.008841 0.124128 0.007775
v 0.009737 0.124092 0.007248
v 0.009442 0.124128 0.007775
v 0.009735 0.122947 -0.009547
v 0.008841 0.122911 -0.010071
v 0.009442 0.122911 -0.010071
v 0.004431 0.153603 0.004021
v 0.004431 0.147878 -0.012926
v 0.011936 0.149309 -0.008689
v 0.011936 0.152172 -0.000216
v 0.014137 0.150909 -0.003954
v 0.014137 0.150572 -0.004951
v 0.014431 0.150740 -0.004452
v 0.008841 0.153603 0.004021
v 0.009737 0.153434 0.003520
v 0.009442 0.153603 0.004021
v 0.009735 0.148046 -0.012428
v 0.008841 0.147878 -0.012926
v 0.009442 0.147878 -0.012926
v 0.004431 0.204565 -0.013372
v 0.004431 0.198840 -0.030319
v 0.011936 0.200271 -0.026082
v 0.011936 0.203134 -0.017609
v 0.014137 0.201871 -0.021347
v 0.014137 0.201534 -0.022344
v 0.014431 0.201703 -0.021846
v 0.008841 0.204565 -0.013372
v 0.009737 0.204396 -0.013873
v 0.009442 0.204565 -0.013372
v 0.009735 0.199008 -0.029822
v 0.008841 0.198840 -0.030319
v 0.009442 0.198840 -0.030319
v 0.004431 0.216842 -0.015158
v 0.004431 0.219263 -0.032881
v 0.011936 0.218657 -0.028450
v 0.011936 0.217447 -0.019589
v 0.014137 0.217981 -0.023498
v 0.014137 0.218123 -0.024541
v 0.014431 0.218052 -0.024020
v 0.008841 0.216842 -0.015158
v 0.009737 0.216913 -0.015682
v 0.009442 0.216842 -0.015158
v 0.009735 0.219192 -0.032361
v 0.008841 0.219263 -0.032881
v 0.009442 0.219263 -0.032881
v 0.004431 0.225914 -0.013010
v 0.004431 0.236802 -0.027202
v 0.011936 0.234080 -0.023654
v 0.011936 0.228636 -0.016558
v 0.014137 0.231038 -0.019689
v 0.014137 0.231678 -0.020524
v 0.014431 0.231358 -0.020106
v 0.008841 0.225914 -0.013010
v 0.009737 0.226235 -0.013429
v 0.009442 0.225914 -0.013010
v 0.009735 0.236482 -0.026786
v 0.008841 0.236802 -0.027202
v 0.009442 0.236802 -0.027202
v 0.004431 0.231515 -0.008195
v 0.004431 0.247300 -0.016607
v 0.011936 0.243354 -0.014504
v 0.011936 0.235461 -0.010298
v 0.014137 0.238943 -0.012154
v 0.014137 0.239872 -0.012649
v 0.014431 0.239407 -0.012401
v 0.008841 0.231515 -0.008195
v 0.009737 0.231981 -0.008443
v 0.009442 0.231515 -0.008195
v 0.009735 0.246837 -0.016361
v 0.008841 0.247300 -0.016607
v 0.009442 0.247300 -0.016607
v 0.004430 0.235768 0.000343
v 0.004430 0.253430 -0.002489
v 0.011936 0.249014 -0.001781
v 0.011936 0.240184 -0.000365
v 0.014137 0.244079 -0.000989
v 0.014137 0.245119 -0.001156
v 0.014430 0.244599 -0.001073
v 0.008841 0.235768 0.000343
v 0.009737 0.236290 0.000260
v 0.009442 0.235768 0.000343
v 0.009735 0.252912 -0.002405
v 0.008841 0.253430 -0.002489
v 0.009442 0.253430 -0.002489
v 0.004430 0.238869 0.015840
v 0.004430 0.256531 0.013008
v 0.011936 0.252116 0.013716
v 0.011936 0.243285 0.015131
v 0.014137 0.247181 0.014507
v 0.014137 0.248220 0.014340
v 0.014430 0.247700 0.014423
v 0.008840 0.238869 0.015839
v 0.009737 0.239391 0.015756
v 0.009442 0.238869 0.015839
v 0.009735 0.256013 0.013091
v 0.008840 0.256531 0.013008
v 0.009442 0.256531 0.013008
v 0.004429 0.240249 0.031572
v 0.004429 0.258007 0.029048
v 0.011935 0.253549 0.029398
v 0.011935 0.244633 0.030100
v 0.014136 0.248567 0.029790
v 0.014136 0.249616 0.029708
v 0.014429 0.249091 0.029749
v 0.008839 0.240175 0.030452
v 0.009736 0.240702 0.030410
v 0.009441 0.240175 0.030451
v 0.009734 0.257484 0.029088
v 0.008839 0.258007 0.029047
v 0.009441 0.258007 0.029047
v 0.004431 0.043759 -0.009150
v 0.011937 0.043976 0.004262
v 0.014431 0.043903 -0.000208
v 0.008841 0.044048 0.008733
v 0.011937 0.043831 -0.004679
v 0.008841 0.043759 -0.009150
v 0.009442 0.043759 -0.009150
v 0.009737 0.044040 0.008205
v 0.014137 0.043912 0.000318
v 0.004431 0.044048 0.008733
v 0.009442 0.044048 0.008733
v 0.009735 0.043767 -0.008625
v 0.014137 0.043895 -0.000735
v 0.008841 -0.043903 -0.008735
v 0.009442 -0.043903 -0.008735
v 0.009737 -0.043903 0.008624
v 0.014137 -0.043903 0.000735
v 0.004431 -0.043903 0.009153
v 0.009442 -0.043903 0.009153
v 0.009735 -0.043903 -0.008210
v 0.014137 -0.043903 -0.000317
v 0.004431 -0.043903 -0.008735
v 0.011937 -0.043903 0.004681
v 0.014431 -0.043903 0.000209
v 0.008841 -0.043903 0.009153
v 0.011937 -0.043903 -0.004263
v 0.004426 0.241283 0.047190
v 0.004425 0.258523 0.045691
v 0.012279 0.254912 0.046087
v 0.011933 0.245737 0.046738
v 0.014133 0.249670 0.046427
v 0.014133 0.250719 0.046344
v 0.014427 0.250195 0.046385
v 0.008836 0.241278 0.047090
v 0.009733 0.241805 0.047048
v 0.009438 0.241278 0.047090
v 0.009824 0.258420 0.045740
v 0.008846 0.258602 0.045688
v 0.009448 0.258613 0.045687
v 0.004395 0.244646 0.060712
v 0.004363 0.258674 0.061074
v 0.017660 0.257155 0.060331
v 0.015895 0.249613 0.060961
v 0.018912 0.253492 0.060213
v 0.018932 0.254564 0.060053
v 0.019117 0.254005 0.060016
v 0.013031 0.245831 0.062002
v 0.012214 0.245605 0.062367
v 0.015831 0.258855 0.060959
v 0.006112 0.258694 0.062243
v 0.013360 0.258842 0.062124
v 0.022629 0.256342 0.076131
v 0.022472 0.254940 0.076106
v 0.010551 0.250168 0.079077
v 0.018488 0.250367 0.077361
v 0.022828 0.258061 0.076206
v 0.007210 0.258948 0.077289
v 0.009331 0.254076 0.087791
v 0.023730 0.255796 0.084976
v 0.016145 0.259144 0.083475
v 0.015389 0.259055 0.076856
v 0.017963 0.258471 0.094305
v 0.018378 0.249171 0.071865
v 0.010965 0.248810 0.073998
v 0.021118 0.255502 0.064779
v 0.021008 0.254261 0.064988
v 0.021018 0.254807 0.064584
v 0.021373 0.256626 0.065835
v 0.022107 0.257964 0.070570
v 0.021201 0.252706 0.067045
v 0.022194 0.251862 0.076569
v 0.021538 0.252236 0.070688
v 0.021767 0.254833 0.070561
v 0.021653 0.253639 0.070694
v 0.022301 0.253346 0.076135
v 0.022134 0.251107 0.076755
v 0.023727 0.255073 0.085651
v 0.020884 0.254759 0.063540
v 0.021360 0.257213 0.065247
v 0.022221 0.259103 0.070515
v 0.021086 0.251983 0.066563
v 0.020977 0.255302 0.063813
v 0.022960 0.259184 0.076326
v 0.020854 0.254235 0.063762
v 0.021443 0.251324 0.070695
v 0.010032 0.252050 0.083839
v 0.022823 0.253104 0.080494
v 0.022815 0.252445 0.080923
v 0.023456 0.258109 0.081094
v 0.007884 0.258884 0.085872
v 0.023623 0.259255 0.081381
v 0.022863 0.255259 0.078937
v 0.009147 0.255876 0.090959
v 0.024653 0.258612 0.089569
v 0.017599 0.249015 0.072199
v 0.021098 0.250431 0.076801
v 0.024358 0.256776 0.088882
v 0.021594 0.252293 0.080995
v 0.021742 0.259227 0.081978
v 0.024949 0.259076 0.092167
v 0.020962 0.259150 0.076544
v 0.022123 0.254915 0.085757
v 0.018987 0.252057 0.081309
v 0.018238 0.256393 0.089942
v 0.018675 0.254570 0.086102
v 0.023185 0.256705 0.080229
v 0.022865 0.254114 0.079953
v 0.008563 0.258967 0.077085
v 0.005864 0.258690 0.060002
v 0.008010 0.258742 0.063179
v 0.009257 0.259061 0.085671
v 0.004386 0.258662 0.059546
v 0.023465 0.256098 0.082594
v 0.014158 0.258369 0.094413
v 0.017620 0.258745 0.093331
v 0.022592 0.256674 0.089187
v 0.016448 0.252799 0.054457
v 0.013672 0.258729 0.056041
v 0.007251 0.258720 0.060994
v 0.016669 0.252243 0.054416
v 0.015251 0.256296 0.055057
v 0.007769 0.245496 0.063310
v 0.016520 0.251801 0.054791
v 0.012010 0.244870 0.059416
v 0.014265 0.248336 0.057103
v 0.011231 0.244665 0.059716
v 0.007711 0.244635 0.060429
v 0.012034 0.258781 0.057075
v 0.005446 0.258686 0.061492
v 0.006440 0.258710 0.063535
v 0.024119 0.259297 0.084698
v 0.023878 0.258122 0.083883
v 0.022209 0.259393 0.085367
v 0.008414 0.258769 0.090466
v 0.009853 0.258838 0.090120
v 0.016434 0.259152 0.086288
v 0.024773 0.259372 0.089788
v 0.010211 0.258587 0.093145
v 0.017129 0.259128 0.089598
v 0.009216 0.258419 0.093732
v 0.022761 0.259346 0.089502
v 0.023301 0.259152 0.091946
v 0.023292 0.258844 0.093046
v 0.014140 0.258649 0.093419
v 0.024950 0.259282 0.091412
v 0.024800 0.258810 0.090510
v 0.024845 0.258552 0.091484
v 0.021915 0.256125 0.070606
v 0.006896 0.258861 0.071556
v 0.019544 0.259054 0.070680
v 0.014657 0.258969 0.070991
v 0.018033 0.258976 0.066506
v 0.011347 0.247448 0.068918
v 0.015710 0.247562 0.067099
v 0.006704 0.258790 0.067803
v 0.014179 0.258911 0.067084
v 0.014867 0.247339 0.067557
v 0.006253 0.244922 0.061584
v 0.011980 0.248899 0.073927
v 0.011665 0.250232 0.078917
v 0.009224 0.245486 0.062984
v 0.010812 0.254066 0.087311
v 0.011304 0.252058 0.083485
v 0.010546 0.255921 0.090855
v 0.012522 0.247412 0.068462
v 0.004405 0.244160 0.059165
v 0.023117 0.258394 0.092292
v 0.017926 0.258146 0.093557
v 0.010524 0.257872 0.093412
v 0.014731 0.251971 0.082358
v 0.014108 0.257918 0.093685
v 0.014249 0.254137 0.086514
v 0.014039 0.256134 0.090460
v 0.013696 0.247375 0.068008
v 0.010670 0.245501 0.062720
v 0.009416 0.244711 0.060303
v 0.015086 0.250290 0.078109
v 0.007287 0.241278 0.047092
v 0.014764 0.248939 0.073003
v 0.007355 0.240175 0.030452
v 0.008748 0.257147 0.090169
v 0.008897 0.255634 0.087684
v 0.008955 0.253877 0.082134
v 0.009212 0.252306 0.077217
v 0.009453 0.251383 0.072357
v 0.009699 0.250242 0.067676
v 0.006992 0.248812 0.063279
v 0.005791 0.248405 0.061917
v 0.004384 0.248209 0.061222
v 0.008436 0.256189 0.085267
v 0.008238 0.257713 0.086558
v 0.007546 0.257237 0.078924
v 0.007376 0.256659 0.073472
v 0.007334 0.256300 0.069348
v 0.007238 0.255875 0.064991
v 0.006156 0.255412 0.062750
v 0.005381 0.255287 0.061874
v 0.004360 0.255223 0.061407
v 0.008242 0.255555 0.080529
v 0.008280 0.254481 0.075348
v 0.008386 0.253842 0.070857
v 0.008464 0.253059 0.066338
v 0.006572 0.252111 0.063019
v 0.005585 0.251845 0.061900
v 0.004371 0.251714 0.061319
v 0.012908 0.258940 0.091374
v 0.008909 0.258493 0.093045
v 0.009113 0.257853 0.093278
v 0.010412 0.258411 0.093955
v 0.008962 0.257988 0.092732
v 0.004418 0.242771 0.053902
v 0.015086 0.250711 0.051067
v 0.015032 0.251719 0.050809
v 0.010345 0.242996 0.054086
v 0.009198 0.242928 0.054057
v 0.011876 0.258628 0.052095
v 0.015306 0.251203 0.050888
v 0.010972 0.243392 0.053951
v 0.013032 0.247045 0.052480
v 0.010836 0.258728 0.052522
v 0.013779 0.255693 0.051432
v 0.007654 0.242863 0.054007
v 0.007522 0.258674 0.053709
v 0.004414 0.258617 0.053592
v 0.008241 0.258815 0.067587
v 0.008333 0.258880 0.071349
v -0.003075 -0.185258 -0.004263
v -0.003075 -0.132084 -0.004263
v -0.003075 -0.204674 -0.004263
v -0.002889 -0.218106 -0.004474
v -0.003649 -0.237182 -0.005474
v -0.003093 -0.227667 -0.004772
v -0.004572 -0.247162 -0.006860
v -0.006008 -0.255951 -0.008511
v -0.007920 -0.262606 -0.010039
v -0.011903 -0.270430 -0.011745
v -0.003075 -0.185258 0.004681
v -0.003075 -0.132084 0.004681
v -0.003075 -0.204596 0.004447
v -0.003075 -0.218034 0.003741
v -0.003830 -0.237778 0.001127
v -0.003300 -0.227951 0.002718
v -0.004758 -0.248110 -0.001159
v -0.006194 -0.256900 -0.003446
v -0.008088 -0.263721 -0.005495
v -0.012298 -0.272346 -0.008115
v 0.000021 -0.185258 0.009153
v -0.000876 -0.185258 0.008624
v -0.000581 -0.185258 0.009153
v -0.000874 -0.185258 -0.008210
v 0.000021 -0.185258 -0.008735
v -0.000581 -0.185258 -0.008735
v -0.005276 -0.185258 0.000735
v -0.005276 -0.185258 -0.000317
v -0.005569 -0.185258 0.000209
v -0.005276 -0.132084 0.000735
v -0.005276 -0.132084 -0.000317
v -0.005569 -0.132084 0.000209
v 0.000021 -0.132084 0.009153
v -0.000876 -0.132084 0.008624
v -0.000581 -0.132084 0.009153
v -0.000874 -0.132084 -0.008210
v 0.000021 -0.132084 -0.008735
v -0.000581 -0.132084 -0.008735
v -0.000874 -0.204674 -0.008210
v 0.000021 -0.204674 -0.008735
v -0.000581 -0.204674 -0.008735
v -0.005264 -0.204665 0.000729
v -0.005276 -0.204674 -0.000318
v -0.005569 -0.204674 0.000209
v 0.000021 -0.204518 0.008685
v -0.000889 -0.204528 0.008162
v -0.000581 -0.204518 0.008685
v -0.000874 -0.218106 -0.008088
v 0.000021 -0.218106 -0.008612
v -0.000581 -0.218106 -0.008612
v -0.004919 -0.218097 0.000199
v -0.004903 -0.218106 -0.000863
v -0.005197 -0.218106 -0.000336
v -0.000352 -0.217962 0.007817
v -0.001234 -0.217972 0.007279
v -0.000953 -0.217962 0.007817
v -0.001894 -0.236907 -0.008334
v -0.001002 -0.236859 -0.008832
v -0.001588 -0.236859 -0.008832
v -0.005416 -0.237547 -0.001610
v -0.005404 -0.237457 -0.002615
v -0.005709 -0.237505 -0.002117
v -0.001365 -0.238051 0.004371
v -0.002245 -0.238008 0.003863
v -0.001950 -0.238051 0.004371
v -0.001634 -0.228049 0.005900
v -0.000766 -0.228065 0.006428
v -0.001357 -0.228065 0.006428
v -0.004953 -0.227813 -0.001508
v -0.004970 -0.227855 -0.000469
v -0.005245 -0.227838 -0.000994
v -0.001232 -0.227521 -0.008038
v -0.000349 -0.227496 -0.008552
v -0.000940 -0.227496 -0.008552
v -0.002807 -0.246743 -0.009286
v -0.001854 -0.246660 -0.009769
v -0.002455 -0.246659 -0.009769
v -0.006350 -0.247743 -0.003462
v -0.006338 -0.247581 -0.004434
v -0.006689 -0.247665 -0.003952
v -0.002226 -0.248557 0.001635
v -0.003166 -0.248478 0.001145
v -0.002827 -0.248556 0.001635
v -0.004274 -0.255540 -0.010573
v -0.003289 -0.255449 -0.011029
v -0.003891 -0.255449 -0.011029
v -0.007764 -0.256537 -0.005517
v -0.007742 -0.256363 -0.006447
v -0.008124 -0.256453 -0.005992
v -0.003661 -0.257347 -0.000900
v -0.004622 -0.257263 -0.001374
v -0.004263 -0.257346 -0.000900
v -0.006206 -0.262059 -0.011687
v -0.005181 -0.261940 -0.012101
v -0.005782 -0.261939 -0.012101
v -0.009662 -0.263267 -0.007489
v -0.009606 -0.263038 -0.008362
v -0.010025 -0.263156 -0.007952
v -0.005553 -0.264295 -0.003040
v -0.006518 -0.264185 -0.003502
v -0.006154 -0.264295 -0.003040
v -0.011788 -0.273496 -0.014104
v -0.012036 -0.268774 -0.009692
v -0.012123 -0.269148 -0.008878
v -0.012077 -0.268766 -0.009245
v -0.012463 -0.276514 -0.007804
v -0.010391 -0.276169 -0.015105
v -0.011833 -0.276275 -0.014726
v -0.011787 -0.276215 -0.015152
v -0.011964 -0.276162 -0.013252
v -0.012304 -0.277146 -0.009861
v -0.012178 -0.293062 -0.017099
v -0.012467 -0.278136 -0.008450
v -0.010317 -0.279388 -0.008348
v -0.012507 -0.278330 -0.008033
v -0.010464 -0.285248 -0.016909
v -0.011938 -0.285379 -0.016515
v -0.011895 -0.285271 -0.016940
v -0.012054 -0.285612 -0.015394
v -0.012164 -0.292053 -0.016339
v -0.012323 -0.286293 -0.012783
v -0.012468 -0.286720 -0.011378
v -0.010871 -0.286844 -0.010924
v -0.012512 -0.286853 -0.010961
v -0.010562 -0.292650 -0.018236
v -0.012042 -0.292592 -0.017987
v -0.012022 -0.292565 -0.018253
v -0.012250 -0.293340 -0.015981
v -0.010601 -0.293711 -0.015713
v -0.012287 -0.293659 -0.015747
v -0.010619 -0.294748 -0.018307
v -0.012086 -0.293842 -0.018076
v -0.011972 -0.293935 -0.018406
v -0.012186 -0.294083 -0.017491
v -0.010605 -0.294897 -0.017795
v -0.011790 -0.294724 -0.017808
v -0.012430 -0.276509 -0.008136
v -0.011916 -0.270792 -0.011483
v -0.012256 -0.272440 -0.008477
v -0.011811 -0.273799 -0.013802
v -0.012045 -0.269340 -0.009817
v -0.012113 -0.269665 -0.009104
v -0.012084 -0.269209 -0.009343
v -0.012139 -0.276659 -0.011498
v -0.012110 -0.272867 -0.010380
v -0.012156 -0.273193 -0.009956
v -0.012051 -0.272772 -0.010995
v -0.012180 -0.284463 -0.013841
v -0.011506 -0.294904 -0.018259
v -0.012167 -0.294436 -0.018045
v -0.010623 -0.295127 -0.018259
v -0.003075 0.123216 -0.005609
v -0.003075 0.123824 0.003314
v -0.005276 0.123556 -0.000623
v -0.005276 0.123484 -0.001673
v -0.005569 0.123520 -0.001148
v 0.000021 0.124128 0.007775
v -0.000876 0.124092 0.007248
v -0.000581 0.124128 0.007775
v -0.000874 0.122947 -0.009547
v 0.000021 0.122911 -0.010071
v -0.000581 0.122911 -0.010071
v -0.003075 0.149309 -0.008689
v -0.003075 0.152172 -0.000216
v -0.005276 0.150909 -0.003954
v -0.005276 0.150572 -0.004951
v -0.005569 0.150740 -0.004452
v 0.000021 0.153603 0.004021
v -0.000876 0.153434 0.003520
v -0.000581 0.153603 0.004021
v -0.000874 0.148046 -0.012428
v 0.000021 0.147878 -0.012926
v -0.000581 0.147878 -0.012926
v -0.003075 0.200271 -0.026082
v -0.003075 0.203134 -0.017609
v -0.005276 0.201871 -0.021347
v -0.005276 0.201534 -0.022344
v -0.005569 0.201703 -0.021846
v 0.000021 0.204565 -0.013372
v -0.000876 0.204396 -0.013873
v -0.000581 0.204565 -0.013372
v -0.000874 0.199008 -0.029822
v 0.000021 0.198840 -0.030319
v -0.000581 0.198840 -0.030319
v -0.003075 0.218657 -0.028450
v -0.003075 0.217447 -0.019589
v -0.005276 0.217981 -0.023498
v -0.005276 0.218123 -0.024541
v -0.005569 0.218052 -0.024020
v 0.000021 0.216842 -0.015158
v -0.000876 0.216913 -0.015682
v -0.000581 0.216842 -0.015158
v -0.000874 0.219192 -0.032361
v 0.000021 0.219263 -0.032881
v -0.000581 0.219263 -0.032881
v -0.003075 0.234080 -0.023654
v -0.003075 0.228636 -0.016558
v -0.005276 0.231038 -0.019689
v -0.005276 0.231678 -0.020524
v -0.005569 0.231358 -0.020106
v 0.000020 0.225914 -0.013010
v -0.000876 0.226235 -0.013429
v -0.000581 0.225914 -0.013010
v -0.000874 0.236482 -0.026786
v 0.000021 0.236802 -0.027202
v -0.000581 0.236802 -0.027202
v -0.003075 0.243354 -0.014504
v -0.003075 0.235461 -0.010298
v -0.005276 0.238943 -0.012154
v -0.005276 0.239872 -0.012649
v -0.005569 0.239407 -0.012401
v 0.000020 0.231515 -0.008195
v -0.000876 0.231981 -0.008443
v -0.000581 0.231515 -0.008195
v -0.000874 0.246837 -0.016361
v 0.000020 0.247300 -0.016607
v -0.000581 0.247300 -0.016607
v -0.003075 0.249014 -0.001781
v -0.003075 0.240183 -0.000365
v -0.005276 0.244079 -0.000989
v -0.005276 0.245119 -0.001156
v -0.005570 0.244599 -0.001073
v 0.000020 0.235768 0.000343
v -0.000876 0.236290 0.000260
v -0.000581 0.235768 0.000343
v -0.000874 0.252912 -0.002405
v 0.000020 0.253430 -0.002488
v -0.000581 0.253430 -0.002488
v -0.003076 0.252116 0.013716
v -0.003076 0.243285 0.015132
v -0.005276 0.247181 0.014507
v -0.005276 0.248220 0.014341
v -0.005570 0.247700 0.014424
v 0.000020 0.238869 0.015840
v -0.000876 0.239391 0.015756
v -0.000582 0.238869 0.015840
v -0.000874 0.256013 0.013091
v 0.000020 0.256531 0.013008
v -0.000582 0.256531 0.013008
v -0.003077 0.253549 0.029400
v -0.003077 0.244633 0.030103
v -0.005277 0.248566 0.029793
v -0.005277 0.249615 0.029711
v -0.005571 0.249091 0.029752
v 0.000019 0.240175 0.030453
v -0.000877 0.240701 0.030412
v -0.000582 0.240175 0.030453
v -0.000875 0.257484 0.029090
v 0.000019 0.258007 0.029048
v -0.000582 0.258007 0.029049
v -0.003075 0.043976 0.004262
v -0.005569 0.043903 -0.000208
v 0.000021 0.044048 0.008733
v -0.003075 0.043831 -0.004679
v 0.000021 0.043759 -0.009150
v -0.000581 0.043759 -0.009150
v -0.000876 0.044040 0.008205
v -0.005276 0.043912 0.000318
v -0.000581 0.044048 0.008733
v -0.000874 0.043767 -0.008625
v -0.005276 0.043895 -0.000735
v 0.000021 -0.043903 -0.008735
v -0.000581 -0.043903 -0.008735
v -0.000876 -0.043903 0.008624
v -0.005276 -0.043903 0.000735
v -0.000581 -0.043903 0.009153
v -0.000874 -0.043903 -0.008210
v -0.005276 -0.043903 -0.000317
v -0.003075 -0.043903 0.004681
v -0.005569 -0.043903 0.000209
v 0.000021 -0.043903 0.009153
v -0.003075 -0.043903 -0.004263
v -0.003428 0.254906 0.046106
v -0.003081 0.245733 0.046754
v -0.005281 0.249664 0.046448
v -0.005281 0.250713 0.046367
v -0.005575 0.250188 0.046408
v 0.000016 0.241276 0.047099
v -0.000881 0.241802 0.047060
v -0.000586 0.241276 0.047100
v -0.000973 0.258416 0.045755
v 0.000005 0.258599 0.045697
v -0.000597 0.258609 0.045699
v -0.008866 0.256867 0.060857
v -0.007106 0.249397 0.061409
v -0.009353 0.251958 0.060727
v -0.009371 0.252853 0.060510
v -0.009600 0.252434 0.060596
v -0.004250 0.245739 0.062339
v -0.003438 0.245538 0.062642
v -0.007056 0.258656 0.061507
v 0.002576 0.258678 0.062316
v -0.004625 0.258718 0.062551
v -0.014368 0.256527 0.080486
v -0.014262 0.255131 0.080793
v -0.002778 0.250045 0.079674
v -0.009310 0.250816 0.079364
v -0.014492 0.258199 0.079839
v 0.000859 0.258962 0.078746
v -0.002077 0.253838 0.088096
v -0.014778 0.255925 0.086288
v -0.008128 0.259138 0.084385
v -0.007312 0.259040 0.079081
v -0.009499 0.258477 0.094555
v -0.010171 0.249697 0.074872
v -0.002648 0.248728 0.074741
v -0.013216 0.254754 0.070827
v -0.013118 0.253599 0.071218
v -0.013084 0.254122 0.070256
v -0.013566 0.256046 0.072831
v -0.014058 0.257690 0.075881
v -0.013266 0.252677 0.073760
v -0.013940 0.251989 0.080482
v -0.013535 0.252022 0.076804
v -0.013752 0.254506 0.076464
v -0.013652 0.253431 0.076524
v -0.014095 0.253513 0.080596
v -0.013845 0.251202 0.080234
v -0.014741 0.255183 0.086811
v -0.012946 0.254122 0.068977
v -0.013036 0.257002 0.071694
v -0.014140 0.258705 0.075453
v -0.012739 0.251683 0.073074
v -0.013080 0.254702 0.069617
v -0.014583 0.259284 0.079434
v -0.012945 0.253578 0.069659
v -0.013347 0.251126 0.075911
v -0.002831 0.251835 0.084228
v -0.014288 0.253342 0.083098
v -0.014234 0.252654 0.083267
v -0.014817 0.258307 0.083324
v 0.000580 0.258842 0.086250
v -0.014937 0.259414 0.083263
v -0.014455 0.255553 0.082378
v -0.000924 0.255791 0.091322
v -0.015254 0.258675 0.090221
v -0.008261 0.249297 0.074488
v -0.012150 0.250889 0.079558
v -0.014981 0.256845 0.089525
v -0.013266 0.252477 0.083122
v -0.013354 0.259344 0.083560
v -0.015462 0.259099 0.092583
v -0.012527 0.259207 0.079320
v -0.013788 0.254982 0.086764
v -0.010169 0.252360 0.082959
v -0.009896 0.256307 0.090255
v -0.010181 0.254684 0.087182
v -0.014659 0.256964 0.083066
v -0.014388 0.254389 0.082987
v -0.000379 0.258993 0.078739
v 0.002903 0.258678 0.060043
v 0.000646 0.258700 0.063381
v -0.000643 0.259006 0.086192
v -0.014695 0.256294 0.084523
v -0.005719 0.258360 0.094707
v -0.009204 0.258750 0.093623
v -0.014019 0.256716 0.089694
v -0.007938 0.251918 0.055903
v -0.004855 0.258668 0.056187
v 0.001490 0.258692 0.061096
v -0.008187 0.251425 0.056004
v -0.006426 0.256223 0.055191
v 0.000979 0.245466 0.063447
v -0.007994 0.250913 0.056198
v -0.003196 0.244829 0.059540
v -0.005445 0.248270 0.057226
v -0.002420 0.244633 0.059826
v 0.001092 0.244620 0.060484
v -0.003233 0.258731 0.057213
v 0.003270 0.258677 0.061528
v 0.002168 0.258689 0.063660
v -0.015090 0.259402 0.085753
v -0.014923 0.258252 0.085166
v -0.013755 0.259457 0.086204
v 0.000257 0.258738 0.090867
v -0.000883 0.258794 0.090656
v -0.008362 0.259130 0.086888
v -0.015342 0.259429 0.090375
v -0.001336 0.258581 0.093564
v -0.008871 0.259121 0.090021
v -0.000551 0.258416 0.094065
v -0.014117 0.259392 0.089957
v -0.014545 0.259193 0.092256
v -0.014527 0.258880 0.093315
v -0.005660 0.258637 0.093769
v -0.015421 0.259321 0.091871
v -0.015282 0.258859 0.090999
v -0.015330 0.258590 0.091948
v -0.013847 0.255685 0.076143
v 0.001336 0.258883 0.071919
v -0.011022 0.258805 0.074501
v -0.006223 0.258818 0.072720
v -0.009336 0.258576 0.069348
v -0.002725 0.247374 0.069437
v -0.009110 0.249086 0.072048
v 0.001676 0.258782 0.068029
v -0.005575 0.258721 0.068275
v -0.007298 0.248072 0.071333
v 0.002529 0.244911 0.061630
v -0.003625 0.248805 0.074886
v -0.003813 0.250112 0.079695
v -0.000463 0.245447 0.063158
v -0.003218 0.253985 0.088016
v -0.003976 0.251853 0.083999
v -0.002315 0.255810 0.091262
v -0.003861 0.247417 0.069476
v -0.014373 0.258434 0.092608
v -0.009508 0.258149 0.093844
v -0.001834 0.257854 0.093802
v -0.006732 0.252151 0.083244
v -0.005696 0.257896 0.094017
v -0.006554 0.254390 0.087595
v -0.006113 0.256009 0.090656
v -0.005189 0.247634 0.070174
v -0.001902 0.245449 0.062946
v -0.000609 0.244687 0.060391
v -0.006591 0.250515 0.079270
v 0.001564 0.241276 0.047097
v -0.005940 0.248994 0.074433
v 0.001503 0.240175 0.030453
v -0.000396 0.257080 0.090550
v -0.001383 0.255448 0.088018
v -0.001672 0.253722 0.082546
v -0.001396 0.252221 0.077801
v -0.001150 0.251315 0.073006
v -0.001108 0.250175 0.068106
v 0.001729 0.248782 0.063405
v 0.002966 0.248393 0.061960
v -0.000714 0.256063 0.085637
v -0.000052 0.257633 0.086931
v 0.000231 0.257242 0.079385
v 0.000719 0.256669 0.073916
v 0.000991 0.256286 0.069675
v 0.001328 0.255844 0.065177
v 0.002518 0.255391 0.062836
v 0.003328 0.255277 0.061913
v -0.000762 0.255495 0.080983
v -0.000320 0.254451 0.075896
v -0.000083 0.253800 0.071363
v 0.000103 0.253007 0.066647
v 0.002121 0.252083 0.063130
v 0.003146 0.251833 0.061943
v -0.004345 0.258910 0.091831
v -0.000140 0.258487 0.093412
v -0.000454 0.257839 0.093634
v -0.001745 0.258407 0.094307
v -0.000263 0.257973 0.093100
v -0.006369 0.250047 0.051559
v -0.006335 0.251102 0.051366
v -0.001508 0.242985 0.054124
v -0.000361 0.242919 0.054087
v -0.003039 0.258608 0.052151
v -0.006615 0.250565 0.051442
v -0.002134 0.243378 0.053995
v -0.004193 0.247024 0.052533
v -0.002002 0.258711 0.052571
v -0.004940 0.255668 0.051493
v 0.001182 0.242858 0.054026
v 0.001306 0.258664 0.053738
v 0.000197 0.258780 0.067969
v -0.000068 0.258884 0.071929
v 0.014428 0.249643 0.038067
v 0.014134 0.249118 0.038108
v 0.008838 0.240727 0.038771
v 0.004427 0.240766 0.039381
v 0.009734 0.241253 0.038729
v 0.009440 0.240727 0.038771
v 0.011934 0.245185 0.038419
v 0.008843 0.258305 0.037368
v 0.009444 0.258310 0.037367
v 0.014134 0.250168 0.038026
v 0.004427 0.258265 0.037369
v 0.009779 0.257952 0.037414
v 0.012107 0.254231 0.037742
v 0.007321 0.240726 0.038772
v -0.005573 0.249639 0.038080
v -0.005279 0.249115 0.038121
v 0.000017 0.240725 0.038776
v -0.000879 0.241252 0.038736
v -0.000584 0.240725 0.038776
v -0.003079 0.245183 0.038428
v 0.000012 0.258303 0.037373
v -0.000590 0.258308 0.037374
v -0.005279 0.250164 0.038039
v -0.000924 0.257950 0.037422
v -0.003252 0.254228 0.037753
v 0.001534 0.240726 0.038775
v 0.009737 0.221771 -0.015226
v 0.009442 0.221566 -0.014734
v 0.011936 0.223299 -0.018898
v 0.008841 0.228497 -0.031388
v 0.009442 0.228497 -0.031388
v 0.014137 0.225235 -0.023552
v 0.014431 0.225031 -0.023062
v 0.004431 0.228497 -0.031388
v 0.009735 0.228294 -0.030900
v 0.011936 0.226764 -0.027225
v 0.014137 0.224827 -0.022572
v 0.008841 0.221566 -0.014734
v 0.004431 0.221566 -0.014734
v -0.000581 0.221566 -0.014734
v -0.000876 0.221771 -0.015226
v -0.003075 0.223299 -0.018898
v -0.000581 0.228497 -0.031388
v 0.000021 0.228497 -0.031388
v -0.005569 0.225031 -0.023062
v -0.005276 0.225235 -0.023552
v -0.000874 0.228294 -0.030900
v -0.003075 0.226764 -0.027225
v -0.005276 0.224827 -0.022572
v 0.000021 0.221566 -0.014734
v 0.009442 0.208978 -0.032469
v 0.009735 0.209027 -0.031949
v 0.011936 0.209396 -0.028033
v 0.014137 0.209863 -0.023073
v 0.011936 0.210231 -0.019156
v 0.009442 0.210650 -0.014713
v 0.008841 0.210650 -0.014713
v 0.014137 0.209764 -0.024117
v 0.014431 0.209813 -0.023595
v 0.004431 0.210650 -0.014713
v 0.009737 0.210600 -0.015238
v 0.008841 0.208978 -0.032469
v 0.004431 0.208978 -0.032469
v -0.000874 0.209027 -0.031949
v -0.000581 0.208978 -0.032469
v -0.003075 0.209396 -0.028033
v -0.003075 0.210231 -0.019156
v -0.005276 0.209863 -0.023073
v 0.000021 0.210650 -0.014713
v -0.000581 0.210650 -0.014713
v -0.005276 0.209764 -0.024117
v -0.005569 0.209813 -0.023595
v -0.000876 0.210600 -0.015238
v 0.000021 0.208978 -0.032469
v 0.009442 0.229027 -0.010943
v 0.008841 0.229027 -0.010943
v 0.011936 0.239278 -0.019621
v 0.014137 0.236262 -0.017068
v 0.014431 0.235860 -0.016727
v 0.014137 0.235458 -0.016387
v 0.004431 0.229027 -0.010943
v 0.009737 0.229430 -0.011284
v 0.011936 0.232443 -0.013835
v 0.008841 0.242697 -0.022515
v 0.009442 0.242697 -0.022515
v 0.004431 0.242697 -0.022515
v 0.009735 0.242295 -0.022175
v 0.000020 0.229027 -0.010943
v -0.000581 0.229027 -0.010943
v -0.005276 0.236262 -0.017068
v -0.003075 0.239278 -0.019621
v -0.005276 0.235458 -0.016387
v -0.005569 0.235860 -0.016727
v -0.000876 0.229430 -0.011284
v -0.003075 0.232443 -0.013835
v -0.000581 0.242697 -0.022515
v 0.000020 0.242697 -0.022515
v -0.000874 0.242295 -0.022175
v 0.011936 0.138119 0.002282
v 0.009737 0.138889 0.006143
v 0.008841 0.135501 -0.010854
v 0.009442 0.135501 -0.010854
v 0.014137 0.137144 -0.002611
v 0.014431 0.137246 -0.002096
v 0.004431 0.135501 -0.010854
v 0.009735 0.135603 -0.010340
v 0.011937 0.136374 -0.006475
v 0.014137 0.137349 -0.001581
v 0.009442 0.138992 0.006661
v 0.008841 0.138992 0.006661
v 0.004431 0.138992 0.006661
v -0.000876 0.138889 0.006143
v -0.003075 0.138119 0.002282
v -0.000581 0.135501 -0.010854
v 0.000021 0.135501 -0.010854
v -0.005569 0.137246 -0.002096
v -0.005276 0.137144 -0.002611
v -0.000874 0.135603 -0.010340
v -0.003075 0.136374 -0.006475
v -0.005276 0.137349 -0.001581
v 0.000021 0.138992 0.006661
v -0.000581 0.138992 0.006661
v 0.009442 0.179157 -0.004257
v 0.008841 0.179157 -0.004257
v 0.011936 0.174862 -0.016953
v 0.014137 0.176125 -0.013221
v 0.014431 0.176293 -0.012723
v 0.014137 0.176461 -0.012226
v 0.004431 0.179157 -0.004257
v 0.009737 0.178987 -0.004757
v 0.011936 0.177725 -0.008491
v 0.008841 0.173431 -0.021180
v 0.009442 0.173431 -0.021180
v 0.004431 0.173431 -0.021180
v 0.009735 0.173599 -0.020684
v 0.000021 0.179157 -0.004257
v -0.000581 0.179157 -0.004257
v -0.005276 0.176125 -0.013221
v -0.003075 0.174862 -0.016953
v -0.005276 0.176461 -0.012226
v -0.005569 0.176293 -0.012723
v -0.000876 0.178987 -0.004757
v -0.003075 0.177725 -0.008491
v -0.000581 0.173431 -0.021180
v 0.000021 0.173431 -0.021180
v -0.000874 0.173599 -0.020684
v 0.004426 -0.277966 -0.007751
v 0.018303 -0.276755 -0.007383
v 0.020562 -0.267782 -0.009010
v 0.020534 -0.268117 -0.008626
v 0.020389 -0.270828 -0.007639
v 0.019547 -0.273741 -0.014598
v 0.018296 -0.273689 -0.014559
v 0.020453 -0.267769 -0.009450
v 0.020036 -0.269055 -0.011435
v 0.004426 -0.273533 -0.014459
v 0.020204 -0.275892 -0.007126
v 0.020238 -0.274343 -0.007023
v 0.019629 -0.271485 -0.013665
v -0.009451 -0.276645 -0.007383
v -0.011676 -0.268079 -0.008626
v -0.011704 -0.267746 -0.009010
v -0.011533 -0.270779 -0.007639
v -0.009444 -0.273583 -0.014559
v -0.010696 -0.273621 -0.014598
v -0.011179 -0.269008 -0.011435
v -0.011595 -0.267731 -0.009450
v -0.011383 -0.274274 -0.007023
v -0.011352 -0.275779 -0.007126
v -0.010774 -0.271418 -0.013665
vn 0.8733 -0.0000 -0.4871
vn -0.0000 -0.0000 -1.0000
vn 0.8706 -0.0030 0.4921
vn 0.8705 -0.0051 0.4921
vn 0.8710 -0.0114 0.4912
vn 0.8708 -0.0156 0.4914
vn -0.0000 -0.0122 0.9999
vn -0.0000 -0.0000 1.0000
vn 0.8733 -0.0022 -0.4871
vn 0.8803 -0.0206 0.4739
vn 0.8800 -0.0267 0.4742
vn 0.8105 0.1935 -0.5529
vn 0.8084 0.2097 -0.5500
vn 0.7571 0.3081 -0.5761
vn 0.7602 0.2902 -0.5812
vn -0.0000 -0.0045 -1.0000
vn 0.8705 -0.0009 0.4921
vn 0.8733 -0.0000 0.4871
vn 0.8813 -0.0234 0.4720
vn 0.8815 -0.0293 0.4713
vn 0.8624 -0.0360 0.5049
vn 0.8617 -0.0217 0.5070
vn -0.0000 -0.0078 -1.0000
vn -0.0000 0.0117 -0.9999
vn 0.8708 -0.0199 0.4913
vn -0.0000 -0.0443 0.9990
vn -0.0000 -0.1004 0.9949
vn -0.0000 -0.2269 0.9739
vn -0.0000 -0.2646 0.9644
vn -0.0001 -0.2645 0.9644
vn 0.8723 0.0147 -0.4887
vn 0.8724 0.0134 -0.4886
vn 0.8724 0.0160 -0.4886
vn -0.0000 -0.1691 0.9856
vn -0.0000 0.0626 -0.9980
vn -0.0000 0.1186 -0.9929
vn 0.8661 0.0606 -0.4962
vn 0.8663 0.0550 -0.4965
vn 0.8799 -0.0327 0.4740
vn 0.0001 0.1523 -0.9883
vn 0.8468 0.1192 -0.5185
vn 0.8470 0.1064 -0.5208
vn 0.8813 -0.0350 0.4712
vn 0.8620 -0.0502 0.5044
vn 0.8113 0.1770 -0.5573
vn -0.0036 0.1820 -0.9833
vn 0.0003 0.1824 -0.9832
vn 0.8301 -0.0301 0.5568
vn 0.8290 -0.0164 0.5590
vn -0.0001 -0.2848 0.9586
vn 0.0001 -0.2851 0.9585
vn -0.0005 -0.3106 0.9506
vn 0.0039 -0.3103 0.9506
vn 0.9958 0.0321 -0.0855
vn 0.9958 0.0311 -0.0863
vn 0.9956 0.0285 -0.0890
vn 0.9950 0.0268 -0.0964
vn -0.0012 -0.3284 0.9446
vn -0.0016 -0.3285 0.9445
vn 0.0104 -0.3256 0.9455
vn 0.0105 -0.3265 0.9451
vn 0.5064 -0.0000 -0.8623
vn 0.9341 0.3516 0.0615
vn 0.9467 0.3213 0.0229
vn 0.7942 0.1164 0.5964
vn 0.8397 0.2258 0.4939
vn 0.6512 0.3716 -0.6617
vn 0.7616 0.2720 -0.5881
vn 0.7110 0.4027 -0.5765
vn 0.8457 0.1318 -0.5171
vn 0.8660 0.0660 -0.4957
vn 0.8000 0.0072 0.5999
vn 0.7992 0.0153 0.6009
vn 0.7656 0.0909 0.6368
vn 0.8007 -0.0008 0.5991
vn 0.7318 0.0452 0.6800
vn 0.8301 -0.0441 0.5559
vn 1.0000 -0.0001 0.0029
vn 1.0000 -0.0000 -0.0000
vn 0.5058 -0.0039 -0.8627
vn 0.5022 -0.0104 0.8647
vn 0.5064 -0.0000 0.8623
vn 0.9270 0.2830 -0.2461
vn 0.9727 0.2314 0.0143
vn 0.9959 0.0234 -0.0871
vn -0.0000 -0.0093 -1.0000
vn -0.0000 -0.0381 -0.9993
vn -0.0000 -0.0380 -0.9993
vn -0.0000 -0.0095 -1.0000
vn 0.5013 0.0028 -0.8653
vn 0.4982 -0.0318 0.8665
vn 0.9999 -0.0139 0.0084
vn 0.5060 -0.0697 0.8597
vn 0.9999 -0.0110 -0.0045
vn 0.5073 -0.1213 0.8532
vn 0.4918 -0.1642 0.8551
vn 0.9976 0.0686 0.0062
vn 0.9996 0.0260 -0.0056
vn 0.9922 0.1234 0.0160
vn 0.4997 0.0372 -0.8654
vn 0.4871 0.0943 -0.8682
vn 0.4523 0.1619 -0.8770
vn 0.4621 -0.1826 0.8678
vn 0.4124 0.2276 -0.8821
vn 0.4398 -0.1704 0.8818
vn 0.9771 0.2111 0.0276
vn 0.7418 0.4029 -0.5361
vn 0.3870 -0.1680 0.9067
vn 0.7435 0.1514 0.6513
vn 0.3284 0.2834 -0.9010
vn 0.1757 0.2783 -0.9443
vn 0.6670 0.1688 -0.7257
vn -0.0137 0.1981 -0.9801
vn -0.0112 0.2005 -0.9796
vn 0.8077 0.4361 -0.3968
vn 0.8932 0.2644 -0.3637
vn 0.7116 0.4584 -0.5324
vn 0.0007 0.2004 -0.9797
vn 0.0007 0.2018 -0.9794
vn 0.9508 0.1444 0.2740
vn 0.6498 0.0494 0.7585
vn 0.2713 -0.2049 0.9404
vn 0.7480 -0.1945 0.6345
vn 0.8839 -0.0155 0.4673
vn 0.9951 0.0332 -0.0930
vn 0.9945 0.0333 -0.0992
vn 0.5624 0.4181 -0.7134
vn 0.7978 0.2350 -0.5553
vn -0.0037 -0.4497 0.8932
vn 0.0018 -0.4450 0.8955
vn 0.7154 -0.3191 0.6217
vn 0.9953 0.0321 -0.0913
vn 0.9953 0.0324 -0.0915
vn 0.9973 -0.0569 -0.0462
vn 0.9833 -0.1820 -0.0085
vn 0.9947 0.0365 -0.0958
vn 0.6641 0.1447 -0.7335
vn -0.0079 0.1829 -0.9831
vn 0.9951 0.0342 -0.0932
vn 0.9954 0.0321 -0.0905
vn 0.9953 0.0321 -0.0911
vn 0.0011 0.1860 -0.9825
vn 0.9953 0.0321 -0.0912
vn 0.9954 0.0327 -0.0899
vn 0.9957 0.0320 -0.0868
vn 0.9953 0.0320 -0.0910
vn -0.0112 -0.7045 0.7096
vn -0.0122 -0.6937 0.7202
vn 0.6245 -0.5940 0.5072
vn 0.6297 0.0823 -0.7725
vn -0.0152 0.1073 -0.9941
vn 0.0012 0.1055 -0.9944
vn 0.9913 0.0256 -0.1291
vn 0.9578 -0.0187 -0.2868
vn 0.4609 -0.0937 -0.8825
vn -0.0126 -0.0535 -0.9985
vn -0.0186 -0.8514 0.5241
vn 0.4150 -0.8191 0.3960
vn -0.0010 -0.0363 -0.9993
vn -0.0194 -0.8531 0.5215
vn 0.9963 0.0222 -0.0832
vn 0.9965 0.0272 -0.0791
vn 0.9351 0.0770 0.3458
vn 0.9942 0.0304 -0.1030
vn 0.9947 0.0358 -0.0968
vn 0.8662 -0.4358 -0.2446
vn 0.2535 -0.8707 -0.4213
vn -0.0200 -0.8841 -0.4669
vn -0.0224 -0.8855 -0.4640
vn 0.5093 -0.0328 -0.8600
vn 0.5064 -0.0080 -0.8622
vn 0.8732 0.0041 0.4873
vn 0.8729 0.0212 0.4875
vn 0.8729 0.0216 0.4875
vn 0.8733 0.0045 0.4872
vn 1.0000 0.0002 0.0089
vn 0.8728 0.0200 0.4876
vn 0.8733 0.0049 0.4871
vn -0.0000 0.0096 1.0000
vn -0.0000 0.0447 0.9990
vn -0.0000 0.0446 0.9990
vn 0.5018 0.0389 0.8641
vn 0.5062 0.0080 0.8624
vn 0.8728 -0.0190 -0.4877
vn 0.8733 -0.0043 -0.4872
vn 0.8733 -0.0045 -0.4872
vn 0.8728 -0.0192 -0.4877
vn 0.8728 -0.0195 -0.4876
vn 0.8733 -0.0046 -0.4872
vn 0.8733 -0.0002 -0.4871
vn 1.0000 -0.0000 0.0002
vn 0.8733 -0.0001 -0.4871
vn 0.8733 -0.0001 0.4871
vn 0.5064 -0.0001 -0.8623
vn 0.5064 0.0002 0.8623
vn 0.8725 0.0614 0.4848
vn 0.8725 0.0605 0.4849
vn 0.8731 0.1180 0.4730
vn 0.8731 0.1185 0.4729
vn 0.5129 -0.0971 -0.8529
vn -0.0000 -0.1137 -0.9935
vn -0.0000 -0.2369 -0.9715
vn 0.5167 -0.2019 -0.8321
vn 0.9999 0.0008 0.0161
vn 0.8724 -0.0585 -0.4853
vn 0.8731 -0.1170 -0.4734
vn 0.9998 0.0035 0.0216
vn 0.8723 -0.0562 -0.4857
vn 0.8730 -0.1158 -0.4738
vn 0.8724 -0.0574 -0.4855
vn 0.8730 -0.1164 -0.4735
vn 0.8724 0.0595 0.4851
vn 0.8731 0.1175 0.4732
vn -0.0000 0.1265 0.9920
vn 0.4985 0.1102 0.8599
vn 0.4970 0.2121 0.8414
vn -0.0000 0.2435 0.9699
vn -0.0000 0.3230 0.9464
vn 0.5042 0.2789 0.8173
vn 0.5152 0.2369 0.8237
vn -0.0000 0.2770 0.9609
vn 0.8732 -0.1574 -0.4613
vn 0.8728 -0.1337 -0.4694
vn 0.8728 -0.1340 -0.4693
vn 0.8732 0.1574 0.4612
vn 1.0000 0.0016 0.0046
vn 0.9998 -0.0047 -0.0201
vn 0.8729 0.1342 0.4691
vn 0.8733 0.1573 0.4611
vn 0.8729 0.1349 0.4688
vn 0.8733 0.1574 0.4611
vn 0.8729 0.1345 0.4690
vn 0.5085 -0.2781 -0.8149
vn -0.0000 -0.3230 -0.9464
vn -0.0000 -0.2736 -0.9618
vn 0.4966 -0.2379 -0.8347
vn 0.8731 -0.1574 -0.4614
vn 0.8728 -0.1335 -0.4694
vn 0.8721 -0.0612 -0.4855
vn 0.4938 -0.1076 -0.8629
vn 0.4919 0.0534 -0.8690
vn 0.8722 0.0283 -0.4882
vn 0.8721 -0.0624 -0.4854
vn 0.8721 0.0256 -0.4887
vn 0.8720 0.0670 0.4850
vn 0.8720 0.0651 0.4851
vn 0.8717 -0.0190 0.4896
vn 0.8714 -0.0140 0.4904
vn -0.0000 0.1438 0.9896
vn 0.5156 0.1236 0.8479
vn 0.5158 -0.0065 0.8567
vn -0.0000 -0.0089 1.0000
vn 0.8720 -0.0637 -0.4853
vn 0.8719 0.0225 -0.4891
vn 0.9997 -0.0041 -0.0247
vn 0.9996 -0.0011 -0.0293
vn 0.8719 0.0692 0.4848
vn 0.8710 -0.0078 0.4912
vn -0.0000 -0.1242 -0.9923
vn -0.0000 0.0601 -0.9982
vn 0.5264 -0.1939 0.8278
vn 0.8723 -0.1185 0.4744
vn 0.8711 -0.2331 0.4322
vn 0.5194 -0.3943 0.7582
vn 0.8730 -0.1277 0.4708
vn 0.8718 -0.2421 0.4259
vn 0.4867 0.2712 -0.8304
vn -0.0000 0.3085 -0.9512
vn -0.0000 0.5391 -0.8422
vn 0.4921 0.4704 -0.7325
vn 0.9989 0.0089 -0.0459
vn 0.8737 0.1400 -0.4659
vn 0.8725 0.2539 -0.4175
vn 0.9995 0.0139 -0.0291
vn 0.8741 0.1483 -0.4626
vn 0.8728 0.2617 -0.4119
vn 0.8739 0.1445 -0.4641
vn 0.8727 0.2582 -0.4144
vn 0.8734 -0.1350 0.4679
vn 0.8722 -0.2491 0.4209
vn -0.0000 -0.2314 0.9729
vn -0.0000 -0.4634 0.8861
vn -0.0000 -0.6524 0.7579
vn 0.5227 -0.5543 0.6477
vn 0.5248 -0.7021 0.4813
vn -0.0000 -0.8259 0.5638
vn 0.8728 0.3395 -0.3508
vn 0.8730 0.3427 -0.3471
vn 0.8723 0.4181 -0.2535
vn 0.8722 0.4162 -0.2571
vn 0.8725 -0.3359 0.3548
vn 0.9993 0.0234 -0.0292
vn 0.9992 0.0327 -0.0231
vn 0.8720 -0.4141 0.2609
vn -0.0000 -0.6523 0.7579
vn 0.8716 -0.3241 0.3679
vn 0.8715 -0.4076 0.2728
vn 0.8721 -0.3308 0.3606
vn 0.8718 -0.4112 0.2662
vn 0.4903 0.6202 -0.6123
vn -0.0000 0.7106 -0.7036
vn -0.0000 0.8599 -0.5105
vn 0.4887 0.7507 -0.4446
vn 0.8731 0.3453 -0.3441
vn 0.8724 0.4197 -0.2504
vn -0.0000 0.9543 -0.2989
vn 0.4916 0.8317 -0.2582
vn 0.8726 0.4658 -0.1468
vn 0.8726 0.4653 -0.1483
vn 0.8727 -0.4641 0.1519
vn 0.8727 -0.4633 0.1542
vn 0.5250 -0.8040 0.2791
vn -0.0000 -0.9461 0.3239
vn 0.8727 0.4647 -0.1501
vn 0.9993 0.0329 -0.0164
vn 0.8727 -0.4624 0.1571
vn 0.8734 -0.4819 0.0696
vn 0.5143 -0.8489 0.1224
vn 0.8734 -0.4819 0.0698
vn -0.0000 0.9896 -0.1441
vn 0.4992 0.8574 -0.1250
vn 0.8734 0.4819 -0.0699
vn 0.9999 0.0165 -0.0021
vn 0.8734 0.4819 -0.0701
vn 0.8734 0.4819 -0.0700
vn 0.8735 -0.4819 0.0699
vn -0.0000 -0.9897 0.1428
vn -0.0000 -0.9898 0.1427
vn 0.8732 -0.4858 0.0382
vn 0.8732 -0.4858 0.0381
vn 0.5080 -0.8588 0.0669
vn 0.0001 -0.9970 0.0776
vn 0.8731 0.4855 -0.0446
vn 0.8761 0.4804 -0.0410
vn 1.0000 0.0038 -0.0002
vn 0.8732 -0.4858 0.0380
vn -0.0023 0.9980 -0.0632
vn 0.4780 0.8765 -0.0578
vn -0.0001 0.9980 -0.0625
vn 0.8566 0.5144 -0.0411
vn -0.8705 -0.0051 0.4921
vn -0.8733 -0.0000 0.4871
vn -0.8706 -0.0030 0.4921
vn 0.8733 -0.4860 0.0324
vn 1.0000 0.0001 0.0002
vn 0.9950 -0.0285 -0.0957
vn 0.8744 -0.4850 -0.0163
vn 0.0002 -0.9978 0.0661
vn 0.0001 -0.9978 0.0661
vn 0.0077 -0.9895 0.1441
vn 0.0006 -0.9895 0.1448
vn 0.5065 -0.8603 0.0571
vn 0.8325 -0.5536 0.0224
vn 0.4339 -0.8938 0.1131
vn 0.8704 -0.4922 -0.0096
vn 0.3900 0.9200 -0.0381
vn -0.0091 0.9994 -0.0347
vn -0.0164 0.9996 -0.0235
vn 0.2005 0.9789 -0.0389
vn 0.8845 0.4651 -0.0371
vn 0.8896 0.4292 -0.1560
vn -0.0002 0.9994 -0.0333
vn -0.0006 0.9997 -0.0225
vn 0.7889 0.6132 -0.0410
vn 0.6119 0.7833 -0.1100
vn 0.8728 0.4861 -0.0448
vn 0.8638 0.4749 -0.1684
vn 0.0129 -0.9889 0.1479
vn 0.8511 -0.5212 -0.0631
vn 0.7312 -0.6810 0.0398
vn -0.0170 0.9998 -0.0050
vn -0.0194 0.9998 -0.0044
vn -0.0014 0.9999 -0.0153
vn 0.0413 0.9987 -0.0297
vn -0.0183 0.9998 -0.0093
vn 0.8606 0.3771 -0.3424
vn 0.9617 -0.0414 -0.2709
vn 0.3893 0.8960 -0.2134
vn 0.4668 0.8606 -0.2035
vn 0.8186 0.4611 -0.3424
vn 0.8345 -0.5239 -0.1707
vn 0.8097 -0.5784 -0.0992
vn 0.8614 -0.4963 -0.1080
vn -0.0031 1.0000 -0.0058
vn -0.0016 1.0000 -0.0093
vn 0.9300 -0.0616 -0.3623
vn 0.6158 -0.7851 0.0662
vn 0.2230 -0.9446 0.2408
vn 0.3268 -0.9248 0.1948
vn 0.9051 -0.0579 -0.4213
vn 0.9395 -0.0629 -0.3368
vn 0.9020 -0.3260 -0.2832
vn 0.8150 -0.4970 -0.2980
vn 0.1072 -0.9463 0.3050
vn 0.3226 -0.9302 0.1751
vn 0.1851 -0.8962 0.4033
vn 0.1225 -0.8980 0.4227
vn 0.1565 -0.9630 0.2196
vn 0.4027 -0.9145 0.0399
vn 0.8500 -0.5133 -0.1186
vn 0.4925 -0.8702 -0.0149
vn 0.8642 -0.4629 -0.1972
vn 0.7414 -0.6403 -0.2008
vn 0.8112 0.3225 -0.4877
vn 0.9285 0.1205 -0.3513
vn -0.0207 0.9998 -0.0054
vn -0.0160 0.9998 -0.0120
vn -0.0281 0.9996 -0.0090
vn -0.0451 0.9988 0.0191
vn 0.7305 0.6724 -0.1192
vn -0.0147 0.9997 -0.0201
vn -0.0116 0.9999 -0.0107
vn 0.7446 0.6579 -0.1132
vn 0.9867 -0.1055 -0.1235
vn 0.9867 -0.1054 -0.1237
vn 0.9865 -0.1074 -0.1234
vn 0.9866 -0.1070 -0.1232
vn 0.9913 -0.0673 -0.1130
vn 0.9887 -0.0829 -0.1250
vn 0.9889 -0.0895 -0.1189
vn 0.9898 -0.0876 -0.1120
vn 0.9866 -0.1081 -0.1222
vn 0.9865 -0.1080 -0.1233
vn 0.8278 0.4728 -0.3021
vn 0.6824 0.6039 -0.4119
vn 0.9870 -0.1037 -0.1225
vn 0.9872 -0.1031 -0.1217
vn 0.9864 -0.1081 -0.1237
vn 0.7337 0.6561 -0.1766
vn 0.7304 0.6752 -0.1035
vn 0.9863 -0.1074 -0.1249
vn 0.9857 -0.1104 -0.1275
vn 0.9849 -0.1169 -0.1275
vn 0.7288 -0.6516 0.2104
vn 0.7444 -0.6441 0.1760
vn 0.7971 -0.6038 0.0107
vn 0.9863 -0.1085 -0.1240
vn 0.9848 -0.1062 -0.1372
vn 0.9852 -0.1079 -0.1332
vn 0.9859 -0.1079 -0.1276
vn 0.9858 -0.1202 -0.1170
vn 0.7333 -0.6420 0.2238
vn 0.2131 -0.9493 0.2310
vn 0.2060 -0.9540 0.2177
vn 0.0937 -0.9553 0.2804
vn 0.0838 -0.9552 0.2839
vn 0.1290 -0.8821 0.4530
vn 0.1540 -0.8780 0.4532
vn 0.1229 -0.8853 0.4486
vn 0.1298 -0.8813 0.4544
vn -0.0183 0.9998 -0.0117
vn -0.4708 -0.8185 0.3291
vn 0.1209 -0.8969 0.4254
vn 0.1254 -0.8734 0.4706
vn -0.5360 -0.7658 0.3552
vn 0.0958 -0.9447 0.3137
vn 0.0914 -0.9602 0.2639
vn -0.4569 -0.8545 0.2470
vn 0.0991 -0.9421 0.3202
vn 0.0917 -0.8740 0.4771
vn 0.1244 -0.8783 0.4616
vn 0.9854 -0.1109 -0.1290
vn 0.0498 0.9953 -0.0833
vn -0.7745 0.6311 0.0423
vn -0.7894 0.6074 0.0889
vn 0.0030 0.8332 0.5530
vn -0.3649 0.7906 0.4918
vn 0.9844 -0.1137 -0.1346
vn 0.9845 -0.1116 -0.1356
vn 0.9868 -0.1221 -0.1065
vn 0.7624 -0.5969 0.2501
vn -0.0278 0.1373 0.9901
vn -0.0220 0.9810 0.1928
vn -0.0476 0.9857 0.1614
vn -0.1253 0.2586 0.9578
vn 0.1280 0.0882 0.9878
vn -0.0179 0.9802 0.1973
vn -0.0176 0.9832 0.1816
vn -0.0229 0.9987 0.0451
vn -0.0332 0.9979 0.0564
vn 0.8247 0.3552 -0.4402
vn -0.0140 0.9998 -0.0127
vn 0.2973 0.9377 -0.1796
vn 0.5560 -0.8310 0.0137
vn 0.7642 0.5029 -0.4038
vn -0.0205 0.9997 -0.0097
vn -0.5460 0.7686 0.3335
vn -0.6983 0.6927 0.1803
vn 0.7309 0.6799 -0.0595
vn -0.0495 0.9967 0.0646
vn -0.0301 0.9995 0.0110
vn -0.7869 0.5962 0.1592
vn 0.3167 0.1179 0.9412
vn 0.7383 0.6713 0.0655
vn 0.7322 0.2108 0.6476
vn -0.0166 0.9998 -0.0132
vn 0.1662 0.9756 -0.1434
vn -0.0174 0.9998 -0.0134
vn -0.3976 -0.8512 0.3426
vn 0.0822 -0.9559 0.2820
vn 0.0910 -0.9602 0.2641
vn -0.4659 -0.8633 0.1942
vn 0.0424 -0.9602 0.2761
vn -0.2835 -0.7188 0.6348
vn 0.0079 -0.7619 0.6477
vn 0.0035 -0.9631 0.2693
vn -0.4145 -0.7179 0.5593
vn 0.0635 -0.9557 0.2873
vn 0.1174 -0.8990 0.4220
vn 0.0688 -0.8454 0.5296
vn -0.5697 -0.6903 0.4460
vn 0.0656 -0.9586 0.2770
vn -0.0266 -0.7751 0.6313
vn -0.5962 -0.5616 0.5737
vn 0.2156 -0.8591 0.4641
vn 0.1103 -0.8850 0.4523
vn 0.0287 -0.8516 0.5234
vn -0.7676 0.5696 0.2937
vn -0.4912 0.2937 0.8201
vn 0.0269 -0.9694 0.2440
vn 0.0019 -0.9709 0.2393
vn 0.0396 -0.9674 0.2501
vn 0.0001 -0.9969 0.0784
vn -0.9473 -0.3110 0.0772
vn -0.9208 -0.3813 0.0827
vn -0.9541 -0.2840 0.0947
vn -0.9526 -0.2892 0.0941
vn -0.9646 -0.2329 0.1235
vn -0.9335 -0.3555 0.0471
vn -0.9060 -0.4190 0.0600
vn -0.9268 -0.3734 0.0409
vn -0.9013 -0.4304 0.0487
vn -0.9244 -0.2442 0.2930
vn -0.8985 -0.3027 0.3179
vn -0.8031 -0.0686 0.5919
vn -0.7782 -0.1242 0.6156
vn -0.5983 -0.0323 0.8006
vn -0.5877 -0.0949 0.8035
vn 0.0124 -0.0237 0.9996
vn 0.0113 -0.0931 0.9956
vn -0.9689 -0.2259 0.1014
vn 0.0134 0.0422 0.9990
vn -0.5909 0.0323 0.8061
vn -0.8323 -0.0168 0.5540
vn -0.9497 -0.1815 0.2554
vn -0.7856 0.6181 0.0257
vn -0.9554 -0.2918 0.0458
vn -0.7760 0.6304 0.0215
vn -0.9630 -0.2654 0.0466
vn -0.9686 -0.2370 0.0745
vn -0.9579 -0.2130 0.1924
vn -0.0362 0.9961 0.0808
vn -0.0185 0.9997 -0.0154
vn -0.0158 0.9998 -0.0151
vn -0.8733 -0.0000 -0.4871
vn -0.8708 -0.0156 0.4914
vn -0.8710 -0.0114 0.4912
vn -0.8733 -0.0022 -0.4871
vn -0.8800 -0.0267 0.4742
vn -0.8803 -0.0206 0.4739
vn -0.8105 0.1936 -0.5528
vn -0.7601 0.2907 -0.5811
vn -0.7570 0.3085 -0.5760
vn -0.8084 0.2098 -0.5500
vn -0.8705 -0.0009 0.4921
vn -0.8813 -0.0233 0.4720
vn -0.8617 -0.0217 0.5070
vn -0.8624 -0.0360 0.5049
vn -0.8815 -0.0293 0.4713
vn -0.8708 -0.0199 0.4913
vn -0.8724 0.0134 -0.4886
vn -0.8723 0.0147 -0.4887
vn -0.8724 0.0160 -0.4886
vn -0.8663 0.0551 -0.4965
vn -0.8661 0.0606 -0.4962
vn -0.8799 -0.0327 0.4740
vn 0.0001 0.1524 -0.9883
vn -0.8470 0.1064 -0.5208
vn -0.8467 0.1193 -0.5185
vn -0.8620 -0.0502 0.5044
vn -0.8813 -0.0350 0.4712
vn -0.8112 0.1771 -0.5573
vn 0.0045 0.1825 -0.9832
vn -0.8290 -0.0164 0.5590
vn -0.8301 -0.0301 0.5568
vn -0.0005 -0.2852 0.9585
vn -0.0051 -0.3110 0.9504
vn -0.9958 0.0337 -0.0848
vn -0.9951 0.0281 -0.0947
vn -0.9956 0.0304 -0.0882
vn -0.9958 0.0326 -0.0859
vn -0.0123 -0.3278 0.9447
vn -0.0137 -0.3271 0.9449
vn -0.5064 -0.0000 -0.8623
vn -0.9336 0.3529 0.0620
vn -0.8395 0.2269 0.4937
vn -0.7941 0.1170 0.5964
vn -0.9463 0.3224 0.0234
vn -0.6529 0.3736 -0.6589
vn -0.7109 0.4041 -0.5757
vn -0.7616 0.2725 -0.5880
vn -0.8457 0.1319 -0.5171
vn -0.8660 0.0660 -0.4957
vn -0.7992 0.0154 0.6009
vn -0.8000 0.0073 0.5999
vn -0.7656 0.0914 0.6368
vn -0.8007 -0.0007 0.5991
vn -0.7321 0.0458 0.6797
vn -0.8301 -0.0441 0.5559
vn -1.0000 -0.0001 0.0029
vn -1.0000 -0.0000 -0.0000
vn -0.5058 -0.0039 -0.8627
vn -0.5064 -0.0000 0.8623
vn -0.5022 -0.0104 0.8647
vn -0.9267 0.2850 -0.2450
vn -0.9959 0.0252 -0.0873
vn -0.9724 0.2328 0.0146
vn -0.0000 -0.0094 -1.0000
vn -0.5013 0.0028 -0.8653
vn -0.4982 -0.0318 0.8665
vn -0.9999 -0.0139 0.0084
vn -0.5060 -0.0697 0.8597
vn -0.9999 -0.0110 -0.0045
vn -0.4918 -0.1642 0.8551
vn -0.5073 -0.1213 0.8532
vn -0.9996 0.0260 -0.0056
vn -0.9976 0.0686 0.0062
vn -0.9922 0.1235 0.0160
vn -0.4997 0.0372 -0.8654
vn -0.4871 0.0943 -0.8682
vn -0.4523 0.1620 -0.8771
vn -0.4622 -0.1826 0.8678
vn -0.4121 0.2279 -0.8822
vn -0.4400 -0.1704 0.8817
vn -0.9770 0.2114 0.0277
vn -0.7416 0.4041 -0.5354
vn -0.3876 -0.1685 0.9063
vn -0.7434 0.1523 0.6512
vn -0.3294 0.2851 -0.9001
vn -0.1802 0.2821 -0.9423
vn 0.0128 0.2011 -0.9795
vn 0.0160 0.1980 -0.9801
vn -0.6632 0.1704 -0.7288
vn -0.8075 0.4377 -0.3955
vn -0.7115 0.4603 -0.5309
vn -0.8928 0.2666 -0.3630
vn -0.9504 0.1461 0.2747
vn -0.6502 0.0503 0.7581
vn -0.8812 -0.0151 0.4725
vn -0.7470 -0.1949 0.6356
vn -0.2713 -0.2063 0.9401
vn -0.9950 0.0354 -0.0935
vn -0.9955 0.0339 -0.0889
vn -0.7994 0.2394 -0.5510
vn -0.5660 0.4213 -0.7086
vn -0.0141 -0.4530 0.8914
vn -0.9950 0.0331 -0.0942
vn -0.7200 -0.3232 0.6141
vn -0.9952 0.0373 -0.0900
vn -0.9943 0.0577 -0.0892
vn -0.9826 -0.1834 -0.0285
vn -0.9961 -0.0723 -0.0506
vn 0.0128 0.1860 -0.9825
vn -0.6617 0.1481 -0.7350
vn -0.9949 0.0357 -0.0949
vn -0.9952 0.0305 -0.0933
vn -0.9952 0.0312 -0.0931
vn -0.9953 0.0331 -0.0907
vn -0.9951 0.0314 -0.0941
vn -0.9955 0.0337 -0.0881
vn -0.9953 0.0312 -0.0914
vn -0.9953 0.0334 -0.0907
vn -0.0314 -0.7324 0.6802
vn -0.6460 -0.6165 0.4502
vn 0.0223 0.1127 -0.9934
vn -0.6325 0.0991 -0.7682
vn -0.9907 0.0401 -0.1304
vn -0.4694 -0.0774 -0.8796
vn -0.9546 -0.0115 -0.2975
vn 0.0014 -0.0573 -0.9984
vn -0.4706 -0.8270 0.3076
vn -0.0754 -0.8827 0.4639
vn -0.9962 0.0309 -0.0819
vn -0.9962 0.0241 -0.0843
vn -0.9945 0.0315 -0.1001
vn -0.9343 0.0782 0.3479
vn -0.9947 0.0374 -0.0962
vn -0.8600 -0.4382 -0.2617
vn -0.3565 -0.8026 -0.4783
vn -0.0994 -0.8809 -0.4628
vn -0.5064 -0.0082 -0.8623
vn -0.5093 -0.0328 -0.8600
vn -0.8732 0.0041 0.4873
vn -0.8729 0.0216 0.4875
vn -0.8729 0.0210 0.4875
vn -0.8733 0.0047 0.4871
vn -0.8728 0.0204 0.4876
vn -1.0000 0.0002 0.0089
vn -0.5063 0.0081 0.8623
vn -0.5018 0.0386 0.8641
vn -0.8733 -0.0045 -0.4872
vn -0.8728 -0.0190 -0.4877
vn -0.8732 -0.0040 -0.4873
vn -0.8728 -0.0195 -0.4876
vn -0.8728 -0.0196 -0.4877
vn -0.8733 -0.0001 -0.4871
vn -0.8733 0.0001 -0.4871
vn -0.8733 0.0001 0.4871
vn -0.8733 -0.0001 0.4871
vn -0.5064 0.0001 0.8623
vn -0.8725 0.0614 0.4848
vn -0.8731 0.1185 0.4729
vn -0.8731 0.1180 0.4730
vn -0.8725 0.0605 0.4849
vn -0.5129 -0.0971 -0.8529
vn -0.5166 -0.2019 -0.8321
vn -0.9999 0.0008 0.0161
vn -0.9998 0.0035 0.0216
vn -0.8731 -0.1170 -0.4734
vn -0.8724 -0.0585 -0.4853
vn -0.8723 -0.0562 -0.4857
vn -0.8730 -0.1158 -0.4738
vn -0.8724 -0.0574 -0.4855
vn -0.8730 -0.1164 -0.4735
vn -0.8731 0.1175 0.4732
vn -0.8724 0.0595 0.4851
vn -0.4970 0.2121 0.8414
vn -0.4985 0.1102 0.8599
vn -0.5152 0.2369 0.8237
vn -0.5042 0.2789 0.8173
vn -0.8732 -0.1574 -0.4613
vn -0.8728 -0.1340 -0.4693
vn -0.8728 -0.1337 -0.4694
vn -0.8732 0.1574 0.4612
vn -0.8729 0.1342 0.4691
vn -0.9998 -0.0047 -0.0201
vn -1.0000 0.0016 0.0046
vn -0.8729 0.1349 0.4688
vn -0.8733 0.1573 0.4611
vn -0.8729 0.1345 0.4690
vn -0.8733 0.1574 0.4611
vn -0.5085 -0.2781 -0.8149
vn -0.4966 -0.2380 -0.8347
vn -0.8731 -0.1575 -0.4614
vn -0.8728 -0.1335 -0.4695
vn -0.8721 -0.0612 -0.4855
vn -0.8722 0.0283 -0.4883
vn -0.4919 0.0534 -0.8690
vn -0.4938 -0.1076 -0.8629
vn -0.8721 -0.0624 -0.4854
vn -0.8721 0.0256 -0.4887
vn -0.8720 0.0670 0.4850
vn -0.8714 -0.0140 0.4904
vn -0.8717 -0.0190 0.4896
vn -0.8720 0.0651 0.4851
vn -0.5158 -0.0065 0.8567
vn -0.5156 0.1236 0.8479
vn -0.8720 -0.0637 -0.4853
vn -0.8719 0.0225 -0.4891
vn -0.9996 -0.0011 -0.0293
vn -0.9997 -0.0041 -0.0247
vn -0.8710 -0.0078 0.4912
vn -0.8719 0.0692 0.4848
vn -0.5264 -0.1939 0.8278
vn -0.5194 -0.3943 0.7582
vn -0.8712 -0.2331 0.4321
vn -0.8723 -0.1185 0.4744
vn -0.8718 -0.2421 0.4259
vn -0.8730 -0.1277 0.4708
vn -0.4867 0.2712 -0.8304
vn -0.4921 0.4704 -0.7325
vn -0.9989 0.0089 -0.0459
vn -0.9995 0.0139 -0.0291
vn -0.8725 0.2539 -0.4175
vn -0.8737 0.1400 -0.4659
vn -0.8741 0.1483 -0.4626
vn -0.8728 0.2617 -0.4119
vn -0.8739 0.1445 -0.4641
vn -0.8727 0.2582 -0.4144
vn -0.8722 -0.2491 0.4209
vn -0.8734 -0.1350 0.4679
vn -0.5248 -0.7021 0.4813
vn -0.5227 -0.5543 0.6477
vn -0.8728 0.3395 -0.3508
vn -0.8722 0.4162 -0.2571
vn -0.8723 0.4181 -0.2535
vn -0.8730 0.3427 -0.3472
vn -0.8725 -0.3359 0.3547
vn -0.8720 -0.4141 0.2609
vn -0.9992 0.0327 -0.0231
vn -0.9993 0.0234 -0.0292
vn -0.8715 -0.4076 0.2728
vn -0.8716 -0.3241 0.3679
vn -0.8718 -0.4112 0.2662
vn -0.8721 -0.3308 0.3606
vn -0.4903 0.6202 -0.6123
vn -0.4887 0.7507 -0.4446
vn -0.8731 0.3453 -0.3441
vn -0.8724 0.4197 -0.2504
vn -0.8726 0.4658 -0.1469
vn -0.4916 0.8317 -0.2582
vn -0.8726 0.4653 -0.1483
vn -0.8727 -0.4633 0.1542
vn -0.8727 -0.4641 0.1519
vn -0.5250 -0.8040 0.2790
vn -0.8727 0.4647 -0.1501
vn -0.9993 0.0329 -0.0164
vn -0.8727 -0.4624 0.1571
vn -0.5142 -0.8489 0.1223
vn -0.8734 -0.4820 0.0696
vn -0.8734 -0.4819 0.0697
vn -0.4992 0.8574 -0.1250
vn -0.9999 0.0164 -0.0022
vn -0.8734 0.4819 -0.0700
vn -0.8734 0.4819 -0.0702
vn -0.8734 0.4819 -0.0701
vn -0.8734 -0.4819 0.0698
vn -0.8732 -0.4859 0.0378
vn -0.8732 -0.4859 0.0379
vn 0.0001 -0.9970 0.0775
vn -0.5078 -0.8589 0.0667
vn -0.8761 0.4804 -0.0411
vn -0.8731 0.4854 -0.0447
vn -1.0000 0.0038 -0.0005
vn -0.8732 -0.4860 0.0377
vn -0.4781 0.8764 -0.0578
vn 0.0021 0.9980 -0.0631
vn -0.8566 0.5143 -0.0412
vn -0.8733 -0.4862 0.0318
vn -0.8653 -0.4995 -0.0413
vn -0.9943 -0.0094 -0.1066
vn -1.0000 -0.0001 -0.0002
vn -0.0064 -0.9896 0.1436
vn 0.0002 -0.9978 0.0660
vn -0.5061 -0.8606 0.0568
vn -0.4326 -0.8946 0.1121
vn -0.8319 -0.5545 0.0211
vn -0.8732 -0.4863 0.0319
vn -0.8645 -0.5024 -0.0164
vn -0.8733 -0.4862 0.0319
vn -0.3908 0.9197 -0.0381
vn -0.2029 0.9785 -0.0381
vn 0.0149 0.9996 -0.0229
vn 0.0084 0.9994 -0.0345
vn -0.8954 0.4234 -0.1381
vn -0.8845 0.4650 -0.0372
vn -0.7890 0.6130 -0.0412
vn -0.6128 0.7827 -0.1091
vn -0.8728 0.4860 -0.0449
vn -0.8676 0.4699 -0.1628
vn -0.0113 -0.9891 0.1471
vn -0.7283 -0.6843 0.0359
vn -0.8275 -0.5575 -0.0663
vn 0.0096 0.9999 -0.0033
vn 0.0141 0.9999 -0.0074
vn -0.0469 0.9985 -0.0265
vn -0.0133 0.9999 -0.0079
vn 0.0085 1.0000 -0.0002
vn -0.9631 -0.0412 -0.2661
vn -0.8831 0.3592 -0.3017
vn -0.4717 0.8591 -0.1985
vn -0.4083 0.8913 -0.1971
vn -0.8389 0.4374 -0.3239
vn -0.8136 -0.5648 -0.1379
vn -0.8350 -0.5342 -0.1320
vn -0.7779 -0.6230 -0.0820
vn -0.9526 -0.0402 -0.3015
vn -0.6056 -0.7939 0.0548
vn -0.3222 -0.9272 0.1911
vn -0.2080 -0.9509 0.2291
vn -0.9436 -0.0492 -0.3273
vn -0.8145 -0.5492 -0.1871
vn -0.9042 -0.3866 -0.1818
vn -0.9497 -0.0537 -0.3086
vn -0.0685 -0.9430 0.3257
vn -0.0652 -0.8953 0.4406
vn -0.0556 -0.8812 0.4695
vn -0.1437 -0.9582 0.2473
vn -0.3188 -0.9451 0.0719
vn -0.1585 -0.9547 0.2517
vn -0.7693 -0.6296 -0.1084
vn -0.8023 -0.5714 -0.1726
vn -0.5083 -0.8612 0.0006
vn -0.7326 -0.6663 -0.1390
vn -0.8836 0.2798 -0.3755
vn -0.9615 0.0935 -0.2584
vn 0.0305 0.9995 -0.0027
vn 0.0501 0.9985 0.0201
vn 0.0251 0.9996 -0.0092
vn 0.0122 0.9996 -0.0272
vn -0.7326 0.6765 -0.0746
vn -0.7453 0.6649 -0.0498
vn 0.0266 0.9996 -0.0021
vn 0.0351 0.9992 -0.0194
vn -0.9859 -0.0166 -0.1665
vn -0.9889 0.0015 -0.1486
vn -0.9890 -0.1108 -0.0978
vn -0.9878 -0.0781 -0.1344
vn -0.9720 -0.1890 -0.1399
vn -0.9858 -0.1160 -0.1212
vn -0.9891 -0.1035 -0.1049
vn -0.9708 -0.2068 -0.1219
vn -0.9871 -0.1201 -0.1056
vn -0.9896 -0.1023 -0.1014
vn -0.8016 0.5156 -0.3027
vn -0.7959 0.5059 -0.3326
vn -0.9909 -0.0954 -0.0949
vn -0.9907 -0.0966 -0.0958
vn -0.9906 -0.0970 -0.0967
vn -0.7374 0.6320 -0.2382
vn -0.9894 -0.1129 -0.0918
vn -0.7273 0.6759 -0.1191
vn -0.9921 -0.0983 -0.0774
vn -0.6982 -0.6526 0.2944
vn -0.7437 -0.5990 0.2968
vn -0.9933 -0.1010 -0.0564
vn -0.6934 -0.7068 0.1401
vn -0.9900 -0.1038 -0.0954
vn -0.9914 -0.1071 -0.0752
vn -0.9917 -0.1009 -0.0802
vn -0.9914 -0.0983 -0.0868
vn -0.7549 -0.5897 0.2870
vn -0.9919 -0.1178 -0.0483
vn -0.2159 -0.9547 0.2050
vn -0.0575 -0.9620 0.2669
vn -0.0769 -0.9602 0.2684
vn -0.2353 -0.9487 0.2110
vn -0.1222 -0.8466 0.5180
vn -0.1116 -0.8665 0.4865
vn -0.1320 -0.8683 0.4781
vn -0.2023 -0.8502 0.4860
vn 0.0115 0.9983 -0.0576
vn 0.4514 -0.8222 0.3469
vn 0.4762 -0.8114 0.3388
vn -0.1370 -0.8594 0.4927
vn -0.1465 -0.8946 0.4222
vn -0.1045 -0.9533 0.2832
vn -0.1356 -0.9377 0.3199
vn 0.4898 -0.8243 0.2841
vn -0.1179 -0.9409 0.3174
vn -0.1418 -0.8669 0.4779
vn -0.1077 -0.8584 0.5015
vn -0.9919 -0.1006 -0.0779
vn -0.1369 0.9787 -0.1528
vn 0.8551 0.5153 0.0565
vn 0.8100 0.5838 0.0558
vn 0.3672 0.7894 0.4919
vn -0.9928 -0.0991 -0.0671
vn -0.9929 -0.1026 -0.0604
vn -0.8045 -0.5465 0.2327
vn -0.9899 -0.1322 -0.0509
vn 0.0127 0.1497 0.9887
vn 0.1212 0.2637 0.9570
vn 0.0521 0.9842 0.1693
vn 0.0201 0.9798 0.1989
vn -0.1344 0.0969 0.9862
vn 0.0217 0.9787 0.2043
vn 0.0413 0.9975 0.0569
vn 0.0389 0.9980 0.0493
vn 0.0341 0.9796 0.1982
vn -0.8783 0.3065 -0.3669
vn -0.3536 0.9242 -0.1445
vn -0.0155 0.9999 -0.0039
vn -0.5673 -0.8235 0.0073
vn -0.8191 0.4405 -0.3675
vn 0.0042 1.0000 -0.0065
vn 0.5402 0.7671 0.3460
vn 0.6831 0.7002 0.2077
vn -0.7286 0.6849 0.0095
vn 0.0548 0.9966 0.0615
vn 0.0401 0.9991 0.0135
vn 0.8429 0.5253 0.1166
vn -0.3877 0.1134 0.9148
vn -0.7116 0.6987 0.0733
vn -0.7760 0.2590 0.5751
vn -0.0137 0.9993 -0.0357
vn -0.2795 0.9513 -0.1299
vn -0.0210 0.9996 -0.0173
vn 0.4382 -0.8329 0.3380
vn 0.5072 -0.8326 0.2224
vn -0.0826 -0.9620 0.2604
vn -0.0407 -0.9618 0.2709
vn -0.0319 -0.9625 0.2694
vn 0.3020 -0.7187 0.6263
vn 0.4367 -0.7164 0.5441
vn -0.0368 -0.9607 0.2753
vn -0.1449 -0.8965 0.4186
vn 0.5586 -0.7426 0.3695
vn -0.0655 -0.8280 0.5569
vn -0.0535 -0.9624 0.2664
vn 0.5726 -0.5872 0.5721
vn 0.0344 -0.7519 0.6583
vn -0.2919 -0.8347 0.4671
vn -0.1249 -0.8707 0.4757
vn -0.0396 -0.8348 0.5491
vn 0.4699 0.2967 0.8314
vn 0.8019 0.4954 0.3341
vn -0.0225 -0.9699 0.2423
vn -0.0348 -0.9683 0.2473
vn 0.9133 -0.3939 0.1036
vn 0.8846 -0.4624 0.0610
vn 0.8913 -0.4534 0.0107
vn 0.9012 -0.4160 0.1213
vn 0.9142 -0.4036 0.0375
vn 0.9307 -0.3448 0.1221
vn 0.9129 -0.3822 0.1434
vn 0.9335 -0.3454 0.0967
vn 0.9121 -0.3951 0.1090
vn 0.9239 -0.2191 0.3138
vn 0.9015 -0.2783 0.3315
vn 0.8084 -0.0573 0.5859
vn 0.7888 -0.1153 0.6038
vn 0.6134 -0.0275 0.7893
vn 0.6039 -0.0903 0.7919
vn 0.8981 -0.4375 0.0452
vn 0.6042 0.0341 0.7961
vn 0.8300 -0.0096 0.5577
vn 0.9438 -0.1632 0.2875
vn 0.7746 0.6296 0.0600
vn 0.9562 -0.2768 0.0950
vn 0.7756 0.6290 0.0525
vn 0.9517 -0.2912 0.0977
vn 0.9319 -0.3524 0.0858
vn 0.9221 -0.3496 0.1658
vn 0.0346 0.9965 0.0759
vn -0.0024 0.9998 -0.0193
vn -0.0012 0.9997 -0.0223
vn 0.0001 -0.9972 0.0742
vt 0.140182 0.937450
vt 0.126556 0.937458
vt 0.126567 0.776955
vt 0.140203 0.776957
vt 0.109296 0.937465
vt 0.095993 0.937466
vt 0.095989 0.776954
vt 0.109298 0.776954
vt 0.157444 0.937435
vt 0.171061 0.937419
vt 0.170007 0.995532
vt 0.156974 0.995784
vt 0.112923 0.937464
vt 0.112928 0.776954
vt 0.174701 0.937429
vt 0.174750 0.776966
vt 0.188061 0.776970
vt 0.188011 0.937525
vt 0.126626 0.996075
vt 0.112962 0.996087
vt 0.140284 0.996055
vt 0.492780 0.295149
vt 0.479780 0.296943
vt 0.478135 0.256421
vt 0.489951 0.254565
vt 0.538356 0.156544
vt 0.529191 0.156147
vt 0.528010 0.129411
vt 0.536299 0.129515
vt 0.109327 0.996088
vt 0.095995 0.996094
vt 0.143818 0.937447
vt 0.143840 0.776957
vt 0.157477 0.776960
vt 0.498926 0.222770
vt 0.488214 0.224363
vt 0.487103 0.194162
vt 0.496583 0.192936
vt 0.565715 0.245267
vt 0.552456 0.244629
vt 0.552759 0.215998
vt 0.567230 0.216719
vt 0.143929 0.996021
vt 0.476103 0.297315
vt 0.462626 0.298251
vt 0.460271 0.257662
vt 0.474542 0.256818
vt 0.474130 0.195710
vt 0.456727 0.196585
vt 0.454837 0.164016
vt 0.475012 0.162944
vt 0.546872 0.285102
vt 0.533399 0.284449
vt 0.536385 0.244071
vt 0.548840 0.244483
vt 0.519846 0.283849
vt 0.523920 0.243690
vt 0.458501 0.227146
vt 0.474022 0.226300
vt 0.568746 0.188160
vt 0.552234 0.187322
vt 0.551203 0.157158
vt 0.570337 0.158196
vt 0.537809 0.215388
vt 0.549183 0.215836
vt 0.505714 0.293327
vt 0.501820 0.252675
vt 0.548261 0.129807
vt 0.571765 0.131263
vt 0.538474 0.186791
vt 0.548678 0.187165
vt 0.477554 0.225944
vt 0.477643 0.195397
vt 0.547544 0.156966
vt 0.543620 0.109300
vt 0.572818 0.111403
vt 0.487177 0.162043
vt 0.495684 0.161383
vt 0.453239 0.136496
vt 0.477830 0.135097
vt 0.451960 0.114523
vt 0.482256 0.112759
vt 0.977158 0.164713
vt 0.978613 0.165446
vt 0.977706 0.176981
vt 0.976724 0.175757
vt 0.449419 0.071007
vt 0.448856 0.061365
vt 0.493448 0.063182
vt 0.491426 0.072197
vt 0.111114 0.776954
vt 0.111111 0.937464
vt 0.506752 0.097902
vt 0.503369 0.112600
vt 0.501559 0.112580
vt 0.505537 0.096954
vt 0.539944 0.109075
vt 0.544603 0.129642
vt 0.532521 0.108551
vt 0.528300 0.186448
vt 0.563556 0.285927
vt 0.550449 0.285267
vt 0.526463 0.214968
vt 0.489416 0.134407
vt 0.497328 0.133940
vt 0.493730 0.112613
vt 0.481477 0.134890
vt 0.485899 0.112633
vt 0.478648 0.162717
vt 0.186971 0.995746
vt 0.173659 0.995527
vt 0.142001 0.937449
vt 0.142022 0.776957
vt 0.111146 0.996087
vt 0.172887 0.937417
vt 0.172934 0.776965
vt 0.979007 0.178099
vt 0.977683 0.178389
vt 0.979036 0.176306
vt 0.171108 0.776965
vt 0.095983 0.245996
vt 0.095980 0.006985
vt 0.109285 0.006983
vt 0.109298 0.245996
vt 0.550646 0.244553
vt 0.548659 0.285192
vt 0.171840 0.995496
vt 0.142107 0.996053
vt 0.477939 0.297182
vt 0.476338 0.256698
vt 0.503618 0.252392
vt 0.507517 0.293075
vt 0.475790 0.226207
vt 0.475890 0.195633
vt 0.498337 0.192707
vt 0.500695 0.222507
vt 0.518028 0.283768
vt 0.522098 0.243630
vt 0.526532 0.186390
vt 0.527377 0.156071
vt 0.550970 0.215920
vt 0.550456 0.187234
vt 0.497492 0.161240
vt 0.524675 0.214895
vt 0.549375 0.157053
vt 0.476834 0.162865
vt 0.546435 0.129682
vt 0.479656 0.135001
vt 0.499139 0.133835
vt 0.525170 0.108401
vt 0.526193 0.129387
vt 0.523355 0.108334
vt 0.484078 0.112629
vt 0.501622 0.089235
vt 0.541792 0.109144
vt 0.529487 0.071790
vt 0.526756 0.063495
vt 0.530915 0.064047
vt 0.533207 0.072258
vt 0.520296 0.093564
vt 0.519228 0.090276
vt 0.522747 0.083333
vt 0.524520 0.087914
vt 0.575144 0.067459
vt 0.574720 0.075475
vt 0.976363 0.177462
vt 0.498087 0.079111
vt 0.497306 0.074496
vt 0.500240 0.066026
vt 0.500798 0.071668
vt 0.968804 0.156154
vt 0.968382 0.150486
vt 0.969707 0.150667
vt 0.969777 0.155894
vt 0.528463 0.078986
vt 0.525913 0.072302
vt 0.447754 0.042844
vt 0.493718 0.039221
vt 0.972012 0.123263
vt 0.973336 0.123441
vt 0.984828 0.104179
vt 0.982929 0.100229
vt 0.986710 0.096027
vt 0.986226 0.099483
vt 0.527741 0.035871
vt 0.532042 0.036344
vt 0.985157 0.153720
vt 0.979651 0.153296
vt 0.981969 0.128558
vt 0.985980 0.124597
vt 0.576623 0.039908
vt 0.977783 0.123951
vt 0.974492 0.152803
vt 0.498646 0.038712
vt 0.990802 0.152576
vt 0.989468 0.152487
vt 0.989467 0.124712
vt 0.990802 0.124804
vt 0.446213 0.017213
vt 0.491397 0.013410
vt 0.982022 0.099303
vt 0.528591 0.011999
vt 0.533006 0.012448
vt 0.577897 0.016189
vt 0.496484 0.012861
vt 0.989314 0.101081
vt 0.990096 0.100863
vt 0.988641 0.096323
vt 0.989603 0.095580
vt 0.529097 0.006830
vt 0.533323 0.005231
vt 0.490823 0.005678
vt 0.494412 0.005344
vt 0.578291 0.008732
vt 0.987115 0.093389
vt 0.445711 0.009240
vt 0.989326 0.161432
vt 0.984131 0.171963
vt 0.983135 0.170998
vt 0.988239 0.160636
vt 0.972201 0.168395
vt 0.973215 0.167854
vt 0.519010 0.094044
vt 0.518028 0.090880
vt 0.503379 0.084047
vt 0.980495 0.165355
vt 0.987994 0.094674
vt 0.988581 0.092204
vt 0.530706 0.003906
vt 0.533380 0.004125
vt 0.445600 0.007530
vt 0.490769 0.004112
vt 0.578355 0.007521
vt 0.493446 0.003906
vt 0.111100 0.006983
vt 0.111115 0.245996
vt 0.157482 0.245665
vt 0.157396 0.004683
vt 0.171007 0.004007
vt 0.171110 0.245567
vt 0.142027 0.245776
vt 0.141962 0.005451
vt 0.143778 0.005360
vt 0.143845 0.245763
vt 0.174751 0.245553
vt 0.174647 0.003915
vt 0.187958 0.003906
vt 0.188062 0.245549
vt 0.172831 0.003916
vt 0.172935 0.245554
vt 0.112910 0.006893
vt 0.112929 0.245983
vt 0.126571 0.245886
vt 0.126530 0.006218
vt 0.140146 0.005541
vt 0.140208 0.245789
vt 0.140206 0.510799
vt 0.142025 0.510803
vt 0.112928 0.510740
vt 0.126570 0.510770
vt 0.143844 0.510807
vt 0.157481 0.510837
vt 0.111114 0.510736
vt 0.172936 0.510871
vt 0.174751 0.510872
vt 0.171110 0.510867
vt 0.188063 0.510873
vt 0.109298 0.510736
vt 0.095985 0.510736
vt 0.367325 0.414060
vt 0.353718 0.414655
vt 0.353949 0.372375
vt 0.367472 0.371228
vt 0.307095 0.417094
vt 0.305253 0.417072
vt 0.305387 0.376835
vt 0.307245 0.376806
vt 0.338238 0.415377
vt 0.336413 0.415460
vt 0.336679 0.374001
vt 0.338506 0.373822
vt 0.291748 0.417051
vt 0.291758 0.376960
vt 0.308926 0.416973
vt 0.309094 0.376650
vt 0.322697 0.416156
vt 0.322937 0.375334
vt 0.340061 0.415293
vt 0.340330 0.373642
vt 0.370960 0.413946
vt 0.369143 0.413951
vt 0.369279 0.371105
vt 0.371080 0.371093
vt 0.384279 0.413981
vt 0.384279 0.371053
vt 0.371016 0.290901
vt 0.369205 0.290938
vt 0.369064 0.205680
vt 0.370892 0.205549
vt 0.336507 0.292276
vt 0.322780 0.292935
vt 0.322559 0.212791
vt 0.336250 0.210708
vt 0.340169 0.292097
vt 0.338339 0.292186
vt 0.338077 0.210430
vt 0.339903 0.210148
vt 0.384279 0.290769
vt 0.384279 0.205117
vt 0.367385 0.290978
vt 0.367230 0.205868
vt 0.353812 0.291458
vt 0.353573 0.207854
vt 0.307148 0.293483
vt 0.305299 0.293528
vt 0.305184 0.214674
vt 0.307017 0.214581
vt 0.291734 0.293711
vt 0.291733 0.214980
vt 0.308991 0.293438
vt 0.308845 0.214427
vt 0.308760 0.187750
vt 0.306952 0.187808
vt 0.306782 0.162374
vt 0.308575 0.162383
vt 0.322364 0.187041
vt 0.322064 0.162121
vt 0.353305 0.184390
vt 0.339642 0.185615
vt 0.339248 0.161372
vt 0.352954 0.160718
vt 0.370718 0.183358
vt 0.368872 0.183488
vt 0.368633 0.160640
vt 0.370500 0.160485
vt 0.335993 0.185939
vt 0.335614 0.161539
vt 0.337818 0.185779
vt 0.337430 0.161456
vt 0.384279 0.182889
vt 0.384279 0.159985
vt 0.367025 0.183537
vt 0.366775 0.160556
vt 0.305126 0.187892
vt 0.304974 0.162455
vt 0.291740 0.188194
vt 0.291742 0.162734
vt 0.368226 0.142384
vt 0.366311 0.142169
vt 0.366377 0.123668
vt 0.368260 0.123980
vt 0.352235 0.141342
vt 0.352407 0.121983
vt 0.306409 0.140253
vt 0.304646 0.140287
vt 0.304781 0.118595
vt 0.306566 0.118605
vt 0.336654 0.140940
vt 0.334842 0.140896
vt 0.335110 0.120437
vt 0.336908 0.120593
vt 0.291739 0.140368
vt 0.291719 0.118619
vt 0.308161 0.140317
vt 0.308335 0.118726
vt 0.321409 0.140651
vt 0.321680 0.119500
vt 0.338470 0.140986
vt 0.338709 0.120753
vt 0.370154 0.142288
vt 0.370171 0.123933
vt 0.384279 0.141912
vt 0.384279 0.123799
vt 0.370145 0.109084
vt 0.368217 0.109046
vt 0.368426 0.094242
vt 0.370326 0.094415
vt 0.335001 0.103992
vt 0.321543 0.102507
vt 0.321998 0.085522
vt 0.335476 0.087678
vt 0.338610 0.104473
vt 0.336805 0.104228
vt 0.337294 0.087989
vt 0.339114 0.088311
vt 0.384279 0.109180
vt 0.384279 0.094769
vt 0.366314 0.108685
vt 0.366541 0.093900
vt 0.352301 0.106423
vt 0.352735 0.091033
vt 0.306466 0.101215
vt 0.304690 0.101180
vt 0.304959 0.083718
vt 0.306770 0.083790
vt 0.291685 0.101033
vt 0.291712 0.083380
vt 0.308226 0.101349
vt 0.308565 0.083919
vt 0.291735 0.045275
vt 0.305358 0.045570
vt 0.307217 0.045642
vt 0.309049 0.045913
vt 0.322807 0.048218
vt 0.340100 0.051903
vt 0.353683 0.055135
vt 0.369024 0.058853
vt 0.370858 0.058969
vt 0.336472 0.051054
vt 0.338286 0.051478
vt 0.384279 0.059317
vt 0.367213 0.058433
vt 0.368101 0.003906
vt 0.369846 0.003906
vt 0.354756 0.003906
vt 0.305610 0.003906
vt 0.307492 0.003906
vt 0.337505 0.003906
vt 0.339324 0.003906
vt 0.291738 0.003906
vt 0.309370 0.003906
vt 0.323544 0.003906
vt 0.341138 0.003906
vt 0.371576 0.003906
vt 0.384279 0.003906
vt 0.673352 0.254620
vt 0.659770 0.255839
vt 0.658368 0.209564
vt 0.672025 0.209289
vt 0.690555 0.253206
vt 0.688740 0.253255
vt 0.687543 0.208955
vt 0.689368 0.208914
vt 0.872461 0.250355
vt 0.858865 0.251248
vt 0.858491 0.203701
vt 0.872078 0.203772
vt 0.657959 0.256002
vt 0.656549 0.209601
vt 0.686922 0.253415
vt 0.685708 0.208994
vt 0.843466 0.252247
vt 0.841652 0.252254
vt 0.841411 0.203655
vt 0.843201 0.203666
vt 0.874276 0.250236
vt 0.873896 0.203779
vt 0.828359 0.252292
vt 0.828296 0.203585
vt 0.845275 0.252133
vt 0.844988 0.203662
vt 0.020924 0.937425
vt 0.020869 0.776967
vt 0.034499 0.776963
vt 0.034541 0.937439
vt 0.657976 0.184327
vt 0.656158 0.184359
vt 0.656087 0.158925
vt 0.657902 0.158911
vt 0.702071 0.181663
vt 0.693408 0.183700
vt 0.692995 0.158672
vt 0.701474 0.158179
vt 0.687028 0.183812
vt 0.685206 0.183857
vt 0.684834 0.158841
vt 0.686625 0.158848
vt 0.671596 0.184111
vt 0.671433 0.158854
vt 0.843452 0.178489
vt 0.841635 0.178451
vt 0.842054 0.153041
vt 0.843936 0.153042
vt 0.873796 0.178814
vt 0.871978 0.178786
vt 0.872467 0.154251
vt 0.874286 0.154341
vt 0.828265 0.178361
vt 0.828242 0.153119
vt 0.844935 0.178417
vt 0.845262 0.152906
vt 0.858228 0.178412
vt 0.858571 0.153109
vt 0.688840 0.183783
vt 0.688407 0.158798
vt 0.667806 0.141060
vt 0.680775 0.137696
vt 0.832222 0.109634
vt 0.836198 0.106546
vt 0.850920 0.117748
vt 0.847791 0.131876
vt 0.837632 0.128574
vt 0.873290 0.140720
vt 0.875068 0.140780
vt 0.855976 0.120590
vt 0.851007 0.133039
vt 0.861307 0.136354
vt 0.650827 0.132691
vt 0.663856 0.126624
vt 0.654894 0.144462
vt 0.827931 0.111076
vt 0.828167 0.129055
vt 0.649378 0.133777
vt 0.653239 0.144909
vt 0.677032 0.120660
vt 0.679535 0.119855
vt 0.683030 0.137459
vt 0.642090 0.116259
vt 0.637591 0.105169
vt 0.639073 0.104309
vt 0.643763 0.115676
vt 0.658107 0.063428
vt 0.650272 0.064804
vt 0.648580 0.051126
vt 0.656534 0.050487
vt 0.660274 0.079633
vt 0.657794 0.080435
vt 0.646118 0.082652
vt 0.665541 0.095911
vt 0.644497 0.095034
vt 0.658847 0.114393
vt 0.877493 0.110347
vt 0.881685 0.098087
vt 0.882726 0.099584
vt 0.879160 0.110966
vt 0.857996 0.037118
vt 0.857192 0.057230
vt 0.836635 0.058013
vt 0.836799 0.032030
vt 0.880956 0.041741
vt 0.875163 0.040370
vt 0.875827 0.030053
vt 0.881727 0.031643
vt 0.963732 0.084222
vt 0.959886 0.069706
vt 0.965467 0.069753
vt 0.967096 0.087530
vt 0.975664 0.080837
vt 0.970874 0.086998
vt 0.973018 0.069699
vt 0.977265 0.069819
vt 0.969198 0.088181
vt 0.969388 0.070001
vt 0.977830 0.082357
vt 0.970896 0.090730
vt 0.969296 0.091361
vt 0.967661 0.090484
vt 0.961925 0.085960
vt 0.869214 0.107565
vt 0.878732 0.091560
vt 0.974145 0.053173
vt 0.978668 0.051978
vt 0.969305 0.053126
vt 0.956426 0.069779
vt 0.956436 0.052098
vt 0.959837 0.052556
vt 0.975071 0.039934
vt 0.967083 0.026053
vt 0.969309 0.024065
vt 0.977087 0.038682
vt 0.980030 0.069873
vt 0.980969 0.051478
vt 0.965053 0.052930
vt 0.956437 0.036708
vt 0.959903 0.037680
vt 0.964129 0.040434
vt 0.968464 0.044488
vt 0.958725 0.011827
vt 0.964270 0.014077
vt 0.676256 0.111402
vt 0.668288 0.094758
vt 0.671857 0.093451
vt 0.681003 0.110388
vt 0.646765 0.034751
vt 0.645219 0.023135
vt 0.658480 0.021330
vt 0.657265 0.034166
vt 0.646585 0.064392
vt 0.644861 0.051148
vt 0.880056 0.057100
vt 0.873996 0.056910
vt 0.683707 0.043490
vt 0.679844 0.044464
vt 0.681166 0.031390
vt 0.685668 0.030052
vt 0.668363 0.061499
vt 0.668936 0.077538
vt 0.641893 0.034884
vt 0.682110 0.058997
vt 0.678730 0.059359
vt 0.671233 0.020165
vt 0.670734 0.033524
vt 0.971984 0.041494
vt 0.879086 0.074706
vt 0.871016 0.074896
vt 0.832515 0.057689
vt 0.832587 0.031722
vt 0.827807 0.106466
vt 0.830826 0.105190
vt 0.966060 0.033272
vt 0.959966 0.029168
vt 0.958166 0.008946
vt 0.959010 0.006023
vt 0.849501 0.004436
vt 0.849702 0.007546
vt 0.837941 0.009270
vt 0.838341 0.006727
vt 0.860979 0.003906
vt 0.860195 0.007034
vt 0.877631 0.009980
vt 0.876571 0.017483
vt 0.859590 0.018447
vt 0.639851 0.023901
vt 0.876258 0.129515
vt 0.874533 0.128994
vt 0.854211 0.102192
vt 0.861813 0.105237
vt 0.673587 0.112349
vt 0.864178 0.124666
vt 0.838036 0.099868
vt 0.832601 0.102912
vt 0.833265 0.099032
vt 0.956430 0.026583
vt 0.882563 0.016167
vt 0.837562 0.018491
vt 0.858240 0.028577
vt 0.833146 0.017768
vt 0.956426 0.011092
vt 0.877327 0.006546
vt 0.882726 0.011231
vt 0.956777 0.006167
vt 0.957465 0.003906
vt 0.882534 0.008874
vt 0.856291 0.075090
vt 0.867416 0.087891
vt 0.855708 0.087007
vt 0.679004 0.090799
vt 0.675429 0.092130
vt 0.677438 0.075012
vt 0.680522 0.074925
vt 0.690264 0.117498
vt 0.694625 0.113812
vt 0.700451 0.116371
vt 0.700547 0.121234
vt 0.689811 0.108554
vt 0.685406 0.109569
vt 0.669456 0.047690
vt 0.681836 0.019302
vt 0.686071 0.019056
vt 0.685040 0.117945
vt 0.681718 0.009590
vt 0.685988 0.009871
vt 0.642897 0.009807
vt 0.643478 0.012444
vt 0.638066 0.014462
vt 0.637591 0.011887
vt 0.659305 0.009193
vt 0.670874 0.009039
vt 0.834032 0.009842
vt 0.834792 0.007687
vt 0.659179 0.006734
vt 0.670667 0.006459
vt 0.691161 0.137462
vt 0.700946 0.137544
vt 0.686495 0.137445
vt 0.693871 0.208812
vt 0.703859 0.252856
vt 0.932544 0.042693
vt 0.927855 0.037071
vt 0.935387 0.021188
vt 0.936303 0.028744
vt 0.940941 0.014367
vt 0.930601 0.020166
vt 0.937303 0.011429
vt 0.927132 0.057750
vt 0.920999 0.051073
vt 0.922378 0.030959
vt 0.923147 0.070930
vt 0.915950 0.065150
vt 0.914440 0.044272
vt 0.918845 0.084185
vt 0.910255 0.078613
vt 0.907982 0.058685
vt 0.915888 0.095799
vt 0.905857 0.094184
vt 0.901479 0.072805
vt 0.915020 0.100346
vt 0.904436 0.099672
vt 0.895728 0.092197
vt 0.914586 0.104443
vt 0.903743 0.104448
vt 0.893718 0.098632
vt 0.941424 0.025501
vt 0.892659 0.104456
vt 0.936128 0.101171
vt 0.936120 0.104501
vt 0.925487 0.104451
vt 0.925647 0.100948
vt 0.936031 0.098302
vt 0.926004 0.097294
vt 0.935925 0.094502
vt 0.927525 0.089576
vt 0.937527 0.081954
vt 0.930384 0.076605
vt 0.939128 0.070969
vt 0.933246 0.064380
vt 0.941741 0.053876
vt 0.937217 0.048302
vt 0.944783 0.028071
vt 0.946017 0.014161
vt 0.945867 0.003906
vt 0.945969 0.006188
vt 0.944328 0.006930
vt 0.944066 0.005193
vt 0.846484 0.014050
vt 0.682025 0.007278
vt 0.685673 0.007684
vt 0.837813 0.086610
vt 0.837243 0.075302
vt 0.833138 0.086241
vt 0.832872 0.074971
vt 0.051804 0.937452
vt 0.051774 0.776959
vt 0.065409 0.776957
vt 0.065430 0.937460
vt 0.082690 0.937465
vt 0.082679 0.776954
vt 0.035016 0.995788
vt 0.021982 0.995537
vt 0.079050 0.776955
vt 0.079063 0.937465
vt 0.003977 0.937532
vt 0.003914 0.776973
vt 0.017226 0.776969
vt 0.017283 0.937436
vt 0.079028 0.996088
vt 0.065363 0.996077
vt 0.051706 0.996058
vt 0.432316 0.298657
vt 0.430432 0.258019
vt 0.442384 0.258496
vt 0.445436 0.298935
vt 0.602311 0.159941
vt 0.607216 0.133290
vt 0.615470 0.134068
vt 0.611467 0.160517
vt 0.082662 0.996089
vt 0.048136 0.776960
vt 0.048168 0.937450
vt 0.417841 0.227476
vt 0.416717 0.197573
vt 0.426275 0.197694
vt 0.428665 0.227820
vt 0.581696 0.217534
vt 0.578966 0.246036
vt 0.048060 0.996024
vt 0.449131 0.298880
vt 0.445998 0.258474
vt 0.439341 0.197730
vt 0.434674 0.165290
vt 0.580233 0.286873
vt 0.582577 0.246274
vt 0.595006 0.247183
vt 0.593700 0.287651
vt 0.607441 0.248124
vt 0.607240 0.288488
vt 0.442985 0.228102
vt 0.589473 0.159189
vt 0.585254 0.189075
vt 0.585269 0.217752
vt 0.596627 0.218511
vt 0.419258 0.298343
vt 0.418425 0.257514
vt 0.595292 0.132308
vt 0.588807 0.189295
vt 0.598993 0.190004
vt 0.435815 0.197826
vt 0.439436 0.228156
vt 0.593131 0.159387
vt 0.602073 0.112434
vt 0.413960 0.166133
vt 0.422486 0.165804
vt 0.428652 0.137966
vt 0.421668 0.116327
vt 0.898367 0.219543
vt 0.898823 0.230491
vt 0.897844 0.231701
vt 0.896915 0.220261
vt 0.407844 0.077380
vt 0.404788 0.068722
vt 0.080875 0.937465
vt 0.080863 0.776955
vt 0.395617 0.104461
vt 0.396714 0.103385
vt 0.402474 0.118389
vt 0.400678 0.118619
vt 0.605753 0.112608
vt 0.613190 0.112876
vt 0.598947 0.132534
vt 0.609146 0.190739
vt 0.576659 0.286658
vt 0.607953 0.219294
vt 0.409150 0.139080
vt 0.417063 0.138626
vt 0.410254 0.117517
vt 0.425005 0.138185
vt 0.418036 0.116630
vt 0.431036 0.165486
vt 0.018331 0.995532
vt 0.005019 0.995752
vt 0.049986 0.937451
vt 0.049955 0.776960
vt 0.080844 0.996088
vt 0.019042 0.776968
vt 0.019098 0.937423
vt 0.896550 0.232788
vt 0.896513 0.231037
vt 0.897875 0.233072
vt 0.082669 0.245996
vt 0.082675 0.006985
vt 0.578447 0.286773
vt 0.580774 0.246152
vt 0.020149 0.995501
vt 0.049883 0.996055
vt 0.444201 0.258562
vt 0.447292 0.298961
vt 0.417438 0.298302
vt 0.416606 0.257440
vt 0.437583 0.197857
vt 0.441219 0.228214
vt 0.416054 0.227419
vt 0.414948 0.197548
vt 0.609057 0.288601
vt 0.609259 0.248257
vt 0.610910 0.190870
vt 0.613278 0.160634
vt 0.583484 0.217646
vt 0.587032 0.189176
vt 0.412148 0.166201
vt 0.609739 0.219411
vt 0.591301 0.159280
vt 0.432854 0.165422
vt 0.597121 0.132379
vt 0.426827 0.138085
vt 0.407339 0.139186
vt 0.620516 0.113509
vt 0.622328 0.113635
vt 0.617279 0.134237
vt 0.419843 0.116416
vt 0.399708 0.095299
vt 0.603908 0.112480
vt 0.620075 0.076917
vt 0.616328 0.076954
vt 0.619471 0.069087
vt 0.623663 0.069019
vt 0.626929 0.099324
vt 0.623325 0.093278
vt 0.625571 0.088927
vt 0.628339 0.096179
vt 0.899193 0.232153
vt 0.402046 0.084896
vt 0.398491 0.077850
vt 0.398374 0.072341
vt 0.402273 0.080352
vt 0.906721 0.210955
vt 0.905732 0.210778
vt 0.905758 0.205774
vt 0.907111 0.205444
vt 0.623583 0.077685
vt 0.620342 0.084033
vt 0.401767 0.045096
vt 0.902096 0.178645
vt 0.903416 0.178492
vt 0.890479 0.159964
vt 0.888835 0.156533
vt 0.888310 0.153279
vt 0.892310 0.156359
vt 0.621217 0.041246
vt 0.625533 0.041348
vt 0.890310 0.208828
vt 0.889492 0.179590
vt 0.893442 0.183897
vt 0.895821 0.208377
vt 0.897662 0.179092
vt 0.900978 0.207889
vt 0.396818 0.045287
vt 0.884688 0.207567
vt 0.884688 0.179701
vt 0.886019 0.179629
vt 0.885992 0.207636
vt 0.401109 0.019861
vt 0.893195 0.155547
vt 0.622714 0.018614
vt 0.627103 0.019076
vt 0.396033 0.020204
vt 0.885078 0.157313
vt 0.885887 0.157396
vt 0.885371 0.153074
vt 0.886371 0.153645
vt 0.623197 0.012293
vt 0.627169 0.014926
vt 0.397047 0.013108
vt 0.400635 0.012647
vt 0.887795 0.150819
vt 0.886203 0.216231
vt 0.887276 0.215512
vt 0.892404 0.225768
vt 0.891417 0.226688
vt 0.902319 0.222635
vt 0.903344 0.223124
vt 0.629470 0.096904
vt 0.628158 0.099936
vt 0.397363 0.090368
vt 0.895030 0.220184
vt 0.886978 0.152096
vt 0.886280 0.149751
vt 0.623263 0.011142
vt 0.625895 0.011916
vt 0.400478 0.011092
vt 0.397769 0.011571
vt 0.080852 0.245996
vt 0.080860 0.006984
vt 0.020859 0.245566
vt 0.020956 0.004011
vt 0.034567 0.004688
vt 0.034486 0.245664
vt 0.048122 0.245762
vt 0.048184 0.005364
vt 0.050000 0.005454
vt 0.049941 0.245775
vt 0.003906 0.245549
vt 0.004006 0.003911
vt 0.017317 0.003920
vt 0.017217 0.245553
vt 0.019033 0.245553
vt 0.019133 0.003921
vt 0.079038 0.245983
vt 0.079049 0.006895
vt 0.051760 0.245788
vt 0.051816 0.005545
vt 0.065430 0.006220
vt 0.065396 0.245885
vt 0.049944 0.510804
vt 0.051763 0.510800
vt 0.065400 0.510770
vt 0.079043 0.510740
vt 0.034489 0.510838
vt 0.048126 0.510808
vt 0.080857 0.510736
vt 0.017217 0.510872
vt 0.019033 0.510872
vt 0.020859 0.510868
vt 0.003906 0.510874
vt 0.082673 0.510736
vt 0.216141 0.414013
vt 0.216027 0.371301
vt 0.229563 0.372423
vt 0.229758 0.414653
vt 0.276397 0.417103
vt 0.276272 0.376813
vt 0.278130 0.376839
vt 0.278240 0.417082
vt 0.245246 0.415395
vt 0.245012 0.373850
vt 0.246839 0.374021
vt 0.247071 0.415483
vt 0.274566 0.416983
vt 0.274423 0.376659
vt 0.260792 0.416175
vt 0.260581 0.375348
vt 0.243187 0.373679
vt 0.243422 0.415307
vt 0.212505 0.413934
vt 0.212413 0.371135
vt 0.214217 0.371162
vt 0.214322 0.413921
vt 0.199193 0.413976
vt 0.199193 0.371083
vt 0.212453 0.290969
vt 0.212578 0.205597
vt 0.214406 0.205727
vt 0.214263 0.291010
vt 0.246959 0.292314
vt 0.247215 0.210742
vt 0.260907 0.212813
vt 0.260687 0.292959
vt 0.243296 0.292135
vt 0.243563 0.210178
vt 0.245389 0.210462
vt 0.245127 0.292224
vt 0.199193 0.290840
vt 0.199193 0.205167
vt 0.216239 0.205916
vt 0.216082 0.291052
vt 0.229894 0.207894
vt 0.229653 0.291513
vt 0.276320 0.293495
vt 0.276449 0.214592
vt 0.278282 0.214685
vt 0.278170 0.293539
vt 0.274478 0.293450
vt 0.274621 0.214436
vt 0.274719 0.187757
vt 0.274908 0.162391
vt 0.276701 0.162389
vt 0.276527 0.187819
vt 0.261113 0.187063
vt 0.261417 0.162146
vt 0.230167 0.184430
vt 0.230519 0.160761
vt 0.244228 0.161406
vt 0.243833 0.185645
vt 0.212753 0.183405
vt 0.212971 0.160533
vt 0.214838 0.160688
vt 0.214599 0.183535
vt 0.247481 0.185975
vt 0.247863 0.161580
vt 0.246046 0.161494
vt 0.245657 0.185812
vt 0.199193 0.182938
vt 0.199193 0.160033
vt 0.216697 0.160604
vt 0.216447 0.183584
vt 0.278508 0.162476
vt 0.278352 0.187908
vt 0.215242 0.142433
vt 0.215203 0.124023
vt 0.217085 0.123712
vt 0.217157 0.142219
vt 0.231046 0.122026
vt 0.231232 0.141387
vt 0.277066 0.140270
vt 0.276877 0.118629
vt 0.278663 0.118632
vt 0.278829 0.140316
vt 0.246815 0.140983
vt 0.246538 0.120636
vt 0.248336 0.120483
vt 0.248627 0.140943
vt 0.275314 0.140324
vt 0.275108 0.118736
vt 0.262063 0.140680
vt 0.261760 0.119532
vt 0.244737 0.120793
vt 0.244999 0.141025
vt 0.213315 0.142333
vt 0.213292 0.123975
vt 0.199193 0.141957
vt 0.199193 0.123840
vt 0.213314 0.109118
vt 0.213136 0.094440
vt 0.215032 0.094269
vt 0.215243 0.109082
vt 0.248421 0.104023
vt 0.247955 0.087683
vt 0.261427 0.085527
vt 0.261856 0.102530
vt 0.244818 0.104504
vt 0.244321 0.088327
vt 0.246139 0.088000
vt 0.246621 0.104259
vt 0.199193 0.109213
vt 0.199193 0.094793
vt 0.216915 0.093925
vt 0.217144 0.108721
vt 0.230709 0.091053
vt 0.231142 0.106456
vt 0.276912 0.101216
vt 0.276657 0.083791
vt 0.278468 0.083701
vt 0.278685 0.101186
vt 0.275153 0.101355
vt 0.274863 0.083936
vt 0.278110 0.045555
vt 0.274420 0.045926
vt 0.276251 0.045644
vt 0.260660 0.048219
vt 0.229781 0.055140
vt 0.243364 0.051909
vt 0.212609 0.058977
vt 0.214442 0.058861
vt 0.246991 0.051047
vt 0.245177 0.051477
vt 0.199193 0.059324
vt 0.216252 0.058439
vt 0.213626 0.003906
vt 0.215371 0.003906
vt 0.228717 0.003906
vt 0.275983 0.003906
vt 0.277864 0.003906
vt 0.244149 0.003906
vt 0.245969 0.003906
vt 0.274104 0.003906
vt 0.259931 0.003906
vt 0.242335 0.003906
vt 0.211894 0.003906
vt 0.199193 0.003906
vt 0.734415 0.253082
vt 0.733464 0.207734
vt 0.747118 0.207322
vt 0.748040 0.253616
vt 0.717164 0.252535
vt 0.716125 0.208234
vt 0.717950 0.208182
vt 0.718978 0.252492
vt 0.784253 0.250477
vt 0.784507 0.203894
vt 0.798096 0.203787
vt 0.797851 0.251332
vt 0.748935 0.207268
vt 0.749858 0.253688
vt 0.719784 0.208129
vt 0.720802 0.252560
vt 0.813253 0.252288
vt 0.813390 0.203709
vt 0.815180 0.203694
vt 0.815067 0.252290
vt 0.782438 0.250362
vt 0.782689 0.203906
vt 0.811443 0.252179
vt 0.811602 0.203709
vt 0.746240 0.182069
vt 0.745046 0.156659
vt 0.746860 0.156582
vt 0.748056 0.182009
vt 0.709967 0.158222
vt 0.710826 0.183249
vt 0.717203 0.183030
vt 0.716341 0.158058
vt 0.718129 0.157957
vt 0.719023 0.182981
vt 0.731520 0.157291
vt 0.732627 0.182543
vt 0.813070 0.178538
vt 0.812532 0.153132
vt 0.814415 0.153128
vt 0.814889 0.178498
vt 0.782701 0.178935
vt 0.782099 0.154479
vt 0.783920 0.154381
vt 0.784519 0.178903
vt 0.811584 0.178468
vt 0.811202 0.152998
vt 0.798276 0.178498
vt 0.797852 0.153235
vt 0.715391 0.183096
vt 0.714558 0.158105
vt 0.721091 0.136526
vt 0.734197 0.139240
vt 0.823598 0.109552
vt 0.818714 0.128650
vt 0.808585 0.131973
vt 0.805268 0.117719
vt 0.819496 0.106324
vt 0.779056 0.139874
vt 0.780899 0.139788
vt 0.805375 0.133144
vt 0.800322 0.120598
vt 0.795022 0.136416
vt 0.748678 0.125958
vt 0.745713 0.140702
vt 0.737276 0.124444
vt 0.750370 0.126405
vt 0.747470 0.140882
vt 0.723946 0.119094
vt 0.718830 0.136426
vt 0.721429 0.118455
vt 0.753432 0.112073
vt 0.751783 0.111813
vt 0.759278 0.083468
vt 0.760883 0.085550
vt 0.739387 0.055399
vt 0.741295 0.043392
vt 0.750601 0.042303
vt 0.747909 0.054224
vt 0.742901 0.069251
vt 0.737158 0.071087
vt 0.752882 0.064622
vt 0.753293 0.073333
vt 0.740453 0.078333
vt 0.741277 0.111043
vt 0.775574 0.111344
vt 0.774110 0.111355
vt 0.769110 0.084135
vt 0.770089 0.081689
vt 0.793271 0.034989
vt 0.816055 0.030539
vt 0.815824 0.053029
vt 0.795007 0.051121
vt 0.772600 0.037414
vt 0.772461 0.029897
vt 0.776550 0.028719
vt 0.777417 0.036744
vt 0.967868 0.246490
vt 0.964147 0.252758
vt 0.966427 0.236495
vt 0.972537 0.237008
vt 0.957535 0.244129
vt 0.955258 0.234970
vt 0.959557 0.235638
vt 0.960592 0.251725
vt 0.962282 0.254569
vt 0.962820 0.235682
vt 0.954355 0.246518
vt 0.960685 0.256453
vt 0.962392 0.258446
vt 0.964086 0.256430
vt 0.970933 0.250120
vt 0.786799 0.106722
vt 0.774996 0.073756
vt 0.954798 0.223810
vt 0.959402 0.223271
vt 0.964280 0.222466
vt 0.975662 0.238160
vt 0.973675 0.224952
vt 0.977013 0.226028
vt 0.958621 0.215719
vt 0.956519 0.215295
vt 0.963796 0.204248
vt 0.966103 0.205733
vt 0.952631 0.237790
vt 0.952440 0.224663
vt 0.968540 0.223216
vt 0.973646 0.214383
vt 0.977013 0.214418
vt 0.969601 0.215342
vt 0.965398 0.217609
vt 0.968501 0.195844
vt 0.973988 0.193498
vt 0.724297 0.109373
vt 0.719574 0.108744
vt 0.728389 0.085453
vt 0.734560 0.081418
vt 0.751606 0.028935
vt 0.740619 0.028819
vt 0.739239 0.018369
vt 0.751853 0.018640
vt 0.753497 0.041513
vt 0.752878 0.051647
vt 0.779364 0.049653
vt 0.773177 0.048987
vt 0.718772 0.041763
vt 0.715878 0.028781
vt 0.719354 0.028617
vt 0.722273 0.042187
vt 0.730097 0.071876
vt 0.731175 0.056452
vt 0.754492 0.028362
vt 0.719489 0.056436
vt 0.722603 0.056129
vt 0.729577 0.028677
vt 0.727730 0.018293
vt 0.961807 0.215916
vt 0.783188 0.064476
vt 0.774012 0.061061
vt 0.819782 0.030515
vt 0.819558 0.053157
vt 0.824731 0.105072
vt 0.967413 0.211023
vt 0.973273 0.208823
vt 0.973533 0.188291
vt 0.974445 0.191128
vt 0.802007 0.003982
vt 0.813916 0.005814
vt 0.815022 0.008178
vt 0.802027 0.006942
vt 0.790597 0.003923
vt 0.791327 0.006897
vt 0.791796 0.017871
vt 0.775958 0.017357
vt 0.774999 0.010333
vt 0.754825 0.018766
vt 0.776457 0.125777
vt 0.778161 0.125750
vt 0.794232 0.104258
vt 0.801479 0.101373
vt 0.726927 0.110025
vt 0.792078 0.124634
vt 0.817201 0.099326
vt 0.822815 0.102663
vt 0.821780 0.098569
vt 0.976699 0.206899
vt 0.772316 0.015931
vt 0.815974 0.017036
vt 0.792906 0.027401
vt 0.819445 0.016547
vt 0.976257 0.192934
vt 0.775241 0.007009
vt 0.772286 0.011402
vt 0.975023 0.186298
vt 0.975765 0.188427
vt 0.772295 0.009149
vt 0.797414 0.070525
vt 0.787442 0.080441
vt 0.798812 0.084081
vt 0.721078 0.088176
vt 0.720063 0.071750
vt 0.722985 0.071103
vt 0.724496 0.087860
vt 0.710633 0.116807
vt 0.706153 0.113374
vt 0.710772 0.107596
vt 0.715176 0.108287
vt 0.730863 0.043437
vt 0.711930 0.017580
vt 0.716133 0.017525
vt 0.715851 0.116892
vt 0.710141 0.008333
vt 0.714299 0.007759
vt 0.752819 0.005848
vt 0.756155 0.007301
vt 0.755725 0.009749
vt 0.752459 0.008389
vt 0.737450 0.006262
vt 0.725927 0.006720
vt 0.817478 0.006730
vt 0.818619 0.008776
vt 0.737290 0.003906
vt 0.725898 0.004207
vt 0.710713 0.136904
vt 0.715370 0.136612
vt 0.711623 0.208361
vt 0.931253 0.168107
vt 0.935041 0.181749
vt 0.933631 0.189292
vt 0.926051 0.173709
vt 0.940486 0.195954
vt 0.936694 0.198922
vt 0.928447 0.190346
vt 0.926500 0.153088
vt 0.920049 0.159921
vt 0.920297 0.179820
vt 0.922844 0.139660
vt 0.915626 0.145846
vt 0.913371 0.166828
vt 0.918735 0.125725
vt 0.910181 0.131600
vt 0.907698 0.152596
vt 0.915829 0.113404
vt 0.905823 0.115051
vt 0.901467 0.137624
vt 0.914998 0.108624
vt 0.904431 0.109306
vt 0.895723 0.117044
vt 0.893729 0.110351
vt 0.940726 0.184831
vt 0.936038 0.107884
vt 0.925620 0.108041
vt 0.935922 0.110883
vt 0.925928 0.111876
vt 0.935811 0.114891
vt 0.927391 0.119998
vt 0.937288 0.127829
vt 0.930106 0.133455
vt 0.938842 0.139277
vt 0.932824 0.146095
vt 0.941642 0.159682
vt 0.936461 0.162378
vt 0.944475 0.182168
vt 0.945952 0.196072
vt 0.945742 0.206210
vt 0.943977 0.204905
vt 0.944304 0.203176
vt 0.946017 0.203884
vt 0.805692 0.013034
vt 0.713928 0.005513
vt 0.710308 0.006148
vt 0.816228 0.085463
vt 0.815853 0.073551
vt 0.820693 0.085388
vt 0.820087 0.073720
vt 0.702662 0.205206
vt 0.214576 0.457179
vt 0.216432 0.457179
vt 0.199193 0.457179
vt 0.212729 0.457179
vt 0.244096 0.457179
vt 0.245919 0.457179
vt 0.247742 0.457179
vt 0.261424 0.457179
vt 0.230299 0.457179
vt 0.275015 0.457179
vt 0.276805 0.457179
vt 0.278597 0.457179
vt 0.291733 0.457179
vt 0.368890 0.457179
vt 0.367032 0.457179
vt 0.384279 0.457179
vt 0.370738 0.457179
vt 0.339356 0.457179
vt 0.337533 0.457179
vt 0.335712 0.457179
vt 0.322036 0.457179
vt 0.353153 0.457179
vt 0.308449 0.457179
vt 0.306660 0.457179
vt 0.304868 0.457179
vt 0.395445 0.100053
vt 0.394479 0.101325
vt 0.506410 0.093486
vt 0.507517 0.094644
s 1
usemtl crowbar_01
f 46/1/1 4/2/1 20/3/1 49/4/1
f 43/5/2 2/6/2 5/7/2 55/8/2
f 29/9/3 40/10/4 64/11/5 31/12/6
f 42/13/1 54/14/1 20/3/1 4/2/1
f 39/15/7 51/16/8 3/17/8 1/18/7
f 42/13/1 4/2/1 21/19/9 57/20/9
f 4/2/1 46/1/1 61/21/9 21/19/9
f 31/22/6 64/23/5 73/24/10 32/25/11
f 25/26/12 97/27/13 106/28/14 26/29/15
f 2/6/2 43/5/2 58/30/16 7/31/16
f 45/32/17 48/33/18 30/34/18 29/9/3
f 88/35/19 34/36/20 33/37/21 78/38/22
f 9/39/23 67/40/23 91/41/24 12/42/24
f 45/32/17 29/9/3 31/12/6 60/43/25
f 63/44/26 6/45/26 8/46/27 72/47/27
f 81/48/28 10/49/28 14/50/29 99/51/30
f 57/52/9 21/53/9 22/54/31 66/55/32
f 21/53/9 61/56/9 70/57/33 22/54/31
f 72/47/27 8/46/27 13/58/34 85/59/34
f 11/60/35 76/61/35 94/62/36 15/63/36
f 66/55/32 22/54/31 24/64/37 90/65/38
f 60/66/25 31/22/6 32/25/11 69/67/39
f 69/67/39 32/25/11 34/36/20 88/35/19
f 15/63/36 94/62/36 103/68/40 17/69/40
f 90/65/38 24/64/37 23/70/41 75/71/42
f 34/36/20 84/72/43 82/73/44 33/37/21
f 75/71/42 23/70/41 25/26/12 93/74/45
f 17/69/40 103/68/40 112/75/46 19/76/47
f 78/38/22 33/37/21 35/77/48 96/78/49
f 99/51/30 14/50/29 16/79/50 108/80/51
f 108/80/51 16/79/50 18/81/52 117/82/53
f 172/83/54 171/84/55 169/85/56 168/86/57
f 1129/87/58 125/88/59 134/89/60 1130/90/61
f 55/8/2 56/91/62 44/92/62 43/5/2
f 1131/93/63 116/94/64 114/95/65 1132/96/66
f 111/97/67 102/98/68 26/29/15 27/99/69
f 23/70/41 79/100/70 97/27/13 25/26/12
f 12/42/24 91/41/24 76/61/35 11/60/35
f 7/101/16 58/102/16 67/40/23 9/39/23
f 22/54/31 70/57/33 87/103/71 24/64/37
f 96/78/49 35/77/48 36/104/72 105/105/73
f 114/95/65 105/105/73 36/104/72 37/106/74
f 109/107/75 118/108/76 37/106/74 36/104/72
f 33/37/21 82/73/44 100/109/77 35/77/48
f 85/59/34 13/58/34 10/49/28 81/48/28
f 35/77/48 100/109/77 109/107/75 36/104/72
f 32/25/11 73/24/10 84/72/43 34/36/20
f 24/64/37 87/103/71 79/100/70 23/70/41
f 39/15/7 1/18/7 6/110/26 63/111/26
f 44/92/62 56/91/62 54/14/1 42/13/1
f 47/112/78 50/113/79 48/33/18 45/32/17
f 42/13/1 57/20/9 59/114/80 44/92/62
f 44/92/62 59/114/80 58/30/16 43/5/2
f 51/16/8 39/15/7 41/115/81 53/116/82
f 121/117/83 123/118/84 169/85/56 167/119/85
f 53/116/82 41/115/81 40/10/4 52/120/18
f 46/1/1 49/4/1 50/113/79 47/112/78
f 296/121/86 180/122/87 190/123/88 301/124/89
f 57/52/9 66/55/32 68/125/90 59/126/80
f 59/126/80 68/125/90 67/40/23 58/102/16
f 39/15/7 63/111/26 65/127/91 41/115/81
f 41/115/81 65/127/91 64/11/5 40/10/4
f 62/128/92 47/112/78 45/32/17 60/43/25
f 73/24/10 64/23/5 65/129/91 74/130/93
f 74/130/93 65/129/91 63/44/26 72/47/27
f 60/66/25 69/67/39 71/131/94 62/132/92
f 61/21/9 46/1/1 47/112/78 62/128/92
f 82/73/44 84/72/43 86/133/95 83/134/96
f 83/134/96 86/133/95 85/59/34 81/48/28
f 88/35/19 78/38/22 80/135/97 89/136/98
f 62/137/92 71/138/94 70/57/33 61/56/9
f 80/139/97 98/140/99 97/27/13 79/100/70
f 89/136/98 71/131/94 69/67/39 88/35/19
f 66/55/32 90/65/38 92/141/100 68/125/90
f 68/125/90 92/141/100 91/41/24 67/40/23
f 90/65/38 75/71/42 77/142/101 92/141/100
f 92/141/100 77/142/101 76/61/35 91/41/24
f 72/47/27 85/59/34 86/133/95 74/130/93
f 74/130/93 86/133/95 84/72/43 73/24/10
f 78/38/22 96/78/49 98/143/99 80/135/97
f 89/144/98 80/139/97 79/100/70 87/103/71
f 94/62/36 76/61/35 77/142/101 95/145/102
f 95/145/102 77/142/101 75/71/42 93/74/45
f 81/48/28 99/51/30 101/146/103 83/134/96
f 83/134/96 101/146/103 100/109/77 82/73/44
f 93/74/45 102/98/68 104/147/104 95/145/102
f 95/145/102 104/147/104 103/68/40 94/62/36
f 109/107/75 100/109/77 101/146/103 110/148/105
f 110/148/105 101/146/103 99/51/30 108/80/51
f 96/78/49 105/105/73 107/149/106 98/143/99
f 115/150/107 106/28/14 107/151/106 116/152/64
f 108/80/51 117/82/53 119/153/108 110/148/105
f 110/148/105 119/153/108 118/108/76 109/107/75
f 1133/154/109 1132/96/66 114/95/65 37/106/74
f 116/94/64 107/149/106 105/105/73 114/95/65
f 102/98/68 111/97/67 113/155/110 104/147/104
f 104/147/104 113/155/110 112/75/46 103/68/40
f 1134/156/111 129/157/112 127/158/113 1135/159/114
f 87/103/71 70/57/33 71/138/94 89/144/98
f 1136/160/115 121/161/83 28/162/116 1137/163/117
f 1135/159/114 127/158/113 126/164/118 1138/165/119
f 123/118/84 122/166/120 168/86/57 169/85/56
f 1140/167/121 1139/168/122 135/169/123 124/170/124
f 124/171/124 135/172/123 133/173/125 163/174/126
f 1134/156/111 1141/175/127 120/176/128 129/157/112
f 134/89/60 125/88/59 136/177/129 145/178/130
f 133/173/125 135/172/123 146/179/131 144/180/132
f 142/181/133 152/182/134 160/183/135 132/184/136
f 127/158/113 129/157/112 140/185/137 138/186/138
f 130/187/139 170/188/140 174/189/141 141/190/132
f 126/164/118 127/158/113 138/186/138 137/191/142
f 142/181/133 143/192/143 144/180/132 152/182/134
f 172/83/54 163/174/126 133/173/125 131/193/144
f 135/169/123 134/89/60 145/178/130 146/194/131
f 129/195/112 128/196/145 139/197/146 140/198/137
f 145/178/130 136/177/129 147/199/147 153/200/148
f 144/180/132 146/179/131 154/201/149 152/182/134
f 141/190/132 174/189/141 143/192/143 142/181/133
f 138/186/138 140/185/137 151/202/150 149/203/151
f 137/191/142 138/186/138 149/203/151 148/204/152
f 146/194/131 145/178/130 153/200/148 154/205/149
f 128/196/145 130/187/139 141/190/132 139/197/146
f 140/198/137 139/197/146 150/206/153 151/207/150
f 151/207/150 150/206/153 158/208/154 159/209/155
f 149/203/151 151/202/150 159/210/155 157/211/156
f 154/205/149 153/200/148 161/212/157 162/213/158
f 148/204/152 149/203/151 157/211/156 156/214/159
f 152/182/134 154/201/149 162/215/158 160/183/135
f 153/200/148 147/199/147 155/216/160 161/212/157
f 1137/163/117 1141/175/127 111/97/67 27/99/69
f 150/206/153 142/181/133 132/184/136 158/208/154
f 93/74/45 25/26/12 26/29/15 102/98/68
f 106/28/14 115/150/107 27/99/69 26/29/15
f 120/217/128 28/218/116 164/219/161 166/220/162
f 98/140/99 107/151/106 106/28/14 97/27/13
f 122/166/120 38/221/163 165/222/164 168/86/57
f 1136/160/115 1131/223/63 123/224/84 121/161/83
f 1140/167/121 124/170/124 38/225/163 1133/154/109
f 129/195/112 120/217/128 166/220/162 128/196/145
f 167/119/85 173/226/165 166/220/162 164/219/161
f 172/83/54 168/86/57 165/222/164 163/174/126
f 171/84/55 173/226/165 167/119/85 169/85/56
f 143/192/143 131/193/144 133/173/125 144/180/132
f 28/218/116 121/117/83 167/119/85 164/219/161
f 38/221/163 124/171/124 163/174/126 165/222/164
f 166/220/162 173/226/165 130/187/139 128/196/145
f 170/188/140 171/84/55 172/83/54 131/193/144
f 139/197/146 141/190/132 142/181/133 150/206/153
f 173/226/165 171/84/55 170/188/140 130/187/139
f 1130/90/61 134/89/60 135/169/123 1139/168/122
f 174/189/141 170/188/140 131/193/144 143/192/143
f 132/184/136 160/183/135 176/227/166 158/208/154
f 162/215/158 175/228/167 176/227/166 160/183/135
f 176/227/166 175/228/167 159/209/155 158/208/154
f 159/210/155 175/229/167 178/230/168 157/211/156
f 161/212/157 155/216/160 177/231/169 178/232/168
f 157/211/156 178/230/168 177/233/169 156/214/159
f 162/213/158 161/212/157 178/232/168 175/234/167
f 301/124/89 190/123/88 191/235/170 302/236/171
f 297/237/172 182/238/173 187/239/174 303/240/175
f 298/241/79 185/242/176 183/243/177 304/244/178
f 299/245/179 186/246/180 179/247/181 305/248/179
f 303/240/175 187/239/174 188/249/182 306/250/183
f 306/250/183 188/249/182 186/246/180 299/245/179
f 302/236/171 191/235/170 189/251/184 307/252/185
f 300/253/186 181/254/187 184/255/188 308/256/189
f 304/244/178 183/243/177 182/238/173 297/237/172
f 307/252/185 189/251/184 181/254/187 300/253/186
f 308/256/189 184/255/188 185/242/176 298/241/79
f 316/257/190 308/256/189 298/241/79 319/258/191
f 315/259/1 307/252/185 300/253/186 321/260/192
f 312/261/193 304/244/178 297/237/172 318/262/193
f 321/260/192 300/253/186 308/256/189 316/257/190
f 310/263/194 302/236/171 307/252/185 315/259/1
f 314/264/195 306/250/183 299/245/179 320/265/8
f 311/266/193 303/240/175 306/250/183 314/264/195
f 320/265/8 299/245/179 305/248/179 313/267/8
f 319/258/191 298/241/79 304/244/178 312/261/193
f 318/262/193 297/237/172 303/240/175 311/266/193
f 309/268/2 301/124/89 302/236/171 310/263/194
f 317/269/2 296/121/86 301/124/89 309/268/2
f 5/7/2 317/269/2 309/268/2 55/8/2
f 1082/270/196 1081/271/197 195/272/198 200/273/199
f 1084/274/200 1083/275/201 203/276/202 204/277/203
f 1086/278/204 1085/279/205 197/280/206 198/281/207
f 1083/275/201 1087/282/201 193/283/202 203/276/202
f 1088/284/208 1084/274/200 204/277/203 202/285/209
f 1089/286/210 1088/284/208 202/285/209 194/287/211
f 1081/271/197 1090/288/212 196/289/213 195/272/198
f 1092/290/214 1091/291/215 201/292/216 199/293/217
f 1085/279/205 1089/286/210 194/287/211 197/280/206
f 1090/288/212 1086/278/204 198/281/207 196/289/213
f 1093/294/214 1092/290/214 199/293/217 192/295/217
f 1091/291/215 1082/270/196 200/273/199 201/292/216
f 1106/296/218 1105/297/219 214/298/220 212/299/221
f 1108/300/222 1107/301/222 207/302/223 210/303/224
f 1110/304/225 1109/305/226 211/306/227 209/307/228
f 1111/308/218 1106/296/218 212/299/221 205/309/221
f 1105/297/219 1112/310/229 213/311/230 214/298/220
f 1112/310/229 1113/312/231 208/313/232 213/311/230
f 1115/314/233 1114/315/234 216/316/235 217/317/236
f 1109/305/226 1108/300/222 210/303/224 211/306/227
f 1114/315/234 1116/318/234 206/319/235 216/316/235
f 1117/320/237 1115/314/233 217/317/236 215/321/238
f 1107/301/222 1117/320/237 215/321/238 207/302/223
f 1113/312/231 1110/304/225 209/307/228 208/313/232
f 1034/322/239 1033/323/240 230/324/241 228/325/242
f 1035/326/243 1034/322/239 228/325/242 220/327/244
f 1037/328/245 1036/329/246 222/330/247 221/331/248
f 1039/332/249 1038/333/250 227/334/251 225/335/252
f 1040/336/253 1035/326/243 220/327/244 223/337/254
f 1036/329/246 1041/338/255 224/339/256 222/330/247
f 1042/340/249 1039/332/249 225/335/252 218/341/252
f 1038/333/250 1043/342/257 226/343/258 227/334/251
f 1043/342/257 1037/328/245 221/331/248 226/343/258
f 1033/323/240 1044/344/259 229/345/260 230/324/241
f 1041/338/255 1040/336/253 223/337/254 224/339/256
f 1044/344/259 1045/346/259 219/347/260 229/345/260
f 1010/348/261 1009/349/262 239/350/263 240/351/264
f 1009/349/262 1011/352/265 234/353/266 239/350/263
f 1013/354/267 1012/355/268 242/356/269 243/357/270
f 1015/358/271 1014/359/272 236/360/273 237/361/274
f 1012/355/268 1016/362/268 232/363/269 242/356/269
f 1017/364/275 1013/354/267 243/357/270 241/365/276
f 1018/366/277 1017/364/275 241/365/276 233/367/278
f 1011/352/265 1019/368/279 235/369/280 234/353/266
f 1020/370/281 1010/348/261 240/351/264 238/371/282
f 1014/359/272 1018/366/277 233/367/278 236/360/273
f 1019/368/279 1015/358/271 237/361/274 235/369/280
f 1021/372/281 1020/370/281 238/371/282 231/373/282
f 1058/374/283 1057/375/284 253/376/285 251/377/286
f 1060/378/287 1059/379/288 246/380/289 249/381/290
f 1062/382/291 1061/383/292 250/384/293 248/385/294
f 1063/386/295 1058/374/283 251/377/286 244/387/286
f 1057/375/284 1064/388/296 252/389/297 253/376/285
f 1064/388/296 1065/390/298 247/391/299 252/389/297
f 1067/392/300 1066/393/301 255/394/302 256/395/303
f 1061/383/292 1060/378/287 249/381/290 250/384/293
f 1066/393/301 1068/396/301 245/397/302 255/394/302
f 1069/398/304 1067/392/300 256/395/303 254/399/305
f 1059/379/288 1069/398/304 254/399/305 246/380/289
f 1065/390/298 1062/382/291 248/385/294 247/391/299
f 255/394/302 245/397/302 258/400/306 268/401/306
f 254/399/305 256/395/303 269/402/307 267/403/308
f 246/380/289 254/399/305 267/403/308 259/404/309
f 247/391/299 248/385/294 261/405/310 260/406/311
f 251/377/286 253/376/285 266/407/312 264/408/313
f 249/381/290 246/380/289 259/404/309 262/409/314
f 248/385/294 250/384/293 263/410/315 261/405/310
f 244/387/286 251/377/286 264/408/313 257/411/313
f 253/376/285 252/389/297 265/412/316 266/407/312
f 252/389/297 247/391/299 260/406/311 265/412/316
f 256/395/303 255/394/302 268/401/306 269/402/307
f 250/384/293 249/381/290 262/409/314 263/410/315
f 266/407/312 265/412/316 278/413/317 279/414/318
f 265/412/316 260/406/311 273/415/319 278/413/317
f 269/402/307 268/401/306 281/416/320 282/417/321
f 263/410/315 262/409/314 275/418/322 276/419/323
f 268/401/306 258/400/306 271/420/320 281/416/320
f 267/403/308 269/402/307 282/417/321 280/421/324
f 259/404/309 267/403/308 280/421/324 272/422/325
f 260/406/311 261/405/310 274/423/326 273/415/319
f 264/408/313 266/407/312 279/414/318 277/424/327
f 262/409/314 259/404/309 272/422/325 275/418/322
f 261/405/310 263/410/315 276/419/323 274/423/326
f 257/411/313 264/408/313 277/424/327 270/425/328
f 273/426/319 274/427/326 287/428/329 286/429/330
f 277/430/327 279/431/318 292/432/331 290/433/332
f 275/434/322 272/435/325 285/436/333 288/437/334
f 274/427/326 276/438/323 289/439/335 287/428/329
f 279/431/318 278/440/317 291/441/336 292/432/331
f 278/440/317 273/426/319 286/429/330 291/441/336
f 282/442/321 281/443/320 294/444/337 295/445/338
f 276/446/323 275/434/322 288/437/334 289/447/335
f 281/443/320 271/448/320 284/449/339 294/444/337
f 280/450/324 282/442/321 295/445/338 293/451/340
f 272/435/325 280/450/324 293/451/340 285/436/333
f 55/8/2 309/268/2 310/263/194 56/91/62
f 30/34/18 318/262/193 311/266/193 52/120/18
f 50/113/79 319/258/191 312/261/193 48/33/18
f 51/16/8 320/265/8 313/267/8 3/17/8
f 52/120/18 311/266/193 314/264/195 53/116/82
f 53/116/82 314/264/195 320/265/8 51/16/8
f 56/91/62 310/263/194 315/259/1 54/14/1
f 20/3/1 321/260/192 316/257/190 49/4/1
f 48/33/18 312/261/193 318/262/193 30/34/18
f 54/14/1 315/259/1 321/260/192 20/3/1
f 49/4/1 316/257/190 319/258/191 50/113/79
f 543/452/341 555/453/342 533/454/342 532/455/343
f 984/456/344 983/457/345 328/458/346 326/459/347
f 986/460/348 996/461/349 473/462/350 322/463/351
f 988/464/352 987/465/344 330/466/353 331/467/354
f 987/465/344 989/468/344 325/469/355 330/466/353
f 991/470/356 990/471/357 333/472/358 334/473/359
f 983/474/345 992/475/360 327/476/361 328/477/346
f 990/471/357 993/478/362 323/479/363 333/472/358
f 994/480/364 991/470/356 334/473/359 332/481/365
f 995/482/366 994/480/364 332/481/365 324/483/367
f 989/468/344 984/456/344 326/459/347 325/469/355
f 985/484/348 988/464/352 331/467/354 329/485/368
f 992/475/360 995/482/366 324/483/367 327/476/361
f 325/469/355 514/486/369 513/487/370 330/466/353
f 404/488/371 414/489/372 423/490/373 515/491/374 518/492/375
f 327/476/361 508/493/376 512/494/377 328/477/346
f 423/490/373 413/495/378 511/496/379 515/491/374
f 332/481/365 511/496/379 516/497/380 324/483/367
f 418/498/381 420/499/382 514/486/369 507/500/383
f 407/501/384 404/488/371 518/492/375 519/502/385
f 324/483/367 516/497/380 508/493/376 327/476/361
f 415/503/386 418/498/381 507/500/383 512/504/377
f 419/505/387 421/506/388 509/507/389 513/487/370
f 341/508/390 373/509/391 379/510/392 339/511/393
f 350/512/394 391/513/395 393/514/396 398/515/397
f 350/512/394 390/516/398 358/517/399 391/513/395
f 380/518/400 358/517/399 449/519/401 376/520/402
f 339/511/393 379/510/392 376/520/402 338/521/403
f 340/522/404 377/523/405 373/524/391 341/525/390
f 355/526/406 356/527/407 403/528/408 406/529/409
f 386/530/410 394/531/411 428/532/412 426/533/413
f 363/534/414 364/535/415 443/536/416 360/537/417
f 365/538/418 361/539/419 369/540/420 367/541/421
f 362/542/422 360/537/417 443/536/416 368/543/423
f 376/544/402 379/545/392 361/539/419 365/538/418
f 379/545/392 373/546/391 362/542/422 361/539/419
f 373/546/391 377/547/405 360/537/417 362/542/422
f 377/547/405 374/548/424 363/534/414 360/537/417
f 337/549/425 374/550/424 377/523/405 340/522/404
f 367/541/421 369/540/420 370/551/426 366/552/427
f 370/551/426 369/540/420 368/543/423 348/553/428
f 369/540/420 361/539/419 362/542/422 368/543/423
f 375/554/429 378/555/430 351/556/431 364/535/415
f 382/557/432 354/558/433 372/559/434 383/560/435
f 367/541/421 380/561/400 376/544/402 365/538/418
f 367/541/421 366/552/427 371/562/436 380/561/400
f 374/548/424 375/554/429 364/535/415 363/534/414
f 364/535/415 351/556/431 347/563/437 443/536/416
f 366/552/427 382/557/432 383/560/435 371/562/436
f 351/556/431 378/555/430 386/564/410 384/565/438
f 384/565/438 401/566/439 347/563/437 351/556/431
f 347/563/437 401/566/439 387/567/440 348/553/428
f 372/559/434 354/558/433 389/568/441 392/569/442
f 343/570/443 452/571/444 469/572/445 470/573/446
f 390/516/398 452/571/444 449/519/401 358/517/399
f 397/574/447 411/575/448 399/576/449 400/577/450
f 393/514/396 391/513/395 371/578/436 383/579/435
f 386/530/410 378/580/430 396/581/451 394/531/411
f 381/582/452 458/583/453 457/584/454 353/585/455
f 394/531/411 396/581/451 356/527/407 355/526/406
f 390/516/398 350/512/394 472/586/456 474/587/457
f 391/513/395 358/517/399 380/518/400 371/578/436
f 397/574/447 393/514/396 383/579/435 372/588/434
f 349/589/458 455/590/459 458/583/453 381/582/452
f 400/577/450 398/515/397 393/514/396 397/574/447
f 400/577/450 399/576/449 468/591/460 467/592/461
f 348/553/428 387/567/440 402/593/462 370/551/426
f 402/593/462 382/557/432 366/552/427 370/551/426
f 396/581/451 378/580/430 375/594/429 445/595/463
f 406/529/409 403/528/408 352/596/464 385/597/465
f 404/488/371 407/501/384 336/598/466 424/599/467
f 408/600/468 402/593/462 387/567/440 401/566/439
f 401/566/439 384/565/438 427/601/469 408/600/468
f 389/568/441 441/602/470 442/603/471 392/569/442
f 409/604/472 439/605/473 433/606/474 504/607/475
f 357/608/476 410/609/477 439/605/473 409/604/472
f 410/609/477 437/610/478 436/611/479 434/612/480
f 411/575/448 397/574/447 372/588/434 392/613/442
f 415/614/386 412/615/481 340/522/404 341/525/390
f 413/495/378 423/490/373 346/616/482 344/617/483
f 421/506/388 419/505/387 342/618/484 343/570/443
f 412/615/481 416/619/485 337/549/425 340/522/404
f 416/619/485 413/495/378 344/617/483 337/549/425
f 419/505/387 420/499/382 338/521/403 342/618/484
f 418/498/381 415/503/386 341/508/390 339/511/393
f 420/499/382 418/498/381 339/511/393 338/521/403
f 423/490/373 414/489/372 405/620/486 346/616/482
f 345/621/487 414/489/372 404/488/371 424/599/467
f 405/620/486 414/489/372 345/621/487 425/622/488
f 426/623/413 427/601/469 384/565/438 386/564/410
f 426/533/413 428/532/412 436/611/479 432/624/489
f 430/625/490 431/626/491 355/526/406 406/529/409
f 431/626/491 428/532/412 394/531/411 355/526/406
f 429/627/492 430/625/490 406/529/409 385/597/465
f 432/628/489 389/568/441 427/601/469 426/623/413
f 434/612/480 436/611/479 428/532/412 431/626/491
f 408/600/468 427/601/469 389/568/441 354/558/433
f 438/629/493 437/610/478 410/609/477 357/608/476
f 432/624/489 436/611/479 437/610/478 440/630/494
f 442/603/471 441/602/470 440/631/494 395/632/495
f 440/631/494 441/602/470 389/568/441 432/628/489
f 440/630/494 437/610/478 438/629/493 395/633/495
f 443/536/416 347/563/437 348/553/428 368/543/423
f 356/527/407 396/581/451 445/595/463 446/634/496
f 445/595/463 375/594/429 374/550/424 447/635/497
f 446/634/496 445/595/463 447/635/497 451/636/498
f 449/519/401 452/571/444 343/570/443 342/618/484
f 451/636/498 447/635/497 344/617/483 346/616/482
f 376/520/402 449/519/401 342/618/484 338/521/403
f 448/637/499 460/638/500 454/639/501 359/640/502
f 447/635/497 374/550/424 337/549/425 344/617/483
f 422/641/503 453/642/504 335/643/505 461/644/506
f 417/645/507 453/642/504 422/641/503 456/646/508
f 458/583/453 455/590/459 472/586/456 465/647/509
f 454/639/501 460/638/500 469/572/445 474/587/457
f 454/639/501 455/590/459 349/589/458 359/640/502
f 457/584/454 458/583/453 465/647/509 467/592/461
f 457/584/454 459/648/510 388/649/511 353/585/455
f 456/646/508 460/638/500 448/637/499 417/645/507
f 456/646/508 422/641/503 471/650/512 470/573/446
f 388/649/511 459/648/510 464/651/513 503/652/514
f 438/653/493 462/654/515 442/655/471 395/656/495
f 462/654/515 463/657/516 399/576/449 411/575/448
f 442/655/471 462/654/515 411/575/448 392/613/442
f 463/657/516 466/658/517 468/591/460 399/576/449
f 504/607/475 433/606/474 502/659/518 435/660/519
f 467/592/461 465/647/509 398/515/397 400/577/450
f 467/592/461 468/591/460 459/648/510 457/584/454
f 468/591/460 466/658/517 464/651/513 459/648/510
f 357/661/476 409/662/472 466/658/517 463/657/516
f 354/558/433 382/557/432 402/593/462 408/600/468
f 357/661/476 463/657/516 462/654/515 438/653/493
f 465/647/509 472/586/456 350/512/394 398/515/397
f 470/573/446 471/650/512 421/506/388 343/570/443
f 470/573/446 469/572/445 460/638/500 456/646/508
f 474/587/457 469/572/445 452/571/444 390/516/398
f 474/587/457 472/586/456 455/590/459 454/639/501
f 322/463/351 473/462/350 517/663/520 506/664/521
f 329/485/368 331/467/354 509/507/389 510/665/522
f 422/641/503 517/663/520 510/665/522 471/650/512
f 996/461/349 475/666/523 290/433/332 985/484/348
f 475/666/523 270/667/328 277/430/327 290/433/332
f 429/627/492 502/659/518 433/606/474 430/625/490
f 494/668/524 478/669/525 477/670/526 485/671/527
f 476/672/528 477/670/526 353/673/455 388/674/511
f 495/675/529 479/676/530 478/669/525 494/668/524
f 477/670/526 478/669/525 381/677/452 353/673/455
f 496/678/531 480/679/532 479/676/530 495/675/529
f 478/669/525 479/676/530 349/680/458 381/677/452
f 497/681/533 481/682/534 480/679/532 496/678/531
f 479/676/530 480/679/532 359/683/502 349/680/458
f 498/684/535 482/685/536 481/682/534 497/681/533
f 480/679/532 481/682/534 448/686/499 359/683/502
f 499/687/537 483/688/538 482/685/536 498/684/535
f 481/682/534 482/685/536 417/689/507 448/686/499
f 500/690/539 484/691/540 483/688/538 499/687/537
f 482/685/536 483/688/538 453/692/504 417/689/507
f 476/672/528 486/693/541 485/671/527 477/670/526
f 483/688/538 484/691/540 335/694/505 453/692/504
f 424/695/467 336/696/466 493/697/542 492/698/543
f 345/699/487 424/695/467 492/698/543 491/700/544
f 425/701/488 345/699/487 491/700/544 490/702/545
f 450/703/546 425/701/488 490/702/545 489/704/547
f 444/705/548 450/703/546 489/704/547 488/706/549
f 352/707/464 444/705/548 488/706/549 487/708/550
f 385/709/465 352/707/464 487/708/550 486/693/541
f 429/710/492 385/709/465 486/693/541 476/672/528
f 435/711/519 502/712/518 505/713/551 503/714/514
f 493/697/542 500/690/539 499/687/537 492/698/543
f 492/698/543 499/687/537 498/684/535 491/700/544
f 491/700/544 498/684/535 497/681/533 490/702/545
f 490/702/545 497/681/533 496/678/531 489/704/547
f 489/704/547 496/678/531 495/675/529 488/706/549
f 488/706/549 495/675/529 494/668/524 487/708/550
f 487/708/550 494/668/524 485/671/527 486/693/541
f 501/715/552 430/625/490 433/606/474 439/605/473
f 501/715/552 439/605/473 410/609/477 434/612/480
f 430/625/490 501/715/552 434/612/480 431/626/491
f 504/716/475 464/651/513 466/658/517 409/662/472
f 503/714/514 505/713/551 476/672/528 388/674/511
f 476/672/528 505/713/551 502/712/518 429/710/492
f 503/652/514 464/651/513 504/716/475 435/717/519
f 510/665/522 517/663/520 473/462/350 329/485/368
f 513/487/370 514/486/369 420/499/382 419/505/387
f 512/494/377 508/493/376 412/615/481 415/614/386
f 516/497/380 511/496/379 413/495/378 416/619/485
f 519/502/385 518/492/375 333/472/358 323/479/363
f 512/504/377 507/500/383 326/459/347 328/458/346
f 510/665/522 509/507/389 421/506/388 471/650/512
f 518/492/375 515/491/374 334/473/359 333/472/358
f 515/491/374 511/496/379 332/481/365 334/473/359
f 507/500/383 514/486/369 325/469/355 326/459/347
f 508/493/376 516/497/380 416/619/485 412/615/481
f 513/487/370 509/507/389 331/467/354 330/466/353
f 506/664/521 517/663/520 422/641/503 461/644/506
f 405/620/486 520/718/553 451/636/498 346/616/482
f 520/718/553 521/719/554 446/634/496 451/636/498
f 521/719/554 403/528/408 356/527/407 446/634/496
f 425/622/488 450/720/546 520/718/553 405/620/486
f 450/720/546 444/721/548 521/719/554 520/718/553
f 444/721/548 352/596/464 403/528/408 521/719/554
f 549/722/555 552/723/555 523/724/555 522/725/555
f 546/726/2 558/727/2 5/7/2 2/6/2
f 532/455/343 534/728/556 567/729/557 543/452/341
f 523/724/555 557/730/555 545/731/555 522/725/555
f 1/732/7 3/733/8 554/734/8 542/735/7
f 545/731/555 560/736/558 524/737/558 522/725/555
f 522/725/555 524/737/558 564/738/558 549/722/555
f 534/739/556 535/740/559 576/741/560 567/742/557
f 528/743/561 529/744/562 609/745/563 600/746/564
f 2/6/2 7/31/16 561/747/16 546/726/2
f 532/455/343 533/454/342 551/748/342 548/749/565
f 591/750/566 581/751/567 536/752/568 537/753/569
f 9/39/23 12/42/24 594/754/24 570/755/23
f 548/749/565 563/756/570 534/728/556 532/455/343
f 566/757/26 575/758/27 8/46/27 6/45/26
f 584/759/28 602/760/29 14/50/29 10/49/28
f 560/761/558 569/762/571 525/763/572 524/764/558
f 524/764/558 525/763/572 573/765/573 564/766/558
f 575/758/27 588/767/34 13/58/34 8/46/27
f 11/60/35 15/63/36 597/768/36 579/769/35
f 569/762/571 593/770/574 527/771/575 525/763/572
f 563/772/570 572/773/576 535/740/559 534/739/556
f 572/773/576 591/750/566 537/753/569 535/740/559
f 15/63/36 17/69/40 606/774/577 597/768/36
f 593/770/574 578/775/578 526/776/579 527/771/575
f 537/753/569 536/752/568 585/777/580 587/778/581
f 578/775/578 596/779/582 528/743/561 526/776/579
f 17/69/40 19/76/47 615/780/583 606/774/577
f 581/751/567 599/781/584 538/782/585 536/752/568
f 602/760/29 611/783/586 16/79/50 14/50/29
f 611/783/586 620/784/587 18/81/52 16/79/50
f 667/785/588 663/786/589 664/787/590 666/788/591
f 1129/87/58 1142/789/592 635/790/593 125/88/59
f 547/791/594 559/792/594 558/727/2 546/726/2
f 1144/793/595 1143/794/596 617/795/597 619/796/598
f 614/797/599 530/798/600 529/744/562 605/799/601
f 526/776/579 528/743/561 600/746/564 582/800/602
f 12/42/24 11/60/35 579/769/35 594/754/24
f 7/101/16 9/39/23 570/755/23 561/801/16
f 525/763/572 527/771/575 590/802/603 573/765/573
f 599/781/584 608/803/604 539/804/605 538/782/585
f 617/795/597 540/805/606 539/804/605 608/803/604
f 612/806/607 539/804/605 540/805/606 621/807/608
f 536/752/568 538/782/585 603/808/609 585/777/580
f 588/767/34 584/759/28 10/49/28 13/58/34
f 538/782/585 539/804/605 612/806/607 603/808/609
f 535/740/559 537/753/569 587/778/581 576/741/560
f 527/771/575 526/776/579 582/800/602 590/802/603
f 542/735/7 566/809/26 6/810/26 1/732/7
f 545/731/555 557/730/555 559/792/594 547/791/594
f 550/811/610 548/749/565 551/748/342 553/812/611
f 545/731/555 547/791/594 562/813/612 560/736/558
f 547/791/594 546/726/2 561/747/16 562/813/612
f 554/734/8 556/814/613 544/815/614 542/735/7
f 624/816/615 662/817/616 664/787/590 626/818/617
f 556/814/613 555/453/342 543/452/341 544/815/614
f 549/722/555 550/811/610 553/812/611 552/723/555
f 776/819/618 682/820/87 180/122/87 296/121/86
f 560/761/558 562/821/612 571/822/619 569/762/571
f 562/821/612 561/801/16 570/755/23 571/822/619
f 542/735/7 544/815/614 568/823/620 566/809/26
f 544/815/614 543/452/341 567/729/557 568/823/620
f 565/824/621 563/756/570 548/749/565 550/811/610
f 576/741/560 577/825/622 568/826/620 567/742/557
f 577/825/622 575/758/27 566/757/26 568/826/620
f 563/772/570 565/827/621 574/828/623 572/773/576
f 564/738/558 565/824/621 550/811/610 549/722/555
f 585/777/580 586/829/624 589/830/625 587/778/581
f 586/829/624 584/759/28 588/767/34 589/830/625
f 591/750/566 592/831/626 583/832/627 581/751/567
f 565/833/621 564/766/558 573/765/573 574/834/623
f 583/835/627 582/800/602 600/746/564 601/836/628
f 592/831/626 591/750/566 572/773/576 574/828/623
f 569/762/571 571/822/619 595/837/629 593/770/574
f 571/822/619 570/755/23 594/754/24 595/837/629
f 593/770/574 595/837/629 580/838/630 578/775/578
f 595/837/629 594/754/24 579/769/35 580/838/630
f 575/758/27 577/825/622 589/830/625 588/767/34
f 577/825/622 576/741/560 587/778/581 589/830/625
f 581/751/567 583/832/627 601/839/628 599/781/584
f 592/840/626 590/802/603 582/800/602 583/835/627
f 597/768/36 598/841/631 580/838/630 579/769/35
f 598/841/631 596/779/582 578/775/578 580/838/630
f 584/759/28 586/829/624 604/842/632 602/760/29
f 586/829/624 585/777/580 603/808/609 604/842/632
f 596/779/582 598/841/631 607/843/633 605/799/601
f 598/841/631 597/768/36 606/774/577 607/843/633
f 612/806/607 613/844/634 604/842/632 603/808/609
f 613/844/634 611/783/586 602/760/29 604/842/632
f 599/781/584 601/839/628 610/845/635 608/803/604
f 618/846/636 619/847/598 610/848/635 609/745/563
f 611/783/586 613/844/634 622/849/637 620/784/587
f 613/844/634 612/806/607 621/807/608 622/849/637
f 1145/850/638 540/805/606 617/795/597 1143/794/596
f 619/796/598 617/795/597 608/803/604 610/845/635
f 605/799/601 607/843/633 616/851/639 614/797/599
f 607/843/633 606/774/577 615/780/583 616/851/639
f 1147/852/640 1146/853/641 628/854/642 630/855/643
f 590/802/603 592/840/626 574/834/623 573/765/573
f 1149/856/644 1148/857/645 531/858/646 624/859/615
f 1146/853/641 1138/165/119 126/164/118 628/854/642
f 626/818/617 664/787/590 663/786/589 625/860/647
f 1150/861/648 627/862/649 636/863/650 1151/864/651
f 627/865/649 658/866/652 634/867/653 636/868/650
f 1147/852/640 630/855/643 623/869/654 1152/870/655
f 635/790/593 644/871/656 136/177/129 125/88/59
f 634/867/653 643/872/657 645/873/658 636/868/650
f 641/874/659 633/875/660 655/876/661 649/877/662
f 628/854/642 637/878/663 639/879/664 630/855/643
f 631/880/665 640/881/666 669/882/667 665/883/668
f 126/164/118 137/191/142 637/878/663 628/854/642
f 641/874/659 649/877/662 643/872/657 642/884/669
f 667/785/588 632/885/670 634/867/653 658/866/652
f 636/863/650 645/886/658 644/871/656 635/790/593
f 630/887/643 639/888/664 638/889/671 629/890/672
f 644/871/656 650/891/673 147/199/147 136/177/129
f 643/872/657 649/877/662 651/892/674 645/873/658
f 640/881/666 641/874/659 642/884/669 669/882/667
f 637/878/663 646/893/675 648/894/676 639/879/664
f 137/191/142 148/204/152 646/893/675 637/878/663
f 645/886/658 651/895/674 650/891/673 644/871/656
f 629/890/672 638/889/671 640/881/666 631/880/665
f 639/888/664 648/896/676 647/897/677 638/889/671
f 648/896/676 654/898/678 653/899/679 647/897/677
f 646/893/675 652/900/680 654/901/678 648/894/676
f 651/895/674 657/902/681 656/903/682 650/891/673
f 148/204/152 156/214/159 652/900/680 646/893/675
f 649/877/662 655/876/661 657/904/681 651/892/674
f 650/891/673 656/903/682 155/216/160 147/199/147
f 1148/857/645 530/798/600 614/797/599 1152/870/655
f 647/897/677 653/899/679 633/875/660 641/874/659
f 596/779/582 605/799/601 529/744/562 528/743/561
f 609/745/563 529/744/562 530/798/600 618/846/636
f 623/905/654 661/906/683 659/907/684 531/908/646
f 601/836/628 600/746/564 609/745/563 610/848/635
f 625/860/647 663/786/589 660/909/685 541/910/686
f 1149/856/644 624/859/615 626/911/617 1144/912/595
f 1150/861/648 1145/850/638 541/913/686 627/862/649
f 630/887/643 629/890/672 661/906/683 623/905/654
f 662/817/616 659/907/684 661/906/683 668/914/687
f 667/785/588 658/866/652 660/909/685 663/786/589
f 666/788/591 664/787/590 662/817/616 668/914/687
f 642/884/669 643/872/657 634/867/653 632/885/670
f 531/908/646 659/907/684 662/817/616 624/816/615
f 541/910/686 660/909/685 658/866/652 627/865/649
f 661/906/683 629/890/672 631/880/665 668/914/687
f 665/883/668 632/885/670 667/785/588 666/788/591
f 638/889/671 647/897/677 641/874/659 640/881/666
f 668/914/687 631/880/665 665/883/668 666/788/591
f 1142/789/592 1151/864/651 636/863/650 635/790/593
f 669/882/667 642/884/669 632/885/670 665/883/668
f 633/875/660 653/899/679 671/915/688 655/876/661
f 657/904/681 655/876/661 671/915/688 670/916/689
f 671/915/688 653/899/679 654/898/678 670/916/689
f 654/901/678 652/900/680 672/917/690 670/918/689
f 656/903/682 672/919/690 177/231/169 155/216/160
f 652/900/680 156/214/159 177/233/169 672/917/690
f 657/902/681 670/920/689 672/919/690 656/903/682
f 777/921/691 683/922/692 682/820/87 776/819/618
f 778/923/693 679/924/694 674/925/695 772/926/693
f 779/927/696 675/928/697 677/929/698 773/930/611
f 305/931/179 179/932/181 678/933/181 774/934/179
f 780/935/699 680/936/700 679/924/694 778/923/693
f 774/934/179 678/933/181 680/936/700 780/935/699
f 781/937/701 681/938/702 683/922/692 777/921/691
f 782/939/703 676/940/704 673/941/705 775/942/703
f 772/926/693 674/925/695 675/928/697 779/927/696
f 775/942/703 673/941/705 681/938/702 781/937/701
f 773/930/611 677/929/698 676/940/704 782/939/703
f 791/943/611 773/930/611 782/939/703 789/944/706
f 793/945/706 775/942/703 781/937/701 788/946/707
f 790/947/708 772/926/693 779/927/696 786/948/709
f 789/944/706 782/939/703 775/942/703 793/945/706
f 788/946/707 781/937/701 777/921/691 784/949/594
f 792/950/8 774/934/179 780/935/699 787/951/710
f 787/951/710 780/935/699 778/923/693 785/952/342
f 313/953/8 305/931/179 774/934/179 792/950/8
f 786/948/709 779/927/696 773/930/611 791/943/611
f 785/952/342 778/923/693 772/926/693 790/947/708
f 784/949/594 777/921/691 776/819/618 783/954/2
f 783/954/2 776/819/618 296/121/86 317/269/2
f 558/727/2 783/954/2 317/269/2 5/7/2
f 1094/955/711 690/956/712 685/957/713 1095/958/714
f 1096/959/715 694/960/716 693/961/202 1097/962/201
f 1098/963/717 688/964/718 687/965/719 1099/966/720
f 1097/962/201 693/961/202 193/283/202 1087/282/201
f 1100/967/721 692/968/722 694/960/716 1096/959/715
f 1101/969/723 684/970/724 692/968/722 1100/967/721
f 1095/958/714 685/957/713 686/971/725 1102/972/726
f 1103/973/214 689/974/217 691/975/727 1104/976/728
f 1099/966/720 687/965/719 684/970/724 1101/969/723
f 1102/972/726 686/971/725 688/964/718 1098/963/717
f 1093/977/214 192/978/217 689/974/217 1103/973/214
f 1104/976/728 691/975/727 690/956/712 1094/955/711
f 1118/979/218 700/980/221 702/981/729 1119/982/730
f 1120/983/731 698/984/732 695/985/733 1121/986/731
f 1122/987/734 697/988/735 699/989/736 1123/990/737
f 1111/991/218 205/992/221 700/980/221 1118/979/218
f 1119/982/730 702/981/729 701/993/738 1124/994/739
f 1124/994/739 701/993/738 696/995/740 1125/996/741
f 1126/997/742 705/998/743 704/999/235 1127/1000/234
f 1123/990/737 699/989/736 698/984/732 1120/983/731
f 1127/1000/234 704/999/235 206/319/235 1116/318/234
f 1128/1001/744 703/1002/745 705/998/743 1126/997/742
f 1121/986/731 695/985/733 703/1002/745 1128/1001/744
f 1125/996/741 696/995/740 697/988/735 1122/987/734
f 1046/1003/746 714/1004/747 716/1005/748 1047/1006/749
f 1048/1007/750 706/1008/751 714/1004/747 1046/1003/746
f 1049/1009/752 707/1010/753 708/1011/754 1050/1012/755
f 1051/1013/249 711/1014/252 713/1015/756 1052/1016/757
f 1053/1017/758 709/1018/759 706/1008/751 1048/1007/750
f 1050/1012/755 708/1011/754 710/1019/760 1054/1020/761
f 1042/1021/249 218/1022/252 711/1014/252 1051/1013/249
f 1052/1016/757 713/1015/756 712/1023/762 1055/1024/763
f 1055/1024/763 712/1023/762 707/1010/753 1049/1009/752
f 1047/1006/749 716/1005/748 715/1025/260 1056/1026/259
f 1054/1020/761 710/1019/760 709/1018/759 1053/1017/758
f 1056/1026/259 715/1025/260 219/347/260 1045/346/259
f 1022/1027/764 724/1028/765 723/1029/766 1023/1030/767
f 1023/1030/767 723/1029/766 718/1031/768 1024/1032/769
f 1025/1033/770 727/1034/771 726/1035/269 1026/1036/268
f 1027/1037/772 721/1038/773 720/1039/774 1028/1040/775
f 1026/1036/268 726/1035/269 232/363/269 1016/362/268
f 1029/1041/776 725/1042/777 727/1034/771 1025/1033/770
f 1030/1043/778 717/1044/779 725/1042/777 1029/1041/776
f 1024/1032/769 718/1031/768 719/1045/780 1031/1046/781
f 1032/1047/281 722/1048/282 724/1028/765 1022/1027/764
f 1028/1040/775 720/1039/774 717/1044/779 1030/1043/778
f 1031/1046/781 719/1045/780 721/1038/773 1027/1037/772
f 1021/1049/281 231/1050/282 722/1048/282 1032/1047/281
f 1070/1051/283 733/1052/286 735/1053/782 1071/1054/783
f 1072/1055/784 731/1056/785 728/1057/786 1073/1058/787
f 1074/1059/788 730/1060/789 732/1061/790 1075/1062/791
f 1063/1063/295 244/1064/286 733/1052/286 1070/1051/283
f 1071/1054/783 735/1053/782 734/1065/792 1076/1066/793
f 1076/1066/793 734/1065/792 729/1067/794 1077/1068/795
f 1078/1069/796 738/1070/797 737/1071/302 1079/1072/301
f 1075/1062/791 732/1061/790 731/1056/785 1072/1055/784
f 1079/1072/301 737/1071/302 245/397/302 1068/396/301
f 1080/1073/798 736/1074/799 738/1070/797 1078/1069/796
f 1073/1058/787 728/1057/786 736/1074/799 1080/1073/798
f 1077/1068/795 729/1067/794 730/1060/789 1074/1059/788
f 737/1071/302 748/1075/306 258/400/306 245/397/302
f 736/1074/799 747/1076/800 749/1077/801 738/1070/797
f 728/1057/786 739/1078/802 747/1076/800 736/1074/799
f 729/1067/794 740/1079/803 741/1080/804 730/1060/789
f 733/1052/286 744/1081/313 746/1082/805 735/1053/782
f 731/1056/785 742/1083/806 739/1078/802 728/1057/786
f 730/1060/789 741/1080/804 743/1084/807 732/1061/790
f 244/1064/286 257/1085/313 744/1081/313 733/1052/286
f 735/1053/782 746/1082/805 745/1086/808 734/1065/792
f 734/1065/792 745/1086/808 740/1079/803 729/1067/794
f 738/1070/797 749/1077/801 748/1075/306 737/1071/302
f 732/1061/790 743/1084/807 742/1083/806 731/1056/785
f 746/1082/805 757/1087/809 756/1088/810 745/1086/808
f 745/1086/808 756/1088/810 751/1089/811 740/1079/803
f 749/1077/801 760/1090/812 759/1091/320 748/1075/306
f 743/1084/807 754/1092/813 753/1093/814 742/1083/806
f 748/1075/306 759/1091/320 271/420/320 258/400/306
f 747/1076/800 758/1094/815 760/1090/812 749/1077/801
f 739/1078/802 750/1095/816 758/1094/815 747/1076/800
f 740/1079/803 751/1089/811 752/1096/817 741/1080/804
f 744/1081/313 755/1097/327 757/1087/809 746/1082/805
f 742/1083/806 753/1093/814 750/1095/816 739/1078/802
f 741/1080/804 752/1096/817 754/1092/813 743/1084/807
f 257/1085/313 270/1098/328 755/1097/327 744/1081/313
f 751/1099/811 762/1100/818 763/1101/819 752/1102/817
f 755/1103/327 766/1104/820 768/1105/821 757/1106/809
f 753/1107/814 764/1108/822 761/1109/823 750/1110/816
f 752/1102/817 763/1101/819 765/1111/824 754/1112/813
f 757/1106/809 768/1105/821 767/1113/825 756/1114/810
f 756/1114/810 767/1113/825 762/1100/818 751/1099/811
f 760/1115/812 771/1116/826 770/1117/827 759/1118/320
f 754/1119/813 765/1120/824 764/1108/822 753/1107/814
f 759/1118/320 770/1117/827 284/449/339 271/448/320
f 758/1121/815 769/1122/828 771/1116/826 760/1115/812
f 750/1110/816 761/1109/823 769/1122/828 758/1121/815
f 559/792/594 784/949/594 783/954/2 558/727/2
f 555/453/342 785/952/342 790/947/708 533/454/342
f 551/748/342 786/948/709 791/943/611 553/812/611
f 3/733/8 313/953/8 792/950/8 554/734/8
f 556/814/613 787/951/710 785/952/342 555/453/342
f 554/734/8 792/950/8 787/951/710 556/814/613
f 557/730/555 788/946/707 784/949/594 559/792/594
f 552/723/555 789/944/706 793/945/706 523/724/555
f 533/454/342 790/947/708 786/948/709 551/748/342
f 523/724/555 793/945/706 788/946/707 557/730/555
f 553/812/611 791/943/611 789/944/706 552/723/555
f 998/1123/829 796/1124/830 798/1125/831 997/1126/832
f 986/460/348 322/463/351 939/1127/833 1008/1128/834
f 1001/1129/835 801/1130/836 800/1131/837 1000/1132/838
f 1000/1132/838 800/1131/837 795/1133/839 1002/1134/840
f 1004/1135/841 804/1136/842 803/1137/843 1003/1138/844
f 997/1139/832 798/1140/831 797/1141/845 1005/1142/846
f 1003/1138/844 803/1137/843 323/479/363 993/478/362
f 1006/1143/847 802/1144/848 804/1136/842 1004/1135/841
f 1007/1145/849 794/1146/850 802/1144/848 1006/1143/847
f 1002/1134/840 795/1133/839 796/1124/830 998/1123/829
f 999/1147/834 799/1148/851 801/1130/836 1001/1129/835
f 1005/1142/846 797/1141/845 794/1146/850 1007/1145/849
f 795/1133/839 800/1131/837 975/1149/852 976/1150/853
f 872/1151/854 980/1152/855 977/1153/856 890/1154/857 881/1155/858
f 797/1141/845 798/1140/831 974/1156/859 970/1157/860
f 890/1154/857 977/1153/856 973/1158/861 880/1159/862
f 802/1144/848 794/1146/850 978/1160/863 973/1158/861
f 885/1161/864 969/1162/865 976/1150/853 887/1163/866
f 407/501/384 519/502/385 980/1152/855 872/1151/854
f 794/1146/850 797/1141/845 970/1157/860 978/1160/863
f 882/1164/867 974/1165/859 969/1162/865 885/1161/864
f 886/1166/868 975/1149/852 971/1167/869 888/1168/870
f 809/1169/871 807/1170/872 847/1171/873 841/1172/874
f 818/1173/875 866/1174/876 861/1175/877 859/1176/878
f 818/1173/875 859/1176/878 826/1177/879 858/1178/880
f 848/1179/881 844/1180/882 916/1181/883 826/1177/879
f 807/1170/872 806/1182/884 844/1180/882 847/1171/873
f 808/1183/885 809/1184/871 841/1185/874 845/1186/886
f 823/1187/887 874/1188/888 871/1189/889 824/1190/890
f 854/1191/891 893/1192/892 895/1193/893 862/1194/894
f 831/1195/895 828/1196/896 910/1197/897 832/1198/898
f 833/1199/899 835/1200/900 837/1201/901 829/1202/902
f 830/1203/903 836/1204/904 910/1197/897 828/1196/896
f 844/1205/882 833/1199/899 829/1202/902 847/1206/873
f 847/1206/873 829/1202/902 830/1203/903 841/1207/874
f 841/1207/874 830/1203/903 828/1196/896 845/1208/886
f 845/1208/886 828/1196/896 831/1195/895 842/1209/905
f 805/1210/906 808/1183/885 845/1186/886 842/1211/905
f 835/1200/900 834/1212/907 838/1213/908 837/1201/901
f 838/1213/908 816/1214/909 836/1204/904 837/1201/901
f 837/1201/901 836/1204/904 830/1203/903 829/1202/902
f 843/1215/910 832/1198/898 819/1216/911 846/1217/912
f 850/1218/913 851/1219/914 840/1220/915 822/1221/916
f 835/1200/900 833/1199/899 844/1205/882 848/1222/881
f 835/1200/900 848/1222/881 839/1223/917 834/1212/907
f 842/1209/905 831/1195/895 832/1198/898 843/1215/910
f 832/1198/898 910/1197/897 815/1224/918 819/1216/911
f 834/1212/907 839/1223/917 851/1219/914 850/1218/913
f 819/1216/911 852/1225/919 854/1226/891 846/1217/912
f 852/1225/919 819/1216/911 815/1224/918 869/1227/920
f 815/1224/918 816/1214/909 855/1228/921 869/1227/920
f 840/1220/915 860/1229/922 857/1230/923 822/1221/916
f 811/1231/924 936/1232/925 935/1233/926 919/1234/927
f 858/1178/880 826/1177/879 916/1181/883 919/1234/927
f 865/1235/928 868/1236/929 867/1237/930 878/1238/931
f 861/1175/877 851/1239/914 839/1240/917 859/1176/878
f 854/1191/891 862/1194/894 864/1241/932 846/1242/912
f 849/1243/933 821/1244/934 924/1245/935 925/1246/936
f 862/1194/894 823/1187/887 824/1190/890 864/1241/932
f 858/1178/880 940/1247/937 938/1248/938 818/1173/875
f 859/1176/878 839/1240/917 848/1179/881 826/1177/879
f 865/1235/928 840/1249/915 851/1239/914 861/1175/877
f 817/1250/939 849/1243/933 925/1246/936 922/1251/940
f 868/1236/929 865/1235/928 861/1175/877 866/1174/876
f 868/1236/929 933/1252/941 934/1253/942 867/1237/930
f 816/1214/909 838/1213/908 870/1254/943 855/1228/921
f 870/1254/943 838/1213/908 834/1212/907 850/1218/913
f 864/1241/932 912/1255/944 843/1256/910 846/1242/912
f 874/1188/888 853/1257/945 820/1258/946 871/1189/889
f 872/1151/854 891/1259/947 336/598/466 407/501/384
f 875/1260/948 869/1227/920 855/1228/921 870/1254/943
f 869/1227/920 875/1260/948 894/1261/949 852/1225/919
f 857/1230/923 860/1229/922 909/1262/950 908/1263/951
f 876/1264/952 967/1265/953 900/1266/954 906/1267/955
f 825/1268/956 876/1264/952 906/1267/955 877/1269/957
f 877/1269/957 901/1270/958 903/1271/959 904/1272/960
f 878/1238/931 860/1273/922 840/1249/915 865/1235/928
f 882/1274/867 809/1184/871 808/1183/885 879/1275/961
f 880/1159/862 812/1276/962 814/1277/963 890/1154/857
f 888/1168/870 811/1231/924 810/1278/964 886/1166/868
f 879/1275/961 808/1183/885 805/1210/906 883/1279/965
f 883/1279/965 805/1210/906 812/1276/962 880/1159/862
f 886/1166/868 810/1278/964 806/1182/884 887/1163/866
f 885/1161/864 807/1170/872 809/1169/871 882/1164/867
f 887/1163/866 806/1182/884 807/1170/872 885/1161/864
f 890/1154/857 814/1277/963 873/1280/966 881/1155/858
f 813/1281/967 891/1259/947 872/1151/854 881/1155/858
f 873/1280/966 892/1282/968 813/1281/967 881/1155/858
f 893/1283/892 854/1226/891 852/1225/919 894/1261/949
f 893/1192/892 899/1284/969 903/1271/959 895/1193/893
f 897/1285/970 874/1188/888 823/1187/887 898/1286/971
f 898/1286/971 823/1187/887 862/1194/894 895/1193/893
f 896/1287/972 853/1257/945 874/1188/888 897/1285/970
f 899/1288/969 893/1283/892 894/1261/949 857/1230/923
f 901/1270/958 898/1286/971 895/1193/893 903/1271/959
f 875/1260/948 822/1221/916 857/1230/923 894/1261/949
f 905/1289/973 825/1268/956 877/1269/957 904/1272/960
f 899/1284/969 907/1290/974 904/1272/960 903/1271/959
f 909/1262/950 863/1291/975 907/1292/974 908/1263/951
f 907/1292/974 899/1288/969 857/1230/923 908/1263/951
f 907/1290/974 863/1293/975 905/1289/973 904/1272/960
f 910/1197/897 836/1204/904 816/1214/909 815/1224/918
f 824/1190/890 913/1294/976 912/1255/944 864/1241/932
f 912/1255/944 914/1295/977 842/1211/905 843/1256/910
f 913/1294/976 918/1296/978 914/1295/977 912/1255/944
f 916/1181/883 810/1278/964 811/1231/924 919/1234/927
f 918/1296/978 814/1277/963 812/1276/962 914/1295/977
f 844/1180/882 806/1182/884 810/1278/964 916/1181/883
f 915/1297/979 827/1298/980 921/1299/981 927/1300/982
f 914/1295/977 812/1276/962 805/1210/906 842/1211/905
f 889/1301/983 461/644/506 335/643/505 920/1302/984
f 884/1303/985 923/1304/986 889/1301/983 920/1302/984
f 925/1246/936 931/1305/987 938/1248/938 922/1251/940
f 921/1299/981 940/1247/937 935/1233/926 927/1300/982
f 921/1299/981 827/1298/980 817/1250/939 922/1251/940
f 924/1245/935 933/1252/941 931/1305/987 925/1246/936
f 924/1245/935 821/1244/934 856/1306/988 926/1307/989
f 923/1304/986 884/1303/985 915/1297/979 927/1300/982
f 923/1304/986 936/1232/925 937/1308/990 889/1301/983
f 856/1306/988 966/1309/991 930/1310/992 926/1307/989
f 905/1311/973 863/1312/975 909/1313/950 928/1314/993
f 928/1314/993 878/1238/931 867/1237/930 929/1315/994
f 909/1313/950 860/1273/922 878/1238/931 928/1314/993
f 929/1315/994 867/1237/930 934/1253/942 932/1316/995
f 967/1265/953 902/1317/996 965/1318/997 900/1266/954
f 933/1252/941 868/1236/929 866/1174/876 931/1305/987
f 933/1252/941 924/1245/935 926/1307/989 934/1253/942
f 934/1253/942 926/1307/989 930/1310/992 932/1316/995
f 825/1319/956 929/1315/994 932/1316/995 876/1320/952
f 822/1221/916 875/1260/948 870/1254/943 850/1218/913
f 825/1319/956 905/1311/973 928/1314/993 929/1315/994
f 931/1305/987 866/1174/876 818/1173/875 938/1248/938
f 936/1232/925 811/1231/924 888/1168/870 937/1308/990
f 936/1232/925 923/1304/986 927/1300/982 935/1233/926
f 940/1247/937 858/1178/880 919/1234/927 935/1233/926
f 940/1247/937 921/1299/981 922/1251/940 938/1248/938
f 322/463/351 506/664/521 979/1321/998 939/1127/833
f 799/1148/851 972/1322/999 971/1167/869 801/1130/836
f 889/1301/983 937/1308/990 972/1322/999 979/1321/998
f 1008/1128/834 999/1147/834 766/1104/820 941/1323/523
f 941/1323/523 766/1104/820 755/1103/327 270/667/328
f 896/1287/972 897/1285/970 900/1266/954 965/1318/997
f 958/1324/1000 950/1325/1001 943/1326/1002 944/1327/1003
f 942/1328/1004 856/1329/988 821/1330/934 943/1326/1002
f 959/1331/1005 958/1324/1000 944/1327/1003 945/1332/1006
f 943/1326/1002 821/1330/934 849/1333/933 944/1327/1003
f 960/1334/1007 959/1331/1005 945/1332/1006 946/1335/1008
f 944/1327/1003 849/1333/933 817/1336/939 945/1332/1006
f 961/1337/1009 960/1334/1007 946/1335/1008 947/1338/1010
f 945/1332/1006 817/1336/939 827/1339/980 946/1335/1008
f 962/1340/1011 961/1337/1009 947/1338/1010 948/1341/1012
f 946/1335/1008 827/1339/980 915/1342/979 947/1338/1010
f 963/1343/1013 962/1340/1011 948/1341/1012 949/1344/1014
f 947/1338/1010 915/1342/979 884/1345/985 948/1341/1012
f 500/690/539 963/1343/1013 949/1344/1014 484/691/540
f 948/1341/1012 884/1345/985 920/1346/984 949/1344/1014
f 942/1328/1004 943/1326/1002 950/1325/1001 951/1347/1015
f 949/1344/1014 920/1346/984 335/694/505 484/691/540
f 891/1348/947 957/1349/1016 493/697/542 336/696/466
f 813/1350/967 956/1351/1017 957/1349/1016 891/1348/947
f 892/1352/968 955/1353/1018 956/1351/1017 813/1350/967
f 917/1354/1019 954/1355/1020 955/1353/1018 892/1352/968
f 911/1356/1021 953/1357/1022 954/1355/1020 917/1354/1019
f 820/1358/946 952/1359/1023 953/1357/1022 911/1356/1021
f 853/1360/945 951/1347/1015 952/1359/1023 820/1358/946
f 896/1361/972 942/1328/1004 951/1347/1015 853/1360/945
f 902/1362/996 966/1363/991 968/1364/1024 965/1365/997
f 493/697/542 957/1349/1016 963/1343/1013 500/690/539
f 957/1349/1016 956/1351/1017 962/1340/1011 963/1343/1013
f 956/1351/1017 955/1353/1018 961/1337/1009 962/1340/1011
f 955/1353/1018 954/1355/1020 960/1334/1007 961/1337/1009
f 954/1355/1020 953/1357/1022 959/1331/1005 960/1334/1007
f 953/1357/1022 952/1359/1023 958/1324/1000 959/1331/1005
f 952/1359/1023 951/1347/1015 950/1325/1001 958/1324/1000
f 964/1366/1025 906/1267/955 900/1266/954 897/1285/970
f 964/1366/1025 901/1270/958 877/1269/957 906/1267/955
f 897/1285/970 898/1286/971 901/1270/958 964/1366/1025
f 967/1367/953 876/1320/952 932/1316/995 930/1310/992
f 966/1363/991 856/1329/988 942/1328/1004 968/1364/1024
f 942/1328/1004 896/1361/972 965/1365/997 968/1364/1024
f 966/1309/991 902/1368/996 967/1367/953 930/1310/992
f 972/1322/999 799/1148/851 939/1127/833 979/1321/998
f 975/1149/852 886/1166/868 887/1163/866 976/1150/853
f 974/1156/859 882/1274/867 879/1275/961 970/1157/860
f 978/1160/863 883/1279/965 880/1159/862 973/1158/861
f 519/502/385 323/479/363 803/1137/843 980/1152/855
f 974/1165/859 798/1125/831 796/1124/830 969/1162/865
f 972/1322/999 937/1308/990 888/1168/870 971/1167/869
f 980/1152/855 803/1137/843 804/1136/842 977/1153/856
f 977/1153/856 804/1136/842 802/1144/848 973/1158/861
f 969/1162/865 796/1124/830 795/1133/839 976/1150/853
f 970/1157/860 879/1275/961 883/1279/965 978/1160/863
f 975/1149/852 800/1131/837 801/1130/836 971/1167/869
f 506/664/521 461/644/506 889/1301/983 979/1321/998
f 873/1280/966 814/1277/963 918/1296/978 981/1369/1026
f 981/1369/1026 918/1296/978 913/1294/976 982/1370/1027
f 982/1370/1027 913/1294/976 824/1190/890 871/1189/889
f 892/1282/968 873/1280/966 981/1369/1026 917/1371/1019
f 917/1371/1019 981/1369/1026 982/1370/1027 911/1372/1021
f 911/1372/1021 982/1370/1027 871/1189/889 820/1258/946
f 939/1127/833 799/1148/851 999/1147/834 1008/1128/834
f 764/1108/822 1005/1142/846 1007/1145/849 761/1109/823
f 766/1104/820 999/1147/834 1001/1129/835 768/1105/821
f 762/1100/818 1002/1134/840 998/1123/829 763/1101/819
f 761/1109/823 1007/1145/849 1006/1143/847 769/1122/828
f 769/1122/828 1006/1143/847 1004/1135/841 771/1116/826
f 770/1117/827 1003/1138/844 993/478/362 284/449/339
f 765/1120/824 997/1139/832 1005/1142/846 764/1108/822
f 771/1116/826 1004/1135/841 1003/1138/844 770/1117/827
f 767/1113/825 1000/1132/838 1002/1134/840 762/1100/818
f 768/1105/821 1001/1129/835 1000/1132/838 767/1113/825
f 283/1373/1028 986/460/348 1008/1128/834 941/1323/523
f 763/1101/819 998/1123/829 997/1126/832 765/1111/824
f 473/462/350 996/461/349 985/484/348 329/485/368
f 288/437/334 285/436/333 995/482/366 992/475/360
f 290/433/332 292/432/331 988/464/352 985/484/348
f 286/429/330 287/428/329 984/456/344 989/468/344
f 285/436/333 293/451/340 994/480/364 995/482/366
f 293/451/340 295/445/338 991/470/356 994/480/364
f 294/444/337 284/449/339 993/478/362 990/471/357
f 289/447/335 288/437/334 992/475/360 983/474/345
f 295/445/338 294/444/337 990/471/357 991/470/356
f 291/441/336 286/429/330 989/468/344 987/465/344
f 292/432/331 291/441/336 987/465/344 988/464/352
f 283/1373/1028 475/666/523 996/461/349 986/460/348
f 287/428/329 289/439/335 983/457/345 984/456/344
f 283/1373/1028 941/1323/523 270/667/328 475/666/523
f 218/1022/252 1021/1049/281 1032/1047/281 711/1014/252
f 708/1011/754 1031/1046/781 1027/1037/772 710/1019/760
f 709/1018/759 1028/1040/775 1030/1043/778 706/1008/751
f 711/1014/252 1032/1047/281 1022/1027/764 713/1015/756
f 707/1010/753 1024/1032/769 1031/1046/781 708/1011/754
f 706/1008/751 1030/1043/778 1029/1041/776 714/1004/747
f 714/1004/747 1029/1041/776 1025/1033/770 716/1005/748
f 715/1025/260 1026/1036/268 1016/362/268 219/347/260
f 710/1019/760 1027/1037/772 1028/1040/775 709/1018/759
f 716/1005/748 1025/1033/770 1026/1036/268 715/1025/260
f 712/1023/762 1023/1030/767 1024/1032/769 707/1010/753
f 713/1015/756 1022/1027/764 1023/1030/767 712/1023/762
f 218/341/252 225/335/252 1020/370/281 1021/372/281
f 222/330/247 224/339/256 1015/358/271 1019/368/279
f 223/337/254 220/327/244 1018/366/277 1014/359/272
f 225/335/252 227/334/251 1010/348/261 1020/370/281
f 221/331/248 222/330/247 1019/368/279 1011/352/265
f 220/327/244 228/325/242 1017/364/275 1018/366/277
f 228/325/242 230/324/241 1013/354/267 1017/364/275
f 229/345/260 219/347/260 1016/362/268 1012/355/268
f 224/339/256 223/337/254 1014/359/272 1015/358/271
f 230/324/241 229/345/260 1012/355/268 1013/354/267
f 226/343/258 221/331/248 1011/352/265 1009/349/262
f 227/334/251 226/343/258 1009/349/262 1010/348/261
f 704/999/235 1056/1026/259 1045/346/259 206/319/235
f 699/989/736 1054/1020/761 1053/1017/758 698/984/732
f 705/998/743 1047/1006/749 1056/1026/259 704/999/235
f 701/993/738 1055/1024/763 1049/1009/752 696/995/740
f 702/981/729 1052/1016/757 1055/1024/763 701/993/738
f 205/992/221 1042/1021/249 1051/1013/249 700/980/221
f 697/988/735 1050/1012/755 1054/1020/761 699/989/736
f 698/984/732 1053/1017/758 1048/1007/750 695/985/733
f 700/980/221 1051/1013/249 1052/1016/757 702/981/729
f 696/995/740 1049/1009/752 1050/1012/755 697/988/735
f 695/985/733 1048/1007/750 1046/1003/746 703/1002/745
f 703/1002/745 1046/1003/746 1047/1006/749 705/998/743
f 216/316/235 206/319/235 1045/346/259 1044/344/259
f 211/306/227 210/303/224 1040/336/253 1041/338/255
f 217/317/236 216/316/235 1044/344/259 1033/323/240
f 213/311/230 208/313/232 1037/328/245 1043/342/257
f 214/298/220 213/311/230 1043/342/257 1038/333/250
f 205/309/221 212/299/221 1039/332/249 1042/340/249
f 209/307/228 211/306/227 1041/338/255 1036/329/246
f 210/303/224 207/302/223 1035/326/243 1040/336/253
f 212/299/221 214/298/220 1038/333/250 1039/332/249
f 208/313/232 209/307/228 1036/329/246 1037/328/245
f 207/302/223 215/321/238 1034/322/239 1035/326/243
f 215/321/238 217/317/236 1033/323/240 1034/322/239
f 718/1031/768 1077/1068/795 1074/1059/788 719/1045/780
f 717/1044/779 1073/1058/787 1080/1073/798 725/1042/777
f 725/1042/777 1080/1073/798 1078/1069/796 727/1034/771
f 726/1035/269 1079/1072/301 1068/396/301 232/363/269
f 721/1038/773 1075/1062/791 1072/1055/784 720/1039/774
f 727/1034/771 1078/1069/796 1079/1072/301 726/1035/269
f 723/1029/766 1076/1066/793 1077/1068/795 718/1031/768
f 724/1028/765 1071/1054/783 1076/1066/793 723/1029/766
f 231/1050/282 1063/1063/295 1070/1051/283 722/1048/282
f 719/1045/780 1074/1059/788 1075/1062/791 721/1038/773
f 720/1039/774 1072/1055/784 1073/1058/787 717/1044/779
f 722/1048/282 1070/1051/283 1071/1054/783 724/1028/765
f 234/353/266 235/369/280 1062/382/291 1065/390/298
f 233/367/278 241/365/276 1069/398/304 1059/379/288
f 241/365/276 243/357/270 1067/392/300 1069/398/304
f 242/356/269 232/363/269 1068/396/301 1066/393/301
f 237/361/274 236/360/273 1060/378/287 1061/383/292
f 243/357/270 242/356/269 1066/393/301 1067/392/300
f 239/350/263 234/353/266 1065/390/298 1064/388/296
f 240/351/264 239/350/263 1064/388/296 1057/375/284
f 231/373/282 238/371/282 1058/374/283 1063/386/295
f 235/369/280 237/361/274 1061/383/292 1062/382/291
f 236/360/273 233/367/278 1059/379/288 1060/378/287
f 238/371/282 240/351/264 1057/375/284 1058/374/283
f 680/1374/700 1104/976/728 1094/955/711 679/1375/694
f 179/1376/181 1093/977/214 1103/973/214 678/1377/181
f 675/1378/697 1102/972/726 1098/963/717 677/1379/698
f 676/1380/704 1099/966/720 1101/969/723 673/1381/705
f 678/1377/181 1103/973/214 1104/976/728 680/1374/700
f 674/1382/695 1095/958/714 1102/972/726 675/1378/697
f 673/1381/705 1101/969/723 1100/967/721 681/1383/702
f 681/1383/702 1100/967/721 1096/959/715 683/1384/692
f 682/1385/87 1097/962/201 1087/282/201 180/1386/87
f 677/1379/698 1098/963/717 1099/966/720 676/1380/704
f 683/1384/692 1096/959/715 1097/962/201 682/1385/87
f 679/1375/694 1094/955/711 1095/958/714 674/1382/695
f 188/1387/182 187/1388/174 1082/270/196 1091/291/215
f 179/1389/181 186/1390/180 1092/290/214 1093/294/214
f 183/1391/177 185/1392/176 1086/278/204 1090/288/212
f 184/1393/188 181/1394/187 1089/286/210 1085/279/205
f 186/1390/180 188/1387/182 1091/291/215 1092/290/214
f 182/1395/173 183/1391/177 1090/288/212 1081/271/197
f 181/1394/187 189/1396/184 1088/284/208 1089/286/210
f 189/1396/184 191/1397/170 1084/274/200 1088/284/208
f 190/1398/88 180/1386/87 1087/282/201 1083/275/201
f 185/1392/176 184/1393/188 1085/279/205 1086/278/204
f 191/1397/170 190/1398/88 1083/275/201 1084/274/200
f 187/1388/174 182/1395/173 1081/271/197 1082/270/196
f 685/957/713 1125/996/741 1122/987/734 686/971/725
f 684/970/724 1121/986/731 1128/1001/744 692/968/722
f 692/968/722 1128/1001/744 1126/997/742 694/960/716
f 693/961/202 1127/1000/234 1116/318/234 193/283/202
f 688/964/718 1123/990/737 1120/983/731 687/965/719
f 694/960/716 1126/997/742 1127/1000/234 693/961/202
f 690/956/712 1124/994/739 1125/996/741 685/957/713
f 691/975/727 1119/982/730 1124/994/739 690/956/712
f 192/978/217 1111/991/218 1118/979/218 689/974/217
f 686/971/725 1122/987/734 1123/990/737 688/964/718
f 687/965/719 1120/983/731 1121/986/731 684/970/724
f 689/974/217 1118/979/218 1119/982/730 691/975/727
f 195/272/198 196/289/213 1110/304/225 1113/312/231
f 194/287/211 202/285/209 1117/320/237 1107/301/222
f 202/285/209 204/277/203 1115/314/233 1117/320/237
f 203/276/202 193/283/202 1116/318/234 1114/315/234
f 198/281/207 197/280/206 1108/300/222 1109/305/226
f 204/277/203 203/276/202 1114/315/234 1115/314/233
f 200/273/199 195/272/198 1113/312/231 1112/310/229
f 201/292/216 200/273/199 1112/310/229 1105/297/219
f 192/295/217 199/293/217 1106/296/218 1111/308/218
f 196/289/213 198/281/207 1109/305/226 1110/304/225
f 197/280/206 194/287/211 1107/301/222 1108/300/222
f 199/293/217 201/292/216 1105/297/219 1106/296/218
f 29/9/3 30/34/18 52/120/18 40/10/4
f 620/784/587 622/849/637 1151/864/651 1142/789/592
f 621/807/608 540/805/606 1145/850/638 1150/861/648
f 618/846/636 1149/856/644 1144/912/595 619/847/598
f 531/858/646 1148/857/645 1152/870/655 623/869/654
f 616/851/639 1147/852/640 1152/870/655 614/797/599
f 621/807/608 1150/861/648 1151/864/651 622/849/637
f 615/780/583 19/76/47 1138/165/119 1146/853/641
f 618/846/636 530/798/600 1148/857/645 1149/856/644
f 616/851/639 615/780/583 1146/853/641 1147/852/640
f 541/913/686 1145/850/638 1143/794/596 625/1399/647
f 626/1400/617 625/1399/647 1143/794/596 1144/793/595
f 18/81/52 620/784/587 1142/789/592 1129/87/58
f 117/82/53 1130/90/61 1139/168/122 119/153/108
f 118/108/76 1140/167/121 1133/154/109 37/106/74
f 115/150/107 116/152/64 1131/223/63 1136/160/115
f 28/162/116 120/176/128 1141/175/127 1137/163/117
f 113/155/110 111/97/67 1141/175/127 1134/156/111
f 118/108/76 119/153/108 1139/168/122 1140/167/121
f 112/75/46 1135/159/114 1138/165/119 19/76/47
f 115/150/107 1136/160/115 1137/163/117 27/99/69
f 113/155/110 1134/156/111 1135/159/114 112/75/46
f 38/225/163 122/1401/120 1132/96/66 1133/154/109
f 123/1402/84 1131/93/63 1132/96/66 122/1401/120
f 18/81/52 1129/87/58 1130/90/61 117/82/53
