# Blender 4.5.4 LTS
# www.blender.org
mtllib metal_trash_can_4k.mtl
o metal_trash_can_rust
v -0.499906 0.000080 0.000005
v -0.500000 0.895372 -0.259464
v -0.459411 0.893895 -0.256269
v -0.419821 0.893331 -0.246764
v -0.382206 0.893895 -0.231184
v -0.347491 0.895372 -0.209910
v -0.316532 0.897428 -0.183468
v -0.290090 0.899609 -0.152509
v -0.268816 0.901230 -0.117794
v -0.253236 0.901934 -0.080179
v -0.243731 0.901443 -0.040589
v -0.240536 0.899554 -0.000000
v -0.243731 0.896231 0.040589
v -0.253236 0.892348 0.080179
v -0.268816 0.890942 0.117794
v -0.290090 0.887748 0.152509
v -0.316530 0.890944 0.183451
v -0.347480 0.892354 0.209740
v -0.382185 0.896231 0.230854
v -0.419799 0.899659 0.246411
v -0.459397 0.902311 0.256049
v -0.499997 0.904229 0.259418
v -0.540547 0.905482 0.256251
v -0.579914 0.906158 0.246648
v -0.617166 0.906036 0.230906
v -0.651474 0.905334 0.209452
v -0.682113 0.904106 0.182868
v -0.708432 0.902293 0.151854
v -0.729828 0.899871 0.117194
v -0.745730 0.896857 0.079721
v -0.755641 0.899666 0.040311
v -0.759200 0.901945 -0.000116
v -0.756230 0.903727 -0.040606
v -0.746764 0.905037 -0.080179
v -0.731184 0.905856 -0.117794
v -0.709910 0.906104 -0.152509
v -0.683468 0.905363 -0.183468
v -0.652509 0.903937 -0.209910
v -0.617794 0.901991 -0.231184
v -0.580179 0.899735 -0.246764
v -0.540589 0.897428 -0.256269
v -0.500924 0.080926 -0.265694
v -0.458377 0.080164 -0.264499
v -0.417267 0.079890 -0.255143
v -0.378372 0.079878 -0.238715
v -0.343097 0.079874 -0.216417
v -0.313051 0.079877 -0.188701
v -0.289047 0.079888 -0.156208
v -0.270681 0.079903 -0.119834
v -0.250479 0.079920 -0.081787
v -0.236965 0.079937 -0.041514
v -0.231494 0.079950 0.000166
v -0.234097 0.079958 0.042124
v -0.243956 0.079960 0.083190
v -0.260172 0.079988 0.121983
v -0.282351 0.080049 0.157497
v -0.309914 0.080121 0.189017
v -0.342140 0.080180 0.215964
v -0.378200 0.080202 0.237849
v -0.417191 0.080180 0.254203
v -0.458352 0.080204 0.263907
v -0.500874 0.080371 0.265961
v -0.543705 0.080705 0.260117
v -0.585441 0.081066 0.247560
v -0.623406 0.080709 0.234341
v -0.658241 0.080349 0.215320
v -0.689436 0.080146 0.189766
v -0.716234 0.080103 0.158323
v -0.737845 0.080144 0.122329
v -0.753603 0.080181 0.083320
v -0.763177 0.080208 0.042256
v -0.766387 0.080217 0.000146
v -0.763177 0.080208 -0.041975
v -0.753603 0.080181 -0.083068
v -0.737845 0.080144 -0.122119
v -0.716234 0.080103 -0.158161
v -0.689454 0.080325 -0.189455
v -0.658313 0.081034 -0.214492
v -0.623568 0.082218 -0.232632
v -0.585701 0.083363 -0.244968
v -0.543860 0.082162 -0.258602
v -0.458245 0.064541 -0.264875
v -0.417054 0.064260 -0.255627
v -0.378099 0.064250 -0.239248
v -0.342779 0.064246 -0.216957
v -0.312715 0.064249 -0.189201
v -0.288718 0.064258 -0.156624
v -0.270407 0.064270 -0.120137
v -0.250235 0.064284 -0.081971
v -0.236748 0.064297 -0.041586
v -0.231283 0.064306 0.000143
v -0.233896 0.064311 0.042148
v -0.243765 0.064311 0.083256
v -0.259962 0.064321 0.122231
v -0.282121 0.064361 0.157945
v -0.309670 0.064414 0.189650
v -0.341895 0.064458 0.216736
v -0.377973 0.064476 0.238682
v -0.417002 0.064459 0.255003
v -0.458225 0.064500 0.264571
v -0.500828 0.064694 0.266411
v -0.543798 0.065068 0.260219
v -0.586076 0.065647 0.245923
v -0.623654 0.065085 0.234266
v -0.658508 0.064699 0.215395
v -0.689756 0.064485 0.189874
v -0.716619 0.064434 0.158428
v -0.738300 0.064471 0.122405
v -0.754119 0.064503 0.083365
v -0.763738 0.064526 0.042268
v -0.766964 0.064534 0.000126
v -0.763738 0.064526 -0.042025
v -0.754119 0.064503 -0.083147
v -0.738300 0.064471 -0.122224
v -0.716619 0.064435 -0.158288
v -0.689776 0.064671 -0.189572
v -0.658582 0.065406 -0.214555
v -0.623820 0.066663 -0.232495
v -0.586380 0.068446 -0.242806
v -0.543974 0.066621 -0.258510
v -0.500888 0.065321 -0.265910
v -0.500434 0.000623 -0.273900
v -0.456954 0.000167 -0.271972
v -0.414819 0.000066 -0.262174
v -0.374858 0.000063 -0.245603
v -0.338153 0.000062 -0.222958
v -0.306357 0.000063 -0.194676
v -0.279889 0.000065 -0.161507
v -0.258178 0.000069 -0.124476
v -0.240738 0.000071 -0.084674
v -0.229001 0.000072 -0.042899
v -0.224490 0.000072 0.000032
v -0.227701 0.000072 0.043128
v -0.237800 0.000072 0.085194
v -0.254355 0.000072 0.125162
v -0.276959 0.000072 0.162049
v -0.305055 0.000072 0.194945
v -0.337953 0.000072 0.223034
v -0.374842 0.000074 0.245627
v -0.414807 0.000072 0.262193
v -0.456942 0.000103 0.272056
v -0.500394 0.000249 0.274313
v -0.543990 0.000459 0.269282
v -0.586314 0.000575 0.258275
v -0.625971 0.000462 0.242637
v -0.662271 0.000264 0.221672
v -0.694665 0.000135 0.194718
v -0.722473 0.000123 0.162078
v -0.744849 0.000144 0.125203
v -0.761202 0.000162 0.085245
v -0.771161 0.000175 0.043187
v -0.774505 0.000180 0.000061
v -0.771161 0.000175 -0.043069
v -0.761202 0.000162 -0.085143
v -0.744849 0.000144 -0.125121
v -0.722473 0.000123 -0.162019
v -0.694672 0.000201 -0.194608
v -0.662311 0.000638 -0.221242
v -0.626057 0.001280 -0.241731
v -0.586426 0.001642 -0.257100
v -0.544076 0.001278 -0.268380
v -0.457511 0.064527 -0.269469
v -0.457228 0.062028 -0.271175
v -0.415630 0.064260 -0.260007
v -0.415090 0.061767 -0.261644
v -0.376011 0.064250 -0.243347
v -0.375224 0.061758 -0.244891
v -0.340046 0.064246 -0.220683
v -0.339014 0.061754 -0.222097
v -0.309431 0.064249 -0.192460
v -0.308185 0.061757 -0.193703
v -0.285010 0.064258 -0.159329
v -0.283569 0.061765 -0.160369
v -0.266592 0.064271 -0.122181
v -0.264792 0.061778 -0.123024
v -0.245869 0.064285 -0.083396
v -0.244206 0.061791 -0.083942
v -0.232172 0.064298 -0.042314
v -0.230481 0.061804 -0.042588
v -0.226653 0.064307 0.000136
v -0.224958 0.061812 0.000129
v -0.229355 0.064311 0.042866
v -0.227701 0.061816 0.043128
v -0.239393 0.064311 0.084676
v -0.237800 0.061816 0.085194
v -0.255864 0.064320 0.124326
v -0.254367 0.061823 0.125106
v -0.278399 0.064360 0.160659
v -0.277034 0.061859 0.161691
v -0.306418 0.064413 0.192910
v -0.305218 0.061909 0.194166
v -0.339192 0.064458 0.220460
v -0.338189 0.061952 0.221903
v -0.375885 0.064475 0.242780
v -0.375105 0.061969 0.244367
v -0.415580 0.064458 0.259381
v -0.415044 0.061952 0.261063
v -0.457494 0.064495 0.269156
v -0.457213 0.061989 0.270897
v -0.500811 0.064686 0.271071
v -0.500794 0.062182 0.272819
v -0.544506 0.065059 0.264823
v -0.544757 0.062556 0.266535
v -0.587350 0.065574 0.250850
v -0.587806 0.063045 0.252698
v -0.625741 0.065076 0.238418
v -0.626508 0.062574 0.239949
v -0.661213 0.064691 0.219165
v -0.662216 0.062190 0.220545
v -0.693014 0.064479 0.193159
v -0.694227 0.061979 0.194358
v -0.720353 0.064432 0.161132
v -0.721748 0.061933 0.162115
v -0.742408 0.064470 0.124492
v -0.743947 0.061970 0.125250
v -0.758498 0.064503 0.084785
v -0.760144 0.062003 0.085300
v -0.768281 0.064526 0.042988
v -0.769993 0.062026 0.043247
v -0.771563 0.064534 0.000126
v -0.773297 0.062034 0.000123
v -0.768281 0.064526 -0.042744
v -0.769993 0.062026 -0.043009
v -0.758498 0.064503 -0.084568
v -0.760144 0.062003 -0.085088
v -0.742408 0.064470 -0.124312
v -0.743947 0.061970 -0.125075
v -0.720353 0.064433 -0.160994
v -0.721748 0.061934 -0.161982
v -0.693033 0.064655 -0.192871
v -0.694245 0.062151 -0.194077
v -0.661286 0.065384 -0.218343
v -0.662288 0.062876 -0.219732
v -0.625905 0.066639 -0.236666
v -0.626672 0.064126 -0.238210
v -0.587636 0.068223 -0.247903
v -0.588083 0.065625 -0.249832
v -0.544680 0.066599 -0.263125
v -0.544932 0.064089 -0.264835
v -0.500853 0.062798 -0.272304
v -0.500869 0.065302 -0.270580
v -0.500877 0.068909 -0.271107
v -0.500896 0.077603 -0.271104
v -0.457503 0.076841 -0.269867
v -0.457448 0.068136 -0.269963
v -0.415579 0.076579 -0.260294
v -0.415496 0.067870 -0.260455
v -0.375907 0.076568 -0.243553
v -0.375806 0.067860 -0.243749
v -0.339885 0.076564 -0.220827
v -0.339775 0.067856 -0.221036
v -0.309213 0.076567 -0.192563
v -0.309106 0.067859 -0.192761
v -0.284753 0.076577 -0.159408
v -0.284661 0.067868 -0.159573
v -0.266659 0.076592 -0.122182
v -0.266616 0.067882 -0.122296
v -0.245444 0.076609 -0.083465
v -0.245419 0.067896 -0.083530
v -0.231665 0.076624 -0.042367
v -0.231658 0.067910 -0.042388
v -0.226124 0.076636 0.000152
v -0.226121 0.067920 0.000140
v -0.228826 0.076643 0.042955
v -0.228826 0.067925 0.042951
v -0.238881 0.076644 0.084843
v -0.238883 0.067925 0.084842
v -0.255407 0.076667 0.124460
v -0.255391 0.067938 0.124543
v -0.278015 0.076722 0.160729
v -0.277979 0.067982 0.160909
v -0.306115 0.076791 0.192916
v -0.306060 0.068039 0.193187
v -0.338974 0.076847 0.220426
v -0.338904 0.068088 0.220765
v -0.375746 0.076869 0.242755
v -0.375671 0.068106 0.243119
v -0.415512 0.076847 0.259424
v -0.415441 0.068088 0.259762
v -0.457483 0.076870 0.269332
v -0.457430 0.068121 0.269588
v -0.500847 0.077041 0.271418
v -0.500822 0.068307 0.271552
v -0.544551 0.077386 0.265408
v -0.544585 0.068674 0.265348
v -0.587189 0.077780 0.252380
v -0.587449 0.069164 0.251560
v -0.625876 0.077394 0.239064
v -0.625961 0.068690 0.238919
v -0.661420 0.077026 0.219662
v -0.661500 0.068306 0.219611
v -0.693259 0.076821 0.193566
v -0.693356 0.068096 0.193546
v -0.720617 0.076781 0.161458
v -0.720738 0.068051 0.161450
v -0.742673 0.076822 0.124747
v -0.742825 0.068090 0.124738
v -0.758756 0.076859 0.084964
v -0.758936 0.068124 0.084954
v -0.768529 0.076885 0.043086
v -0.768730 0.068148 0.043076
v -0.771807 0.076894 0.000142
v -0.772015 0.068156 0.000131
v -0.768529 0.076885 -0.042814
v -0.768730 0.068148 -0.042824
v -0.758756 0.076859 -0.084721
v -0.758936 0.068124 -0.084730
v -0.742673 0.076822 -0.124545
v -0.742825 0.068090 -0.124552
v -0.720617 0.076781 -0.161303
v -0.720738 0.068051 -0.161307
v -0.693277 0.076992 -0.193270
v -0.693374 0.068271 -0.193255
v -0.661491 0.077703 -0.218847
v -0.661572 0.068996 -0.218789
v -0.626037 0.078912 -0.237351
v -0.626125 0.070246 -0.237171
v -0.587454 0.080150 -0.249717
v -0.587732 0.071758 -0.248667
v -0.544711 0.078861 -0.263845
v -0.544757 0.070203 -0.263677
v -0.544990 0.074485 -0.265407
v -0.588083 0.075881 -0.250859
v -0.626832 0.074531 -0.238747
v -0.662503 0.073300 -0.220172
v -0.694495 0.072583 -0.194443
v -0.722018 0.072373 -0.162275
v -0.744224 0.072413 -0.125298
v -0.760418 0.072448 -0.085235
v -0.770262 0.072473 -0.043077
v -0.773563 0.072482 0.000136
v -0.770262 0.072473 0.043339
v -0.760418 0.072448 0.085469
v -0.744224 0.072413 0.125491
v -0.722018 0.072373 0.162423
v -0.694478 0.072414 0.194733
v -0.662432 0.072621 0.220985
v -0.626670 0.072997 0.240472
v -0.587812 0.073419 0.253613
v -0.544824 0.072985 0.267026
v -0.500828 0.072628 0.273158
v -0.457200 0.072450 0.271070
v -0.414977 0.072424 0.261132
v -0.374976 0.072444 0.244379
v -0.337991 0.072424 0.221906
v -0.304948 0.072371 0.194199
v -0.276661 0.072308 0.161798
v -0.253929 0.072258 0.125257
v -0.237352 0.072242 0.085340
v -0.227236 0.072242 0.043204
v -0.224503 0.072236 0.000143
v -0.230063 0.072225 -0.042632
v -0.243911 0.072210 -0.083998
v -0.265802 0.072194 -0.122881
v -0.283416 0.072180 -0.160440
v -0.308011 0.072171 -0.193806
v -0.338872 0.072167 -0.222239
v -0.375123 0.072171 -0.245090
v -0.415038 0.072182 -0.261910
v -0.457217 0.072442 -0.271524
v -0.500879 0.073208 -0.272738
v -0.500000 0.806483 -0.269222
v -0.457885 0.805226 -0.265905
v -0.416811 0.804769 -0.256035
v -0.377784 0.805223 -0.239862
v -0.341765 0.806479 -0.217787
v -0.309638 0.808276 -0.190355
v -0.282198 0.810298 -0.158239
v -0.260122 0.811935 -0.122224
v -0.243955 0.812688 -0.083194
v -0.234093 0.812304 -0.042116
v -0.230778 0.810639 -0.000000
v -0.234093 0.808166 0.042116
v -0.243955 0.805485 0.083194
v -0.260122 0.803260 0.122224
v -0.282173 0.802685 0.157887
v -0.309541 0.803277 0.188932
v -0.341570 0.805485 0.214862
v -0.377504 0.808166 0.235562
v -0.416505 0.810639 0.251260
v -0.457632 0.812644 0.261892
v -0.499686 0.814129 0.266597
v -0.541402 0.815129 0.264469
v -0.581715 0.815675 0.255151
v -0.619658 0.815889 0.238742
v -0.654446 0.815763 0.216124
v -0.685512 0.815229 0.188219
v -0.712510 0.814281 0.155901
v -0.735022 0.813158 0.120075
v -0.752247 0.812415 0.081513
v -0.763341 0.812337 0.040980
v -0.767758 0.813023 -0.000648
v -0.765269 0.814034 -0.042398
v -0.755896 0.814754 -0.083260
v -0.739878 0.815178 -0.122224
v -0.717805 0.815277 -0.158244
v -0.690368 0.814919 -0.190368
v -0.658244 0.813863 -0.217805
v -0.622224 0.812254 -0.239878
v -0.583194 0.810304 -0.256045
v -0.542116 0.808279 -0.265907
v -0.500000 0.819193 -0.268842
v -0.457944 0.817877 -0.265532
v -0.416924 0.817398 -0.255683
v -0.377950 0.817876 -0.239536
v -0.341981 0.819192 -0.217493
v -0.309901 0.821065 -0.190097
v -0.282502 0.823159 -0.158021
v -0.260460 0.824819 -0.122052
v -0.244316 0.825578 -0.083077
v -0.234468 0.825174 -0.042056
v -0.231158 0.823446 -0.000000
v -0.234468 0.820761 0.042056
v -0.244316 0.817781 0.083077
v -0.260460 0.815645 0.122052
v -0.282487 0.815259 0.157779
v -0.309828 0.815679 0.188962
v -0.341828 0.817781 0.215106
v -0.377728 0.820761 0.236046
v -0.416682 0.823446 0.251847
v -0.457743 0.825602 0.262335
v -0.499766 0.827183 0.266797
v -0.541473 0.828246 0.264456
v -0.581807 0.828832 0.254995
v -0.619807 0.828978 0.238547
v -0.654695 0.828734 0.216026
v -0.685870 0.828050 0.188228
v -0.712902 0.826932 0.155987
v -0.735310 0.825642 0.120179
v -0.752358 0.824868 0.081605
v -0.763288 0.825058 0.041063
v -0.767581 0.825967 -0.000558
v -0.765006 0.827036 -0.042289
v -0.755580 0.827840 -0.083123
v -0.739540 0.828355 -0.122052
v -0.717498 0.828497 -0.158021
v -0.690100 0.828053 -0.190100
v -0.658021 0.826909 -0.217498
v -0.622052 0.825211 -0.239540
v -0.583077 0.823174 -0.255684
v -0.542056 0.821065 -0.265532
v -0.458364 0.815225 -0.262879
v -0.417755 0.814755 -0.253127
v -0.379171 0.815224 -0.237140
v -0.343561 0.816515 -0.215318
v -0.311802 0.818357 -0.188196
v -0.284676 0.820418 -0.156442
v -0.262854 0.822046 -0.120832
v -0.246871 0.822790 -0.082247
v -0.237121 0.822395 -0.041636
v -0.233844 0.820705 -0.000000
v -0.237121 0.818067 0.041636
v -0.246871 0.815159 0.082247
v -0.262854 0.813013 0.120832
v -0.284658 0.812603 0.156163
v -0.311723 0.813044 0.186982
v -0.343399 0.815159 0.212804
v -0.378937 0.818067 0.233480
v -0.417500 0.820706 0.249101
v -0.458152 0.822836 0.259511
v -0.499740 0.824411 0.263976
v -0.541008 0.825480 0.261706
v -0.580914 0.826081 0.252381
v -0.618504 0.826236 0.236116
v -0.653009 0.826007 0.213805
v -0.683840 0.825349 0.186271
v -0.710589 0.824269 0.154346
v -0.732786 0.823022 0.118902
v -0.749696 0.822266 0.080727
v -0.760551 0.822400 0.040606
v -0.764833 0.823255 -0.000585
v -0.762313 0.824306 -0.041886
v -0.753007 0.825088 -0.082301
v -0.737146 0.825590 -0.120832
v -0.715325 0.825731 -0.156442
v -0.688200 0.825275 -0.188201
v -0.656442 0.824133 -0.215324
v -0.620832 0.822450 -0.237146
v -0.582247 0.820437 -0.253129
v -0.541636 0.818358 -0.262879
v -0.500000 0.816516 -0.266156
v -0.458365 0.807704 -0.262878
v -0.417757 0.807248 -0.253122
v -0.379175 0.807702 -0.237133
v -0.343565 0.808956 -0.215310
v -0.311805 0.810753 -0.188190
v -0.284678 0.812772 -0.156438
v -0.262854 0.814384 -0.120832
v -0.246871 0.815124 -0.082247
v -0.237121 0.814741 -0.041636
v -0.233844 0.813090 -0.000000
v -0.237121 0.810578 0.041636
v -0.246871 0.807849 0.082247
v -0.262854 0.805643 0.120832
v -0.284653 0.805122 0.156092
v -0.311711 0.805664 0.186801
v -0.343378 0.807849 0.212473
v -0.378906 0.810578 0.232990
v -0.417464 0.813090 0.248538
v -0.458122 0.815131 0.259024
v -0.499690 0.816649 0.263627
v -0.540928 0.817682 0.261486
v -0.580786 0.818261 0.252255
v -0.618310 0.818456 0.236030
v -0.652726 0.818297 0.213680
v -0.683467 0.817727 0.186106
v -0.710173 0.816748 0.154162
v -0.732413 0.815602 0.118737
v -0.749413 0.814865 0.080602
v -0.760357 0.814840 0.040520
v -0.764710 0.815562 -0.000640
v -0.762244 0.816577 -0.041917
v -0.752979 0.817309 -0.082313
v -0.737146 0.817757 -0.120832
v -0.715325 0.817874 -0.156442
v -0.688200 0.817467 -0.188201
v -0.656442 0.816375 -0.215324
v -0.620832 0.814744 -0.237146
v -0.582247 0.812783 -0.253129
v -0.541636 0.810755 -0.262879
v -0.500000 0.808960 -0.266156
v -0.500000 0.812671 -0.260994
v -0.459172 0.811421 -0.257780
v -0.419351 0.810968 -0.248215
v -0.381516 0.811419 -0.232537
v -0.346597 0.812668 -0.211138
v -0.315453 0.814458 -0.184543
v -0.288853 0.816459 -0.153406
v -0.267453 0.818026 -0.118489
v -0.251780 0.818743 -0.080651
v -0.242220 0.814180 0.040828
v -0.251780 0.811385 0.080651
v -0.315365 0.809269 0.183208
v -0.346422 0.811385 0.208441
v -0.381265 0.814180 0.228637
v -0.419078 0.816746 0.243923
v -0.458944 0.818836 0.254170
v -0.540127 0.821489 0.256456
v -0.579219 0.822119 0.247375
v -0.706218 0.820434 0.151226
v -0.728005 0.819256 0.116478
v -0.755327 0.818578 0.039743
v -0.748065 0.821124 -0.080720
v -0.732547 0.821607 -0.118489
v -0.684550 0.821262 -0.184550
v -0.653408 0.820119 -0.211148
v -0.242188 0.818364 -0.040833
v -0.238975 0.816741 -0.000000
v -0.267425 0.809244 0.118503
v -0.288805 0.808795 0.153087
v -0.499695 0.820406 0.258644
v -0.616050 0.822288 0.231490
v -0.649838 0.822078 0.209586
v -0.680030 0.821458 0.182562
v -0.744661 0.818524 0.079073
v -0.759607 0.819352 -0.000628
v -0.757180 0.820370 -0.041113
v -0.711174 0.821746 -0.153427
v -0.618503 0.818459 -0.232575
v -0.580661 0.816487 -0.248250
v -0.540833 0.814460 -0.257812
v -0.250768 0.814399 0.080980
v -0.580980 0.819644 -0.249232
v -0.241169 0.817273 0.040995
v -0.618972 0.821641 -0.233495
v -0.237942 0.819887 -0.000000
v -0.654034 0.823321 -0.212009
v -0.241169 0.821536 -0.040995
v -0.685303 0.824480 -0.185303
v -0.250768 0.821924 -0.080980
v -0.712009 0.824973 -0.154034
v -0.266505 0.821200 -0.118972
v -0.733495 0.824826 -0.118972
v -0.287991 0.819616 -0.154033
v -0.749093 0.824322 -0.081042
v -0.314700 0.817590 -0.185298
v -0.758235 0.823545 -0.041259
v -0.381032 0.814508 -0.233488
v -0.345970 0.815776 -0.212002
v -0.756464 0.821675 0.039947
v -0.760697 0.822508 -0.000602
v -0.540995 0.817591 -0.258831
v -0.266505 0.812284 0.118972
v -0.500000 0.815777 -0.262058
v -0.287972 0.811876 0.153729
v -0.314618 0.812313 0.184041
v -0.345805 0.814399 0.209441
v -0.380795 0.817273 0.229783
v -0.418763 0.819894 0.245159
v -0.458790 0.822019 0.255417
v -0.499720 0.823607 0.259824
v -0.540334 0.824699 0.257606
v -0.579608 0.825330 0.248446
v -0.616604 0.825484 0.232447
v -0.650563 0.825249 0.210473
v -0.680911 0.824593 0.183359
v -0.707244 0.823527 0.151925
v -0.729103 0.822303 0.117028
v -0.459005 0.814509 -0.258831
v -0.745761 0.821558 0.079444
v -0.419021 0.814048 -0.249229
v -0.745633 0.815447 0.079375
v -0.418989 0.807848 -0.249331
v -0.756413 0.815436 0.039893
v -0.380984 0.808295 -0.233581
v -0.760707 0.816160 -0.000647
v -0.345908 0.809535 -0.212085
v -0.758287 0.817166 -0.041302
v -0.314624 0.811313 -0.185371
v -0.749174 0.817901 -0.081087
v -0.287903 0.813306 -0.154095
v -0.733594 0.818359 -0.119022
v -0.266406 0.814879 -0.119022
v -0.712099 0.818487 -0.154099
v -0.250662 0.815601 -0.081015
v -0.685382 0.818035 -0.185382
v -0.241059 0.815224 -0.041012
v -0.619022 0.815281 -0.233594
v -0.654099 0.816919 -0.212099
v -0.241059 0.811094 0.041012
v -0.237831 0.813607 -0.000000
v -0.458988 0.808298 -0.258940
v -0.728894 0.816177 0.116942
v -0.500000 0.809538 -0.262169
v -0.706991 0.817319 0.151838
v -0.680681 0.818302 0.183301
v -0.650394 0.818884 0.210460
v -0.616494 0.819061 0.232475
v -0.579536 0.818875 0.248445
v -0.540284 0.818263 0.257532
v -0.499678 0.817202 0.259646
v -0.458747 0.815661 0.255125
v -0.418700 0.813610 0.244800
v -0.380719 0.811094 0.229477
v -0.345722 0.808367 0.209257
v -0.314530 0.806217 0.183969
v -0.287878 0.805697 0.153734
v -0.266406 0.806195 0.119022
v -0.541012 0.811315 -0.258941
v -0.250662 0.808367 0.081015
v -0.581015 0.813327 -0.249338
v -0.500000 0.834775 -0.269073
v -0.457908 0.833390 -0.265760
v -0.416852 0.832882 -0.255904
v -0.377843 0.833390 -0.239746
v -0.341843 0.834775 -0.217685
v -0.309737 0.836734 -0.190263
v -0.282315 0.838904 -0.158157
v -0.260254 0.840594 -0.122157
v -0.244096 0.841359 -0.083148
v -0.234240 0.840927 -0.042092
v -0.230927 0.839121 0.000000
v -0.234240 0.836201 0.042092
v -0.244096 0.832849 0.083148
v -0.260254 0.831068 0.122157
v -0.282308 0.830801 0.158035
v -0.309686 0.831109 0.189467
v -0.341732 0.832849 0.215920
v -0.377680 0.836201 0.237156
v -0.416674 0.839129 0.253085
v -0.457762 0.841448 0.263449
v -0.499855 0.843129 0.267666
v -0.541667 0.844252 0.265080
v -0.582133 0.844868 0.255422
v -0.620302 0.844937 0.238925
v -0.655388 0.844565 0.216459
v -0.686749 0.843717 0.188708
v -0.713875 0.842392 0.156471
v -0.736231 0.840854 0.120601
v -0.753135 0.839946 0.081923
v -0.763906 0.840434 0.041272
v -0.768060 0.841647 -0.000448
v -0.765370 0.842858 -0.042265
v -0.755850 0.843809 -0.083172
v -0.739746 0.844421 -0.122157
v -0.717685 0.844607 -0.158157
v -0.690263 0.844081 -0.190263
v -0.658157 0.842850 -0.217685
v -0.622157 0.841063 -0.239746
v -0.583148 0.838934 -0.255904
v -0.542092 0.836734 -0.265760
v -0.458783 0.832200 -0.260231
v -0.418582 0.831704 -0.250579
v -0.380385 0.832200 -0.234758
v -0.345133 0.833553 -0.213156
v -0.313695 0.835472 -0.186305
v -0.286844 0.837589 -0.154867
v -0.265242 0.839218 -0.119615
v -0.249421 0.839953 -0.081418
v -0.239769 0.839530 -0.041217
v -0.236525 0.837777 -0.000000
v -0.239769 0.834892 0.041217
v -0.249421 0.831584 0.081418
v -0.265242 0.829860 0.119615
v -0.286835 0.829600 0.154718
v -0.313642 0.829899 0.185454
v -0.345018 0.831584 0.211322
v -0.380217 0.834892 0.232095
v -0.418400 0.837799 0.247688
v -0.458634 0.840115 0.257849
v -0.499834 0.841816 0.261996
v -0.540751 0.842972 0.259488
v -0.580352 0.843631 0.250060
v -0.617705 0.843700 0.233912
v -0.652042 0.843318 0.211905
v -0.682737 0.842472 0.184725
v -0.709294 0.841167 0.153157
v -0.731189 0.839661 0.118036
v -0.747755 0.838774 0.080168
v -0.758321 0.839234 0.040371
v -0.762412 0.840413 -0.000470
v -0.759804 0.841605 -0.041405
v -0.750509 0.842549 -0.081449
v -0.734758 0.843167 -0.119615
v -0.713156 0.843359 -0.154867
v -0.686305 0.842783 -0.186305
v -0.654867 0.841529 -0.213156
v -0.619615 0.839744 -0.234758
v -0.581418 0.837637 -0.250579
v -0.541217 0.835472 -0.260231
v -0.500000 0.833553 -0.263475
v -0.457958 0.825027 -0.265440
v -0.416952 0.824535 -0.255595
v -0.377991 0.825027 -0.239456
v -0.342034 0.826375 -0.217421
v -0.309966 0.828288 -0.190034
v -0.282578 0.830418 -0.157966
v -0.260543 0.832090 -0.122009
v -0.244405 0.832852 -0.083048
v -0.234560 0.832435 -0.042042
v -0.231252 0.830672 0.000000
v -0.234560 0.827875 0.042042
v -0.244405 0.824723 0.083048
v -0.260543 0.822734 0.122009
v -0.282566 0.822422 0.157782
v -0.309905 0.822773 0.189057
v -0.341902 0.824723 0.215326
v -0.377798 0.827875 0.236394
v -0.416741 0.830675 0.252247
v -0.457784 0.832909 0.262667
v -0.499809 0.834540 0.267008
v -0.541532 0.835634 0.264553
v -0.581895 0.836237 0.255008
v -0.619945 0.836347 0.238543
v -0.654901 0.836041 0.216065
v -0.686141 0.835278 0.188311
v -0.713198 0.834064 0.156097
v -0.735564 0.832665 0.120286
v -0.752529 0.831838 0.081691
v -0.763376 0.832174 0.041128
v -0.767601 0.833219 -0.000508
v -0.764976 0.834338 -0.042247
v -0.755515 0.835211 -0.083083
v -0.739457 0.835773 -0.122009
v -0.717422 0.835937 -0.157966
v -0.690034 0.835451 -0.190034
v -0.657966 0.834263 -0.217422
v -0.622009 0.832521 -0.239457
v -0.583048 0.830440 -0.255595
v -0.542042 0.828288 -0.265440
v -0.500000 0.826375 -0.268748
v -0.500000 0.829969 -0.267901
v -0.458091 0.828610 -0.264603
v -0.417214 0.828112 -0.254789
v -0.378375 0.828610 -0.238702
v -0.342532 0.829969 -0.216736
v -0.310565 0.831896 -0.189435
v -0.283263 0.834036 -0.157468
v -0.261298 0.835706 -0.121625
v -0.245211 0.836465 -0.082786
v -0.235397 0.836042 -0.041909
v -0.232099 0.834269 0.000000
v -0.235397 0.831420 0.041909
v -0.245211 0.828184 0.082786
v -0.261298 0.826297 0.121625
v -0.283253 0.826012 0.157308
v -0.310508 0.826337 0.188531
v -0.342408 0.828184 0.214780
v -0.378196 0.831420 0.235844
v -0.417018 0.834276 0.251673
v -0.457929 0.836549 0.262031
v -0.499826 0.838207 0.266302
v -0.541430 0.839321 0.263801
v -0.581687 0.839938 0.254245
v -0.619646 0.840029 0.237826
v -0.654528 0.839691 0.215435
v -0.685705 0.838888 0.187784
v -0.712693 0.837627 0.155679
v -0.734972 0.836171 0.119974
v -0.751849 0.835314 0.081485
v -0.762624 0.835716 0.041033
v -0.766806 0.836831 -0.000485
v -0.764166 0.837984 -0.042102
v -0.754718 0.838892 -0.082817
v -0.738702 0.839478 -0.121625
v -0.716737 0.839655 -0.157468
v -0.689435 0.839140 -0.189435
v -0.657468 0.837928 -0.216737
v -0.621625 0.836165 -0.238702
v -0.582786 0.834065 -0.254789
v -0.541909 0.831896 -0.264603
v -0.500000 0.831763 -0.266457
v -0.458317 0.830403 -0.263176
v -0.417660 0.829905 -0.253415
v -0.379031 0.830403 -0.237415
v -0.343381 0.831763 -0.215568
v -0.311587 0.833691 -0.188413
v -0.284432 0.835827 -0.156619
v -0.262585 0.837485 -0.120969
v -0.246585 0.838236 -0.082340
v -0.236824 0.837812 -0.041683
v -0.233543 0.836043 0.000000
v -0.236824 0.833172 0.041683
v -0.246585 0.829896 0.082340
v -0.262585 0.828079 0.120969
v -0.284422 0.827807 0.156467
v -0.311532 0.828119 0.187539
v -0.343262 0.829896 0.213676
v -0.378858 0.833172 0.234655
v -0.417471 0.836054 0.250411
v -0.458161 0.838348 0.260700
v -0.499832 0.840024 0.264921
v -0.541215 0.841154 0.262408
v -0.581261 0.841787 0.252887
v -0.619027 0.841867 0.236555
v -0.653738 0.841509 0.214293
v -0.684764 0.840686 0.186798
v -0.711614 0.839401 0.154869
v -0.733765 0.837919 0.119354
v -0.750534 0.837046 0.081064
v -0.761235 0.837479 0.040824
v -0.765382 0.838627 -0.000476
v -0.762748 0.839800 -0.041872
v -0.753347 0.840726 -0.082370
v -0.737415 0.841326 -0.120969
v -0.715568 0.841510 -0.156619
v -0.688413 0.840972 -0.188413
v -0.656619 0.839742 -0.215568
v -0.620969 0.837968 -0.237415
v -0.582340 0.835862 -0.253415
v -0.541683 0.833691 -0.263176
v -0.500000 0.834174 -0.268479
v -0.458001 0.832795 -0.265174
v -0.417035 0.832288 -0.255339
v -0.378113 0.832795 -0.239217
v -0.342192 0.834174 -0.217204
v -0.310156 0.836127 -0.189844
v -0.282796 0.838289 -0.157808
v -0.260783 0.839972 -0.121887
v -0.244661 0.840734 -0.082965
v -0.234826 0.840304 -0.041999
v -0.231521 0.838506 0.000000
v -0.234826 0.835595 0.041999
v -0.244661 0.832258 0.082965
v -0.260783 0.830472 0.121887
v -0.282788 0.830205 0.157680
v -0.310105 0.830512 0.189032
v -0.342079 0.832258 0.215414
v -0.377948 0.835595 0.236593
v -0.416856 0.838515 0.252484
v -0.457853 0.840829 0.262830
v -0.499850 0.842509 0.267046
v -0.541565 0.843634 0.264476
v -0.581936 0.844254 0.254848
v -0.620015 0.844326 0.238388
v -0.655017 0.843956 0.215969
v -0.686302 0.843112 0.188276
v -0.713366 0.841795 0.156109
v -0.735675 0.840268 0.120320
v -0.752548 0.839368 0.081729
v -0.763302 0.839845 0.041171
v -0.767454 0.841045 -0.000454
v -0.764776 0.842248 -0.042176
v -0.755282 0.843194 -0.082990
v -0.739217 0.843804 -0.121887
v -0.717204 0.843990 -0.157808
v -0.689844 0.843461 -0.189844
v -0.657808 0.842230 -0.217204
v -0.621887 0.840445 -0.239217
v -0.582965 0.838320 -0.255339
v -0.541999 0.836127 -0.265174
v -0.500000 0.848813 -0.269109
v -0.457902 0.847374 -0.265795
v -0.416841 0.846840 -0.255938
v -0.377827 0.847374 -0.239778
v -0.341822 0.848813 -0.217713
v -0.309711 0.850834 -0.190289
v -0.282287 0.853056 -0.158178
v -0.260222 0.854765 -0.122173
v -0.244062 0.855532 -0.083159
v -0.234205 0.855077 -0.042098
v -0.230891 0.853210 -0.000000
v -0.234205 0.850110 0.042098
v -0.244062 0.846491 0.083159
v -0.260222 0.845023 0.122173
v -0.282284 0.844708 0.158132
v -0.309678 0.845058 0.189761
v -0.341742 0.846512 0.216448
v -0.377709 0.850110 0.237894
v -0.416713 0.853229 0.253900
v -0.457799 0.855671 0.264164
v -0.499918 0.857428 0.268184
v -0.541799 0.858590 0.265402
v -0.582357 0.859224 0.255582
v -0.620652 0.859231 0.239104
v -0.655879 0.858759 0.216696
v -0.687363 0.857781 0.188994
v -0.714544 0.856284 0.156775
v -0.736852 0.854491 0.120878
v -0.753638 0.853389 0.082141
v -0.764274 0.854138 0.041425
v -0.768307 0.855651 -0.000355
v -0.765518 0.857050 -0.042221
v -0.755916 0.858121 -0.083169
v -0.739778 0.858806 -0.122173
v -0.717713 0.859023 -0.158178
v -0.690289 0.858439 -0.190289
v -0.658178 0.857146 -0.217713
v -0.622173 0.855295 -0.239778
v -0.583159 0.853100 -0.255938
v -0.542098 0.850834 -0.265795
v -0.457905 0.841271 -0.265780
v -0.416846 0.840749 -0.255923
v -0.377834 0.841271 -0.239764
v -0.341831 0.842688 -0.217701
v -0.309722 0.844684 -0.190278
v -0.282299 0.846884 -0.158169
v -0.260236 0.848586 -0.122166
v -0.244077 0.849353 -0.083154
v -0.234220 0.848907 -0.042095
v -0.230907 0.847065 0.000000
v -0.234220 0.844040 0.042095
v -0.244077 0.840518 0.083154
v -0.260236 0.838935 0.122166
v -0.282294 0.838664 0.158094
v -0.309682 0.838974 0.189638
v -0.341738 0.840532 0.216226
v -0.377697 0.844040 0.237585
v -0.416697 0.847080 0.253560
v -0.457784 0.849471 0.263866
v -0.499893 0.851197 0.267969
v -0.541743 0.852343 0.265270
v -0.582261 0.852971 0.255520
v -0.620502 0.853004 0.239027
v -0.655669 0.852574 0.216594
v -0.687102 0.851650 0.188872
v -0.714260 0.850226 0.156646
v -0.736588 0.848546 0.120760
v -0.753423 0.847540 0.082048
v -0.764116 0.848166 0.041359
v -0.768201 0.849545 -0.000395
v -0.765455 0.850864 -0.042239
v -0.755889 0.851885 -0.083169
v -0.739764 0.852540 -0.122166
v -0.717701 0.852745 -0.158169
v -0.690278 0.852184 -0.190278
v -0.658169 0.850916 -0.217701
v -0.622166 0.849091 -0.239764
v -0.583154 0.846923 -0.255923
v -0.542095 0.844684 -0.265780
v -0.500000 0.842688 -0.269093
v -0.500000 0.843960 -0.272651
v -0.500000 0.848279 -0.272639
v -0.542650 0.850318 -0.269283
v -0.584250 0.852599 -0.259295
v -0.623776 0.854800 -0.242923
v -0.660253 0.856645 -0.220570
v -0.692785 0.857916 -0.192785
v -0.720570 0.858461 -0.160253
v -0.742923 0.858251 -0.123776
v -0.759278 0.857581 -0.084258
v -0.769015 0.856519 -0.042769
v -0.771848 0.855130 -0.000350
v -0.767765 0.853633 0.041979
v -0.756989 0.852898 0.083229
v -0.739980 0.853986 0.122473
v -0.717378 0.855768 0.158841
v -0.689842 0.857255 0.191483
v -0.657947 0.858220 0.219549
v -0.622258 0.858675 0.242252
v -0.583458 0.858661 0.258945
v -0.542362 0.858057 0.268897
v -0.499922 0.856922 0.271712
v -0.457246 0.855187 0.267635
v -0.415620 0.852759 0.257236
v -0.376105 0.849650 0.241024
v -0.339667 0.846040 0.219303
v -0.307182 0.844519 0.192265
v -0.279428 0.844224 0.160212
v -0.257077 0.844483 0.123776
v -0.240705 0.846022 0.084250
v -0.230717 0.849650 0.042650
v -0.227361 0.852749 -0.000000
v -0.230717 0.854643 -0.042650
v -0.240705 0.855100 -0.084250
v -0.257077 0.854313 -0.123776
v -0.279430 0.852567 -0.160253
v -0.307215 0.850318 -0.192785
v -0.339747 0.848279 -0.220570
v -0.376224 0.846825 -0.242923
v -0.415750 0.846286 -0.259295
v -0.457350 0.846825 -0.269283
v -0.457348 0.842522 -0.269295
v -0.415746 0.841991 -0.259307
v -0.376219 0.842522 -0.242934
v -0.339740 0.843960 -0.220580
v -0.307206 0.845981 -0.192794
v -0.279420 0.848215 -0.160260
v -0.257066 0.849956 -0.123781
v -0.240693 0.850742 -0.084254
v -0.230705 0.850291 -0.042652
v -0.227349 0.848415 0.000000
v -0.230705 0.845368 0.042652
v -0.240693 0.841813 0.084254
v -0.257066 0.840191 0.123781
v -0.279417 0.839944 0.160200
v -0.307169 0.840230 0.192196
v -0.339651 0.841825 0.219166
v -0.376086 0.845368 0.240828
v -0.415602 0.848422 0.257020
v -0.457232 0.850814 0.267449
v -0.499905 0.852528 0.271586
v -0.542327 0.853652 0.268829
v -0.583399 0.854251 0.258925
v -0.622164 0.854284 0.242218
v -0.657814 0.853858 0.219497
v -0.689674 0.852931 0.191413
v -0.717196 0.851495 0.158763
v -0.739815 0.849792 0.122401
v -0.756860 0.848769 0.083171
v -0.767677 0.849419 0.041936
v -0.771797 0.850823 -0.000378
v -0.768994 0.852157 -0.042785
v -0.759281 0.853183 -0.084265
v -0.742934 0.853833 -0.123781
v -0.720580 0.854033 -0.160260
v -0.692794 0.853505 -0.192794
v -0.660260 0.852252 -0.220580
v -0.623781 0.850425 -0.242934
v -0.584254 0.848243 -0.259307
v -0.542652 0.845981 -0.269295
v -0.281811 0.847719 -0.158524
v -0.756466 0.852721 -0.083355
v -0.309295 0.845510 -0.190705
v -0.766060 0.851694 -0.042330
v -0.341476 0.843507 -0.218189
v -0.768820 0.850364 -0.000388
v -0.377560 0.842085 -0.240302
v -0.764735 0.848967 0.041463
v -0.416659 0.841559 -0.256497
v -0.754026 0.848325 0.082247
v -0.457810 0.842085 -0.266377
v -0.500000 0.843507 -0.269697
v -0.737160 0.849344 0.121050
v -0.714785 0.851038 0.157017
v -0.687563 0.852472 0.189314
v -0.656053 0.853402 0.217096
v -0.620798 0.853836 0.239575
v -0.582463 0.853806 0.256103
v -0.541848 0.853182 0.265886
v -0.499897 0.852038 0.268603
v -0.740302 0.853378 -0.122440
v -0.259698 0.849428 -0.122440
v -0.718189 0.853584 -0.158524
v -0.243503 0.850198 -0.083341
v -0.690705 0.853026 -0.190705
v -0.233623 0.849751 -0.042190
v -0.658524 0.851758 -0.218189
v -0.230303 0.847900 -0.000000
v -0.622440 0.849929 -0.240302
v -0.233623 0.844863 0.042190
v -0.583341 0.847756 -0.256497
v -0.243503 0.841324 0.083341
v -0.542190 0.845510 -0.266377
v -0.259698 0.839749 0.122440
v -0.281806 0.839474 0.158454
v -0.309256 0.839787 0.190083
v -0.341385 0.841339 0.216746
v -0.377426 0.844863 0.238165
v -0.416513 0.847914 0.254180
v -0.457692 0.850311 0.264503
v -0.457084 0.844679 -0.270962
v -0.338747 0.846132 -0.221946
v -0.255561 0.852188 -0.124548
v -0.225660 0.850628 -0.000000
v -0.229038 0.847555 0.042916
v -0.278051 0.842133 0.161206
v -0.456974 0.853039 0.269223
v -0.542617 0.855871 0.270547
v -0.583962 0.856458 0.260552
v -0.622989 0.856484 0.243749
v -0.690961 0.855109 0.192648
v -0.741412 0.851909 0.123208
v -0.758543 0.850857 0.083727
v -0.769404 0.851546 0.042226
v -0.773526 0.852994 -0.000360
v -0.770685 0.854354 -0.043039
v -0.760893 0.855395 -0.084784
v -0.721946 0.856250 -0.161253
v -0.693988 0.855732 -0.193988
v -0.661253 0.854480 -0.221946
v -0.624548 0.852647 -0.244439
v -0.415239 0.844141 -0.260868
v -0.375474 0.844679 -0.244397
v -0.306046 0.848171 -0.193954
v -0.278092 0.850425 -0.161225
v -0.239132 0.852982 -0.084761
v -0.229084 0.852525 -0.042909
v -0.239132 0.843956 0.084761
v -0.255603 0.842350 0.124526
v -0.306011 0.842382 0.193405
v -0.338691 0.843970 0.220577
v -0.375348 0.847554 0.242401
v -0.415103 0.850633 0.258701
v -0.499917 0.854754 0.273305
v -0.658855 0.856050 0.220859
v -0.718623 0.853648 0.159771
v -0.744397 0.856049 -0.124526
v -0.584761 0.850450 -0.260868
v -0.542909 0.848171 -0.270916
v -0.500000 0.846132 -0.274293
v -0.457160 0.843164 -0.270482
v -0.415375 0.842629 -0.260450
v -0.375673 0.843164 -0.244005
v -0.339033 0.844609 -0.221552
v -0.306356 0.846639 -0.193644
v -0.278448 0.848885 -0.160967
v -0.255995 0.850639 -0.124327
v -0.239550 0.851432 -0.084625
v -0.229518 0.850978 -0.042840
v -0.226146 0.849090 0.000000
v -0.229518 0.846035 0.042840
v -0.239550 0.842466 0.084625
v -0.255995 0.840833 0.124327
v -0.278444 0.840611 0.160913
v -0.306320 0.840871 0.193065
v -0.338946 0.842478 0.220167
v -0.375543 0.846035 0.241935
v -0.415233 0.849095 0.258201
v -0.457046 0.851489 0.268671
v -0.499910 0.853200 0.272815
v -0.542526 0.854316 0.270036
v -0.583786 0.854906 0.260077
v -0.622731 0.854938 0.243299
v -0.658546 0.854512 0.220481
v -0.690553 0.853583 0.192276
v -0.718199 0.852140 0.159483
v -0.740915 0.850427 0.122959
v -0.758029 0.849397 0.083554
v -0.768886 0.850057 0.042134
v -0.773015 0.851474 -0.000371
v -0.770192 0.852814 -0.042969
v -0.760428 0.853844 -0.084635
v -0.744005 0.854493 -0.124327
v -0.721552 0.854691 -0.160967
v -0.693644 0.854174 -0.193644
v -0.660967 0.852926 -0.221552
v -0.624327 0.851098 -0.244005
v -0.584625 0.848910 -0.260450
v -0.542840 0.846639 -0.270482
v -0.500000 0.844609 -0.273854
v -0.500000 0.847699 -0.273802
v -0.457168 0.846242 -0.270431
v -0.415390 0.845702 -0.260401
v -0.375696 0.846242 -0.243960
v -0.339063 0.847699 -0.221511
v -0.306393 0.849742 -0.193607
v -0.278489 0.851998 -0.160937
v -0.256040 0.853756 -0.124304
v -0.239599 0.854549 -0.084610
v -0.229569 0.854091 -0.042832
v -0.226198 0.852191 0.000000
v -0.229569 0.849098 0.042832
v -0.239599 0.845476 0.084610
v -0.256040 0.843904 0.124304
v -0.278487 0.843675 0.160896
v -0.306360 0.843940 0.193083
v -0.338982 0.845492 0.220230
v -0.375575 0.849098 0.242037
v -0.415259 0.852198 0.258315
v -0.457063 0.854617 0.268761
v -0.499922 0.856344 0.272862
v -0.542544 0.857468 0.270041
v -0.583815 0.858061 0.260050
v -0.622778 0.858080 0.243285
v -0.658616 0.857633 0.220483
v -0.690643 0.856677 0.192295
v -0.718294 0.855198 0.159513
v -0.740995 0.853428 0.122992
v -0.758080 0.852352 0.083582
v -0.768906 0.853073 0.042157
v -0.773008 0.854555 -0.000351
v -0.770164 0.855936 -0.042951
v -0.760384 0.856990 -0.084617
v -0.743960 0.857654 -0.124304
v -0.721511 0.857860 -0.160937
v -0.693607 0.857330 -0.193607
v -0.660937 0.856068 -0.221511
v -0.624304 0.854227 -0.243960
v -0.584610 0.852026 -0.260401
v -0.542832 0.849742 -0.270431
v -0.500000 0.817558 -0.267968
v -0.458081 0.816254 -0.264669
v -0.417194 0.815780 -0.254851
v -0.378348 0.816253 -0.238756
v -0.342495 0.817557 -0.216785
v -0.310520 0.819416 -0.189479
v -0.283209 0.821496 -0.157507
v -0.261238 0.823143 -0.121655
v -0.245147 0.823897 -0.082807
v -0.235331 0.823497 -0.041919
v -0.232032 0.821785 0.000000
v -0.235331 0.819128 0.041919
v -0.245147 0.816189 0.082807
v -0.261238 0.814038 0.121655
v -0.283193 0.813635 0.157247
v -0.310443 0.814070 0.188300
v -0.342337 0.816189 0.214325
v -0.378119 0.819128 0.235164
v -0.416945 0.821786 0.250900
v -0.457873 0.823924 0.261369
v -0.499753 0.825498 0.265846
v -0.541314 0.826560 0.263541
v -0.581504 0.827149 0.254133
v -0.619364 0.827302 0.237748
v -0.654119 0.827070 0.215291
v -0.685173 0.826403 0.187575
v -0.712109 0.825307 0.155436
v -0.734452 0.824041 0.119748
v -0.751464 0.823278 0.081307
v -0.762378 0.823434 0.040905
v -0.766675 0.824311 -0.000573
v -0.764123 0.825371 -0.042161
v -0.754741 0.826161 -0.082856
v -0.738762 0.826666 -0.121655
v -0.716791 0.826806 -0.157508
v -0.689482 0.826362 -0.189482
v -0.657508 0.825223 -0.216791
v -0.621655 0.823535 -0.238762
v -0.582807 0.821511 -0.254853
v -0.541919 0.819417 -0.264669
v -0.457884 0.893884 -0.265907
v -0.500000 0.895414 -0.269222
v -0.416806 0.893297 -0.256045
v -0.377776 0.893884 -0.239878
v -0.341756 0.895414 -0.217805
v -0.309632 0.897533 -0.190368
v -0.282195 0.899825 -0.158244
v -0.260122 0.901558 -0.122224
v -0.243955 0.902322 -0.083194
v -0.234093 0.901827 -0.042116
v -0.230778 0.899864 -0.000000
v -0.234093 0.896483 0.042116
v -0.243955 0.892488 0.083194
v -0.260122 0.891053 0.122224
v -0.282195 0.889218 0.158244
v -0.309631 0.891054 0.190356
v -0.341745 0.892494 0.217643
v -0.377755 0.896483 0.239551
v -0.416784 0.899912 0.255692
v -0.457871 0.902544 0.265690
v -0.499997 0.904421 0.269180
v -0.542086 0.905610 0.265894
v -0.582951 0.906219 0.255938
v -0.621615 0.906087 0.239608
v -0.657219 0.905419 0.217351
v -0.689010 0.904208 0.189767
v -0.716319 0.902399 0.157587
v -0.738520 0.899988 0.121623
v -0.755019 0.897603 0.082740
v -0.765298 0.899789 0.041846
v -0.768980 0.902052 -0.000107
v -0.765879 0.903830 -0.042128
v -0.756045 0.905126 -0.083194
v -0.739878 0.905914 -0.122224
v -0.717805 0.906174 -0.158244
v -0.690368 0.905512 -0.190368
v -0.658244 0.904131 -0.217805
v -0.622224 0.902186 -0.239878
v -0.583194 0.899896 -0.256045
v -0.542116 0.897533 -0.265907
v -0.499503 0.080565 0.000044
v -0.459981 0.080749 -0.254470
v -0.500948 0.081508 -0.255553
v -0.420386 0.080455 -0.245554
v -0.382945 0.080441 -0.229744
v -0.349056 0.080437 -0.208266
v -0.320169 0.080440 -0.181580
v -0.296974 0.080450 -0.150317
v -0.278566 0.080465 -0.115437
v -0.259846 0.080482 -0.078693
v -0.246909 0.080499 -0.039928
v -0.241599 0.080512 0.000181
v -0.244030 0.080521 0.040556
v -0.253518 0.080525 0.080074
v -0.269137 0.080556 0.117383
v -0.290493 0.080618 0.151546
v -0.317029 0.080689 0.181876
v -0.348053 0.080746 0.207811
v -0.382767 0.080768 0.228877
v -0.420304 0.080747 0.244616
v -0.459948 0.080779 0.253890
v -0.500891 0.080946 0.255821
v -0.542102 0.081267 0.250215
v -0.582191 0.081583 0.238382
v -0.618784 0.081270 0.225442
v -0.652300 0.080923 0.207139
v -0.682298 0.080722 0.182602
v -0.708062 0.080671 0.152409
v -0.728857 0.080711 0.117766
v -0.744021 0.080747 0.080214
v -0.753237 0.080773 0.040684
v -0.756327 0.080782 0.000146
v -0.753237 0.080773 -0.040402
v -0.744021 0.080747 -0.079961
v -0.728857 0.080711 -0.117554
v -0.708062 0.080674 -0.152240
v -0.682318 0.080916 -0.182268
v -0.652373 0.081622 -0.206291
v -0.618945 0.082762 -0.223742
v -0.582442 0.083772 -0.235907
v -0.542255 0.082703 -0.248735
v -0.235831 0.713962 0.072018
v -0.211657 0.654763 0.083903
v -0.228177 0.667074 0.075712
v -0.218076 0.665221 0.080728
v -0.230695 0.713748 0.058369
v -0.233499 0.664049 0.073066
v -0.221108 0.712887 -0.000029
v -0.225395 0.713232 0.039042
v -0.222785 0.667207 0.060990
v -0.212071 0.665367 0.064868
v -0.205297 0.654933 0.067216
v -0.228421 0.663960 0.059234
v -0.222953 0.663484 0.039664
v -0.199205 0.654876 0.044990
v -0.217265 0.666815 0.040922
v -0.206187 0.665107 0.043412
v -0.218742 0.662579 0.000080
v -0.194295 0.653991 0.000071
v -0.201445 0.664190 0.000053
v -0.212870 0.665853 0.000063
v -0.243872 0.713869 0.068016
v -0.239189 0.713661 0.055433
v -0.240696 0.652710 0.069486
v -0.230085 0.712884 -0.000024
v -0.234156 0.713172 0.037077
v -0.236052 0.652754 0.056627
v -0.201446 0.647816 0.000099
v -0.230925 0.652501 0.037913
v -0.206155 0.648853 0.043453
v -0.226800 0.651342 0.000126
v -0.212032 0.648900 0.065009
v -0.219313 0.648761 0.080094
v -0.218656 0.655293 0.000101
v -0.222969 0.656422 0.039615
v -0.228341 0.656691 0.059178
v -0.233625 0.656599 0.072997
v -0.230228 0.699296 0.062959
v -0.229152 0.703600 0.065229
v -0.231399 0.707656 0.066088
v -0.232358 0.705366 0.068499
v -0.232412 0.701972 0.068580
v -0.231530 0.699462 0.066286
v -0.229269 0.701570 0.060548
v -0.229214 0.704964 0.060466
v -0.230096 0.707490 0.062761
v -0.232169 0.698987 0.062075
v -0.233421 0.707930 0.065422
v -0.234447 0.705482 0.068001
v -0.234505 0.701852 0.068088
v -0.233561 0.699167 0.065633
v -0.231142 0.701417 0.059496
v -0.231084 0.705047 0.059408
v -0.232028 0.707750 0.061862
v -0.220099 0.652102 0.079707
v -0.213486 0.652850 0.064556
v -0.207651 0.652771 0.043148
v -0.202969 0.651738 0.000090
v -0.223833 0.656820 0.077858
v -0.228778 0.657491 0.075404
v -0.193357 0.648071 0.000086
v -0.198278 0.648968 0.045179
v -0.204395 0.648934 0.067507
v -0.211030 0.648792 0.084207
v -0.217945 0.657663 0.063227
v -0.223416 0.658028 0.061104
v -0.212237 0.657461 0.042279
v -0.217896 0.657774 0.040885
v -0.213441 0.656674 0.000090
v -0.207641 0.656406 0.000083
v -0.214454 0.660255 0.082521
v -0.208083 0.660549 0.066228
v -0.202078 0.660386 0.044316
v -0.197241 0.659485 0.000060
v -0.221733 0.655221 0.078899
v -0.215377 0.656129 0.064064
v -0.209596 0.655984 0.042813
v -0.204949 0.654949 0.000083
v -0.194285 0.648650 0.023377
v -0.221755 0.712846 0.019980
v -0.219330 0.663012 0.020356
v -0.195217 0.654525 0.023109
v -0.202291 0.664672 0.022283
v -0.213551 0.666330 0.021163
v -0.231914 0.712825 0.019046
v -0.228651 0.651978 0.019550
v -0.220584 0.655892 0.020431
v -0.205043 0.652304 0.022463
v -0.203544 0.648430 0.022650
v -0.209689 0.656966 0.021866
v -0.215440 0.657253 0.021077
v -0.207008 0.655501 0.022213
v -0.198133 0.659997 0.022918
v -0.223172 0.667231 0.078198
v -0.217469 0.667655 0.063166
v -0.211739 0.667331 0.042267
v -0.207120 0.666369 0.000055
v -0.225827 0.657472 0.076869
v -0.220214 0.658216 0.062374
v -0.214583 0.657983 0.041723
v -0.210040 0.656908 0.000085
v -0.212074 0.657475 0.021542
v -0.207911 0.666852 0.021682
v -0.241046 0.659547 0.069316
v -0.236399 0.659520 0.056491
v -0.231282 0.659207 0.037816
v -0.227163 0.658111 0.000104
v -0.229011 0.658679 0.019489
v -0.235896 0.716492 -0.072008
v -0.211836 0.652443 -0.083636
v -0.228331 0.665557 -0.075487
v -0.218234 0.663666 -0.080510
v -0.230748 0.715812 -0.058382
v -0.233659 0.662200 -0.072814
v -0.225431 0.714619 -0.039080
v -0.222909 0.665603 -0.060800
v -0.212197 0.663706 -0.064690
v -0.205440 0.652528 -0.066993
v -0.228551 0.662031 -0.059013
v -0.223040 0.661879 -0.039476
v -0.199300 0.652951 -0.044812
v -0.217348 0.665452 -0.040767
v -0.206271 0.663725 -0.043273
v -0.243939 0.716349 -0.068002
v -0.239243 0.715708 -0.055440
v -0.240878 0.649690 -0.069145
v -0.234192 0.714543 -0.037107
v -0.236200 0.649744 -0.056316
v -0.231024 0.650173 -0.037634
v -0.206259 0.646385 -0.043220
v -0.212188 0.645716 -0.064733
v -0.219507 0.645564 -0.079773
v -0.223064 0.654319 -0.039383
v -0.228483 0.654018 -0.058911
v -0.233801 0.653942 -0.072696
v -0.230306 0.700489 -0.062914
v -0.229225 0.705156 -0.065200
v -0.231467 0.709547 -0.066070
v -0.232433 0.707166 -0.068467
v -0.232493 0.703519 -0.068535
v -0.231612 0.700753 -0.066235
v -0.229341 0.702869 -0.060517
v -0.229281 0.706500 -0.060448
v -0.230162 0.709266 -0.062748
v -0.232248 0.700154 -0.062027
v -0.233490 0.709843 -0.065403
v -0.234522 0.707299 -0.067967
v -0.234587 0.703400 -0.068040
v -0.233645 0.700440 -0.065579
v -0.231215 0.702696 -0.059463
v -0.231151 0.706578 -0.059389
v -0.232093 0.709539 -0.061849
v -0.220285 0.649205 -0.079406
v -0.213635 0.649988 -0.064301
v -0.207750 0.650528 -0.042935
v -0.224009 0.654298 -0.077579
v -0.228952 0.654959 -0.075119
v -0.198380 0.646716 -0.044969
v -0.204549 0.646078 -0.067252
v -0.211223 0.645986 -0.083905
v -0.218086 0.655167 -0.062990
v -0.223557 0.655504 -0.060856
v -0.212332 0.655471 -0.042081
v -0.217990 0.655769 -0.040675
v -0.214621 0.658330 -0.082281
v -0.208217 0.658543 -0.066031
v -0.202168 0.658755 -0.044161
v -0.221913 0.652588 -0.078614
v -0.215521 0.653533 -0.063823
v -0.209692 0.653926 -0.042613
v -0.194319 0.647421 -0.023097
v -0.221757 0.713563 -0.019946
v -0.219358 0.662121 -0.020101
v -0.195247 0.653471 -0.022858
v -0.202316 0.663888 -0.022071
v -0.213576 0.665551 -0.020939
v -0.231923 0.713535 -0.019006
v -0.228691 0.650724 -0.019204
v -0.220622 0.654744 -0.020130
v -0.205083 0.651064 -0.022176
v -0.203586 0.647076 -0.022344
v -0.209726 0.655861 -0.021595
v -0.215477 0.656148 -0.020796
v -0.207046 0.654358 -0.021940
v -0.198160 0.659083 -0.022691
v -0.223326 0.665783 -0.077983
v -0.217592 0.666132 -0.062989
v -0.211822 0.666036 -0.042127
v -0.226001 0.654979 -0.076590
v -0.220355 0.655742 -0.062135
v -0.214676 0.656009 -0.041522
v -0.212111 0.656382 -0.021269
v -0.207936 0.666112 -0.021471
v -0.241214 0.657274 -0.069021
v -0.236536 0.657214 -0.056224
v -0.231373 0.657351 -0.037581
v -0.229048 0.657656 -0.019187
v -0.235774 0.607083 0.071904
v -0.211651 0.642802 0.083892
v -0.228167 0.630235 0.075692
v -0.218064 0.632200 0.080702
v -0.230771 0.607030 0.058522
v -0.233492 0.633279 0.073053
v -0.221264 0.605542 0.000283
v -0.225496 0.606859 0.039244
v -0.222815 0.630102 0.061048
v -0.212093 0.632175 0.064913
v -0.205305 0.642904 0.067230
v -0.228446 0.633390 0.059285
v -0.222986 0.633489 0.039730
v -0.199215 0.642984 0.045010
v -0.217303 0.630123 0.040998
v -0.206217 0.632217 0.043473
v -0.218791 0.632081 0.000179
v -0.194312 0.642049 0.000105
v -0.201494 0.631151 0.000151
v -0.212928 0.628872 0.000179
v -0.243825 0.607082 0.067921
v -0.239274 0.607021 0.055604
v -0.240695 0.644710 0.069484
v -0.230248 0.605493 0.000302
v -0.234265 0.606816 0.037297
v -0.236059 0.644812 0.056642
v -0.230934 0.644641 0.037932
v -0.226814 0.643426 0.000153
v -0.218682 0.639545 0.000153
v -0.222986 0.640772 0.039649
v -0.228354 0.640859 0.059205
v -0.233622 0.640823 0.072990
v -0.230280 0.621095 0.063064
v -0.229206 0.616669 0.065340
v -0.231458 0.612436 0.066208
v -0.232412 0.614872 0.068608
v -0.232463 0.618413 0.068682
v -0.231580 0.620989 0.066386
v -0.229326 0.618666 0.060664
v -0.229276 0.615120 0.060591
v -0.230160 0.612538 0.062887
v -0.232223 0.621382 0.062183
v -0.233483 0.612119 0.065546
v -0.234503 0.614725 0.068114
v -0.234557 0.618513 0.068192
v -0.233612 0.621268 0.065736
v -0.231202 0.618783 0.059615
v -0.231149 0.614990 0.059537
v -0.232093 0.612228 0.061994
v -0.220097 0.645410 0.079703
v -0.213491 0.644915 0.064567
v -0.207658 0.644870 0.043163
v -0.202980 0.643789 0.000113
v -0.223828 0.640647 0.077848
v -0.228773 0.639945 0.075394
v -0.217957 0.639979 0.063253
v -0.223431 0.639542 0.061133
v -0.212255 0.639972 0.042313
v -0.217915 0.639502 0.040923
v -0.213470 0.638297 0.000148
v -0.207668 0.638815 0.000137
v -0.214444 0.637248 0.082501
v -0.208098 0.637173 0.066258
v -0.202099 0.637249 0.044357
v -0.197275 0.636257 0.000127
v -0.221729 0.642268 0.078890
v -0.215387 0.641572 0.064084
v -0.209610 0.641554 0.042841
v -0.204971 0.640432 0.000127
v -0.221881 0.606380 0.020233
v -0.219370 0.632982 0.020437
v -0.195230 0.642675 0.023135
v -0.202330 0.631889 0.022360
v -0.213598 0.629706 0.021257
v -0.232049 0.606322 0.019317
v -0.228662 0.644133 0.019572
v -0.220605 0.640284 0.020474
v -0.205053 0.644470 0.022482
v -0.209711 0.639538 0.021910
v -0.215463 0.639036 0.021125
v -0.207026 0.641143 0.022248
v -0.198159 0.636940 0.022971
v -0.223160 0.630118 0.078174
v -0.217496 0.629725 0.063221
v -0.211776 0.629729 0.042341
v -0.207177 0.628584 0.000170
v -0.225821 0.639980 0.076859
v -0.220229 0.639387 0.062403
v -0.214601 0.639374 0.041761
v -0.210069 0.638194 0.000143
v -0.212098 0.638926 0.021589
v -0.207957 0.629365 0.021775
v -0.241043 0.637818 0.069311
v -0.236419 0.637901 0.056531
v -0.231307 0.637796 0.037867
v -0.227200 0.636551 0.000177
v -0.229042 0.637310 0.019550
v -0.236057 0.601097 -0.071216
v -0.211857 0.639471 -0.083551
v -0.228401 0.624753 -0.075216
v -0.218294 0.627597 -0.080270
v -0.231001 0.601366 -0.057875
v -0.233718 0.627978 -0.072585
v -0.225649 0.602935 -0.038642
v -0.223003 0.624799 -0.060612
v -0.212279 0.627638 -0.064526
v -0.205469 0.639545 -0.066936
v -0.228629 0.628263 -0.058855
v -0.223108 0.629859 -0.039341
v -0.199325 0.640369 -0.044763
v -0.217429 0.626385 -0.040604
v -0.206341 0.628851 -0.043133
v -0.244102 0.601492 -0.067205
v -0.239500 0.601688 -0.054924
v -0.240893 0.640813 -0.069085
v -0.234416 0.603026 -0.036658
v -0.236221 0.640960 -0.056274
v -0.231042 0.641769 -0.037598
v -0.223100 0.637579 -0.039312
v -0.228524 0.636496 -0.058830
v -0.233831 0.636396 -0.072579
v -0.230499 0.614617 -0.062528
v -0.229440 0.609974 -0.064769
v -0.231705 0.605884 -0.065592
v -0.232663 0.608010 -0.068005
v -0.232706 0.611185 -0.068107
v -0.231810 0.614188 -0.065838
v -0.229541 0.612374 -0.060115
v -0.229497 0.608873 -0.060014
v -0.230393 0.606200 -0.062282
v -0.232439 0.614969 -0.061642
v -0.233730 0.605627 -0.064920
v -0.234755 0.607943 -0.067501
v -0.234801 0.611533 -0.067611
v -0.233842 0.614550 -0.065184
v -0.231414 0.612553 -0.059061
v -0.231368 0.608803 -0.058953
v -0.232327 0.605948 -0.061380
v -0.220298 0.641852 -0.079357
v -0.213654 0.641315 -0.064261
v -0.207767 0.642119 -0.042901
v -0.224040 0.636446 -0.077460
v -0.228986 0.635490 -0.074989
v -0.218130 0.635745 -0.062901
v -0.223604 0.635095 -0.060762
v -0.212370 0.636815 -0.042004
v -0.218031 0.636241 -0.040593
v -0.214663 0.633297 -0.082115
v -0.208274 0.633238 -0.065918
v -0.202216 0.634245 -0.044064
v -0.221937 0.638327 -0.078519
v -0.215557 0.637592 -0.063751
v -0.209723 0.638551 -0.042551
v -0.221943 0.604378 -0.019573
v -0.219416 0.631130 -0.019984
v -0.195268 0.641272 -0.022817
v -0.202375 0.630134 -0.021953
v -0.213646 0.627782 -0.020800
v -0.232117 0.604358 -0.018617
v -0.228707 0.642623 -0.019172
v -0.220652 0.638619 -0.020069
v -0.205097 0.642979 -0.022148
v -0.209758 0.637865 -0.021530
v -0.215511 0.637332 -0.020726
v -0.207073 0.639535 -0.021886
v -0.198201 0.635342 -0.022610
v -0.223395 0.624955 -0.077712
v -0.217687 0.624661 -0.062799
v -0.211903 0.626089 -0.041964
v -0.226034 0.635626 -0.076461
v -0.220402 0.635013 -0.062040
v -0.214717 0.636141 -0.041440
v -0.212146 0.637224 -0.021199
v -0.208004 0.627490 -0.021333
v -0.241256 0.633173 -0.068859
v -0.236592 0.633360 -0.056110
v -0.231423 0.634491 -0.037482
v -0.229091 0.635599 -0.019101
v -0.758491 0.716839 0.069505
v -0.783443 0.656421 0.081818
v -0.766516 0.668880 0.073410
v -0.776747 0.667027 0.078494
v -0.764416 0.715822 0.056205
v -0.761220 0.665804 0.070776
v -0.776562 0.713487 -0.001096
v -0.770695 0.714161 0.037306
v -0.772640 0.668430 0.059004
v -0.783510 0.666530 0.062964
v -0.790529 0.655992 0.065446
v -0.766988 0.665178 0.057239
v -0.773340 0.664233 0.038037
v -0.797487 0.655391 0.043582
v -0.779062 0.667529 0.039313
v -0.790306 0.665727 0.041892
v -0.779014 0.663761 -0.000982
v -0.803815 0.654861 -0.000795
v -0.796535 0.665106 -0.000884
v -0.784949 0.666925 -0.000962
v -0.750457 0.716787 0.065506
v -0.755874 0.715849 0.053246
v -0.754236 0.654308 0.067302
v -0.767476 0.713623 -0.001145
v -0.761856 0.714310 0.035303
v -0.759480 0.653880 0.054694
v -0.796584 0.648887 -0.000810
v -0.765415 0.653275 0.036307
v -0.790488 0.649391 0.042026
v -0.770915 0.652736 -0.000968
v -0.783774 0.649934 0.063237
v -0.775803 0.650324 0.078026
v -0.779130 0.656555 -0.000947
v -0.773396 0.657131 0.038028
v -0.767178 0.657815 0.057243
v -0.761233 0.658249 0.070782
v -0.764654 0.701307 0.060727
v -0.765657 0.705716 0.062935
v -0.763322 0.709905 0.063725
v -0.762237 0.707725 0.066037
v -0.762180 0.704301 0.066118
v -0.763184 0.701647 0.063920
v -0.765730 0.703469 0.058409
v -0.765788 0.706881 0.058329
v -0.764793 0.709553 0.060532
v -0.762718 0.700935 0.059816
v -0.761270 0.710278 0.063073
v -0.760089 0.707910 0.065585
v -0.760028 0.704190 0.065672
v -0.761120 0.701306 0.063284
v -0.763886 0.703281 0.057298
v -0.763949 0.706986 0.057211
v -0.762869 0.709892 0.059605
v -0.774941 0.653711 0.077597
v -0.782240 0.653903 0.062739
v -0.788931 0.653329 0.041685
v -0.795028 0.652796 -0.000839
v -0.771079 0.658489 0.075677
v -0.766085 0.659161 0.073194
v -0.804784 0.648980 -0.000761
v -0.798484 0.649464 0.043814
v -0.791531 0.649970 0.065796
v -0.784194 0.650359 0.082192
v -0.777645 0.658769 0.061335
v -0.772116 0.659151 0.059179
v -0.784231 0.658076 0.040752
v -0.778504 0.658440 0.039320
v -0.784402 0.657851 -0.000925
v -0.790278 0.657497 -0.000890
v -0.780505 0.661996 0.080359
v -0.787622 0.661651 0.064391
v -0.794519 0.660946 0.042854
v -0.800812 0.660365 -0.000838
v -0.773229 0.656871 0.076745
v -0.780270 0.657213 0.062203
v -0.786924 0.656570 0.041315
v -0.793010 0.656009 -0.000866
v -0.803201 0.649108 0.022297
v -0.775175 0.712433 0.018605
v -0.777734 0.663767 0.019036
v -0.802226 0.654983 0.022000
v -0.794990 0.665211 0.021082
v -0.783559 0.667000 0.019870
v -0.764897 0.713190 0.017612
v -0.768389 0.652873 0.018212
v -0.776506 0.656680 0.019126
v -0.792254 0.652891 0.021279
v -0.793798 0.649008 0.021493
v -0.787518 0.657606 0.020630
v -0.781698 0.657969 0.019801
v -0.790243 0.656108 0.021001
v -0.799231 0.660487 0.021764
v -0.771559 0.669049 0.075917
v -0.778001 0.668869 0.061203
v -0.784651 0.668005 0.040693
v -0.790775 0.667355 -0.000929
v -0.769056 0.659147 0.074672
v -0.775343 0.659333 0.060465
v -0.781852 0.658620 0.040177
v -0.787845 0.658032 -0.000906
v -0.785101 0.658146 0.020287
v -0.789276 0.667455 0.020431
v -0.753752 0.661234 0.067059
v -0.759027 0.660728 0.054499
v -0.764982 0.660021 0.036168
v -0.770517 0.659431 -0.001005
v -0.767975 0.659563 0.018123
v -0.763601 0.717127 -0.072390
v -0.787913 0.655591 -0.084100
v -0.771266 0.668265 -0.075994
v -0.781468 0.666333 -0.080968
v -0.768496 0.716666 -0.058846
v -0.765878 0.665172 -0.073361
v -0.773383 0.715716 -0.039697
v -0.776430 0.668233 -0.061356
v -0.787261 0.666269 -0.065186
v -0.794077 0.655564 -0.067479
v -0.770730 0.664924 -0.059610
v -0.775816 0.664328 -0.040181
v -0.799837 0.655322 -0.045370
v -0.781573 0.667697 -0.041429
v -0.792785 0.665840 -0.043864
v -0.755459 0.717065 -0.068432
v -0.759899 0.716620 -0.055955
v -0.758574 0.653587 -0.069771
v -0.764512 0.715694 -0.037779
v -0.762999 0.653470 -0.056987
v -0.767753 0.653176 -0.038403
v -0.792796 0.649263 -0.043832
v -0.787257 0.649462 -0.065273
v -0.780162 0.649492 -0.080299
v -0.775796 0.657109 -0.040097
v -0.770796 0.657463 -0.059528
v -0.765731 0.657543 -0.073270
v -0.769031 0.701698 -0.063414
v -0.770170 0.706139 -0.065643
v -0.767943 0.710353 -0.066476
v -0.767037 0.708024 -0.068831
v -0.766981 0.704524 -0.068910
v -0.767807 0.701909 -0.066665
v -0.769936 0.704010 -0.061060
v -0.769992 0.707502 -0.060982
v -0.769168 0.710134 -0.063225
v -0.767073 0.701321 -0.062516
v -0.765892 0.710725 -0.065843
v -0.764908 0.708196 -0.068402
v -0.764847 0.704394 -0.068487
v -0.765744 0.701552 -0.066048
v -0.768054 0.703830 -0.059960
v -0.768116 0.707623 -0.059875
v -0.767221 0.710484 -0.062311
v -0.779381 0.652909 -0.079923
v -0.785801 0.653479 -0.064839
v -0.791290 0.653254 -0.043552
v -0.775626 0.657746 -0.078098
v -0.770633 0.658446 -0.075663
v -0.800764 0.649318 -0.045530
v -0.794968 0.649473 -0.067749
v -0.788521 0.649481 -0.084389
v -0.781313 0.658411 -0.063540
v -0.775780 0.658811 -0.061439
v -0.786658 0.658074 -0.042721
v -0.780931 0.658446 -0.041353
v -0.785110 0.661228 -0.082739
v -0.791278 0.661305 -0.066518
v -0.796937 0.660967 -0.044731
v -0.777742 0.656103 -0.079128
v -0.783902 0.656830 -0.064363
v -0.789328 0.656543 -0.043239
v -0.804385 0.649104 -0.023766
v -0.776550 0.714625 -0.020757
v -0.779006 0.663934 -0.020954
v -0.803437 0.655033 -0.023537
v -0.796264 0.665394 -0.022802
v -0.784858 0.667224 -0.021749
v -0.766262 0.714673 -0.019877
v -0.769598 0.652890 -0.020113
v -0.777747 0.656756 -0.020988
v -0.793488 0.652935 -0.022923
v -0.795008 0.649015 -0.023079
v -0.788779 0.657704 -0.022376
v -0.782953 0.658068 -0.021618
v -0.791495 0.656187 -0.022701
v -0.800484 0.660601 -0.023391
v -0.776325 0.668411 -0.078461
v -0.781812 0.668661 -0.063510
v -0.787169 0.668176 -0.042751
v -0.773615 0.658418 -0.077118
v -0.779019 0.658988 -0.062698
v -0.784285 0.658629 -0.042178
v -0.786362 0.658250 -0.022067
v -0.790568 0.667682 -0.022242
v -0.758237 0.660571 -0.069626
v -0.762659 0.660396 -0.056880
v -0.767392 0.660013 -0.038345
v -0.769220 0.659646 -0.020101
v -0.760156 0.608165 0.070292
v -0.783683 0.644284 0.081942
v -0.767277 0.631568 0.073806
v -0.777415 0.633548 0.078840
v -0.765576 0.607957 0.057071
v -0.761864 0.634650 0.071111
v -0.776710 0.607458 -0.000644
v -0.771429 0.607741 0.038002
v -0.773189 0.631094 0.059394
v -0.783981 0.633157 0.063301
v -0.790695 0.643917 0.065566
v -0.767454 0.634408 0.057567
v -0.773640 0.634203 0.038296
v -0.797589 0.643490 0.043676
v -0.779414 0.630821 0.039623
v -0.790600 0.632824 0.042158
v -0.779096 0.633647 -0.000814
v -0.803832 0.643048 -0.000737
v -0.796591 0.632453 -0.000719
v -0.785034 0.630409 -0.000765
v -0.752113 0.608169 0.066291
v -0.757051 0.607966 0.054122
v -0.754405 0.646211 0.067390
v -0.767661 0.607480 -0.000677
v -0.762618 0.607757 0.036013
v -0.759605 0.645882 0.054781
v -0.765498 0.645395 0.036377
v -0.770940 0.644915 -0.000922
v -0.779173 0.640999 -0.000860
v -0.773555 0.641452 0.038164
v -0.767421 0.641893 0.057414
v -0.761566 0.642280 0.070955
v -0.765686 0.622084 0.061441
v -0.766804 0.617722 0.063727
v -0.764584 0.613551 0.064593
v -0.763518 0.616005 0.066896
v -0.763394 0.619524 0.066925
v -0.764292 0.622041 0.064665
v -0.766754 0.619637 0.059138
v -0.766868 0.616128 0.059105
v -0.765969 0.613605 0.061365
v -0.763743 0.622441 0.060526
v -0.762546 0.613170 0.063950
v -0.761387 0.615836 0.066452
v -0.761252 0.619660 0.066483
v -0.762227 0.622394 0.064029
v -0.764904 0.619782 0.058024
v -0.765028 0.615970 0.057988
v -0.764051 0.613229 0.060443
v -0.775080 0.646928 0.077668
v -0.782355 0.645941 0.062821
v -0.789005 0.645418 0.041750
v -0.795043 0.644936 -0.000798
v -0.771415 0.642103 0.075851
v -0.766453 0.641392 0.073385
v -0.777908 0.641002 0.061521
v -0.772397 0.640567 0.059377
v -0.784398 0.640564 0.040899
v -0.778684 0.640141 0.039476
v -0.784447 0.639696 -0.000826
v -0.790315 0.640112 -0.000797
v -0.780968 0.638656 0.080599
v -0.787949 0.638166 0.064626
v -0.794722 0.637795 0.043038
v -0.800848 0.637396 -0.000724
v -0.773498 0.643745 0.076884
v -0.780484 0.642595 0.062354
v -0.787059 0.642122 0.041435
v -0.793039 0.641659 -0.000791
v -0.775583 0.607576 0.019167
v -0.777912 0.633877 0.019245
v -0.802280 0.643175 0.022074
v -0.795152 0.632577 0.021292
v -0.783763 0.630561 0.020118
v -0.765346 0.607602 0.018193
v -0.768441 0.645055 0.018268
v -0.776602 0.641132 0.019236
v -0.792296 0.645085 0.021331
v -0.787615 0.640246 0.020747
v -0.781804 0.639826 0.019926
v -0.790320 0.641803 0.021097
v -0.799341 0.637520 0.021910
v -0.772318 0.631447 0.076311
v -0.778552 0.630712 0.061597
v -0.785000 0.630392 0.041004
v -0.790850 0.630033 -0.000734
v -0.769422 0.641428 0.074861
v -0.775626 0.640410 0.060664
v -0.782032 0.639986 0.040335
v -0.787888 0.639540 -0.000807
v -0.785206 0.639670 0.020413
v -0.789472 0.630155 0.020678
v -0.754209 0.639240 0.067298
v -0.759365 0.638956 0.054736
v -0.765206 0.638563 0.036358
v -0.770585 0.638137 -0.000882
v -0.768115 0.638275 0.018277
v -0.763349 0.607290 -0.071979
v -0.787867 0.643370 -0.084061
v -0.771146 0.630661 -0.075856
v -0.781347 0.632612 -0.080853
v -0.768187 0.607263 -0.058627
v -0.765786 0.633777 -0.073241
v -0.773184 0.607315 -0.039413
v -0.776305 0.630483 -0.061264
v -0.787134 0.632538 -0.065113
v -0.794029 0.643366 -0.067454
v -0.770635 0.633824 -0.059530
v -0.775764 0.633924 -0.040077
v -0.799804 0.643281 -0.045336
v -0.781500 0.630517 -0.041308
v -0.792703 0.632529 -0.043764
v -0.755239 0.607313 -0.068004
v -0.759623 0.607281 -0.055719
v -0.758553 0.645432 -0.069739
v -0.764349 0.607336 -0.037478
v -0.762977 0.645392 -0.056964
v -0.767743 0.645206 -0.038374
v -0.775770 0.641239 -0.040042
v -0.770747 0.641371 -0.059486
v -0.765684 0.641453 -0.073209
v -0.768801 0.621352 -0.063256
v -0.769899 0.616943 -0.065477
v -0.767641 0.612748 -0.066298
v -0.766744 0.615163 -0.068667
v -0.766713 0.618683 -0.068756
v -0.767565 0.621246 -0.066515
v -0.769698 0.618937 -0.060888
v -0.769731 0.615416 -0.060797
v -0.768879 0.612853 -0.063038
v -0.766850 0.621716 -0.062356
v -0.765593 0.612368 -0.065661
v -0.764618 0.614992 -0.068234
v -0.764584 0.618816 -0.068332
v -0.765509 0.621601 -0.065896
v -0.767824 0.619093 -0.059784
v -0.767861 0.615268 -0.059685
v -0.766936 0.612482 -0.062119
v -0.779357 0.646076 -0.079899
v -0.785772 0.645431 -0.064821
v -0.791271 0.645246 -0.043527
v -0.775571 0.641236 -0.078039
v -0.770576 0.640541 -0.075596
v -0.781250 0.640451 -0.063498
v -0.775719 0.640025 -0.061393
v -0.786620 0.640342 -0.042665
v -0.780895 0.639916 -0.041292
v -0.785023 0.637726 -0.082661
v -0.791186 0.637575 -0.066468
v -0.796876 0.637537 -0.044663
v -0.777697 0.642879 -0.079082
v -0.783849 0.642054 -0.064330
v -0.789294 0.641915 -0.043194
v -0.776496 0.607379 -0.020398
v -0.779010 0.633775 -0.020821
v -0.803425 0.643129 -0.023492
v -0.796240 0.632471 -0.022674
v -0.784851 0.630444 -0.021595
v -0.766248 0.607402 -0.019500
v -0.769603 0.645009 -0.020077
v -0.777751 0.641073 -0.020918
v -0.793484 0.645061 -0.022891
v -0.788773 0.640186 -0.022304
v -0.782952 0.639762 -0.021540
v -0.791488 0.641755 -0.022642
v -0.800463 0.637439 -0.023303
v -0.776196 0.630521 -0.078327
v -0.781675 0.630083 -0.063421
v -0.787084 0.630081 -0.042633
v -0.773556 0.640565 -0.077053
v -0.778954 0.639860 -0.062652
v -0.784246 0.639759 -0.042117
v -0.786358 0.639606 -0.021989
v -0.790550 0.630037 -0.022090
v -0.758180 0.638418 -0.069537
v -0.762600 0.638408 -0.056819
v -0.767365 0.638310 -0.038266
v -0.769234 0.638185 -0.020002
v -0.457238 0.706398 -0.263801
v -0.454935 0.607319 -0.256863
v -0.452511 0.504564 -0.248137
v -0.456844 0.397063 -0.253104
v -0.459861 0.290148 -0.258874
v -0.459405 0.184794 -0.262908
v -0.416396 0.705979 -0.254329
v -0.414698 0.606671 -0.248570
v -0.413733 0.503008 -0.242265
v -0.417383 0.396348 -0.243339
v -0.420186 0.289906 -0.247210
v -0.418951 0.184749 -0.251868
v -0.377646 0.706033 -0.238707
v -0.376606 0.606044 -0.234321
v -0.376566 0.501745 -0.229351
v -0.380031 0.395524 -0.227627
v -0.382719 0.289655 -0.229020
v -0.380430 0.184718 -0.234715
v -0.341852 0.706574 -0.217129
v -0.341393 0.605568 -0.214030
v -0.341890 0.500795 -0.209981
v -0.345395 0.394748 -0.206178
v -0.348330 0.289479 -0.204631
v -0.344620 0.184706 -0.212234
v -0.309824 0.707502 -0.189965
v -0.309832 0.605228 -0.188003
v -0.310557 0.500161 -0.184829
v -0.313232 0.394514 -0.181342
v -0.314861 0.289440 -0.180178
v -0.312621 0.184716 -0.185130
v -0.282364 0.708595 -0.157905
v -0.282679 0.604743 -0.156817
v -0.283416 0.499816 -0.154550
v -0.285313 0.394436 -0.151657
v -0.286096 0.289514 -0.150634
v -0.285316 0.184745 -0.153869
v -0.260254 0.709407 -0.121960
v -0.260617 0.603050 -0.121230
v -0.261260 0.499715 -0.119825
v -0.262482 0.394517 -0.117574
v -0.262866 0.289609 -0.116859
v -0.262942 0.184787 -0.118967
v -0.244046 0.709460 -0.083011
v -0.244343 0.600144 -0.082416
v -0.244789 0.499772 -0.081524
v -0.245549 0.394655 -0.080045
v -0.245753 0.289706 -0.079669
v -0.245865 0.184834 -0.081094
v -0.234147 0.707401 -0.042008
v -0.234374 0.600824 -0.041552
v -0.234672 0.499871 -0.040954
v -0.235084 0.394771 -0.040148
v -0.235168 0.289794 -0.039998
v -0.234927 0.184881 -0.040997
v -0.230803 0.705673 0.000048
v -0.230964 0.603645 0.000372
v -0.231183 0.499960 0.000811
v -0.231351 0.394867 0.001144
v -0.231369 0.289880 0.001063
v -0.231023 0.184923 0.000485
v -0.234098 0.706227 0.042126
v -0.234201 0.605030 0.042331
v -0.234357 0.500023 0.042645
v -0.234490 0.394976 0.042526
v -0.234535 0.290022 0.041925
v -0.234256 0.184990 0.042055
v -0.243955 0.707058 0.083194
v -0.244006 0.605104 0.083296
v -0.244112 0.500071 0.083502
v -0.244412 0.395141 0.082448
v -0.244580 0.290244 0.081298
v -0.244251 0.185122 0.082124
v -0.260115 0.706430 0.122119
v -0.260138 0.605042 0.122256
v -0.260252 0.500134 0.122143
v -0.260804 0.395363 0.119779
v -0.261158 0.290553 0.117867
v -0.260701 0.185319 0.119572
v -0.282128 0.706168 0.157180
v -0.282180 0.605015 0.157996
v -0.282383 0.500216 0.157560
v -0.283240 0.395633 0.153652
v -0.283858 0.290960 0.150569
v -0.283182 0.185568 0.153536
v -0.309437 0.706430 0.187279
v -0.309557 0.605049 0.189179
v -0.309920 0.500300 0.189030
v -0.311112 0.395920 0.183438
v -0.312140 0.291472 0.178468
v -0.311090 0.185839 0.183394
v -0.341363 0.707131 0.211566
v -0.341591 0.605127 0.215197
v -0.342140 0.500361 0.215964
v -0.343624 0.396161 0.208894
v -0.345325 0.292091 0.200747
v -0.343620 0.186072 0.208887
v -0.377113 0.708062 0.229334
v -0.377524 0.605184 0.235873
v -0.378198 0.500384 0.237808
v -0.379809 0.396259 0.230156
v -0.382617 0.292821 0.216725
v -0.379809 0.186168 0.230156
v -0.415799 0.708991 0.240035
v -0.416515 0.605186 0.251427
v -0.417186 0.500361 0.254127
v -0.418671 0.396163 0.247127
v -0.420363 0.292093 0.238983
v -0.418671 0.186072 0.247127
v -0.457179 0.709740 0.255339
v -0.457632 0.605186 0.261902
v -0.458164 0.500302 0.264515
v -0.459322 0.395932 0.258934
v -0.460303 0.291485 0.253983
v -0.459321 0.185841 0.258934
v -0.499192 0.710267 0.262760
v -0.499687 0.605227 0.266538
v -0.500156 0.500230 0.268474
v -0.500870 0.395670 0.264516
v -0.501405 0.290998 0.261476
v -0.500918 0.185601 0.264345
v -0.540708 0.710564 0.262203
v -0.541400 0.605362 0.264407
v -0.542116 0.500175 0.265667
v -0.542376 0.395444 0.263236
v -0.542604 0.290634 0.261398
v -0.542545 0.185431 0.262637
v -0.580653 0.710911 0.253795
v -0.581713 0.605589 0.255119
v -0.582885 0.500194 0.255991
v -0.582838 0.395290 0.254903
v -0.582831 0.290391 0.253869
v -0.583072 0.185305 0.254080
v -0.617990 0.711395 0.237851
v -0.619648 0.605894 0.238743
v -0.621413 0.500290 0.239719
v -0.621249 0.395222 0.239659
v -0.621036 0.290263 0.239190
v -0.621421 0.185208 0.239056
v -0.651749 0.712020 0.214930
v -0.654370 0.606239 0.216128
v -0.656787 0.500409 0.217516
v -0.656636 0.395242 0.217888
v -0.656218 0.290245 0.217834
v -0.656686 0.185173 0.217713
v -0.681077 0.712748 0.186256
v -0.685318 0.606541 0.188229
v -0.688248 0.500519 0.189982
v -0.688039 0.395307 0.190488
v -0.687433 0.290317 0.190519
v -0.688039 0.185217 0.190488
v -0.705196 0.713491 0.152664
v -0.712162 0.606676 0.155919
v -0.715131 0.500588 0.157836
v -0.714628 0.395384 0.158408
v -0.713774 0.290417 0.158452
v -0.714628 0.185294 0.158408
v -0.730586 0.712330 0.118111
v -0.734506 0.606570 0.120101
v -0.736846 0.500601 0.121885
v -0.735770 0.395469 0.122435
v -0.734543 0.290535 0.122499
v -0.735770 0.185378 0.122435
v -0.749546 0.710560 0.080319
v -0.751581 0.606292 0.081547
v -0.752869 0.500565 0.082994
v -0.751012 0.395553 0.083453
v -0.749194 0.290673 0.083547
v -0.751012 0.185462 0.083453
v -0.761672 0.707511 0.040246
v -0.762569 0.605925 0.041020
v -0.762772 0.500501 0.042076
v -0.760136 0.395620 0.042412
v -0.757328 0.290830 0.042557
v -0.760136 0.185529 0.042412
v -0.766739 0.706451 -0.001092
v -0.766947 0.605621 -0.000606
v -0.766257 0.500435 0.000088
v -0.763155 0.395647 0.000312
v -0.758708 0.291006 0.000541
v -0.763155 0.185556 0.000312
v -0.764687 0.708649 -0.042650
v -0.764492 0.605433 -0.042358
v -0.763175 0.500390 -0.041976
v -0.760136 0.395620 -0.041819
v -0.757328 0.290830 -0.041674
v -0.760136 0.185529 -0.041819
v -0.755628 0.710163 -0.083376
v -0.755222 0.605288 -0.083225
v -0.753603 0.500363 -0.083068
v -0.751013 0.395553 -0.082935
v -0.749194 0.290673 -0.082842
v -0.751012 0.185462 -0.082935
v -0.739837 0.710243 -0.122242
v -0.739353 0.605234 -0.122197
v -0.737820 0.500346 -0.122043
v -0.735781 0.395464 -0.121989
v -0.734547 0.290534 -0.121942
v -0.735770 0.185378 -0.122013
v -0.717805 0.710231 -0.158244
v -0.717342 0.605296 -0.157979
v -0.715963 0.500489 -0.157428
v -0.714562 0.395443 -0.157745
v -0.713797 0.290406 -0.157987
v -0.714628 0.185293 -0.158081
v -0.690367 0.710233 -0.190364
v -0.689728 0.605534 -0.189275
v -0.688454 0.500846 -0.188163
v -0.687674 0.395597 -0.188981
v -0.687496 0.290287 -0.190073
v -0.688050 0.185211 -0.190225
v -0.658151 0.710222 -0.217586
v -0.657174 0.605941 -0.215284
v -0.655905 0.501438 -0.213380
v -0.655768 0.395924 -0.214901
v -0.656243 0.290242 -0.217197
v -0.656733 0.185201 -0.217410
v -0.621934 0.709816 -0.239183
v -0.620500 0.606489 -0.235423
v -0.619066 0.502282 -0.232340
v -0.619670 0.396392 -0.234913
v -0.620849 0.290276 -0.238607
v -0.621479 0.185297 -0.238848
v -0.582675 0.709063 -0.254734
v -0.580690 0.607099 -0.249393
v -0.578806 0.503387 -0.244459
v -0.580450 0.396921 -0.248572
v -0.582408 0.290340 -0.253677
v -0.583091 0.185315 -0.254477
v -0.541416 0.708123 -0.264037
v -0.538960 0.607610 -0.257308
v -0.536082 0.504759 -0.249318
v -0.539376 0.397349 -0.255826
v -0.542023 0.290369 -0.262127
v -0.542540 0.185157 -0.264069
v -0.500922 0.184921 -0.267083
v -0.500812 0.290312 -0.263862
v -0.497776 0.397441 -0.257197
v -0.491964 0.506397 -0.246581
v -0.496639 0.607711 -0.259674
v -0.499246 0.707172 -0.267050
v -0.723899 0.768856 0.114567
v -0.724652 0.632716 0.115041
v -0.728028 0.493809 0.117463
v -0.726157 0.356200 0.117954
v -0.726211 0.218574 0.117927
v -0.740645 0.218676 0.080406
v -0.740549 0.356307 0.080428
v -0.743409 0.493784 0.079992
v -0.741508 0.632263 0.078059
v -0.741238 0.767699 0.077738
v -0.290066 0.747682 0.151478
v -0.290145 0.614250 0.152060
v -0.290532 0.480954 0.151208
v -0.291746 0.348172 0.145708
v -0.291578 0.214679 0.146294
v -0.318593 0.216008 0.174275
v -0.318795 0.350519 0.173382
v -0.317068 0.483973 0.181399
v -0.316501 0.618146 0.181808
v -0.316393 0.752552 0.180679
v -0.459321 0.758417 -0.255829
v -0.457000 0.624697 -0.248667
v -0.454332 0.491513 -0.238326
v -0.460082 0.352639 -0.245739
v -0.461395 0.215822 -0.252061
v -0.422684 0.215661 -0.241093
v -0.422046 0.351986 -0.235263
v -0.416998 0.489752 -0.232455
v -0.418083 0.623856 -0.240359
v -0.419816 0.757895 -0.246428
v -0.749151 0.218766 0.040904
v -0.748993 0.356403 0.040923
v -0.752896 0.493733 0.040566
v -0.752453 0.631585 0.039160
v -0.752524 0.766389 0.038945
v -0.350097 0.217178 0.197941
v -0.350344 0.352573 0.196722
v -0.348097 0.486558 0.207314
v -0.347334 0.621508 0.206423
v -0.347191 0.756754 0.204634
v -0.385810 0.215715 -0.224171
v -0.385980 0.351642 -0.219041
v -0.381252 0.488800 -0.219965
v -0.381258 0.623671 -0.226374
v -0.382281 0.758314 -0.230971
v -0.751908 0.218806 0.000376
v -0.751708 0.356447 0.000389
v -0.756216 0.493678 0.000109
v -0.756939 0.631171 -0.000827
v -0.757213 0.766148 -0.000975
v -0.385049 0.218038 0.217900
v -0.385304 0.354148 0.216620
v -0.382815 0.488687 0.228460
v -0.381915 0.624328 0.225761
v -0.381731 0.760280 0.223237
v -0.351448 0.215945 -0.202299
v -0.352255 0.351691 -0.198047
v -0.347883 0.488601 -0.201363
v -0.347243 0.624150 -0.206649
v -0.347590 0.759533 -0.209730
v -0.749151 0.218766 -0.040197
v -0.748993 0.356403 -0.040194
v -0.753230 0.493640 -0.040417
v -0.754767 0.631189 -0.040960
v -0.755132 0.767451 -0.041063
v -0.422376 0.218470 0.234638
v -0.422549 0.355102 0.233774
v -0.420346 0.490366 0.244323
v -0.419452 0.626614 0.240317
v -0.419263 0.763137 0.237602
v -0.320226 0.216299 -0.176447
v -0.321202 0.352164 -0.173464
v -0.317700 0.489001 -0.177286
v -0.316778 0.625155 -0.181450
v -0.316629 0.761249 -0.183307
v -0.740645 0.218676 -0.079800
v -0.740550 0.356307 -0.079805
v -0.744026 0.493614 -0.079999
v -0.745971 0.631113 -0.080258
v -0.746345 0.768477 -0.080328
v -0.461299 0.218594 0.246842
v -0.461394 0.355621 0.246378
v -0.459786 0.491619 0.254435
v -0.459057 0.628386 0.250528
v -0.458907 0.765357 0.248692
v -0.293241 0.216699 -0.146830
v -0.293988 0.352875 -0.144939
v -0.291539 0.489744 -0.148313
v -0.290581 0.626136 -0.151305
v -0.290178 0.763072 -0.152382
v -0.726211 0.218574 -0.117438
v -0.726172 0.356193 -0.117422
v -0.728833 0.493608 -0.117483
v -0.730776 0.631028 -0.117741
v -0.731104 0.768619 -0.117788
v -0.501099 0.218575 0.252971
v -0.501150 0.355895 0.252736
v -0.500195 0.492494 0.258341
v -0.499471 0.629740 0.255420
v -0.499319 0.767049 0.254427
v -0.271292 0.217021 -0.113639
v -0.271732 0.353533 -0.112324
v -0.270183 0.490441 -0.115055
v -0.269309 0.625577 -0.116936
v -0.268892 0.764431 -0.117707
v -0.706047 0.218454 -0.152159
v -0.706024 0.356066 -0.152018
v -0.707778 0.493716 -0.151465
v -0.709578 0.630989 -0.152295
v -0.709871 0.768525 -0.152480
v -0.540896 0.218504 0.252298
v -0.540917 0.356012 0.252214
v -0.540562 0.493049 0.255757
v -0.539525 0.630743 0.253797
v -0.539333 0.768280 0.253273
v -0.254924 0.217197 -0.077441
v -0.255276 0.353895 -0.076470
v -0.254293 0.490859 -0.078300
v -0.253645 0.623388 -0.079515
v -0.253298 0.765025 -0.080131
v -0.680612 0.218228 -0.183085
v -0.680414 0.355855 -0.182381
v -0.681277 0.493700 -0.180966
v -0.682981 0.630669 -0.182600
v -0.683434 0.767890 -0.183434
v -0.579714 0.218419 0.244684
v -0.579710 0.356019 0.244714
v -0.579802 0.493368 0.246557
v -0.578183 0.631441 0.245178
v -0.577906 0.769115 0.244885
v -0.244763 0.217173 -0.038999
v -0.245082 0.353841 -0.038271
v -0.244506 0.490706 -0.039303
v -0.244057 0.623623 -0.040115
v -0.243784 0.763913 -0.040572
v -0.650534 0.217895 -0.209446
v -0.649985 0.355555 -0.207745
v -0.649924 0.493578 -0.205152
v -0.651650 0.630054 -0.207869
v -0.652480 0.766701 -0.209871
v -0.616541 0.218332 0.230408
v -0.616540 0.355954 0.230438
v -0.616906 0.493514 0.230928
v -0.614499 0.631890 0.229624
v -0.614070 0.769628 0.229421
v -0.241187 0.216916 0.000743
v -0.241408 0.353311 0.001260
v -0.241126 0.489841 0.000887
v -0.240786 0.624993 0.000305
v -0.240586 0.761526 0.000000
v -0.616590 0.217494 -0.230529
v -0.615572 0.355171 -0.227547
v -0.614447 0.493436 -0.223318
v -0.616379 0.629210 -0.227540
v -0.617768 0.765083 -0.231131
v -0.650461 0.218320 0.209766
v -0.650457 0.355943 0.209797
v -0.650981 0.493623 0.209559
v -0.647665 0.632310 0.207722
v -0.647000 0.769925 0.207445
v -0.244272 0.216470 0.040322
v -0.244427 0.352348 0.040629
v -0.244174 0.488244 0.041163
v -0.243917 0.624158 0.040753
v -0.243779 0.759434 0.040581
v -0.579734 0.217053 -0.245626
v -0.578255 0.354699 -0.241270
v -0.575692 0.493378 -0.234923
v -0.578133 0.628204 -0.241313
v -0.580113 0.763237 -0.246599
v -0.680578 0.218388 0.183435
v -0.680564 0.356011 0.183472
v -0.681279 0.493723 0.183052
v -0.677164 0.632697 0.180680
v -0.676193 0.769960 0.180229
v -0.253935 0.215941 0.078508
v -0.254057 0.351151 0.078599
v -0.253575 0.486187 0.080434
v -0.253372 0.621488 0.080235
v -0.253282 0.756754 0.080163
v -0.540893 0.216577 -0.254417
v -0.539154 0.354114 -0.248801
v -0.534638 0.493509 -0.239631
v -0.538034 0.627081 -0.249219
v -0.540472 0.761360 -0.255942
v -0.706039 0.218475 0.152554
v -0.706010 0.356099 0.152586
v -0.707152 0.493790 0.152095
v -0.702886 0.632874 0.149466
v -0.701768 0.769611 0.148894
v -0.269841 0.215346 0.114123
v -0.269966 0.349757 0.113945
v -0.269161 0.483757 0.117411
v -0.268918 0.618140 0.117776
v -0.268854 0.752552 0.117679
v -0.501109 0.216146 -0.256579
v -0.499412 0.353406 -0.250256
v -0.492960 0.493504 -0.238619
v -0.497280 0.625872 -0.251580
v -0.499868 0.759667 -0.259023
vn -0.0002 -0.0024 -1.0000
vn 0.1564 -0.0024 -0.9877
vn 0.1563 -0.0024 -0.9877
vn 0.3090 -0.0024 -0.9511
vn 0.4541 -0.0024 -0.8909
vn 0.5879 -0.0024 -0.8089
vn 0.5880 -0.0024 -0.8089
vn 0.7073 -0.0024 -0.7070
vn 0.7073 -0.0024 -0.7069
vn 0.8091 -0.0024 -0.5876
vn 0.8091 -0.0024 -0.5877
vn 0.8910 -0.0024 -0.4539
vn 0.9511 -0.0024 -0.3089
vn 0.9510 -0.0024 -0.3092
vn 0.9877 -0.0024 -0.1565
vn 0.9877 -0.0024 -0.1566
vn 1.0000 -0.0024 -0.0003
vn 1.0000 -0.0024 -0.0004
vn 0.9878 -0.0024 0.1559
vn 0.9511 -0.0024 0.3087
vn 0.8913 -0.0026 0.4534
vn 0.8913 -0.0026 0.4535
vn 0.8078 -0.0045 0.5894
vn 0.8079 -0.0045 0.5893
vn 0.7025 -0.0108 0.7116
vn 0.5801 -0.0208 0.8143
vn 0.4469 -0.0301 0.8941
vn 0.3083 -0.0340 0.9507
vn 0.1628 -0.0304 0.9862
vn 0.0077 -0.0214 0.9997
vn -0.1547 -0.0136 0.9879
vn -0.1546 -0.0136 0.9879
vn -0.3150 -0.0130 0.9490
vn -0.3151 -0.0130 0.9490
vn -0.4639 -0.0193 0.8857
vn -0.4637 -0.0193 0.8858
vn -0.5965 -0.0282 0.8021
vn -0.5969 -0.0282 0.8018
vn -0.7113 -0.0360 0.7019
vn -0.7113 -0.0360 0.7020
vn -0.8071 -0.0402 0.5890
vn -0.8071 -0.0402 0.5891
vn -0.8851 -0.0391 0.4637
vn -0.8852 -0.0391 0.4636
vn -0.9460 -0.0330 0.3224
vn -0.9462 -0.0330 0.3219
vn -0.9854 -0.0239 0.1687
vn -0.9998 -0.0149 0.0098
vn -0.9885 -0.0079 -0.1513
vn -0.9884 -0.0079 -0.1515
vn -0.9514 -0.0038 -0.3078
vn -0.8910 -0.0025 -0.4540
vn -0.8090 -0.0024 -0.5879
vn -0.8091 -0.0024 -0.5877
vn -0.7072 -0.0024 -0.7070
vn -0.7073 -0.0024 -0.7069
vn -0.5879 -0.0024 -0.8089
vn -0.4542 -0.0024 -0.8909
vn -0.3093 -0.0024 -0.9510
vn -0.3092 -0.0024 -0.9510
vn -0.1567 -0.0024 -0.9876
vn 0.0605 -0.8197 -0.5696
vn 0.0866 -0.6469 -0.7576
vn 0.2331 -0.6404 -0.7318
vn 0.1739 -0.8161 -0.5511
vn -0.2338 0.6544 -0.7191
vn -0.1616 0.6618 -0.7320
vn -0.2447 -0.0359 -0.9689
vn -0.3092 -0.0618 -0.9490
vn -0.1641 -0.8489 -0.5025
vn -0.2220 -0.6985 -0.6803
vn -0.2048 -0.6782 -0.7058
vn -0.1664 -0.8356 -0.5235
vn -0.1747 -0.8368 -0.5188
vn -0.2532 -0.6788 -0.6893
vn -0.2940 -0.8218 -0.4880
vn -0.3999 -0.6544 -0.6417
vn -0.3922 -0.8197 -0.4175
vn -0.5244 -0.6496 -0.5505
vn -0.4671 -0.8168 -0.3384
vn -0.6194 -0.6450 -0.4475
vn -0.5191 -0.8149 -0.2579
vn -0.6865 -0.6419 -0.3418
vn -0.5541 -0.8138 -0.1752
vn -0.7329 -0.6396 -0.2318
vn -0.5755 -0.8130 -0.0883
vn -0.7611 -0.6380 -0.1170
vn -0.5827 -0.8127 -0.0000
vn -0.7705 -0.6375 -0.0000
vn -0.5754 -0.8131 0.0883
vn -0.7609 -0.6382 0.1171
vn -0.5540 -0.8139 0.1750
vn -0.7326 -0.6399 0.2319
vn -0.5187 -0.8150 0.2583
vn -0.6861 -0.6422 0.3419
vn -0.4686 -0.8165 0.3372
vn -0.6205 -0.6449 0.4462
vn -0.4005 -0.8185 0.4118
vn -0.5319 -0.6484 0.5447
vn -0.3141 -0.8202 0.4780
vn -0.4195 -0.6521 0.6315
vn -0.2106 -0.8300 0.5166
vn -0.2878 -0.6685 0.6858
vn -0.1692 -0.8370 0.5204
vn -0.2262 -0.6812 0.6963
vn -0.1366 -0.8288 0.5426
vn -0.1741 -0.6669 0.7245
vn -0.0337 -0.8179 0.5744
vn -0.0410 -0.6460 0.7622
vn 0.0766 -0.8144 0.5752
vn 0.1039 -0.6371 0.7638
vn 0.1798 -0.8108 0.5570
vn 0.2391 -0.6299 0.7390
vn 0.2665 -0.8094 0.5233
vn 0.3534 -0.6276 0.6937
vn 0.3412 -0.8104 0.4762
vn 0.4523 -0.6299 0.6315
vn 0.4079 -0.8126 0.4163
vn 0.5407 -0.6351 0.5517
vn 0.4660 -0.8149 0.3446
vn 0.6167 -0.6414 0.4564
vn 0.5129 -0.8167 0.2644
vn 0.6791 -0.6455 0.3495
vn 0.5476 -0.8175 0.1784
vn 0.7255 -0.6465 0.2362
vn 0.5685 -0.8182 0.0853
vn 0.7539 -0.6471 0.1136
vn 0.5736 -0.8189 -0.0191
vn 0.7612 -0.6480 -0.0252
vn 0.5614 -0.8174 -0.1292
vn 0.7440 -0.6458 -0.1714
vn 0.5455 -0.8042 -0.2360
vn 0.7176 -0.6217 -0.3138
vn 0.5444 -0.7905 -0.2807
vn 0.7131 -0.5968 -0.3678
vn 0.5104 -0.8022 -0.3099
vn 0.6739 -0.6171 -0.4062
vn 0.4328 -0.8138 -0.3878
vn 0.5741 -0.6368 -0.5147
vn 0.3526 -0.8144 -0.4609
vn 0.4682 -0.6371 -0.6123
vn 0.2681 -0.8141 -0.5151
vn 0.3559 -0.6369 -0.6839
vn -0.0702 -0.6530 -0.7541
vn -0.0609 -0.8217 -0.5666
vn 0.7343 0.0358 -0.6779
vn 0.7338 0.0615 -0.6766
vn 0.8356 0.0900 -0.5419
vn 0.8369 0.0648 -0.5435
vn -0.9880 0.0185 -0.1533
vn -0.9872 0.0447 -0.1532
vn -0.9523 0.0425 -0.3022
vn -0.9526 0.0164 -0.3038
vn -0.0005 -1.0000 -0.0006
vn -0.0000 -1.0000 -0.0000
vn 0.4585 0.0137 -0.8886
vn 0.4581 0.0401 -0.8880
vn 0.6013 0.0471 -0.7977
vn 0.6017 0.0209 -0.7985
vn 0.0088 -0.9999 -0.0096
vn -0.0020 -1.0000 -0.0054
vn -0.0012 -1.0000 -0.0003
vn -0.0001 -1.0000 -0.0000
vn -0.9880 0.0182 0.1533
vn -0.9872 0.0443 0.1533
vn -0.9990 0.0453 -0.0003
vn -0.9998 0.0192 -0.0000
vn -0.0004 -1.0000 -0.0003
vn -0.0004 -1.0000 -0.0001
vn 0.3053 0.0114 -0.9522
vn 0.3053 0.0378 -0.9515
vn -0.9526 0.0159 0.3039
vn -0.9518 0.0420 0.3038
vn -0.0020 -1.0000 0.0004
vn -0.0041 -1.0000 0.0006
vn -0.0564 0.0296 -0.9980
vn -0.0564 0.0550 -0.9969
vn 0.1319 0.0417 -0.9904
vn 0.1294 0.0156 -0.9915
vn -0.8938 0.0127 0.4483
vn -0.8931 0.0388 0.4482
vn 0.0093 -0.9999 -0.0093
vn -0.0063 -1.0000 -0.0013
vn -0.8112 0.0099 0.5847
vn -0.8108 0.0359 0.5843
vn -0.7021 0.0103 0.7120
vn -0.7015 0.0362 0.7117
vn -0.0003 -1.0000 0.0001
vn -0.5654 0.0184 0.8246
vn -0.5648 0.0438 0.8241
vn 0.0040 -1.0000 -0.0046
vn -0.4155 0.0411 0.9087
vn -0.4145 0.0660 0.9077
vn -0.0002 -1.0000 -0.0000
vn -0.0128 -0.9999 -0.0020
vn -0.3087 0.0579 0.9494
vn -0.3081 0.0832 0.9477
vn -0.2043 0.0461 0.9778
vn -0.2046 0.0718 0.9762
vn 0.0003 -1.0000 -0.0006
vn -0.0408 0.0273 0.9988
vn -0.0409 0.0534 0.9977
vn 0.0010 -1.0000 0.0013
vn 0.1381 0.0204 0.9902
vn 0.1379 0.0469 0.9893
vn 0.3068 0.0192 0.9516
vn 0.3066 0.0458 0.9507
vn -0.0000 -1.0000 0.0001
vn -0.0004 -1.0000 0.0003
vn 0.4537 0.0190 0.8909
vn 0.4535 0.0456 0.8901
vn 0.0034 1.0000 -0.0000
vn 0.0001 1.0000 0.0001
vn 0.1701 0.9297 -0.3268
vn 0.1146 0.9294 -0.3507
vn 0.0125 0.9999 -0.0011
vn 0.0566 0.9294 -0.3647
vn -0.0000 1.0000 -0.0000
vn 0.2229 0.9302 -0.2917
vn -0.0001 1.0000 -0.0001
vn 0.2728 0.9303 -0.2451
vn -0.0002 1.0000 -0.0002
vn 0.3141 0.9297 -0.1924
vn 0.3297 0.9286 -0.1702
vn 0.3399 0.9291 -0.1460
vn 0.3596 0.9294 -0.0828
vn -0.0001 1.0000 -0.0002
vn 0.3695 0.9292 -0.0122
vn -0.0000 1.0000 -0.0001
vn 0.3673 0.9284 0.0554
vn 0.0001 1.0000 -0.0001
vn 0.3540 0.9281 0.1151
vn 0.0004 1.0000 -0.0004
vn 0.3311 0.9283 0.1693
vn 0.0009 1.0000 -0.0007
vn 0.2993 0.9286 0.2193
vn 0.0010 1.0000 -0.0007
vn 0.2604 0.9290 0.2631
vn 0.0006 1.0000 -0.0003
vn 0.2160 0.9292 0.2997
vn -0.0000 1.0000 0.0001
vn 0.1676 0.9294 0.3289
vn 0.0004 1.0000 0.0003
vn 0.0028 1.0000 0.0008
vn 0.0524 0.9300 0.3639
vn 0.1134 0.9296 0.3506
vn 0.0065 1.0000 0.0018
vn -0.0123 0.9299 0.3676
vn 0.0089 0.9999 0.0066
vn -0.0733 0.9316 0.3561
vn -0.0021 1.0000 0.0071
vn -0.1116 0.9324 0.3438
vn -0.0122 0.9999 0.0001
vn -0.1541 0.9306 0.3322
vn -0.0071 1.0000 -0.0028
vn -0.2124 0.9289 0.3034
vn -0.0032 1.0000 -0.0013
vn -0.2618 0.9287 0.2626
vn -0.0006 1.0000 0.0003
vn -0.3011 0.9287 0.2165
vn 0.0002 1.0000 0.0008
vn -0.3311 0.9288 0.1663
vn 0.0001 1.0000 0.0007
vn -0.3527 0.9289 0.1126
vn -0.0000 1.0000 0.0004
vn -0.3657 0.9290 0.0568
vn -0.3700 0.9290 -0.0000
vn -0.0000 1.0000 -0.0004
vn -0.3657 0.9290 -0.0568
vn 0.0001 1.0000 -0.0007
vn -0.3526 0.9290 -0.1125
vn 0.0001 1.0000 -0.0008
vn -0.3310 0.9289 -0.1661
vn -0.0025 1.0000 0.0010
vn -0.3023 0.9286 -0.2153
vn -0.0108 0.9999 0.0057
vn -0.2667 0.9283 -0.2593
vn -0.0232 0.9997 0.0103
vn -0.2222 0.9282 -0.2985
vn -0.0386 0.9993 0.0010
vn -0.1691 0.9283 -0.3312
vn -0.0064 0.9998 -0.0211
vn -0.1139 0.9294 -0.3511
vn 0.0289 0.9994 -0.0192
vn -0.0631 0.9296 -0.3631
vn 0.0237 0.9997 -0.0045
vn -0.0048 0.9292 -0.3696
vn -0.0040 -1.0000 0.0008
vn -0.8941 0.0395 -0.4462
vn -0.8939 0.0133 -0.4481
vn 0.8848 0.1074 -0.4534
vn 0.8870 0.0820 -0.4544
vn -0.0004 -1.0000 -0.0000
vn -0.8116 0.0369 -0.5830
vn -0.8112 0.0109 -0.5846
vn 0.9271 0.0866 -0.3646
vn 0.9293 0.0612 -0.3642
vn -0.0124 -0.9999 -0.0024
vn -0.6991 0.0383 -0.7140
vn -0.6991 0.0126 -0.7149
vn 0.9770 0.0541 -0.2062
vn 0.9783 0.0285 -0.2054
vn -0.0006 -1.0000 0.0017
vn -0.5551 0.0492 -0.8303
vn -0.5564 0.0241 -0.8306
vn 0.9990 0.0358 -0.0276
vn 0.9997 0.0099 -0.0239
vn -0.0004 -1.0000 0.0001
vn -0.4014 0.0785 -0.9125
vn -0.4024 0.0541 -0.9139
vn 0.9882 0.0279 0.1506
vn 0.9884 0.0019 0.1517
vn -0.3079 0.0995 -0.9462
vn -0.3086 0.0750 -0.9482
vn 0.9507 0.0262 0.3092
vn 0.9510 0.0001 0.3092
vn 0.0027 -1.0000 0.0030
vn -0.2200 0.0829 -0.9720
vn -0.2201 0.0578 -0.9738
vn 0.8897 0.0275 0.4558
vn 0.8903 0.0013 0.4553
vn 0.8054 0.0312 0.5919
vn 0.8072 0.0049 0.5902
vn 0.7015 0.0371 0.7117
vn 0.7044 0.0107 0.7097
vn 0.0028 -1.0000 0.0029
vn 0.5826 0.0428 0.8116
vn 0.5855 0.0163 0.8105
vn -0.1028 0.8485 -0.5192
vn -0.0164 0.8517 -0.5237
vn -0.0356 0.6718 -0.7399
vn 0.1004 0.6759 -0.7301
vn 0.1533 0.0642 -0.9861
vn 0.3202 0.0820 -0.9438
vn 0.2277 0.6776 -0.6993
vn 0.4647 0.0896 -0.8809
vn 0.3395 0.6790 -0.6509
vn 0.5945 0.0858 -0.7995
vn 0.4452 0.6803 -0.5822
vn 0.7219 0.0662 -0.6888
vn 0.5468 0.6782 -0.4909
vn 0.4594 0.8427 -0.2805
vn 0.6461 0.6558 -0.3905
vn 0.4936 0.8312 -0.2560
vn 0.6887 0.6312 -0.3567
vn 0.4967 0.8405 -0.2162
vn 0.6961 0.6496 -0.3057
vn 0.5129 0.8502 -0.1189
vn 0.7242 0.6689 -0.1676
vn 0.5251 0.8509 -0.0181
vn 0.7423 0.6696 -0.0249
vn 0.9868 0.0510 0.1538
vn 0.7357 0.6682 0.1107
vn 0.9484 0.0568 0.3120
vn 0.7072 0.6685 0.2303
vn 0.8842 0.0660 0.4625
vn 0.6587 0.6718 0.3388
vn 0.7920 0.0794 0.6053
vn 0.5931 0.6755 0.4382
vn 0.6849 0.0952 0.7224
vn 0.5148 0.6782 0.5244
vn 0.5736 0.1094 0.8118
vn 0.4269 0.6808 0.5953
vn 0.4481 0.1165 0.8864
vn 0.3319 0.6824 0.6513
vn 0.3222 0.1121 0.9400
vn 0.2259 0.6826 0.6950
vn 0.1704 0.0942 0.9809
vn 0.1033 0.6816 0.7244
vn -0.0014 0.0646 0.9979
vn -0.0292 0.6775 0.7349
vn -0.1063 0.8487 0.5181
vn -0.1556 0.6655 0.7300
vn -0.1646 0.8449 0.5090
vn -0.2327 0.6555 0.7184
vn -0.2215 0.8477 0.4821
vn -0.3073 0.6631 0.6825
vn -0.2992 0.8506 0.4324
vn -0.4185 0.6715 0.6115
vn -0.7071 0.0528 0.7051
vn -0.5196 0.6736 0.5257
vn -0.8124 0.0613 0.5799
vn -0.5996 0.6746 0.4306
vn -0.8934 0.0671 0.4443
vn -0.6594 0.6758 0.3294
vn -0.9511 0.0725 0.3001
vn -0.7014 0.6771 0.2226
vn -0.9856 0.0770 0.1508
vn -0.7265 0.6780 0.1121
vn -0.9969 0.0790 -0.0004
vn -0.7347 0.6784 -0.0000
vn -0.9854 0.0774 -0.1514
vn -0.7263 0.6781 -0.1120
vn -0.9510 0.0732 -0.3005
vn -0.7013 0.6773 -0.2224
vn -0.8932 0.0680 -0.4444
vn -0.6592 0.6762 -0.3290
vn -0.8124 0.0619 -0.5797
vn -0.6000 0.6749 -0.4296
vn -0.7059 0.0520 -0.7064
vn -0.5206 0.6739 -0.5242
vn -0.3049 0.8507 -0.4281
vn -0.4193 0.6720 -0.6105
vn -0.2277 0.8487 -0.4774
vn -0.3064 0.6634 -0.6826
vn -0.1645 0.8461 -0.5069
vn 0.1251 0.0110 -0.9921
vn -0.0699 -0.0018 -0.9975
vn 0.3064 0.0196 -0.9517
vn 0.4619 0.0247 -0.8866
vn 0.6070 0.0260 -0.7942
vn 0.7441 0.0237 -0.6677
vn 0.8576 0.0177 -0.5141
vn 0.8883 0.0110 -0.4591
vn 0.9147 0.0058 -0.4040
vn 0.9744 0.0020 -0.2248
vn 0.9995 0.0005 -0.0331
vn 0.9888 -0.0001 0.1491
vn 0.9509 0.0011 0.3096
vn 0.8892 0.0064 0.4575
vn 0.8038 0.0156 0.5946
vn 0.6999 0.0261 0.7138
vn 0.5821 0.0350 0.8124
vn 0.4536 0.0394 0.8903
vn 0.3085 0.0375 0.9505
vn 0.1384 0.0286 0.9900
vn -0.0463 0.0133 0.9988
vn -0.2197 -0.0202 0.9754
vn -0.3083 -0.0447 0.9503
vn -0.4000 -0.0254 0.9162
vn -0.5591 -0.0009 0.8291
vn -0.7009 0.0059 0.7132
vn -0.8121 0.0107 0.5834
vn -0.8947 0.0150 0.4464
vn -0.9531 0.0191 0.3021
vn -0.9881 0.0221 0.1522
vn -0.9997 0.0234 -0.0000
vn -0.9881 0.0225 -0.1521
vn -0.9532 0.0197 -0.3018
vn -0.8949 0.0158 -0.4460
vn -0.8118 0.0115 -0.5838
vn -0.6973 0.0062 -0.7168
vn -0.5477 -0.0021 -0.8367
vn -0.3798 -0.0344 -0.9244
vn -0.1435 -0.0434 -0.9887
vn -0.1510 0.0114 -0.9885
vn 0.0016 0.0095 -1.0000
vn 0.0019 -0.0460 -0.9989
vn -0.2899 -0.0344 -0.9564
vn -0.3016 0.0160 -0.9533
vn -0.4366 -0.0236 -0.8994
vn -0.4473 0.0216 -0.8941
vn -0.5765 -0.0136 -0.8170
vn -0.5838 0.0259 -0.8115
vn -0.7020 -0.0067 -0.7121
vn -0.7057 0.0280 -0.7079
vn -0.8078 -0.0032 -0.5895
vn -0.8087 0.0283 -0.5875
vn -0.8922 -0.0025 -0.4515
vn -0.8917 0.0278 -0.4517
vn -0.9540 -0.0031 -0.2998
vn -0.9535 0.0262 -0.3001
vn -0.9904 -0.0036 -0.1383
vn -0.9903 0.0229 -0.1373
vn -0.9996 -0.0040 0.0294
vn -0.9994 0.0179 0.0299
vn -0.9807 -0.0036 0.1956
vn -0.9806 0.0104 0.1955
vn -0.9354 -0.0029 0.3535
vn -0.9355 -0.0017 0.3535
vn -0.8678 -0.0022 0.4969
vn -0.8675 -0.0214 0.4970
vn -0.8092 -0.0014 0.5875
vn -0.8084 -0.0325 0.5877
vn -0.7396 -0.0007 0.6731
vn -0.7388 -0.0188 0.6737
vn -0.6210 -0.0003 0.7838
vn -0.6205 0.0015 0.7842
vn -0.4761 -0.0001 0.8794
vn -0.4760 0.0113 0.8794
vn -0.3061 -0.0002 0.9520
vn -0.3065 0.0119 0.9518
vn -0.1243 -0.0004 0.9922
vn -0.1242 0.0046 0.9922
vn 0.0554 -0.0006 0.9985
vn 0.0554 -0.0108 0.9984
vn 0.2212 0.0001 0.9752
vn 0.2204 -0.0366 0.9747
vn 0.3086 0.0008 0.9512
vn 0.3088 -0.0510 0.9498
vn 0.3966 0.0012 0.9180
vn 0.3978 -0.0304 0.9169
vn 0.5466 0.0012 0.8374
vn 0.5476 0.0006 0.8367
vn 0.6844 0.0008 0.7291
vn 0.6847 0.0177 0.7286
vn 0.8008 0.0004 0.5989
vn 0.8003 0.0263 0.5991
vn 0.8896 0.0001 0.4567
vn 0.8888 0.0297 0.4573
vn 0.9512 -0.0001 0.3086
vn 0.9504 0.0300 0.3097
vn 0.9878 -0.0004 0.1554
vn 0.9872 0.0292 0.1568
vn 1.0000 -0.0009 -0.0016
vn 0.9996 0.0284 0.0006
vn 0.9874 -0.0018 -0.1583
vn 0.9874 0.0278 -0.1559
vn 0.9505 -0.0029 -0.3108
vn 0.9506 0.0274 -0.3093
vn 0.8904 -0.0043 -0.4552
vn 0.8901 0.0268 -0.4550
vn 0.8079 -0.0062 -0.5893
vn 0.8078 0.0261 -0.5889
vn 0.7044 -0.0093 -0.7097
vn 0.7055 0.0254 -0.7083
vn 0.5817 -0.0146 -0.8133
vn 0.5851 0.0237 -0.8106
vn 0.4436 -0.0227 -0.8959
vn 0.4501 0.0203 -0.8927
vn 0.2966 -0.0326 -0.9544
vn 0.3051 0.0156 -0.9522
vn 0.1480 -0.0417 -0.9881
vn 0.1544 0.0113 -0.9879
vn -0.1439 -0.7036 -0.6959
vn -0.1601 -0.0875 -0.9832
vn -0.0035 -0.0880 -0.9961
vn -0.0268 -0.7076 -0.7061
vn -0.2533 -0.6997 -0.6681
vn -0.3121 -0.0869 -0.9461
vn -0.3529 -0.6966 -0.6246
vn -0.4559 -0.0864 -0.8858
vn -0.4414 -0.6949 -0.5677
vn -0.5881 -0.0859 -0.8042
vn -0.5177 -0.6948 -0.4993
vn -0.7058 -0.0854 -0.7032
vn -0.5826 -0.6956 -0.4203
vn -0.8063 -0.0852 -0.5854
vn -0.6367 -0.6971 -0.3298
vn -0.8877 -0.0860 -0.4524
vn -0.6766 -0.7004 -0.2274
vn -0.9482 -0.0893 -0.3048
vn -0.6989 -0.7055 -0.1174
vn -0.9847 -0.0954 -0.1460
vn -0.7017 -0.7125 -0.0022
vn -0.9944 -0.1044 0.0170
vn -0.6819 -0.7220 0.1170
vn -0.9771 -0.1166 0.1780
vn -0.6424 -0.7301 0.2329
vn -0.9348 -0.1301 0.3305
vn -0.5936 -0.7316 0.3354
vn -0.8732 -0.1396 0.4669
vn -0.5427 -0.7275 0.4199
vn -0.7983 -0.1409 0.5856
vn -0.4866 -0.7212 0.4930
vn -0.7089 -0.1333 0.6926
vn -0.4177 -0.7147 0.5610
vn -0.5996 -0.1206 0.7912
vn -0.3315 -0.7099 0.6215
vn -0.4680 -0.1096 0.8769
vn -0.2274 -0.7086 0.6680
vn -0.3134 -0.1070 0.9436
vn -0.1139 -0.7100 0.6949
vn -0.1447 -0.1143 0.9828
vn -0.0043 -0.7131 0.7010
vn 0.0198 -0.1276 0.9916
vn 0.0924 -0.7173 0.6906
vn 0.1681 -0.1406 0.9757
vn 0.1766 -0.7211 0.6699
vn 0.3004 -0.1459 0.9426
vn 0.2589 -0.7239 0.6394
vn 0.4279 -0.1392 0.8930
vn 0.3548 -0.7247 0.5907
vn 0.5599 -0.1236 0.8193
vn 0.4651 -0.7208 0.5138
vn 0.6894 -0.1063 0.7165
vn 0.5620 -0.7153 0.4153
vn 0.8013 -0.0946 0.5908
vn 0.6327 -0.7143 0.2992
vn 0.8878 -0.0905 0.4511
vn 0.6800 -0.7120 0.1754
vn 0.9489 -0.0900 0.3025
vn 0.7058 -0.7055 0.0638
vn 0.9848 -0.0889 0.1492
vn 0.7142 -0.6990 -0.0366
vn 0.9961 -0.0876 -0.0050
vn 0.7072 -0.6949 -0.1299
vn 0.9836 -0.0869 -0.1581
vn 0.6859 -0.6937 -0.2198
vn 0.9476 -0.0867 -0.3075
vn 0.6491 -0.6954 -0.3083
vn 0.8888 -0.0868 -0.4500
vn 0.5963 -0.6991 -0.3947
vn 0.8083 -0.0872 -0.5823
vn 0.5253 -0.7036 -0.4785
vn 0.7074 -0.0879 -0.7013
vn 0.4366 -0.7078 -0.5553
vn 0.5883 -0.0886 -0.8038
vn 0.3327 -0.7111 -0.6195
vn 0.4540 -0.0889 -0.8865
vn 0.2170 -0.7122 -0.6676
vn 0.3078 -0.0889 -0.9473
vn 0.0950 -0.7109 -0.6969
vn 0.1539 -0.0885 -0.9841
vn 0.3330 0.9217 -0.1990
vn 0.0976 0.9919 -0.0811
vn 0.1121 0.9929 -0.0409
vn 0.3637 0.9234 -0.1224
vn 0.3026 -0.9484 -0.0942
vn 0.1974 -0.9785 -0.0599
vn 0.1922 -0.9791 -0.0667
vn 0.2908 -0.9495 -0.1178
vn -0.2444 -0.9541 -0.1733
vn -0.1519 -0.9827 -0.1057
vn -0.1599 -0.9830 -0.0898
vn -0.2621 -0.9546 -0.1415
vn -0.3318 0.9110 -0.2448
vn -0.1178 0.9890 -0.0899
vn -0.0876 0.9897 -0.1129
vn -0.2760 0.9136 -0.2986
vn 0.1230 0.9924 0.0050
vn 0.3832 0.9229 -0.0379
vn 0.1815 -0.9803 -0.0783
vn 0.2710 -0.9516 -0.1447
vn -0.1696 -0.9830 -0.0700
vn -0.2780 -0.9549 -0.1042
vn -0.0536 0.9902 -0.1289
vn -0.2110 0.9162 -0.3407
vn 0.1255 0.9909 0.0495
vn 0.3862 0.9213 0.0457
vn 0.1625 -0.9819 -0.0976
vn 0.2408 -0.9542 -0.1775
vn -0.1759 -0.9833 -0.0474
vn -0.2874 -0.9557 -0.0631
vn -0.0227 0.9901 -0.1387
vn -0.1450 0.9173 -0.3709
vn 0.1168 0.9898 0.0816
vn 0.3705 0.9215 0.1167
vn 0.1340 -0.9835 -0.1216
vn 0.1990 -0.9567 -0.2126
vn -0.1771 -0.9840 -0.0187
vn -0.2887 -0.9573 -0.0160
vn 0.0032 0.9896 -0.1435
vn -0.0808 0.9173 -0.3898
vn 0.1066 0.9896 0.0963
vn 0.3471 0.9223 0.1698
vn 0.0966 -0.9849 -0.1440
vn 0.1470 -0.9586 -0.2439
vn -0.1711 -0.9851 0.0199
vn -0.2792 -0.9594 0.0402
vn 0.0231 0.9892 -0.1446
vn -0.0207 0.9168 -0.3987
vn 0.1080 0.9899 0.0918
vn 0.3311 0.9214 0.2037
vn 0.0526 -0.9854 -0.1619
vn 0.0872 -0.9594 -0.2684
vn -0.1574 -0.9855 0.0640
vn -0.2597 -0.9605 0.0997
vn 0.1133 0.9900 0.0836
vn 0.3143 0.9204 0.2326
vn 0.0064 -0.9849 -0.1733
vn 0.0244 -0.9586 -0.2837
vn -0.1408 -0.9848 0.1018
vn -0.2364 -0.9597 0.1518
vn 0.1191 0.9900 0.0759
vn 0.2913 0.9210 0.2586
vn -0.1266 -0.9839 0.1260
vn -0.2148 -0.9581 0.1893
vn 0.1227 0.9897 0.0733
vn 0.2635 0.9212 0.2862
vn -0.1146 -0.9835 0.1397
vn -0.1938 -0.9570 0.2158
vn 0.1128 0.9898 0.0873
vn 0.2229 0.9187 0.3261
vn -0.1010 -0.9836 0.1497
vn -0.1686 -0.9565 0.2381
vn 0.0922 0.9900 0.1070
vn 0.1716 0.9155 0.3638
vn -0.0840 -0.9837 0.1587
vn -0.1369 -0.9564 0.2578
vn 0.0659 0.9901 0.1242
vn 0.1109 0.9138 0.3907
vn -0.0652 -0.9836 0.1684
vn -0.1002 -0.9561 0.2753
vn 0.0349 0.9899 0.1374
vn 0.0399 0.9131 0.4059
vn -0.0458 -0.9826 0.1797
vn -0.0610 -0.9550 0.2903
vn -0.0005 0.9894 0.1451
vn -0.0394 0.9121 0.4081
vn -0.0265 -0.9815 0.1897
vn -0.0224 -0.9536 0.3001
vn 0.0334 0.9162 -0.3993
vn -0.3704 0.9110 -0.1814
vn -0.3936 0.9124 -0.1118
vn -0.4061 0.9130 -0.0390
vn -0.4072 0.9129 0.0283
vn -0.3978 0.9138 0.0824
vn -0.3829 0.9149 0.1278
vn -0.3661 0.9145 0.1722
vn -0.3426 0.9132 0.2205
vn -0.3061 0.9123 0.2721
vn -0.2562 0.9116 0.3215
vn -0.1945 0.9108 0.3641
vn -0.1207 0.9109 0.3945
vn 0.2940 0.9189 -0.2631
vn 0.2510 0.9169 -0.3102
vn 0.2078 0.9161 -0.3429
vn 0.1656 0.9157 -0.3662
vn 0.1244 0.9156 -0.3824
vn 0.0813 0.9158 -0.3934
vn -0.8945 0.3164 0.3159
vn -0.8427 0.3082 0.4414
vn -0.8815 -0.0348 0.4709
vn -0.9419 -0.0235 0.3351
vn 0.2894 0.3517 -0.8903
vn 0.1536 0.3517 -0.9234
vn 0.1567 0.0177 -0.9875
vn 0.3091 0.0173 -0.9509
vn 0.9044 -0.3282 0.2725
vn 0.8465 -0.3248 0.4219
vn 0.8897 0.0171 0.4563
vn 0.9507 0.0182 0.3096
vn -0.3084 -0.3108 -0.8991
vn -0.1631 -0.3152 -0.9349
vn -0.1557 0.0178 -0.9876
vn -0.3085 0.0177 -0.9511
vn -0.9292 0.3242 0.1773
vn -0.9830 -0.0104 0.1832
vn 0.4188 0.3510 -0.8375
vn 0.4538 0.0169 -0.8909
vn 0.9377 -0.3237 0.1263
vn 0.9875 0.0181 0.1567
vn -0.4441 -0.3108 -0.8403
vn -0.4537 0.0175 -0.8910
vn -0.9444 0.3276 0.0285
vn -0.9998 0.0005 0.0221
vn 0.5402 0.3501 -0.7652
vn 0.5874 0.0167 -0.8091
vn 0.9491 -0.3145 -0.0164
vn 0.9998 0.0178 0.0006
vn -0.5672 -0.3133 -0.7616
vn -0.5877 0.0174 -0.8089
vn -0.9347 0.3320 -0.1273
vn -0.9897 0.0085 -0.1426
vn 0.6511 0.3493 -0.6738
vn 0.7066 0.0169 -0.7074
vn 0.9371 -0.3119 -0.1564
vn 0.9875 0.0177 -0.1563
vn -0.6762 -0.3119 -0.6674
vn -0.7069 0.0173 -0.7071
vn -0.8982 0.3383 -0.2808
vn -0.9528 0.0137 -0.3033
vn 0.7490 0.3493 -0.5630
vn 0.8085 0.0172 -0.5882
vn 0.9029 -0.3154 -0.2919
vn 0.9508 0.0177 -0.3093
vn -0.7700 -0.3093 -0.5580
vn -0.8089 0.0172 -0.5877
vn -0.8403 0.3383 -0.4237
vn -0.8915 0.0165 -0.4527
vn 0.8301 0.3499 -0.4341
vn 0.8907 0.0175 -0.4543
vn 0.8488 -0.3181 -0.4223
vn -0.8456 -0.3128 -0.4325
vn -0.7613 0.3363 -0.5544
vn 0.8909 0.3483 -0.2914
vn 0.7747 -0.3199 -0.5454
vn -0.9019 -0.3175 -0.2928
vn -0.6603 0.3402 -0.6695
vn 0.9284 0.3446 -0.1387
vn 0.6800 -0.3223 -0.6586
vn -0.9365 -0.3204 -0.1424
vn -0.5432 0.3427 -0.7665
vn 0.9381 0.3460 0.0174
vn 0.5659 -0.3247 -0.7578
vn -0.9438 -0.3302 0.0132
vn -0.4139 0.3406 -0.8442
vn 0.9199 0.3543 0.1683
vn 0.4354 -0.3264 -0.8390
vn -0.9231 -0.3458 0.1684
vn -0.1359 0.9888 -0.0614
vn -0.2273 -0.9526 -0.2021
vn -0.1476 -0.9816 -0.1209
vn 0.3073 -0.9489 -0.0723
vn 0.1979 -0.9786 -0.0561
vn 0.0811 0.9904 -0.1122
vn -0.1441 0.9891 -0.0309
vn -0.2056 -0.9514 -0.2293
vn -0.1407 -0.9805 -0.1370
vn 0.3077 -0.9502 -0.0494
vn 0.1973 -0.9790 -0.0509
vn 0.0660 0.9893 -0.1301
vn -0.1477 0.9890 0.0001
vn -0.1755 -0.9514 -0.2533
vn -0.1264 -0.9802 -0.1522
vn 0.3054 -0.9521 -0.0159
vn 0.1974 -0.9797 -0.0347
vn 0.0552 0.9889 -0.1377
vn -0.1472 0.9888 0.0243
vn -0.1376 -0.9524 -0.2720
vn -0.1042 -0.9808 -0.1650
vn 0.2944 -0.9551 0.0347
vn 0.1910 -0.9816 -0.0004
vn 0.0489 0.9889 -0.1406
vn -0.1438 0.9890 0.0356
vn -0.0897 -0.9544 -0.2848
vn -0.0746 -0.9819 -0.1738
vn 0.2668 -0.9581 0.1043
vn 0.1697 -0.9841 0.0525
vn 0.0461 0.9889 -0.1416
vn -0.1405 0.9893 0.0406
vn -0.0353 -0.9567 -0.2890
vn -0.0369 -0.9835 -0.1771
vn 0.2280 -0.9588 0.1692
vn 0.1392 -0.9848 0.1036
vn 0.0432 0.9889 -0.1425
vn -0.1377 0.9893 0.0482
vn 0.0362 0.9889 -0.1438
vn 0.1752 -0.9585 0.2247
vn 0.0988 -0.9842 0.1472
vn -0.1310 0.9893 0.0639
vn 0.1159 -0.9559 0.2700
vn 0.0534 -0.9816 0.1832
vn -0.1168 0.9894 0.0867
vn 0.0728 -0.9534 0.2928
vn 0.0236 -0.9799 0.1980
vn -0.0958 0.9892 0.1110
vn 0.0417 -0.9525 0.3016
vn 0.0063 -0.9799 0.1996
vn -0.0701 0.9889 0.1312
vn 0.0120 -0.9527 0.3036
vn -0.0090 -0.9805 0.1964
vn -0.0375 0.9889 0.1439
vn -0.0120 -0.3218 -0.9467
vn 0.0006 0.0179 -0.9998
vn 0.7593 -0.3280 0.5621
vn 0.8035 0.0117 0.5952
vn 0.0128 0.3490 -0.9370
vn -0.7759 0.3019 0.5540
vn -0.8076 -0.0381 0.5885
vn 0.6432 -0.3440 0.6840
vn 0.6934 -0.0001 0.7206
vn -0.6898 0.3003 0.6587
vn -0.7178 -0.0311 0.6955
vn 0.5113 -0.3607 0.7801
vn 0.5662 -0.0181 0.8240
vn -0.5804 0.3072 0.7542
vn -0.6067 -0.0181 0.7947
vn 0.3851 -0.3703 0.8453
vn 0.4354 -0.0371 0.8995
vn -0.4476 0.3170 0.8362
vn -0.4716 -0.0075 0.8818
vn 0.2691 -0.3722 0.8883
vn 0.3088 -0.0467 0.9500
vn -0.2926 0.3223 0.9003
vn -0.3126 -0.0058 0.9499
vn 0.1503 -0.3638 0.9193
vn 0.1769 -0.0420 0.9833
vn -0.1262 0.3160 0.9403
vn -0.1407 -0.0140 0.9900
vn 0.0142 -0.3502 0.9366
vn 0.0269 -0.0280 0.9992
vn 0.0367 0.3024 0.9525
vn -0.1395 -0.3411 0.9296
vn 0.1843 0.2935 0.9380
vn -0.2978 -0.3345 0.8941
vn 0.3136 0.2950 0.9026
vn -0.4448 -0.3320 0.8318
vn 0.4342 0.3096 0.8459
vn -0.5678 -0.3400 0.7497
vn 0.5513 0.3310 0.7658
vn -0.6664 -0.3548 0.6558
vn 0.6590 0.3430 0.6693
vn -0.7459 -0.3679 0.5552
vn 0.7539 0.3461 0.5585
vn -0.8160 -0.3694 0.4446
vn 0.1410 -0.3258 -0.9349
vn 0.8279 0.3520 0.4367
vn -0.1312 0.3438 -0.9298
vn -0.8783 -0.3596 0.3151
vn 0.2921 -0.3268 -0.8988
vn 0.8813 0.3581 0.3084
vn -0.2750 0.3402 -0.8992
vn -0.0820 -0.9743 -0.2098
vn -0.1597 -0.0715 -0.9846
vn -0.0030 -0.0718 -0.9974
vn -0.0387 -0.9761 -0.2139
vn -0.1174 -0.9729 -0.1993
vn -0.3118 -0.0712 -0.9475
vn -0.1446 -0.9723 -0.1838
vn -0.4559 -0.0708 -0.8872
vn -0.1635 -0.9726 -0.1654
vn -0.5885 -0.0705 -0.8054
vn -0.1745 -0.9738 -0.1455
vn -0.7065 -0.0702 -0.7042
vn -0.1815 -0.9752 -0.1269
vn -0.8072 -0.0700 -0.5861
vn -0.1916 -0.9755 -0.1079
vn -0.8886 -0.0706 -0.4533
vn -0.2035 -0.9754 -0.0844
vn -0.9491 -0.0734 -0.3065
vn -0.2115 -0.9757 -0.0567
vn -0.9857 -0.0793 -0.1486
vn -0.2136 -0.9766 -0.0244
vn -0.9960 -0.0883 0.0135
vn -0.2077 -0.9780 0.0177
vn -0.9797 -0.1001 0.1738
vn -0.1915 -0.9788 0.0721
vn -0.9384 -0.1121 0.3270
vn -0.1704 -0.9778 0.1218
vn -0.8768 -0.1198 0.4657
vn -0.1523 -0.9766 0.1516
vn -0.8004 -0.1204 0.5873
vn -0.1366 -0.9762 0.1685
vn -0.7086 -0.1138 0.6964
vn -0.1189 -0.9763 0.1810
vn -0.5976 -0.1028 0.7951
vn -0.0981 -0.9765 0.1920
vn -0.4666 -0.0922 0.8797
vn -0.0762 -0.9762 0.2032
vn -0.3152 -0.0880 0.9449
vn -0.0529 -0.9751 0.2156
vn -0.1496 -0.0938 0.9843
vn -0.0284 -0.9736 0.2263
vn 0.0143 -0.1057 0.9943
vn -0.0061 -0.9725 0.2330
vn 0.1648 -0.1170 0.9794
vn 0.0137 -0.9716 0.2360
vn 0.3019 -0.1215 0.9456
vn 0.0347 -0.9715 0.2344
vn 0.4336 -0.1160 0.8936
vn 0.0759 -0.9742 0.2125
vn 0.5669 -0.1025 0.8174
vn 0.1302 -0.9771 0.1684
vn 0.6945 -0.0873 0.7142
vn 0.1691 -0.9777 0.1248
vn 0.8038 -0.0770 0.5899
vn 0.2000 -0.9769 0.0754
vn 0.8890 -0.0734 0.4521
vn 0.2266 -0.9739 0.0112
vn 0.9499 -0.0732 0.3040
vn 0.2364 -0.9710 -0.0358
vn 0.9860 -0.0726 0.1500
vn 0.2356 -0.9703 -0.0545
vn 0.9974 -0.0716 -0.0043
vn 0.2352 -0.9699 -0.0633
vn 0.9849 -0.0712 -0.1580
vn 0.2332 -0.9698 -0.0717
vn 0.9487 -0.0711 -0.3080
vn 0.2258 -0.9706 -0.0834
vn 0.8897 -0.0710 -0.4510
vn 0.2122 -0.9722 -0.0992
vn 0.8090 -0.0713 -0.5835
vn 0.1900 -0.9741 -0.1224
vn 0.7079 -0.0715 -0.7027
vn 0.1571 -0.9761 -0.1502
vn 0.5887 -0.0719 -0.8051
vn 0.1144 -0.9777 -0.1762
vn 0.4544 -0.0722 -0.8879
vn 0.0638 -0.9784 -0.1968
vn 0.3082 -0.0722 -0.9486
vn 0.0110 -0.9777 -0.2098
vn 0.1543 -0.0722 -0.9854
vn 0.0305 0.7763 -0.6297
vn 0.0338 0.8568 -0.5146
vn 0.0997 0.8562 -0.5070
vn 0.1157 0.7759 -0.6202
vn 0.1598 0.8560 -0.4917
vn 0.1950 0.7758 -0.6001
vn 0.2172 0.8562 -0.4688
vn 0.2709 0.7759 -0.5697
vn 0.2751 0.8568 -0.4362
vn 0.3454 0.7762 -0.5274
vn 0.3324 0.8580 -0.3915
vn 0.4175 0.7771 -0.4709
vn 0.3876 0.8608 -0.3299
vn 0.4851 0.7795 -0.3963
vn 0.4364 0.8642 -0.2502
vn 0.5439 0.7827 -0.3025
vn 0.4737 0.8665 -0.1574
vn 0.5883 0.7849 -0.1944
vn 0.4965 0.8663 -0.0556
vn 0.6149 0.7849 -0.0765
vn 0.4999 0.8648 0.0482
vn 0.6191 0.7841 0.0434
vn 0.4813 0.8652 0.1408
vn 0.5989 0.7861 0.1530
vn 0.4589 0.8646 0.2045
vn 0.5712 0.7861 0.2361
vn 0.4437 0.8603 0.2509
vn 0.5472 0.7807 0.3018
vn 0.4150 0.8573 0.3046
vn 0.5078 0.7766 0.3729
vn 0.3722 0.8592 0.3511
vn 0.4520 0.7782 0.4359
vn 0.3328 0.8617 0.3830
vn 0.3969 0.7801 0.4836
vn 0.2823 0.8595 0.4261
vn 0.3303 0.7752 0.5384
vn 0.2113 0.8549 0.4739
vn 0.2443 0.7678 0.5923
vn 0.1298 0.8527 0.5060
vn 0.1470 0.7650 0.6271
vn 0.0393 0.8522 0.5217
vn 0.0388 0.7655 0.6423
vn -0.0588 0.8516 0.5208
vn -0.0780 0.7662 0.6378
vn -0.1592 0.8506 0.5012
vn -0.1965 0.7659 0.6122
vn -0.2501 0.8501 0.4634
vn -0.3047 0.7652 0.5671
vn -0.3270 0.8505 0.4119
vn -0.3973 0.7648 0.5071
vn -0.3908 0.8512 0.3503
vn -0.4746 0.7649 0.4355
vn -0.4382 0.8529 0.2837
vn -0.5334 0.7671 0.3565
vn -0.4679 0.8562 0.2191
vn -0.5720 0.7719 0.2773
vn -0.4852 0.8587 0.1649
vn -0.5966 0.7761 0.2043
vn -0.5015 0.8584 0.1077
vn -0.6173 0.7764 0.1271
vn -0.5147 0.8567 0.0336
vn -0.6318 0.7745 0.0329
vn -0.5157 0.8550 -0.0539
vn -0.6307 0.7726 -0.0731
vn -0.5013 0.8532 -0.1441
vn -0.6112 0.7704 -0.1811
vn -0.4711 0.8514 -0.2308
vn -0.5738 0.7682 -0.2840
vn -0.4220 0.8516 -0.3110
vn -0.5160 0.7683 -0.3788
vn -0.3543 0.8544 -0.3801
vn -0.4384 0.7714 -0.4612
vn -0.2772 0.8572 -0.4341
vn -0.3489 0.7748 -0.5273
vn -0.1967 0.8583 -0.4739
vn -0.2536 0.7765 -0.5769
vn -0.1163 0.8583 -0.4998
vn -0.1564 0.7769 -0.6098
vn -0.0387 0.8576 -0.5129
vn -0.0608 0.7767 -0.6270
vn -0.1519 0.0864 -0.9846
vn 0.0032 0.0869 -0.9962
vn -0.3040 0.0860 -0.9488
vn -0.4491 0.0855 -0.8894
vn -0.5834 0.0850 -0.8077
vn -0.7036 0.0845 -0.7056
vn -0.8060 0.0841 -0.5859
vn -0.8884 0.0838 -0.4513
vn -0.9496 0.0819 -0.3025
vn -0.9867 0.0775 -0.1426
vn -0.9973 0.0705 0.0208
vn -0.9816 0.0609 0.1808
vn -0.9423 0.0494 0.3312
vn -0.8835 0.0389 0.4667
vn -0.8089 0.0352 0.5869
vn -0.7171 0.0407 0.6958
vn -0.6043 0.0519 0.7951
vn -0.4698 0.0621 0.8806
vn -0.3134 0.0647 0.9474
vn -0.1429 0.0577 0.9881
vn 0.0244 0.0447 0.9987
vn 0.1765 0.0323 0.9838
vn 0.3132 0.0288 0.9493
vn 0.4435 0.0386 0.8954
vn 0.5733 0.0564 0.8174
vn 0.6958 0.0723 0.7146
vn 0.8024 0.0822 0.5911
vn 0.8858 0.0873 0.4558
vn 0.9456 0.0889 0.3129
vn 0.9830 0.0881 0.1612
vn 0.9962 0.0868 0.0043
vn 0.9843 0.0862 -0.1538
vn 0.9474 0.0861 -0.3082
vn 0.8866 0.0861 -0.4545
vn 0.8038 0.0861 -0.5887
vn 0.7017 0.0862 -0.7073
vn 0.5830 0.0865 -0.8079
vn 0.4507 0.0868 -0.8884
vn 0.3079 0.0871 -0.9474
vn 0.1576 0.0872 -0.9836
vn -0.1254 0.3899 -0.9123
vn 0.0151 0.3908 -0.9203
vn -0.2661 0.3888 -0.8821
vn -0.4028 0.3873 -0.8293
vn -0.5315 0.3854 -0.7543
vn -0.6479 0.3829 -0.6585
vn -0.7471 0.3810 -0.5446
vn -0.8255 0.3811 -0.4163
vn -0.8822 0.3819 -0.2756
vn -0.9159 0.3813 -0.1252
vn -0.9249 0.3792 0.0271
vn -0.9104 0.3760 0.1726
vn -0.8775 0.3697 0.3054
vn -0.8294 0.3599 0.4272
vn -0.7633 0.3529 0.5411
vn -0.6761 0.3538 0.6463
vn -0.5671 0.3602 0.7407
vn -0.4383 0.3667 0.8206
vn -0.2899 0.3688 0.8832
vn -0.1282 0.3643 0.9224
vn 0.0315 0.3552 0.9343
vn 0.1789 0.3470 0.9206
vn 0.3122 0.3473 0.8842
vn 0.4361 0.3601 0.8247
vn 0.5494 0.3761 0.7461
vn 0.6508 0.3845 0.6547
vn 0.7422 0.3890 0.5458
vn 0.8132 0.3950 0.4274
vn 0.8640 0.3995 0.3064
vn 0.9016 0.3974 0.1711
vn 0.9192 0.3931 0.0213
vn 0.9103 0.3918 -0.1339
vn 0.8747 0.3913 -0.2859
vn 0.8150 0.3906 -0.4280
vn 0.7345 0.3900 -0.5554
vn 0.6377 0.3900 -0.6642
vn 0.5287 0.3907 -0.7535
vn 0.4101 0.3914 -0.8238
vn 0.2843 0.3918 -0.8750
vn 0.1524 0.3915 -0.9075
vn -0.0393 -0.9916 -0.1229
vn -0.0035 -0.9928 -0.1200
vn 0.0359 -0.9932 -0.1104
vn 0.0734 -0.9928 -0.0950
vn 0.1040 -0.9916 -0.0764
vn 0.1261 -0.9903 -0.0576
vn 0.1392 -0.9892 -0.0453
vn 0.1453 -0.9885 -0.0418
vn 0.1473 -0.9881 -0.0438
vn 0.1462 -0.9880 -0.0497
vn 0.1458 -0.9878 -0.0554
vn 0.1488 -0.9876 -0.0509
vn 0.1424 -0.9897 -0.0170
vn 0.1201 -0.9922 0.0342
vn 0.0963 -0.9928 0.0715
vn 0.0677 -0.9922 0.1049
vn 0.0250 -0.9896 0.1414
vn -0.0052 -0.9876 0.1566
vn -0.0149 -0.9882 0.1523
vn -0.0223 -0.9892 0.1450
vn -0.0307 -0.9902 0.1360
vn -0.0398 -0.9913 0.1253
vn -0.0474 -0.9921 0.1160
vn -0.0551 -0.9923 0.1112
vn -0.0640 -0.9920 0.1088
vn -0.0721 -0.9917 0.1061
vn -0.0803 -0.9917 0.0999
vn -0.0927 -0.9924 0.0814
vn -0.1089 -0.9931 0.0437
vn -0.1208 -0.9927 0.0019
vn -0.1238 -0.9919 -0.0266
vn -0.1212 -0.9917 -0.0437
vn -0.1155 -0.9917 -0.0564
vn -0.1086 -0.9919 -0.0659
vn -0.1063 -0.9917 -0.0721
vn -0.1094 -0.9908 -0.0797
vn -0.1100 -0.9898 -0.0907
vn -0.1038 -0.9894 -0.1021
vn -0.0900 -0.9896 -0.1123
vn -0.0685 -0.9904 -0.1198
vn 0.3315 -0.9333 -0.1379
vn 0.3087 -0.9358 -0.1703
vn 0.2458 -0.9615 -0.1232
vn 0.2620 -0.9597 -0.1021
vn -0.2995 -0.9401 -0.1630
vn -0.3185 -0.9400 -0.1219
vn -0.2421 -0.9653 -0.0978
vn -0.2274 -0.9656 -0.1263
vn -0.1500 0.9883 -0.0272
vn -0.1421 0.9880 -0.0609
vn -0.2166 0.9712 -0.0991
vn -0.2291 0.9719 -0.0534
vn 0.2747 -0.9387 -0.2084
vn 0.2198 -0.9637 -0.1518
vn -0.3304 -0.9408 -0.0758
vn -0.2522 -0.9655 -0.0648
vn 0.0827 0.9897 -0.1172
vn 0.0999 0.9915 -0.0839
vn 0.1747 0.9771 -0.1216
vn 0.1508 0.9747 -0.1650
vn -0.1218 0.9882 -0.0933
vn -0.1898 0.9714 -0.1425
vn 0.2280 -0.9413 -0.2488
vn 0.1823 -0.9658 -0.1843
vn -0.3334 -0.9425 -0.0253
vn -0.2559 -0.9663 -0.0273
vn 0.1147 0.9925 -0.0413
vn 0.1947 0.9786 -0.0672
vn -0.0891 0.9889 -0.1189
vn -0.1489 0.9727 -0.1779
vn 0.1696 -0.9435 -0.2848
vn 0.1342 -0.9676 -0.2141
vn -0.3253 -0.9450 0.0349
vn -0.2507 -0.9678 0.0210
vn 0.1252 0.9921 0.0078
vn 0.2080 0.9781 -0.0057
vn -0.0537 0.9893 -0.1353
vn -0.1035 0.9738 -0.2027
vn 0.1016 -0.9444 -0.3128
vn 0.0772 -0.9683 -0.2376
vn -0.3032 -0.9466 0.1095
vn -0.2325 -0.9689 0.0850
vn 0.1262 0.9903 0.0578
vn 0.2093 0.9762 0.0570
vn -0.0215 0.9891 -0.1454
vn -0.0600 0.9738 -0.2193
vn 0.0302 -0.9435 -0.3301
vn 0.0173 -0.9676 -0.2521
vn -0.2735 -0.9453 0.1778
vn -0.2068 -0.9678 0.1434
vn 0.1152 0.9886 0.0971
vn 0.1961 0.9745 0.1087
vn 0.0058 0.9887 -0.1501
vn -0.0206 0.9733 -0.2287
vn -0.0382 -0.9413 -0.3353
vn -0.0392 -0.9658 -0.2563
vn -0.2461 -0.9435 0.2219
vn -0.1841 -0.9667 0.1777
vn 0.1123 0.9887 0.0995
vn 0.1893 0.9741 0.1236
vn 0.0267 0.9882 -0.1510
vn 0.0130 0.9726 -0.2322
vn -0.2196 -0.9426 0.2515
vn -0.1639 -0.9664 0.1978
vn 0.1184 0.9894 0.0838
vn 0.1903 0.9744 0.1200
vn 0.0404 0.9879 -0.1497
vn 0.0398 0.9720 -0.2315
vn -0.1890 -0.9423 0.2762
vn -0.1415 -0.9666 0.2137
vn 0.1164 0.9896 0.0846
vn 0.1813 0.9745 0.1321
vn -0.1528 -0.9423 0.2978
vn -0.1155 -0.9669 0.2276
vn 0.1156 0.9894 0.0874
vn 0.1718 0.9743 0.1453
vn -0.1130 -0.9417 0.3169
vn -0.0879 -0.9665 0.2411
vn 0.1285 0.9887 0.0773
vn 0.1746 0.9740 0.1443
vn -0.0699 -0.9402 0.3333
vn -0.0584 -0.9652 0.2550
vn 0.1278 0.9885 0.0811
vn 0.1636 0.9742 0.1555
vn -0.0257 -0.9385 0.3442
vn -0.0276 -0.9635 0.2662
vn -0.0030 -0.0714 -0.9974
vn 0.1543 -0.0717 -0.9854
vn 0.3082 -0.0718 -0.9486
vn 0.4544 -0.0716 -0.8879
vn 0.5887 -0.0714 -0.8052
vn 0.7079 -0.0710 -0.7027
vn 0.8090 -0.0708 -0.5836
vn 0.8897 -0.0706 -0.4510
vn 0.9488 -0.0706 -0.3080
vn 0.9849 -0.0707 -0.1581
vn 0.9975 -0.0711 -0.0044
vn 0.9861 -0.0721 0.1498
vn 0.9499 -0.0727 0.3041
vn 0.8889 -0.0730 0.4522
vn 0.8039 -0.0766 0.5898
vn 0.6948 -0.0868 0.7140
vn 0.5672 -0.1019 0.8173
vn 0.4337 -0.1152 0.8937
vn 0.3019 -0.1207 0.9457
vn 0.1646 -0.1162 0.9795
vn 0.0141 -0.1050 0.9944
vn -0.1499 -0.0931 0.9843
vn -0.3153 -0.0874 0.9450
vn -0.4664 -0.0917 0.8798
vn -0.5975 -0.1023 0.7953
vn -0.7085 -0.1132 0.6966
vn -0.8003 -0.1197 0.5875
vn -0.8768 -0.1191 0.4659
vn -0.9385 -0.1114 0.3268
vn -0.9798 -0.0995 0.1734
vn -0.9961 -0.0878 0.0131
vn -0.9857 -0.0788 -0.1488
vn -0.9490 -0.0728 -0.3066
vn -0.8886 -0.0701 -0.4533
vn -0.8073 -0.0695 -0.5861
vn -0.7066 -0.0697 -0.7042
vn -0.5886 -0.0700 -0.8054
vn -0.4560 -0.0703 -0.8872
vn -0.3119 -0.0706 -0.9475
vn -0.1598 -0.0710 -0.9846
vn -0.0938 0.6092 -0.7874
vn 0.0247 0.6121 -0.7904
vn -0.2139 0.6116 -0.7617
vn -0.3316 0.6161 -0.7145
vn -0.4446 0.6169 -0.6494
vn -0.5494 0.6137 -0.5670
vn -0.6409 0.6083 -0.4682
vn -0.7116 0.6058 -0.3558
vn -0.7573 0.6106 -0.2315
vn -0.7819 0.6153 -0.0998
vn -0.2325 0.9726 -0.0066
vn -0.7858 0.6176 0.0318
vn -0.2267 0.9733 0.0363
vn -0.7693 0.6205 0.1524
vn -0.2154 0.9744 0.0641
vn -0.7427 0.6196 0.2538
vn -0.2108 0.9751 0.0685
vn -0.7113 0.6091 0.3509
vn -0.2129 0.9742 0.0747
vn -0.6612 0.5980 0.4531
vn -0.2060 0.9730 0.1038
vn -0.5856 0.5954 0.5500
vn -0.1849 0.9724 0.1419
vn -0.4896 0.5969 0.6357
vn -0.1540 0.9719 0.1780
vn -0.3760 0.6021 0.7044
vn -0.1157 0.9713 0.2080
vn -0.2474 0.6066 0.7555
vn -0.0685 0.9713 0.2276
vn -0.1084 0.6032 0.7902
vn -0.0156 0.9723 0.2330
vn 0.0316 0.5973 0.8014
vn 0.0360 0.9734 0.2261
vn 0.1640 0.5947 0.7871
vn 0.0840 0.9740 0.2102
vn 0.2863 0.5942 0.7517
vn 0.1273 0.9743 0.1858
vn 0.3984 0.6001 0.6937
vn 0.4883 0.6074 0.6266
vn 0.5618 0.6141 0.5544
vn 0.6335 0.6198 0.4632
vn 0.6936 0.6192 0.3681
vn 0.7324 0.6216 0.2779
vn 0.7606 0.6266 0.1697
vn 0.7808 0.6237 0.0359
vn 0.7791 0.6178 -0.1064
vn 0.7473 0.6176 -0.2453
vn 0.6915 0.6186 -0.3730
vn 0.6214 0.6136 -0.4871
vn 0.5372 0.6123 -0.5801
vn 0.1256 0.9728 -0.1947
vn 0.4432 0.6148 -0.6524
vn 0.1039 0.9720 -0.2107
vn 0.3461 0.6122 -0.7109
vn 0.0865 0.9717 -0.2197
vn 0.2445 0.6123 -0.7519
vn 0.0730 0.9717 -0.2248
vn 0.1374 0.6149 -0.7766
vn 0.0592 0.9717 -0.2286
vn 0.1022 0.9891 0.1056
vn 0.0667 0.9883 -0.1369
vn -0.2791 -0.9396 -0.1983
vn -0.2134 -0.9653 -0.1507
vn 0.3458 -0.9320 -0.1085
vn 0.2718 -0.9586 -0.0844
vn -0.1508 0.9885 0.0063
vn 0.0553 0.9879 -0.1449
vn -0.2590 -0.9378 -0.2312
vn -0.2020 -0.9637 -0.1744
vn 0.3524 -0.9323 -0.0816
vn 0.2756 -0.9587 -0.0697
vn -0.1450 0.9888 0.0359
vn 0.0492 0.9879 -0.1474
vn -0.2331 -0.9362 -0.2632
vn -0.1863 -0.9622 -0.1987
vn 0.3549 -0.9334 -0.0539
vn 0.2773 -0.9592 -0.0544
vn -0.1360 0.9894 0.0506
vn 0.0480 0.9879 -0.1476
vn -0.1979 -0.9359 -0.2914
vn -0.1622 -0.9617 -0.2208
vn 0.3547 -0.9348 -0.0172
vn 0.2792 -0.9597 -0.0309
vn -0.1351 0.9899 0.0425
vn 0.0468 0.9879 -0.1481
vn -0.1534 -0.9369 -0.3141
vn -0.1293 -0.9624 -0.2389
vn 0.3398 -0.9391 0.0505
vn 0.2671 -0.9633 0.0253
vn -0.1415 0.9893 0.0366
vn -0.0999 -0.9389 -0.3294
vn -0.0879 -0.9639 -0.2514
vn 0.3072 -0.9422 0.1335
vn 0.2388 -0.9660 0.0987
vn -0.1397 0.9887 0.0547
vn 0.2686 -0.9428 0.1973
vn 0.2074 -0.9663 0.1527
vn -0.1259 0.9886 0.0832
vn 0.2172 -0.9430 0.2521
vn 0.1640 -0.9664 0.1978
vn -0.1043 0.9883 0.1109
vn 0.1461 -0.9405 0.3067
vn 0.1014 -0.9640 0.2457
vn -0.0769 0.9880 0.1340
vn 0.0872 -0.9368 0.3387
vn 0.0524 -0.9608 0.2724
vn -0.0420 0.9880 0.1484
vn 0.0507 -0.9367 0.3465
vn 0.0258 -0.9611 0.2749
vn -0.0024 0.9887 0.1501
vn 0.0144 -0.9373 0.3481
vn 0.0003 -0.9621 0.2725
vn 0.0355 0.9893 0.1417
vn 0.0707 0.9894 0.1267
vn -0.1549 -0.5992 -0.7855
vn -0.1557 0.0165 -0.9877
vn 0.0003 0.0167 -0.9999
vn -0.0248 -0.6051 -0.7958
vn -0.2767 -0.5989 -0.7515
vn -0.3080 0.0165 -0.9512
vn -0.3872 -0.6020 -0.6983
vn -0.4531 0.0164 -0.8913
vn -0.4860 -0.6036 -0.6320
vn -0.5874 0.0164 -0.8092
vn -0.5723 -0.6039 -0.5548
vn -0.7069 0.0163 -0.7072
vn -0.6474 -0.6022 -0.4673
vn -0.8090 0.0162 -0.5875
vn -0.7098 -0.6005 -0.3682
vn -0.8910 0.0159 -0.4538
vn -0.7536 -0.6057 -0.2553
vn -0.9517 0.0141 -0.3067
vn -0.7777 -0.6142 -0.1336
vn -0.9889 0.0094 -0.1481
vn -0.7818 -0.6234 -0.0085
vn -0.9999 0.0017 0.0145
vn -0.7631 -0.6351 0.1200
vn -0.9846 -0.0083 0.1746
vn -0.7222 -0.6438 0.2528
vn -0.9449 -0.0191 0.3267
vn -0.6694 -0.6414 0.3748
vn -0.8845 -0.0272 0.4657
vn -0.6117 -0.6338 0.4734
vn -0.8076 -0.0291 0.5890
vn -0.5441 -0.6275 0.5570
vn -0.7139 -0.0242 0.6999
vn -0.4630 -0.6208 0.6326
vn -0.6005 -0.0142 0.7995
vn -0.3657 -0.6172 0.6967
vn -0.4678 -0.0036 0.8838
vn -0.2533 -0.6164 0.7456
vn -0.3162 0.0015 0.9487
vn -0.1304 -0.6149 0.7778
vn -0.1505 -0.0035 0.9886
vn -0.0079 -0.6165 0.7873
vn 0.0146 -0.0152 0.9998
vn 0.1037 -0.6214 0.7766
vn 0.1682 -0.0257 0.9854
vn 0.2061 -0.6225 0.7550
vn 0.3097 -0.0295 0.9504
vn 0.3056 -0.6213 0.7215
vn 0.4443 -0.0232 0.8956
vn 0.4210 -0.6202 0.6619
vn 0.5765 -0.0098 0.8170
vn 0.5418 -0.6155 0.5725
vn 0.7000 0.0040 0.7141
vn 0.6387 -0.6106 0.4682
vn 0.8069 0.0130 0.5905
vn 0.7133 -0.6076 0.3493
vn 0.8906 0.0163 0.4545
vn 0.7658 -0.6078 0.2101
vn 0.9505 0.0169 0.3102
vn 0.7902 -0.6080 0.0775
vn 0.9874 0.0168 0.1575
vn 0.7970 -0.6029 -0.0349
vn 0.9999 0.0166 0.0004
vn 0.7914 -0.5945 -0.1420
vn 0.9876 0.0164 -0.1563
vn 0.7661 -0.5937 -0.2462
vn 0.9510 0.0164 -0.3088
vn 0.7222 -0.5978 -0.3480
vn 0.8907 0.0165 -0.4543
vn 0.6643 -0.5981 -0.4484
vn 0.8083 0.0165 -0.5885
vn 0.5858 -0.6017 -0.5429
vn 0.7067 0.0166 -0.7073
vn 0.4865 -0.6077 -0.6276
vn 0.5873 0.0166 -0.8092
vn 0.3729 -0.6077 -0.7012
vn 0.4534 0.0166 -0.8911
vn 0.2453 -0.6088 -0.7544
vn 0.3092 0.0167 -0.9508
vn 0.1099 -0.6104 -0.7844
vn 0.1567 0.0167 -0.9875
vn 0.0433 0.9991 0.0040
vn 0.0250 0.9997 0.0027
vn 0.0011 1.0000 -0.0032
vn -0.0218 0.9997 -0.0125
vn -0.0374 0.9991 -0.0222
vn -0.0453 0.9986 -0.0285
vn -0.0462 0.9986 -0.0250
vn -0.0428 0.9990 -0.0111
vn -0.0428 0.9990 -0.0110
vn -0.0382 0.9992 0.0093
vn -0.0338 0.9988 0.0349
vn -0.0334 0.9974 0.0635
vn -0.0383 0.9958 0.0826
vn -0.0333 0.9978 0.0570
vn -0.0628 0.9979 0.0179
vn -0.0627 0.9979 0.0180
vn -0.0614 0.9971 -0.0447
vn -0.0022 0.9979 -0.0653
vn 0.0441 0.9978 -0.0494
vn 0.0441 0.9978 -0.0493
vn 0.0682 0.9958 -0.0610
vn 0.0610 0.9970 -0.0472
vn 0.0498 0.9982 -0.0322
vn 0.0372 0.9991 -0.0197
vn 0.0240 0.9997 -0.0100
vn 0.0084 0.9999 -0.0062
vn -0.0055 0.9999 -0.0106
vn -0.0133 0.9997 -0.0205
vn -0.0181 0.9993 -0.0333
vn -0.0204 0.9986 -0.0479
vn -0.0024 0.9978 -0.0664
vn -0.0023 0.9978 -0.0665
vn 0.0366 0.9992 -0.0149
vn 0.0367 0.9992 -0.0148
vn 0.0365 0.9980 0.0507
vn 0.0118 0.9987 0.0487
vn 0.0117 0.9987 0.0486
vn 0.0049 0.9993 0.0383
vn 0.0048 0.9993 0.0382
vn 0.0009 0.9996 0.0268
vn 0.0010 0.9999 0.0147
vn 0.0109 0.9999 0.0015
vn 0.0283 0.9996 -0.0071
vn 0.0438 0.9990 -0.0080
vn 0.0540 0.9985 -0.0057
vn 0.0577 0.9983 -0.0019
vn 0.0543 0.9985 0.0019
vn 0.9572 -0.0119 -0.2892
vn 0.9001 -0.0087 -0.4356
vn 0.8982 -0.0170 -0.4393
vn 0.9558 -0.0230 -0.2933
vn -0.6702 -0.0279 -0.7417
vn -0.7826 -0.0177 -0.6222
vn -0.7900 -0.0313 -0.6124
vn -0.6803 -0.0492 -0.7313
vn -0.3340 -0.0367 0.9419
vn -0.1754 -0.0298 0.9841
vn -0.1583 -0.0168 0.9872
vn -0.3256 -0.0349 0.9449
vn 0.9897 -0.0147 -0.1425
vn 0.9889 -0.0284 -0.1458
vn -0.5562 -0.0374 -0.8302
vn -0.5645 -0.0662 -0.8228
vn -0.4722 -0.0389 0.8806
vn -0.4704 -0.0441 0.8813
vn 0.9999 -0.0160 -0.0001
vn 0.9995 -0.0308 0.0001
vn -0.4539 -0.0418 -0.8901
vn -0.4521 -0.0749 -0.8888
vn -0.5898 -0.0348 0.8068
vn -0.5977 -0.0417 0.8006
vn 0.9897 -0.0150 0.1422
vn 0.9889 -0.0288 0.1454
vn -0.3457 -0.0380 -0.9376
vn -0.3307 -0.0695 -0.9412
vn -0.6993 -0.0221 0.7145
vn -0.7168 -0.0234 0.6969
vn 0.9574 -0.0123 0.2884
vn 0.9559 -0.0238 0.2929
vn -0.2062 -0.0268 -0.9781
vn -0.1822 -0.0497 -0.9820
vn -0.8010 -0.0030 0.5986
vn -0.8185 0.0076 0.5744
vn 0.9003 -0.0092 0.4352
vn 0.8985 -0.0179 0.4387
vn -0.0407 -0.0108 -0.9991
vn -0.0112 -0.0198 -0.9997
vn -0.8773 0.0110 0.4797
vn -0.8814 0.0302 0.4714
vn 0.8179 -0.0067 0.5753
vn 0.8166 -0.0118 0.5771
vn 0.1312 0.0056 -0.9913
vn 0.1587 0.0117 -0.9873
vn -0.9371 0.0120 0.3489
vn -0.9321 0.0290 0.3611
vn 0.7097 -0.0043 0.7045
vn 0.7081 -0.0030 0.7062
vn 0.2851 0.0148 -0.9584
vn 0.2927 0.0295 -0.9558
vn -0.9823 0.0063 0.1871
vn -0.9797 0.0157 0.1996
vn 0.5781 -0.0000 0.8160
vn 0.5725 0.0134 0.8198
vn 0.4339 0.0123 -0.9009
vn 0.4250 0.0247 -0.9049
vn -0.9999 0.0015 0.0143
vn -0.9998 0.0047 0.0212
vn 0.4316 0.0068 0.9021
vn 0.4234 0.0377 0.9052
vn 0.5837 0.0045 -0.8119
vn 0.5757 0.0089 -0.8176
vn -0.9875 -0.0013 -0.1579
vn -0.9880 -0.0016 -0.1542
vn 0.2949 0.0088 0.9555
vn 0.3054 0.0513 0.9508
vn 0.7132 -0.0017 -0.7010
vn 0.7093 -0.0035 -0.7049
vn -0.9463 -0.0041 -0.3233
vn -0.9478 -0.0074 -0.3188
vn 0.1565 -0.0015 0.9877
vn 0.1877 0.0380 0.9815
vn 0.8185 -0.0056 -0.5744
vn 0.8164 -0.0111 -0.5773
vn -0.8773 -0.0093 -0.4798
vn -0.8814 -0.0169 -0.4722
vn -0.0066 -0.0174 0.9998
vn 0.0209 0.0095 0.9997
vn 0.0012 1.0000 0.0010
vn 0.0126 0.9999 0.0027
vn 0.0241 0.9997 0.0036
vn 0.0038 1.0000 0.0008
vn 0.0004 1.0000 -0.0003
vn 0.0003 1.0000 -0.0004
vn 0.0002 1.0000 -0.0004
vn 0.0002 1.0000 -0.0005
vn 0.0002 1.0000 -0.0003
vn 0.0002 1.0000 -0.0001
vn 0.0006 1.0000 -0.0010
vn 0.0008 1.0000 -0.0015
vn 0.0004 1.0000 -0.0011
vn -0.0003 1.0000 -0.0007
vn -0.0001 1.0000 -0.0007
vn 0.0023 1.0000 -0.0012
vn 0.0059 1.0000 -0.0015
vn 0.0081 1.0000 -0.0014
vn 0.0014 1.0000 -0.0038
vn -0.0065 1.0000 -0.0066
vn -0.0050 1.0000 -0.0054
vn -0.0019 1.0000 -0.0027
vn 0.0009 1.0000 0.0006
vn 0.0009 1.0000 0.0005
vn 0.0009 1.0000 0.0003
vn 0.0008 1.0000 -0.0000
vn 0.0009 1.0000 -0.0003
vn 0.0009 1.0000 -0.0005
vn 0.0009 1.0000 -0.0006
vn -0.0012 1.0000 0.0024
vn -0.0077 0.9999 0.0096
vn -0.0172 0.9997 0.0179
vn -0.0217 0.9995 0.0214
vn 0.0047 0.9999 0.0119
vn 0.0287 0.9996 0.0037
vn -0.4560 0.8767 -0.1535
vn -0.4410 0.8831 -0.1603
vn -0.2672 0.9596 -0.0884
vn -0.2808 0.9551 -0.0947
vn 0.7839 0.5669 0.2532
vn 0.5565 0.8115 0.1783
vn 0.5453 0.8082 0.2222
vn 0.7680 0.5637 0.3039
vn 0.8018 0.5708 0.1768
vn 0.5666 0.8156 0.1171
vn 0.9748 -0.0005 0.2231
vn 0.9238 0.3210 0.2085
vn 0.9019 0.3182 0.2921
vn 0.9515 -0.0002 0.3077
vn 0.1545 0.9879 0.0167
vn -0.2976 0.9504 -0.0899
vn 0.1530 0.9871 0.0477
vn -0.9927 -0.0541 -0.1076
vn -0.9927 -0.0540 -0.1077
vn -0.9986 -0.0531 0.0015
vn -0.9986 -0.0532 0.0019
vn -0.4873 0.8703 -0.0723
vn -0.4750 0.8702 -0.1306
vn -0.3072 0.9501 -0.0549
vn 0.8155 0.5735 0.0775
vn 0.5726 0.8186 0.0452
vn 0.9941 -0.0009 0.1085
vn 0.9417 0.3224 0.0965
vn 0.1503 0.9886 -0.0058
vn 0.4140 -0.8979 0.1495
vn 0.4158 -0.8992 0.1361
vn 0.3420 -0.9332 0.1101
vn 0.3321 -0.9365 0.1127
vn -0.9376 -0.0560 -0.3433
vn -0.9374 -0.0560 -0.3437
vn -0.9534 -0.0554 -0.2966
vn -0.9534 -0.0554 -0.2964
vn -0.9794 -0.0547 -0.1945
vn -0.9794 -0.0547 -0.1944
vn 0.1534 -0.9873 0.0424
vn 0.1383 -0.9902 0.0217
vn 0.3628 -0.9295 0.0664
vn 0.4302 -0.8997 0.0736
vn 0.4369 -0.8991 0.0260
vn 0.3694 -0.9289 0.0263
vn 0.1762 -0.9833 0.0459
vn 0.1826 -0.9828 0.0258
vn -0.0011 0.9997 -0.0234
vn -0.0020 0.9997 -0.0228
vn -0.4448 -0.0011 0.8956
vn -0.4448 -0.0010 0.8956
vn -0.0035 0.9998 -0.0174
vn -0.0013 1.0000 -0.0086
vn -0.0013 1.0000 -0.0084
vn -0.6818 -0.6903 -0.2421
vn -0.6991 -0.7032 -0.1297
vn -0.8818 -0.4394 -0.1713
vn -0.8541 -0.4258 -0.2988
vn 0.3545 -0.9307 0.0898
vn 0.1684 -0.9843 0.0526
vn -0.7057 -0.7060 -0.0596
vn -0.3631 -0.9316 -0.0163
vn -0.3621 -0.9318 0.0242
vn -0.7091 -0.7048 0.0194
vn 0.4224 -0.9005 0.1032
vn 0.7454 0.1517 0.6491
vn 0.9311 -0.0061 0.3647
vn 0.8167 0.3564 0.4538
vn 0.8089 -0.3429 0.4776
vn 0.7430 -0.1411 0.6543
vn 0.9866 -0.1572 0.0435
vn 0.9087 -0.3485 0.2300
vn 0.9188 0.3450 0.1919
vn 0.9913 0.1296 0.0241
vn -0.1929 -0.3680 0.9096
vn -0.0059 -0.9037 0.4281
vn 0.2588 -0.9353 -0.2413
vn 0.2588 -0.9353 -0.2414
vn -0.1881 0.4225 0.8866
vn -0.1881 0.4224 0.8867
vn 0.2740 0.9045 -0.3268
vn 0.0112 0.9364 0.3507
vn 0.4707 0.3659 -0.8029
vn 0.4692 -0.4246 -0.7743
vn 0.1477 0.9862 0.0745
vn -0.4447 -0.0010 0.8957
vn -0.9061 0.0001 -0.4230
vn -0.8266 -0.4078 -0.3879
vn -0.9442 0.0002 -0.3295
vn -0.9805 0.0005 -0.1966
vn -0.9941 0.0009 -0.1081
vn -0.8934 -0.4409 -0.0865
vn -0.8983 -0.4392 0.0135
vn -1.0000 0.0015 0.0011
vn -0.4448 -0.0016 0.8956
vn -0.4446 -0.0007 0.8957
vn -0.4448 -0.0009 0.8956
vn -0.4449 -0.0010 0.8956
vn -0.0672 -0.9949 -0.0752
vn -0.0633 -0.9974 -0.0343
vn -0.0588 -0.9983 0.0061
vn -0.0537 -0.9984 0.0200
vn -0.0489 -0.9985 0.0256
vn -0.6641 -0.6746 -0.3225
vn -0.3609 -0.9109 -0.2000
vn -0.3619 -0.9223 -0.1355
vn 0.8834 0.3154 0.3466
vn 0.9319 -0.0003 0.3628
vn -0.3634 -0.9299 -0.0575
vn 0.9476 0.3194 -0.0080
vn 0.8214 0.5702 -0.0121
vn -0.0007 0.9998 0.0183
vn -0.4446 -0.0006 0.8958
vn -0.4448 -0.0017 0.8956
vn 0.1479 0.9888 -0.0175
vn -0.3131 0.9495 -0.0177
vn 1.0000 -0.0014 -0.0007
vn 0.5772 0.8165 -0.0152
vn -0.4946 0.8689 -0.0170
vn -0.9794 -0.0549 -0.1945
vn -0.9928 -0.0542 -0.1069
vn 0.9989 0.0474 -0.0006
vn 0.9931 0.0490 0.1064
vn 0.9931 0.0490 0.1067
vn 0.9729 0.0497 0.2257
vn 0.9729 0.0497 0.2258
vn -0.9538 -0.0554 -0.2952
vn -0.9389 -0.0558 -0.3397
vn -0.4449 -0.0018 0.8956
vn 0.9526 0.0498 0.3002
vn -0.9986 -0.0533 0.0033
vn 0.9364 0.0499 0.3475
vn -0.4879 0.8582 0.1599
vn -0.3076 0.9463 0.0992
vn -0.2927 0.9505 0.1041
vn -0.4727 0.8630 0.1784
vn 0.7988 0.5405 -0.2644
vn 0.7859 0.5351 -0.3099
vn 0.5708 0.7885 -0.2288
vn 0.5779 0.7934 -0.1910
vn 0.8118 0.5503 -0.1953
vn 0.5809 0.8020 -0.1391
vn 0.9743 -0.0028 -0.2254
vn 0.9506 -0.0034 -0.3103
vn 0.9067 0.2970 -0.2994
vn 0.9265 0.3046 -0.2209
vn 0.1530 0.9876 -0.0362
vn 0.1556 0.9864 -0.0533
vn -0.3223 0.9436 0.0760
vn -0.9926 -0.0514 0.1102
vn -0.9926 -0.0514 0.1099
vn -0.5032 0.8630 0.0439
vn -0.3215 0.9466 0.0251
vn -0.5030 0.8562 0.1182
vn 0.8203 0.5629 -0.1013
vn 0.5791 0.8119 -0.0742
vn 0.9938 -0.0021 -0.1112
vn 0.9428 0.3138 -0.1127
vn 0.1480 0.9887 -0.0257
vn 0.4415 -0.8826 -0.1615
vn 0.3584 -0.9253 -0.1240
vn 0.3704 -0.9230 -0.1038
vn 0.4451 -0.8861 -0.1297
vn -0.9374 -0.0484 0.3448
vn -0.9531 -0.0486 0.2986
vn -0.9532 -0.0488 0.2985
vn -0.9373 -0.0486 0.3451
vn -0.9791 -0.0497 0.1973
vn -0.9792 -0.0499 0.1969
vn 0.1754 -0.9839 -0.0347
vn 0.1570 -0.9872 -0.0287
vn 0.3771 -0.9260 -0.0181
vn 0.4448 -0.8953 -0.0252
vn 0.1884 -0.9821 0.0013
vn 0.0049 0.9983 0.0577
vn 0.0062 0.9984 0.0556
vn -0.4461 -0.0050 -0.8950
vn -0.4461 -0.0051 -0.8950
vn 0.0053 0.9988 0.0484
vn 0.0015 0.9990 0.0443
vn -0.7009 -0.6636 0.2614
vn -0.8626 -0.3982 0.3120
vn -0.8878 -0.4184 0.1918
vn -0.7124 -0.6836 0.1590
vn 0.3803 -0.9230 -0.0586
vn 0.1900 -0.9815 -0.0222
vn -0.7117 -0.6959 0.0962
vn -0.3653 -0.9289 0.0616
vn 0.4485 -0.8909 -0.0714
vn 0.7479 0.1383 -0.6492
vn 0.8278 0.3334 -0.4512
vn 0.9304 -0.0084 -0.3665
vn 0.8096 -0.3239 -0.4896
vn 0.7400 -0.1350 -0.6589
vn 0.9877 -0.1487 -0.0482
vn 0.9129 -0.3295 -0.2408
vn 0.9281 0.3225 -0.1861
vn 0.9926 0.1197 -0.0222
vn -0.1972 -0.3447 -0.9178
vn -0.0152 -0.8825 -0.4701
vn -0.1972 -0.3449 -0.9177
vn 0.2695 -0.9332 0.2377
vn -0.1893 0.3993 -0.8971
vn 0.2946 0.8833 0.3646
vn 0.0209 0.9360 -0.3515
vn 0.4737 0.3437 0.8109
vn 0.4737 0.3436 0.8109
vn 0.4765 -0.4021 0.7819
vn 0.4765 -0.4022 0.7818
vn 0.1536 0.9855 -0.0717
vn -0.4461 -0.0052 -0.8950
vn -0.9048 0.0040 0.4257
vn -0.9432 0.0036 0.3322
vn -0.8373 -0.3777 0.3954
vn -0.9800 0.0028 0.1989
vn -0.9940 0.0021 0.1097
vn -0.8959 -0.4300 0.1118
vn -0.4460 -0.0051 -0.8950
vn -0.4460 -0.0050 -0.8950
vn -0.0635 -0.9951 0.0754
vn -0.0555 -0.9973 0.0471
vn -0.0486 -0.9985 0.0259
vn -0.0473 -0.9985 0.0271
vn -0.6869 -0.6451 0.3347
vn -0.3748 -0.9140 0.1551
vn -0.3791 -0.9012 0.2101
vn 0.9308 -0.0038 -0.3654
vn 0.8898 0.2924 -0.3503
vn -0.3700 -0.9245 0.0913
vn -0.9785 -0.0490 0.2002
vn -0.9924 -0.0512 0.1122
vn 0.9929 0.0466 -0.1091
vn 0.9929 0.0466 -0.1093
vn 0.9726 0.0451 -0.2280
vn 0.9727 0.0451 -0.2276
vn -0.9530 -0.0473 0.2991
vn -0.9383 -0.0467 0.3426
vn -0.4459 -0.0051 -0.8951
vn 0.9523 0.0437 -0.3019
vn 0.9362 0.0431 -0.3488
vn -0.4623 -0.8746 -0.1460
vn -0.2801 -0.9562 -0.0848
vn -0.2650 -0.9602 -0.0882
vn -0.4442 -0.8812 -0.1619
vn 0.7922 -0.5550 0.2538
vn 0.7756 -0.5557 0.2995
vn 0.5598 -0.7984 0.2215
vn 0.5748 -0.7969 0.1858
vn 0.8115 -0.5528 0.1891
vn 0.5913 -0.7940 0.1412
vn 0.9039 -0.3141 0.2905
vn 0.9248 -0.3149 0.2134
vn 0.1809 -0.9822 0.0497
vn 0.1715 -0.9833 0.0604
vn -0.2958 -0.9534 -0.0595
vn -0.9898 0.0893 -0.1108
vn -0.9959 0.0900 -0.0025
vn -0.9952 0.0976 -0.0030
vn -0.9891 0.0968 -0.1110
vn -0.4897 -0.8716 -0.0240
vn -0.2969 -0.9549 -0.0026
vn -0.4831 -0.8695 -0.1032
vn 0.8278 -0.5515 0.1026
vn 0.6053 -0.7914 0.0853
vn 0.9428 -0.3150 0.1094
vn 0.1889 -0.9809 0.0471
vn 0.4114 0.8977 0.1577
vn 0.3283 0.9369 0.1204
vn 0.3408 0.9344 0.1032
vn 0.4167 0.8998 0.1293
vn -0.9356 0.0903 -0.3412
vn -0.9511 0.0896 -0.2958
vn -0.9503 0.0974 -0.2958
vn -0.9347 0.0984 -0.3416
vn -0.9765 0.0893 -0.1962
vn -0.9758 0.0969 -0.1961
vn 0.1460 0.9887 0.0353
vn 0.1306 0.9910 0.0278
vn 0.3582 0.9336 0.0101
vn 0.3584 0.9328 -0.0382
vn 0.4321 0.9011 -0.0370
vn 0.4304 0.9024 0.0183
vn 0.1583 0.9873 -0.0121
vn 0.1545 0.9872 -0.0401
vn 0.0008 -0.9998 0.0183
vn -0.0004 -1.0000 0.0073
vn -0.0003 -1.0000 0.0075
vn 0.0008 -0.9998 0.0184
vn -0.4445 -0.0007 0.8958
vn -0.4446 -0.0008 0.8957
vn -0.0011 -1.0000 0.0040
vn 0.0025 -0.9994 0.0349
vn 0.0025 -0.9994 0.0347
vn -0.6910 0.6804 -0.2439
vn -0.8567 0.4209 -0.2981
vn -0.8833 0.4322 -0.1816
vn -0.7098 0.6885 -0.1492
vn 0.3544 0.9334 0.0567
vn 0.1588 0.9871 0.0191
vn -0.7203 0.6869 -0.0963
vn -0.7295 0.6836 -0.0234
vn -0.4038 0.9142 -0.0339
vn -0.3942 0.9165 -0.0678
vn 0.4255 0.9022 0.0703
vn 0.7450 -0.1444 0.6513
vn 0.8190 -0.3410 0.4615
vn 0.9312 0.0056 0.3644
vn 0.8147 0.3325 0.4752
vn 0.7442 0.1363 0.6539
vn 0.9879 0.1499 0.0387
vn 0.9146 0.3368 0.2235
vn 0.9221 -0.3313 0.1998
vn 0.9918 -0.1253 0.0262
vn -0.1963 0.3583 0.9127
vn -0.0122 0.9043 0.4267
vn -0.0123 0.9042 0.4270
vn -0.1963 0.3584 0.9127
vn 0.2607 0.9259 -0.2733
vn -0.1839 -0.4022 0.8969
vn 0.2914 -0.9022 -0.3180
vn 0.0189 -0.9231 0.3840
vn 0.2913 -0.9023 -0.3178
vn 0.4768 -0.3564 -0.8035
vn 0.4655 0.4043 -0.7873
vn 0.4655 0.4041 -0.7874
vn 0.1626 -0.9837 0.0771
vn -0.8305 0.4046 -0.3828
vn -0.9029 0.4296 -0.0127
vn -0.8955 0.4317 -0.1081
vn -0.4441 -0.0003 0.8960
vn -0.4442 -0.0003 0.8959
vn -0.4442 -0.0002 0.8959
vn -0.4442 -0.0004 0.8959
vn -0.4443 -0.0004 0.8959
vn -0.0795 0.9944 -0.0697
vn -0.0773 0.9961 -0.0415
vn -0.0777 0.9966 -0.0268
vn -0.0831 0.9958 -0.0374
vn -0.0903 0.9951 -0.0391
vn -0.6731 0.6684 -0.3165
vn -0.3783 0.9149 -0.1413
vn -0.3749 0.9064 -0.1944
vn 0.8860 -0.3125 0.3426
vn -0.3851 0.9188 -0.0866
vn -0.4444 -0.0005 0.8958
vn -0.4443 -0.0005 0.8959
vn 0.9500 -0.3122 0.0088
vn 0.8370 -0.5469 0.0183
vn 0.0051 -0.9987 0.0509
vn -0.4440 -0.0003 0.8960
vn 0.1994 -0.9790 0.0417
vn -0.2910 -0.9557 0.0435
vn 0.6171 -0.7863 0.0304
vn -0.4875 -0.8722 0.0406
vn -0.9789 0.0552 -0.1965
vn -0.9924 0.0555 -0.1099
vn 0.9956 -0.0935 0.0031
vn 0.9895 -0.0943 0.1095
vn 0.9895 -0.0943 0.1097
vn 0.9694 -0.0943 0.2266
vn 0.9694 -0.0943 0.2268
vn -0.9538 0.0549 -0.2954
vn -0.9392 0.0552 -0.3390
vn -0.4438 -0.0005 0.8961
vn 0.9496 -0.0941 0.2990
vn -0.9984 0.0559 -0.0004
vn 0.9337 -0.0944 0.3454
vn -0.4671 -0.8629 0.1927
vn -0.4594 -0.8697 0.1802
vn -0.2531 -0.9627 0.0952
vn -0.2620 -0.9568 0.1262
vn 0.8157 -0.5210 -0.2512
vn 0.6255 -0.7595 -0.1788
vn 0.6113 -0.7542 -0.2399
vn 0.7977 -0.5172 -0.3103
vn 0.8321 -0.5286 -0.1679
vn 0.6315 -0.7686 -0.1022
vn 0.9318 -0.3003 -0.2041
vn 0.9105 -0.2948 -0.2900
vn 0.2298 -0.9732 0.0114
vn -0.2772 -0.9513 0.1346
vn 0.2356 -0.9710 -0.0412
vn -0.9903 0.0896 0.1061
vn -0.9896 0.0974 0.1054
vn -0.4868 -0.8672 0.1049
vn -0.4791 -0.8597 0.1772
vn -0.2877 -0.9536 0.0884
vn 0.8390 -0.5397 -0.0699
vn 0.6252 -0.7799 -0.0294
vn 0.9468 -0.3075 -0.0946
vn 0.2116 -0.9768 0.0325
vn 0.4527 0.8737 -0.1782
vn 0.4466 0.8782 -0.1713
vn 0.3613 0.9213 -0.1436
vn 0.3590 0.9233 -0.1364
vn -0.9346 0.0911 0.3437
vn -0.9336 0.1002 0.3441
vn -0.9503 0.0990 0.2951
vn -0.9511 0.0903 0.2955
vn -0.9765 0.0980 0.1920
vn -0.9771 0.0897 0.1929
vn 0.1356 0.9885 -0.0667
vn 0.1263 0.9916 -0.0282
vn 0.3613 0.9285 -0.0853
vn 0.4366 0.8950 -0.0910
vn 0.1515 0.9862 -0.0663
vn 0.0030 -0.9971 0.0755
vn -0.0137 -0.9982 0.0580
vn -0.4461 -0.0054 -0.8950
vn -0.4461 -0.0053 -0.8950
vn -0.0308 -0.9991 0.0297
vn 0.0071 -0.9978 0.0659
vn 0.0071 -0.9978 0.0658
vn -0.7277 0.6420 0.2414
vn -0.7413 0.6601 0.1210
vn -0.8967 0.4099 0.1669
vn -0.8707 0.3921 0.2968
vn 0.3637 0.9235 -0.1224
vn 0.1460 0.9857 -0.0839
vn -0.7371 0.6737 0.0527
vn -0.4165 0.9091 0.0039
vn 0.4416 0.8870 -0.1346
vn 0.7470 -0.1645 -0.6442
vn 0.9297 0.0008 -0.3684
vn 0.8199 -0.3654 -0.4408
vn 0.7978 0.3188 -0.5118
vn 0.7321 0.1331 -0.6680
vn 0.9874 0.1481 -0.0550
vn 0.9086 0.3305 -0.2555
vn 0.9203 -0.3491 -0.1769
vn 0.9913 -0.1305 -0.0182
vn -0.1762 0.3474 -0.9210
vn -0.0002 0.8595 -0.5111
vn 0.2652 0.9436 0.1984
vn -0.1935 -0.4425 -0.8756
vn 0.2829 -0.8881 0.3622
vn 0.0153 -0.9502 -0.3114
vn 0.4718 -0.3493 0.8096
vn 0.4761 0.4203 0.7725
vn 0.4761 0.4205 0.7724
vn 0.2284 -0.9689 -0.0954
vn -0.8414 0.3735 0.3906
vn -0.9032 0.4208 0.0843
vn -0.4463 -0.0059 -0.8949
vn -0.1162 0.9896 0.0853
vn -0.1171 0.9929 0.0227
vn -0.1116 0.9933 -0.0305
vn -0.0997 0.9943 -0.0378
vn -0.7066 0.6244 0.3330
vn -0.4278 0.8772 0.2182
vn -0.4330 0.8913 0.1343
vn 0.8911 -0.2914 -0.3480
vn -0.4299 0.9019 0.0424
vn -0.4462 -0.0054 -0.8949
vn -0.4465 -0.0062 -0.8948
vn -0.9789 0.0543 0.1970
vn -0.9926 0.0552 0.1085
vn 0.9900 -0.0952 -0.1043
vn 0.9702 -0.0961 -0.2224
vn -0.9533 0.0537 0.2971
vn -0.9382 0.0539 0.3420
vn -0.4466 -0.0066 -0.8947
vn 0.9497 -0.0964 -0.2978
vn 0.9327 -0.0969 -0.3475
vn 0.4394 0.8758 -0.1999
vn 0.2638 0.9552 -0.1341
vn 0.2488 0.9591 -0.1348
vn 0.4230 0.8805 -0.2139
vn -0.7711 0.5770 0.2693
vn -0.7542 0.5750 0.3171
vn -0.5414 0.8119 0.2182
vn -0.5522 0.8142 0.1791
vn -0.7908 0.5787 0.1993
vn -0.5617 0.8173 0.1284
vn -0.9659 0.0107 0.2587
vn -0.9382 0.0161 0.3457
vn -0.8869 0.3337 0.3195
vn -0.9122 0.3333 0.2382
vn -0.1622 0.9867 0.0109
vn -0.1630 0.9862 0.0275
vn 0.2827 0.9525 -0.1135
vn 0.9872 -0.0585 -0.1482
vn 0.9978 -0.0565 -0.0345
vn 0.9978 -0.0561 -0.0349
vn 0.9872 -0.0578 -0.1485
vn 0.4733 0.8771 -0.0813
vn 0.2924 0.9546 -0.0567
vn 0.4605 0.8729 -0.1610
vn -0.8075 0.5798 0.1087
vn -0.5688 0.8194 0.0708
vn -0.9901 0.0057 0.1400
vn -0.9345 0.3316 0.1293
vn -0.1581 0.9874 0.0080
vn -0.3980 -0.8954 0.1998
vn -0.3152 -0.9354 0.1599
vn -0.3268 -0.9333 0.1486
vn -0.4013 -0.8986 0.1773
vn 0.9183 -0.0647 -0.3907
vn 0.9372 -0.0629 -0.3430
vn 0.9371 -0.0617 -0.3436
vn 0.9179 -0.0634 -0.3917
vn 0.9692 -0.0606 -0.2389
vn 0.9692 -0.0598 -0.2391
vn -0.1381 -0.9877 0.0736
vn -0.1217 -0.9907 0.0602
vn -0.3494 -0.9347 0.0651
vn -0.3532 -0.9355 0.0094
vn -0.4219 -0.9066 0.0120
vn -0.4179 -0.9054 0.0748
vn -0.1623 -0.9860 0.0382
vn -0.1654 -0.9862 0.0028
vn -0.0452 0.9965 -0.0708
vn -0.0293 0.9970 -0.0714
vn -0.0445 0.9965 -0.0711
vn 0.4448 -0.0000 0.8956
vn 0.4448 0.0002 0.8956
vn 0.4448 0.0001 0.8956
vn 0.4449 -0.0000 0.8956
vn -0.0257 0.9976 -0.0649
vn -0.0506 0.9987 -0.0105
vn -0.0506 0.9987 -0.0104
vn 0.6714 -0.6970 -0.2519
vn 0.8384 -0.4396 -0.3223
vn 0.8700 -0.4509 -0.1993
vn 0.6901 -0.7083 -0.1485
vn -0.3412 -0.9334 0.1107
vn -0.1549 -0.9856 0.0672
vn 0.6986 -0.7096 -0.0913
vn 0.7049 -0.7090 -0.0211
vn 0.3669 -0.9302 -0.0126
vn 0.3653 -0.9300 -0.0401
vn -0.4100 -0.9033 0.1263
vn -0.3370 0.3107 0.8888
vn -0.5022 0.7236 0.4734
vn -0.9081 -0.0054 0.4188
vn -0.4486 -0.6778 0.5825
vn -0.3131 -0.2683 0.9110
vn -0.9827 -0.1590 0.0947
vn -0.6839 -0.7256 0.0762
vn -0.7114 0.6996 -0.0673
vn -0.9895 0.1310 0.0611
vn 0.0044 -0.8749 0.4842
vn 0.1728 -0.3479 0.9215
vn -0.2696 -0.9446 -0.1873
vn 0.1534 0.4141 0.8972
vn -0.0621 0.9383 0.3402
vn -0.3225 0.8808 -0.3467
vn -0.5011 0.3529 -0.7902
vn -0.4983 -0.4262 -0.7550
vn -0.1593 0.9861 0.0480
vn 0.4448 0.0003 0.8956
vn 0.4448 0.0004 0.8956
vn 0.8865 -0.0202 -0.4623
vn 0.9293 -0.0166 -0.3689
vn 0.8083 -0.4229 -0.4095
vn 0.9723 -0.0114 -0.2335
vn 0.9900 -0.0061 -0.1410
vn 0.9996 -0.0023 -0.0272
vn 0.8938 -0.4479 -0.0251
vn 0.8849 -0.4497 -0.1211
vn 0.4453 -0.0013 0.8954
vn 0.4452 -0.0001 0.8954
vn 0.4454 -0.0000 0.8953
vn 0.4451 -0.0001 0.8955
vn 0.4450 -0.0001 0.8955
vn 0.0805 -0.9957 -0.0465
vn 0.0751 -0.9971 -0.0124
vn 0.0689 -0.9975 0.0125
vn 0.0643 -0.9979 0.0050
vn 0.0626 -0.9980 -0.0042
vn 0.6531 -0.6822 -0.3287
vn 0.3643 -0.9225 -0.1275
vn 0.3642 -0.9124 -0.1869
vn -0.9157 0.0195 0.4014
vn -0.8662 0.3327 0.3728
vn 0.3649 -0.9290 -0.0625
vn 0.4449 -0.0001 0.8956
vn -0.9446 0.3273 0.0255
vn -0.8170 0.5762 0.0241
vn -0.0278 0.9984 0.0498
vn -0.0281 0.9984 0.0497
vn 0.4453 -0.0012 0.8954
vn -0.1588 0.9873 0.0096
vn 0.2950 0.9555 -0.0044
vn -0.9997 0.0018 0.0257
vn -0.5763 0.8170 0.0198
vn 0.4778 0.8784 -0.0108
vn 0.9694 -0.0674 -0.2361
vn 0.9874 -0.0630 -0.1454
vn -0.9982 0.0500 0.0345
vn -0.9982 0.0500 0.0342
vn -0.9877 0.0527 0.1469
vn -0.9878 0.0527 0.1465
vn -0.9614 0.0544 0.2697
vn -0.9613 0.0544 0.2699
vn 0.9386 -0.0718 -0.3376
vn 0.9210 -0.0749 -0.3822
vn 0.4452 -0.0014 0.8954
vn -0.9361 0.0556 0.3473
vn 0.9977 -0.0596 -0.0319
vn -0.9166 0.0568 0.3958
vn 0.4583 0.8752 0.1547
vn 0.4435 0.8809 0.1652
vn 0.2657 0.9594 0.0951
vn 0.2791 0.9552 0.0985
vn -0.7941 0.5581 -0.2406
vn -0.5713 0.8035 -0.1673
vn -0.5609 0.8005 -0.2114
vn -0.7793 0.5543 -0.2924
vn -0.8096 0.5637 -0.1635
vn -0.5791 0.8082 -0.1069
vn -0.9779 -0.0031 -0.2090
vn -0.9284 0.3168 -0.1943
vn -0.9080 0.3116 -0.2800
vn -0.9547 -0.0042 -0.2975
vn -0.1668 0.9859 -0.0126
vn 0.2942 0.9518 0.0866
vn -0.1653 0.9854 -0.0399
vn 0.9953 -0.0542 0.0804
vn 0.9953 -0.0540 0.0801
vn 0.4812 0.8749 0.0549
vn 0.4755 0.8710 0.1238
vn 0.2979 0.9536 0.0422
vn -0.8182 0.5712 -0.0647
vn -0.5798 0.8139 -0.0372
vn -0.9960 -0.0011 -0.0896
vn -0.9430 0.3227 -0.0809
vn -0.1621 0.9868 0.0043
vn -0.4142 -0.8969 -0.1549
vn -0.4163 -0.8990 -0.1359
vn -0.3412 -0.9334 -0.1113
vn -0.3310 -0.9361 -0.1191
vn 0.9427 -0.0524 0.3294
vn 0.9426 -0.0525 0.3299
vn 0.9585 -0.0523 0.2804
vn 0.9585 -0.0523 0.2803
vn 0.9835 -0.0527 0.1731
vn 0.9835 -0.0528 0.1732
vn -0.1487 -0.9878 -0.0467
vn -0.1334 -0.9906 -0.0299
vn -0.3555 -0.9337 -0.0429
vn -0.4245 -0.9042 -0.0478
vn -0.1661 -0.9857 -0.0285
vn -0.0094 0.9986 0.0519
vn -0.0094 0.9986 0.0520
vn -0.0083 0.9991 0.0414
vn 0.4391 -0.0016 -0.8984
vn 0.4394 -0.0015 -0.8983
vn -0.0068 0.9995 0.0323
vn -0.0107 0.9984 0.0562
vn 0.6931 -0.6830 0.2304
vn 0.7073 -0.6969 0.1188
vn 0.8867 -0.4348 0.1572
vn 0.8616 -0.4191 0.2863
vn -0.3525 -0.9324 -0.0800
vn -0.1627 -0.9855 -0.0475
vn 0.7089 -0.7033 0.0530
vn 0.3718 -0.9281 0.0196
vn -0.4218 -0.9021 -0.0915
vn -0.3580 0.3088 -0.8812
vn -0.9357 -0.0072 -0.3528
vn -0.5160 0.7185 -0.4664
vn -0.4909 -0.6866 -0.5363
vn -0.3474 -0.2740 -0.8968
vn -0.8590 -0.3123 0.4058
vn -0.7061 -0.7081 -0.0028
vn -0.7193 0.6889 0.0895
vn -0.8572 0.2638 0.4422
vn 0.1618 -0.3475 -0.9236
vn -0.0155 -0.8868 -0.4619
vn -0.2876 -0.9276 0.2383
vn 0.1499 0.4020 -0.9033
vn -0.3190 0.8845 0.3405
vn -0.0540 0.9278 -0.3693
vn -0.4935 0.3441 0.7987
vn -0.4900 -0.4047 0.7721
vn -0.1599 0.9850 -0.0655
vn 0.4395 -0.0014 -0.8982
vn 0.9099 0.0044 0.4149
vn 0.8351 -0.4000 0.3776
vn 0.9479 0.0039 0.3186
vn 0.9835 0.0028 0.1807
vn 0.9962 0.0006 0.0875
vn 0.8944 -0.4411 0.0736
vn 0.4375 -0.0025 -0.8992
vn 0.4381 -0.0022 -0.8989
vn 0.4383 -0.0020 -0.8988
vn 0.4385 -0.0019 -0.8987
vn 0.4386 -0.0019 -0.8987
vn 0.0767 -0.9949 0.0662
vn 0.0725 -0.9970 0.0277
vn 0.0682 -0.9977 -0.0055
vn 0.0648 -0.9979 -0.0087
vn 0.6767 -0.6669 0.3119
vn 0.3746 -0.9075 0.1902
vn 0.3747 -0.9185 0.1264
vn -0.8901 0.3077 -0.3362
vn -0.9350 -0.0045 -0.3545
vn 0.3745 -0.9257 0.0527
vn 0.4388 -0.0018 -0.8986
vn 0.4380 -0.0023 -0.8990
vn 0.4375 -0.0024 -0.8992
vn 0.9831 -0.0535 0.1751
vn 0.9950 -0.0560 0.0826
vn -0.9956 0.0487 -0.0805
vn -0.9955 0.0487 -0.0807
vn -0.9773 0.0476 -0.2063
vn -0.9773 0.0476 -0.2064
vn 0.9586 -0.0522 0.2800
vn 0.9438 -0.0519 0.3265
vn -0.9573 0.0467 -0.2851
vn -0.9411 0.0466 -0.3349
vn 0.4578 -0.8768 -0.1473
vn 0.4419 -0.8828 -0.1592
vn 0.2684 -0.9601 -0.0784
vn 0.2814 -0.9563 -0.0791
vn -0.7812 -0.5496 0.2961
vn -0.5622 -0.7967 0.2216
vn -0.5478 -0.7949 0.2608
vn -0.7639 -0.5457 0.3444
vn -0.8020 -0.5545 0.2222
vn -0.5780 -0.7992 0.1652
vn -0.9171 -0.3103 0.2502
vn -0.8927 -0.3029 0.3337
vn -0.1689 -0.9839 0.0584
vn 0.2952 -0.9531 -0.0669
vn -0.1599 -0.9837 0.0823
vn 0.9867 0.0815 -0.1407
vn 0.9861 0.0892 -0.1399
vn 0.9952 0.0943 -0.0267
vn 0.9959 0.0866 -0.0273
vn 0.4843 -0.8730 -0.0573
vn 0.4763 -0.8714 -0.1173
vn 0.2978 -0.9541 -0.0316
vn -0.8198 -0.5599 0.1200
vn -0.5904 -0.8021 0.0896
vn -0.9388 -0.3167 0.1352
vn -0.1739 -0.9842 0.0331
vn -0.4130 0.8983 0.1500
vn -0.4167 0.9001 0.1276
vn -0.3429 0.9343 0.0977
vn -0.3322 0.9369 0.1088
vn 0.9231 0.0675 -0.3787
vn 0.9227 0.0754 -0.3781
vn 0.9401 0.0782 -0.3317
vn 0.9404 0.0704 -0.3327
vn 0.9697 0.0836 -0.2297
vn 0.9700 0.0759 -0.2308
vn -0.1531 0.9880 0.0208
vn -0.1393 0.9902 0.0078
vn -0.3584 0.9327 0.0407
vn -0.4284 0.9022 0.0511
vn -0.4300 0.9028 0.0117
vn -0.3594 0.9331 0.0091
vn -0.1648 0.9862 0.0126
vn -0.1644 0.9864 0.0031
vn 0.0039 -1.0000 0.0091
vn 0.0051 -0.9999 0.0114
vn 0.0054 -0.9999 0.0118
vn 0.4448 0.0008 0.8956
vn 0.4448 0.0006 0.8956
vn 0.0064 -0.9999 0.0136
vn 0.0031 -1.0000 0.0070
vn 0.6776 0.6765 -0.2886
vn 0.6992 0.6917 -0.1805
vn 0.8760 0.4298 -0.2189
vn 0.8440 0.4108 -0.3449
vn -0.3547 0.9326 0.0665
vn -0.1644 0.9862 0.0207
vn 0.7099 0.6959 -0.1083
vn 0.3783 0.9235 -0.0637
vn 0.3816 0.9243 -0.0114
vn 0.7154 0.6984 -0.0198
vn -0.4239 0.9019 0.0829
vn -0.3363 -0.2835 0.8981
vn -0.9179 0.0276 0.3958
vn -0.4951 -0.6952 0.5211
vn -0.4860 0.6962 0.5282
vn -0.3355 0.2884 0.8968
vn -0.8645 0.3227 -0.3855
vn -0.7015 0.7126 0.0026
vn -0.7220 -0.6915 -0.0242
vn -0.9926 -0.1101 0.0518
vn 0.1663 0.3605 0.9178
vn -0.0217 0.9024 0.4304
vn -0.2946 0.9174 -0.2677
vn 0.1587 -0.3862 0.9086
vn -0.3171 -0.9024 -0.2918
vn -0.0399 -0.9100 0.4126
vn -0.5071 -0.3558 -0.7851
vn -0.5071 -0.3558 -0.7850
vn -0.4956 0.4006 -0.7707
vn -0.1509 -0.9832 0.1027
vn 0.8137 0.3890 -0.4320
vn 0.8906 0.4355 -0.1314
vn 0.8979 0.4395 -0.0242
vn 0.4453 0.0010 0.8954
vn 0.4453 0.0009 0.8954
vn 0.4451 0.0010 0.8955
vn 0.4449 0.0010 0.8956
vn 0.0666 0.9929 -0.0985
vn 0.0653 0.9957 -0.0651
vn 0.0665 0.9972 -0.0343
vn 0.0702 0.9973 -0.0208
vn 0.0720 0.9974 -0.0034
vn 0.6575 0.6590 -0.3653
vn 0.3594 0.9032 -0.2346
vn 0.3635 0.9148 -0.1762
vn -0.8727 -0.2969 0.3876
vn 0.3710 0.9226 -0.1057
vn 0.4448 0.0009 0.8956
vn -0.9473 -0.3194 0.0242
vn -0.8273 -0.5613 0.0215
vn 0.0025 -1.0000 0.0051
vn 0.4454 0.0008 0.8953
vn 0.4454 0.0009 0.8953
vn -0.1771 -0.9842 0.0070
vn 0.2967 -0.9549 -0.0053
vn -0.5970 -0.8020 0.0167
vn 0.4858 -0.8740 -0.0107
vn 0.9710 0.0416 -0.2353
vn 0.9884 0.0471 -0.1442
vn -0.9955 -0.0911 0.0255
vn -0.9867 -0.0875 0.1373
vn -0.9866 -0.0875 0.1374
vn -0.9955 -0.0911 0.0253
vn -0.9623 -0.0816 0.2593
vn -0.9623 -0.0816 0.2595
vn 0.9410 0.0361 -0.3366
vn 0.9240 0.0329 -0.3810
vn 0.4454 0.0010 0.8954
vn -0.9397 -0.0755 0.3337
vn 0.9982 0.0517 -0.0296
vn -0.9220 -0.0719 0.3805
vn 0.4685 -0.8723 0.1402
vn 0.2858 -0.9548 0.0814
vn 0.2720 -0.9586 0.0841
vn 0.4525 -0.8780 0.1559
vn -0.7923 -0.5578 -0.2473
vn -0.7767 -0.5568 -0.2947
vn -0.5601 -0.7991 -0.2185
vn -0.5730 -0.7994 -0.1807
vn -0.8103 -0.5590 -0.1758
vn -0.5862 -0.8001 -0.1274
vn -0.9054 -0.3169 -0.2826
vn -0.9264 -0.3190 -0.2001
vn -0.1741 -0.9840 -0.0385
vn -0.1674 -0.9841 -0.0587
vn 0.2998 -0.9519 0.0637
vn 0.9922 0.0895 0.0871
vn 0.9914 0.0973 0.0876
vn 0.4896 -0.8711 0.0381
vn 0.3006 -0.9535 0.0231
vn 0.4857 -0.8679 0.1040
vn -0.8240 -0.5614 -0.0765
vn -0.5946 -0.8021 -0.0553
vn -0.9433 -0.3204 -0.0869
vn -0.1764 -0.9842 -0.0175
vn -0.4214 0.8949 -0.1468
vn -0.3374 0.9348 -0.1106
vn -0.3487 0.9323 -0.0956
vn -0.4249 0.8971 -0.1208
vn 0.9392 0.0949 0.3300
vn 0.9547 0.0936 0.2824
vn 0.9538 0.1017 0.2825
vn 0.9381 0.1032 0.3306
vn 0.9797 0.0919 0.1780
vn 0.9790 0.0997 0.1780
vn -0.1528 0.9878 -0.0300
vn -0.1375 0.9903 -0.0208
vn -0.3618 0.9319 -0.0253
vn -0.4327 0.9010 -0.0311
vn -0.1658 0.9861 -0.0090
vn 0.0015 -1.0000 0.0035
vn 0.0020 -1.0000 0.0014
vn 0.0020 -1.0000 0.0015
vn 0.4396 -0.0013 -0.8982
vn 0.0030 -1.0000 -0.0012
vn 0.0019 -1.0000 0.0040
vn 0.6909 0.6820 0.2398
vn 0.8582 0.4228 0.2911
vn 0.8846 0.4355 0.1666
vn 0.7082 0.6929 0.1352
vn -0.3601 0.9311 -0.0576
vn -0.1654 0.9860 -0.0234
vn 0.7149 0.6960 0.0674
vn 0.3826 0.9231 0.0390
vn -0.4309 0.8997 -0.0699
vn -0.3533 -0.3103 -0.8826
vn -0.5063 -0.7126 -0.4857
vn -0.9350 -0.0006 -0.3547
vn -0.5032 0.6870 -0.5242
vn -0.3523 0.2685 -0.8965
vn -0.8597 0.3045 0.4101
vn -0.7133 0.7007 0.0157
vn -0.7185 -0.6927 0.0632
vn -0.8618 -0.2681 0.4306
vn -0.0215 0.8963 -0.4430
vn 0.1624 0.3485 -0.9231
vn -0.2940 0.9182 0.2654
vn 0.1521 -0.3984 -0.9045
vn -0.0474 -0.9177 -0.3946
vn -0.3188 -0.8946 0.3131
vn -0.4997 -0.3475 0.7934
vn -0.4903 0.3978 0.7755
vn -0.1598 -0.9841 -0.0774
vn 0.8319 0.4059 0.3784
vn 0.8953 0.4378 0.0822
vn 0.4392 -0.0022 -0.8984
vn 0.4393 -0.0017 -0.8983
vn 0.4393 -0.0017 -0.8984
vn 0.4389 -0.0021 -0.8985
vn 0.4395 -0.0016 -0.8982
vn 0.4395 -0.0015 -0.8982
vn 0.0748 0.9944 0.0750
vn 0.0718 0.9964 0.0446
vn 0.0706 0.9973 0.0192
vn 0.0721 0.9973 0.0117
vn 0.6738 0.6684 0.3151
vn 0.3753 0.9161 0.1412
vn 0.3734 0.9065 0.1970
vn -0.8876 -0.3146 -0.3364
vn 0.3794 0.9221 0.0756
vn 0.4396 -0.0014 -0.8982
vn 0.4387 -0.0022 -0.8986
vn 0.4393 -0.0024 -0.8983
vn 0.9825 0.0565 0.1776
vn 0.9948 0.0546 0.0858
vn -0.9916 -0.0956 -0.0877
vn -0.9916 -0.0956 -0.0876
vn -0.9726 -0.0982 -0.2109
vn 0.9578 0.0579 0.2814
vn 0.9431 0.0587 0.3273
vn 0.4396 -0.0026 -0.8982
vn -0.9528 -0.0992 -0.2869
vn -0.9368 -0.0999 -0.3353
vn -0.0279 -0.0155 -0.9995
vn -0.0006 0.0070 -1.0000
vn 0.1731 0.0259 -0.9846
vn 0.0316 0.0440 -0.9985
vn 0.1893 0.0420 -0.9810
vn 0.0299 0.0663 -0.9974
vn 0.1507 0.0458 -0.9875
vn 0.0167 -0.0128 -0.9998
vn 0.1045 -0.0197 -0.9943
vn 0.0061 -0.0878 -0.9961
vn 0.1180 -0.0761 -0.9901
vn 0.3348 0.0397 -0.9415
vn 0.3432 0.0357 -0.9386
vn 0.3085 0.0135 -0.9511
vn 0.2679 -0.0278 -0.9630
vn 0.2728 -0.0548 -0.9605
vn 0.4777 0.0504 -0.8771
vn 0.4871 0.0295 -0.8729
vn 0.4595 -0.0144 -0.8880
vn 0.4256 -0.0355 -0.9042
vn 0.4267 -0.0398 -0.9035
vn 0.5923 0.0518 -0.8040
vn 0.5819 0.0239 -0.8129
vn 0.5700 -0.0306 -0.8211
vn 0.5636 -0.0384 -0.8252
vn 0.5705 -0.0288 -0.8208
vn 0.7007 0.0340 -0.7127
vn 0.6711 0.0160 -0.7412
vn 0.6712 -0.0301 -0.7406
vn 0.6859 -0.0337 -0.7270
vn 0.6975 -0.0204 -0.7163
vn 0.8068 0.0041 -0.5908
vn 0.8261 -0.0189 -0.5632
vn 0.7822 0.0074 -0.6230
vn 0.7835 -0.0218 -0.6210
vn 0.7947 -0.0250 -0.6064
vn 0.8036 -0.0139 -0.5950
vn 0.8789 -0.0168 -0.4768
vn 0.8827 -0.0448 -0.4678
vn 0.8730 0.0023 -0.4876
vn 0.8755 -0.0139 -0.4831
vn 0.8824 -0.0165 -0.4701
vn 0.8879 -0.0092 -0.4599
vn 0.9354 -0.0174 -0.3531
vn 0.9293 -0.0393 -0.3672
vn 0.9413 0.0008 -0.3375
vn 0.9435 -0.0077 -0.3313
vn 0.9467 -0.0098 -0.3220
vn 0.9494 -0.0059 -0.3141
vn 0.9818 -0.0082 -0.1899
vn 0.9791 -0.0201 -0.2025
vn 0.9845 0.0012 -0.1754
vn 0.9853 -0.0035 -0.1708
vn 0.9864 -0.0049 -0.1642
vn 0.9871 -0.0035 -0.1599
vn 0.9999 -0.0017 -0.0146
vn 0.9997 -0.0065 -0.0214
vn 1.0000 0.0013 -0.0074
vn 1.0000 -0.0014 -0.0063
vn 1.0000 -0.0023 -0.0042
vn 1.0000 -0.0019 -0.0021
vn 0.9874 0.0021 0.1579
vn 0.9869 0.0008 0.1611
vn 0.9874 -0.0021 0.1584
vn 0.9878 -0.0017 0.1559
vn 0.9879 -0.0009 0.1553
vn 0.9467 0.0064 0.3220
vn 0.9451 0.0003 0.3267
vn 0.9470 -0.0062 0.3212
vn 0.9499 -0.0037 0.3125
vn 0.9510 -0.0004 0.3091
vn 0.8786 0.0143 0.4773
vn 0.8742 -0.0000 0.4855
vn 0.8787 -0.0144 0.4772
vn 0.8864 -0.0088 0.4627
vn 0.8895 -0.0003 0.4569
vn 0.7848 0.0271 0.6192
vn 0.7752 -0.0001 0.6317
vn 0.7843 -0.0274 0.6198
vn 0.7987 -0.0165 0.6014
vn 0.8024 0.0009 0.5968
vn 0.6710 0.0455 0.7400
vn 0.6544 -0.0001 0.7562
vn 0.6703 -0.0462 0.7407
vn 0.6916 -0.0243 0.7218
vn 0.6908 0.0059 0.7231
vn 0.5464 0.0700 0.8346
vn 0.5212 -0.0000 0.8535
vn 0.5454 -0.0714 0.8351
vn 0.5726 -0.0290 0.8193
vn 0.5611 0.0173 0.8276
vn 0.4525 0.0841 0.8878
vn 0.4540 -0.0000 0.8910
vn 0.4520 -0.0857 0.8879
vn 0.4487 -0.0282 0.8932
vn 0.4215 0.0369 0.9061
vn 0.3552 0.0728 0.9320
vn 0.3873 -0.0000 0.9220
vn 0.3575 -0.0746 0.9309
vn 0.3203 -0.0226 0.9470
vn 0.3107 0.0503 0.9492
vn 0.2038 0.0477 0.9779
vn 0.2369 -0.0002 0.9715
vn 0.2131 -0.0528 0.9756
vn 0.1814 -0.0159 0.9833
vn 0.1982 0.0435 0.9792
vn 0.0330 0.0213 0.9992
vn 0.0686 -0.0011 0.9976
vn 0.0517 -0.0348 0.9981
vn 0.0270 -0.0101 0.9996
vn 0.0390 0.0285 0.9988
vn -0.1392 -0.0039 0.9903
vn -0.1692 -0.0208 0.9854
vn -0.1065 -0.0025 0.9943
vn -0.1190 -0.0208 0.9927
vn -0.1380 -0.0045 0.9904
vn -0.1335 0.0186 0.9909
vn -0.2883 -0.0181 0.9574
vn -0.2969 -0.0404 0.9541
vn -0.2795 -0.0030 0.9601
vn -0.2891 -0.0105 0.9572
vn -0.3052 0.0009 0.9523
vn -0.3087 0.0146 0.9511
vn -0.4330 -0.0154 0.9013
vn -0.4240 -0.0322 0.9051
vn -0.4433 -0.0021 0.8964
vn -0.4501 -0.0039 0.8930
vn -0.4611 0.0072 0.8873
vn -0.4718 0.0170 0.8816
vn -0.5825 -0.0048 0.8128
vn -0.5747 -0.0116 0.8183
vn -0.5910 -0.0008 0.8067
vn -0.5938 -0.0011 0.8046
vn -0.5990 0.0127 0.8007
vn -0.6119 0.0252 0.7905
vn -0.7125 0.0036 0.7017
vn -0.7167 -0.0001 0.6974
vn -0.7163 -0.0014 0.6978
vn -0.7166 0.0160 0.6973
vn -0.7288 0.0376 0.6837
vn -0.8179 0.0092 0.5752
vn -0.8202 -0.0000 0.5720
vn -0.8183 -0.0041 0.5748
vn -0.8142 0.0152 0.5804
vn -0.8103 0.0440 0.5844
vn -0.8994 0.0141 0.4369
vn -0.9018 -0.0000 0.4321
vn -0.8991 -0.0092 0.4376
vn -0.8923 0.0094 0.4513
vn -0.8780 0.0353 0.4773
vn -0.9570 0.0202 0.2893
vn -0.9592 -0.0000 0.2827
vn -0.9566 -0.0165 0.2910
vn -0.9504 0.0001 0.3109
vn -0.9413 0.0201 0.3371
vn -0.9900 0.0278 0.1384
vn -0.9916 -0.0001 0.1297
vn -0.9897 -0.0258 0.1407
vn -0.9868 -0.0097 0.1619
vn -0.9830 0.0077 0.1834
vn -0.9995 0.0321 -0.0000
vn -1.0000 0.0001 -0.0001
vn -0.9995 -0.0314 0.0013
vn -0.9998 -0.0170 0.0083
vn -0.9998 -0.0014 0.0217
vn -0.9900 0.0282 -0.1382
vn -0.9917 -0.0000 -0.1287
vn -0.9901 -0.0282 -0.1378
vn -0.9890 -0.0200 -0.1463
vn -0.9899 -0.0070 -0.1418
vn -0.9571 0.0208 -0.2892
vn -0.9594 -0.0000 -0.2819
vn -0.9570 -0.0208 -0.2892
vn -0.9542 -0.0191 -0.2986
vn -0.9539 -0.0091 -0.3000
vn -0.8998 0.0148 -0.4360
vn -0.9021 0.0003 -0.4316
vn -0.8985 -0.0140 -0.4388
vn -0.8936 -0.0156 -0.4485
vn -0.8922 -0.0093 -0.4516
vn -0.8185 0.0098 -0.5744
vn -0.8194 0.0019 -0.5732
vn -0.8122 -0.0062 -0.5834
vn -0.8045 -0.0115 -0.5938
vn -0.8044 -0.0103 -0.5939
vn -0.7116 0.0038 -0.7026
vn -0.7119 0.0061 -0.7023
vn -0.6982 0.0039 -0.7159
vn -0.6876 -0.0080 -0.7261
vn -0.6915 -0.0149 -0.7222
vn -0.5796 -0.0060 -0.8149
vn -0.5697 -0.0169 -0.8217
vn -0.5818 0.0128 -0.8132
vn -0.5613 0.0165 -0.8274
vn -0.5471 -0.0055 -0.8371
vn -0.5568 -0.0237 -0.8303
vn -0.4329 -0.0201 -0.9012
vn -0.4186 -0.0470 -0.9070
vn -0.4359 0.0214 -0.8998
vn -0.4083 0.0310 -0.9123
vn -0.3907 -0.0042 -0.9205
vn -0.4071 -0.0369 -0.9126
vn -0.3010 -0.0270 -0.9532
vn -0.3065 -0.0645 -0.9497
vn -0.2822 0.0304 -0.9589
vn -0.2475 0.0467 -0.9678
vn -0.2280 -0.0050 -0.9736
vn -0.2532 -0.0544 -0.9659
vn -0.1673 -0.0149 -0.9858
vn -0.1959 -0.0487 -0.9794
vn -0.1257 0.0394 -0.9913
vn -0.0885 0.0625 -0.9941
vn -0.0676 -0.0078 -0.9977
vn -0.1020 -0.0760 -0.9919
vn -0.1559 0.0030 0.9878
vn -0.0005 0.0030 1.0000
vn -0.0012 0.0284 0.9996
vn -0.1514 0.0257 0.9881
vn -0.0056 0.0696 0.9976
vn -0.1279 0.0620 0.9898
vn -0.0192 0.0064 0.9998
vn -0.1236 0.0134 0.9922
vn -0.0316 -0.0576 0.9978
vn -0.1653 -0.0448 0.9852
vn -0.8035 0.0054 -0.5952
vn -0.8896 0.0013 -0.4567
vn -0.8895 0.0006 -0.4569
vn -0.8021 0.0017 -0.5972
vn -0.8891 0.0014 -0.4577
vn -0.8010 0.0015 -0.5987
vn -0.8843 0.0107 -0.4667
vn -0.7941 0.0193 -0.6074
vn -0.8766 0.0085 -0.4811
vn -0.7807 0.0152 -0.6247
vn 0.8792 0.0478 -0.4740
vn 0.8068 0.0507 -0.5887
vn 0.8085 0.0209 -0.5881
vn 0.8784 0.0201 -0.4776
vn 0.8106 -0.0209 -0.5852
vn 0.8818 -0.0173 -0.4713
vn 0.8147 -0.0147 -0.5798
vn 0.8923 -0.0086 -0.4515
vn 0.8190 0.0026 -0.5738
vn 0.8998 0.0055 -0.4363
vn 0.1550 0.0024 0.9879
vn 0.1482 0.0265 0.9886
vn 0.1137 0.0620 0.9916
vn 0.0819 0.0024 0.9966
vn 0.1009 -0.0542 0.9934
vn -0.9510 0.0004 -0.3093
vn -0.9510 0.0004 -0.3091
vn -0.9510 0.0010 -0.3092
vn -0.9492 0.0049 -0.3146
vn -0.9460 0.0039 -0.3240
vn 0.7191 0.0442 -0.6935
vn 0.7238 0.0183 -0.6898
vn 0.7241 -0.0197 -0.6895
vn 0.7184 -0.0149 -0.6955
vn 0.7169 0.0011 -0.6972
vn 0.3075 0.0014 0.9515
vn 0.2979 0.0212 0.9544
vn 0.2608 0.0468 0.9643
vn 0.2339 0.0009 0.9723
vn 0.2583 -0.0416 0.9652
vn -0.9877 0.0004 -0.1561
vn -0.9877 0.0006 -0.1561
vn -0.9878 0.0012 -0.1554
vn -0.9877 0.0024 -0.1566
vn -0.9872 0.0012 -0.1593
vn 0.6069 0.0323 -0.7941
vn 0.6126 0.0137 -0.7903
vn 0.6119 -0.0150 -0.7908
vn 0.6002 -0.0116 -0.7997
vn 0.5928 0.0010 -0.8054
vn 0.4534 0.0006 0.8913
vn 0.4438 0.0145 0.8960
vn 0.4144 0.0321 0.9095
vn 0.3958 0.0016 0.9183
vn 0.4184 -0.0276 0.9078
vn -1.0000 0.0004 0.0002
vn -1.0000 0.0009 0.0012
vn -1.0000 0.0021 0.0020
vn -1.0000 0.0027 0.0046
vn -1.0000 0.0005 0.0068
vn 0.4687 0.0222 -0.8831
vn 0.4719 0.0095 -0.8816
vn 0.4716 -0.0105 -0.8818
vn 0.4601 -0.0061 -0.8879
vn 0.4475 0.0029 -0.8943
vn 0.5878 0.0004 0.8090
vn 0.5813 0.0084 0.8137
vn 0.5611 0.0205 0.8275
vn 0.5505 0.0039 0.8348
vn 0.5684 -0.0149 0.8226
vn -0.9877 0.0004 0.1564
vn -0.9875 0.0015 0.1573
vn -0.9871 0.0036 0.1598
vn -0.9861 0.0052 0.1658
vn -0.9851 0.0014 0.1722
vn 0.3092 0.0189 -0.9508
vn 0.3072 0.0080 -0.9516
vn 0.3070 -0.0088 -0.9517
vn 0.3008 -0.0003 -0.9537
vn 0.2854 0.0069 -0.9584
vn 0.7071 0.0004 0.7071
vn 0.7035 0.0040 0.7107
vn 0.6932 0.0128 0.7207
vn 0.6895 0.0072 0.7242
vn 0.7023 -0.0045 0.7119
vn -0.9510 0.0006 0.3092
vn -0.9508 0.0022 0.3097
vn -0.9494 0.0058 0.3140
vn -0.9462 0.0098 0.3234
vn -0.9428 0.0034 0.3332
vn 0.1400 0.0245 -0.9898
vn 0.1327 0.0102 -0.9911
vn 0.1311 -0.0103 -0.9913
vn 0.1313 0.0050 -0.9913
vn 0.1138 0.0128 -0.9934
vn 0.8091 0.0004 0.5877
vn 0.8081 0.0019 0.5890
vn 0.8050 0.0090 0.5932
vn 0.8058 0.0112 0.5921
vn 0.8141 0.0031 0.5807
vn -0.8908 0.0008 0.4543
vn -0.8905 0.0030 0.4550
vn -0.8880 0.0088 0.4598
vn -0.8812 0.0162 0.4724
vn -0.8751 0.0059 0.4839
vn -0.0280 0.0370 -0.9989
vn -0.0382 0.0148 -0.9992
vn -0.0389 -0.0145 -0.9991
vn -0.0361 0.0104 -0.9993
vn -0.0569 0.0202 -0.9982
vn 0.8915 0.0010 0.4531
vn 0.8920 0.0017 0.4521
vn 0.8924 0.0081 0.4512
vn 0.8947 0.0154 0.4465
vn 0.8997 0.0083 0.4365
vn -0.8089 0.0011 0.5880
vn -0.8080 0.0042 0.5891
vn -0.8038 0.0131 0.5947
vn -0.7931 0.0241 0.6086
vn -0.7848 0.0078 0.6198
vn -0.1801 0.0504 -0.9824
vn -0.1883 0.0188 -0.9819
vn -0.1880 -0.0192 -0.9820
vn -0.1908 0.0173 -0.9815
vn -0.2162 0.0285 -0.9759
vn 0.9527 0.0032 0.3039
vn 0.9536 0.0029 0.3011
vn 0.9540 0.0081 0.2997
vn 0.9549 0.0190 0.2963
vn 0.9574 0.0119 0.2887
vn -0.7070 0.0013 0.7072
vn -0.7048 0.0062 0.7094
vn -0.6978 0.0188 0.7160
vn -0.6860 0.0314 0.7269
vn -0.6810 0.0076 0.7323
vn -0.3075 0.0556 -0.9499
vn -0.3091 0.0195 -0.9508
vn -0.3120 -0.0201 -0.9499
vn -0.3263 0.0261 -0.9449
vn -0.3496 0.0347 -0.9363
vn 0.9894 0.0080 0.1450
vn 0.9900 0.0053 0.1410
vn 0.9901 0.0068 0.1404
vn 0.9894 0.0203 0.1437
vn 0.9899 0.0143 0.1410
vn -0.5878 0.0015 0.8090
vn -0.5840 0.0095 0.8117
vn -0.5727 0.0261 0.8193
vn -0.5660 0.0345 0.8237
vn -0.5743 0.0030 0.8186
vn -0.4303 0.0472 -0.9015
vn -0.4261 0.0160 -0.9045
vn -0.4320 -0.0150 -0.9017
vn -0.4472 0.0341 -0.8938
vn -0.4537 0.0366 -0.8904
vn 0.9997 0.0154 -0.0190
vn 0.9997 0.0085 -0.0249
vn 0.9997 0.0031 -0.0234
vn 0.9998 0.0178 -0.0094
vn 0.9999 0.0150 -0.0011
vn -0.4536 0.0018 0.8912
vn -0.4478 0.0145 0.8940
vn -0.4311 0.0355 0.9016
vn -0.4305 0.0311 0.9020
vn -0.4581 -0.0079 0.8889
vn -0.5641 0.0304 -0.8252
vn -0.5584 0.0101 -0.8295
vn -0.5613 -0.0070 -0.8276
vn -0.5651 0.0345 -0.8243
vn -0.5535 0.0322 -0.8322
vn 0.9831 0.0255 -0.1810
vn 0.9821 0.0127 -0.1880
vn 0.9828 -0.0028 -0.1849
vn 0.9868 0.0107 -0.1618
vn 0.9895 0.0129 -0.1438
vn -0.3080 0.0023 0.9514
vn -0.3014 0.0205 0.9533
vn -0.2786 0.0477 0.9592
vn -0.2778 0.0227 0.9604
vn -0.3179 -0.0247 0.9478
vn -0.6936 0.0149 -0.7202
vn -0.6896 0.0049 -0.7242
vn -0.6893 -0.0011 -0.7245
vn -0.6840 0.0285 -0.7289
vn -0.6671 0.0238 -0.7446
vn 0.9410 0.0376 -0.3362
vn 0.9392 0.0170 -0.3429
vn 0.9414 -0.0102 -0.3371
vn 0.9504 0.0008 -0.3110
vn 0.9568 0.0092 -0.2905
vt 0.928091 0.447189
vt 0.907734 0.447220
vt 0.907710 0.428992
vt 0.928067 0.428969
vt 0.907692 0.410765
vt 0.928050 0.410749
vt 0.907682 0.392537
vt 0.928039 0.392530
vt 0.907679 0.374310
vt 0.928036 0.374310
vt 0.907682 0.356082
vt 0.928039 0.356090
vt 0.907692 0.337855
vt 0.928050 0.337870
vt 0.907710 0.319627
vt 0.928067 0.319650
vt 0.907734 0.301400
vt 0.928091 0.301430
vt 0.907764 0.283172
vt 0.928121 0.283210
vt 0.907802 0.264945
vt 0.928159 0.264991
vt 0.907847 0.246717
vt 0.928203 0.246771
vt 0.907898 0.228490
vt 0.928255 0.228551
vt 0.907956 0.210262
vt 0.928313 0.210331
vt 0.908021 0.192035
vt 0.928378 0.192112
vt 0.908093 0.173808
vt 0.928450 0.173892
vt 0.908172 0.155580
vt 0.928528 0.155672
vt 0.908257 0.137353
vt 0.928614 0.137452
vt 0.908350 0.119126
vt 0.928707 0.119233
vt 0.908449 0.100899
vt 0.928806 0.101013
vt 0.908555 0.082671
vt 0.928912 0.082794
vt 0.908668 0.064444
vt 0.929025 0.064574
vt 0.908788 0.046217
vt 0.929145 0.046355
vt 0.908915 0.027990
vt 0.929271 0.028135
vt 0.909048 0.009763
vt 0.929405 0.009916
vt 0.929405 0.738704
vt 0.909048 0.738857
vt 0.908915 0.720629
vt 0.929271 0.720484
vt 0.908788 0.702402
vt 0.929145 0.702265
vt 0.908668 0.684175
vt 0.929025 0.684045
vt 0.908555 0.665948
vt 0.928912 0.665826
vt 0.908449 0.647721
vt 0.928806 0.647606
vt 0.908350 0.629494
vt 0.928707 0.629387
vt 0.908257 0.611266
vt 0.928614 0.611167
vt 0.908172 0.593039
vt 0.928529 0.592947
vt 0.908093 0.574812
vt 0.928450 0.574728
vt 0.908021 0.556584
vt 0.928378 0.556508
vt 0.907956 0.538357
vt 0.928313 0.538288
vt 0.907898 0.520130
vt 0.928255 0.520068
vt 0.907847 0.501902
vt 0.928203 0.501849
vt 0.907802 0.483675
vt 0.928159 0.483629
vt 0.907764 0.465447
vt 0.928121 0.465409
vt 0.852719 0.307536
vt 0.855289 0.307536
vt 0.855289 0.324855
vt 0.852719 0.324855
vt 0.859100 0.255579
vt 0.859100 0.272898
vt 0.857179 0.272898
vt 0.857179 0.255579
vt 0.852719 0.255579
vt 0.855289 0.255579
vt 0.855289 0.272898
vt 0.852719 0.272898
vt 0.852719 0.238260
vt 0.855289 0.238260
vt 0.852719 0.220941
vt 0.855289 0.220941
vt 0.852719 0.203621
vt 0.855289 0.203621
vt 0.852719 0.186302
vt 0.855289 0.186302
vt 0.852719 0.168983
vt 0.855289 0.168983
vt 0.852719 0.151664
vt 0.855289 0.151664
vt 0.852719 0.134345
vt 0.855289 0.134345
vt 0.852719 0.117026
vt 0.855289 0.117026
vt 0.852719 0.099707
vt 0.855289 0.099707
vt 0.852719 0.082388
vt 0.855289 0.082388
vt 0.852719 0.065068
vt 0.855289 0.065068
vt 0.852719 0.047749
vt 0.855289 0.047749
vt 0.852719 0.030430
vt 0.855289 0.030430
vt 0.852719 0.013111
vt 0.855289 0.013111
vt 0.852719 0.688554
vt 0.855289 0.688554
vt 0.855289 0.705873
vt 0.852719 0.705873
vt 0.852719 0.671235
vt 0.855289 0.671235
vt 0.852719 0.653916
vt 0.855289 0.653916
vt 0.852719 0.636597
vt 0.855289 0.636597
vt 0.852719 0.619277
vt 0.855289 0.619277
vt 0.852719 0.601958
vt 0.855289 0.601958
vt 0.852719 0.584639
vt 0.855289 0.584639
vt 0.852719 0.567321
vt 0.855289 0.567321
vt 0.852719 0.550002
vt 0.855289 0.550002
vt 0.852719 0.532683
vt 0.855289 0.532683
vt 0.852719 0.515364
vt 0.855289 0.515364
vt 0.852719 0.498045
vt 0.855289 0.498045
vt 0.852719 0.480726
vt 0.855289 0.480726
vt 0.852719 0.463407
vt 0.855289 0.463407
vt 0.852719 0.446087
vt 0.855289 0.446087
vt 0.852719 0.428769
vt 0.855289 0.428769
vt 0.852719 0.411450
vt 0.855289 0.411450
vt 0.852719 0.394131
vt 0.855289 0.394131
vt 0.852719 0.376812
vt 0.855289 0.376812
vt 0.852719 0.359493
vt 0.855289 0.359493
vt 0.852719 0.342174
vt 0.855289 0.342174
vt 0.855289 0.290217
vt 0.852719 0.290217
vt 0.824333 0.376812
vt 0.849607 0.376812
vt 0.849607 0.394131
vt 0.824333 0.394131
vt 0.824333 0.134345
vt 0.849607 0.134345
vt 0.849607 0.151664
vt 0.824333 0.151664
vt 0.136605 0.866293
vt 0.127528 0.981637
vt 0.109596 0.978797
vt 0.824333 0.342174
vt 0.849607 0.342174
vt 0.849607 0.359493
vt 0.824333 0.359493
vt 0.235256 0.805840
vt 0.243499 0.822017
vt 0.249109 0.893303
vt 0.243499 0.910570
vt 0.824333 0.099707
vt 0.849607 0.099707
vt 0.849607 0.117026
vt 0.824333 0.117026
vt 0.092328 0.759400
vt 0.109595 0.753790
vt 0.824333 0.324855
vt 0.849607 0.324855
vt 0.824333 0.082388
vt 0.849607 0.082388
vt 0.024102 0.893303
vt 0.021261 0.875371
vt 0.824333 0.290217
vt 0.849607 0.290217
vt 0.849607 0.307536
vt 0.824333 0.307536
vt 0.824333 0.065068
vt 0.849607 0.065068
vt 0.145683 0.981637
vt 0.224585 0.791152
vt 0.251949 0.875371
vt 0.824333 0.047749
vt 0.849607 0.047749
vt 0.076152 0.767642
vt 0.824333 0.030430
vt 0.849607 0.030430
vt 0.029712 0.910570
vt 0.824333 0.013111
vt 0.849607 0.013111
vt 0.163615 0.978797
vt 0.211747 0.778314
vt 0.824333 0.688554
vt 0.849607 0.688554
vt 0.849607 0.705873
vt 0.824333 0.705873
vt 0.061464 0.778314
vt 0.251949 0.857216
vt 0.824333 0.671235
vt 0.849607 0.671235
vt 0.037954 0.926747
vt 0.824333 0.653916
vt 0.849607 0.653916
vt 0.180882 0.973187
vt 0.197059 0.767642
vt 0.824333 0.636597
vt 0.849607 0.636597
vt 0.048626 0.791152
vt 0.824333 0.619277
vt 0.849607 0.619277
vt 0.048626 0.941435
vt 0.824333 0.601958
vt 0.849607 0.601958
vt 0.197059 0.964944
vt 0.180882 0.759400
vt 0.824333 0.584639
vt 0.849607 0.584639
vt 0.850838 0.342174
vt 0.850838 0.324855
vt 0.850838 0.307536
vt 0.850838 0.359493
vt 0.850838 0.376812
vt 0.850838 0.394131
vt 0.850838 0.411450
vt 0.850838 0.428769
vt 0.850838 0.446087
vt 0.850838 0.463407
vt 0.850838 0.480726
vt 0.850838 0.498045
vt 0.850838 0.515364
vt 0.850838 0.532683
vt 0.850838 0.550002
vt 0.850838 0.567321
vt 0.850838 0.584639
vt 0.850838 0.619277
vt 0.850838 0.601958
vt 0.850838 0.636597
vt 0.850838 0.653916
vt 0.850838 0.671235
vt 0.850838 0.688554
vt 0.850838 0.705873
vt 0.850838 0.030430
vt 0.850838 0.013111
vt 0.850838 0.047749
vt 0.850838 0.065068
vt 0.850838 0.082388
vt 0.850838 0.099707
vt 0.850838 0.117026
vt 0.850838 0.134345
vt 0.850838 0.151664
vt 0.850838 0.168983
vt 0.850838 0.186302
vt 0.850838 0.203621
vt 0.850838 0.220941
vt 0.850838 0.238260
vt 0.850838 0.255579
vt 0.850838 0.272898
vt 0.850838 0.290217
vt 0.021261 0.857216
vt 0.849607 0.168983
vt 0.824333 0.168983
vt 0.849607 0.411450
vt 0.824333 0.411450
vt 0.127528 0.750949
vt 0.849607 0.186302
vt 0.824333 0.186302
vt 0.235256 0.926747
vt 0.849607 0.428769
vt 0.824333 0.428769
vt 0.249109 0.839284
vt 0.092329 0.973187
vt 0.849607 0.203621
vt 0.824333 0.203621
vt 0.849607 0.446087
vt 0.824333 0.446087
vt 0.024102 0.839284
vt 0.849607 0.220941
vt 0.824333 0.220941
vt 0.849607 0.463407
vt 0.824333 0.463407
vt 0.145683 0.750949
vt 0.849607 0.238260
vt 0.824333 0.238260
vt 0.224585 0.941435
vt 0.849607 0.480726
vt 0.824333 0.480726
vt 0.076152 0.964944
vt 0.849607 0.255579
vt 0.824333 0.255579
vt 0.849607 0.498045
vt 0.824333 0.498045
vt 0.029712 0.822017
vt 0.849607 0.272898
vt 0.824333 0.272898
vt 0.849607 0.515364
vt 0.824333 0.515364
vt 0.163615 0.753790
vt 0.211747 0.954273
vt 0.849607 0.532683
vt 0.824333 0.532683
vt 0.061464 0.954273
vt 0.849607 0.550002
vt 0.824333 0.550002
vt 0.037954 0.805840
vt 0.849607 0.567321
vt 0.824333 0.567321
vt 0.037954 0.805840
vt 0.861672 0.272898
vt 0.861672 0.290217
vt 0.859100 0.290217
vt 0.859100 0.307536
vt 0.861672 0.307536
vt 0.861672 0.324855
vt 0.859100 0.324855
vt 0.861672 0.342174
vt 0.859100 0.342174
vt 0.861672 0.359493
vt 0.859100 0.359493
vt 0.861672 0.376812
vt 0.859100 0.376812
vt 0.861672 0.394131
vt 0.859100 0.394131
vt 0.861672 0.411450
vt 0.859100 0.411450
vt 0.861672 0.428769
vt 0.859100 0.428769
vt 0.861672 0.446087
vt 0.859100 0.446087
vt 0.861672 0.463407
vt 0.859100 0.463407
vt 0.861672 0.480726
vt 0.859100 0.480726
vt 0.861672 0.498045
vt 0.859100 0.498045
vt 0.861672 0.515364
vt 0.859100 0.515364
vt 0.861672 0.532683
vt 0.859100 0.532683
vt 0.861672 0.550002
vt 0.859100 0.550002
vt 0.861672 0.567321
vt 0.859100 0.567321
vt 0.861672 0.584639
vt 0.859100 0.584639
vt 0.861672 0.601958
vt 0.859100 0.601958
vt 0.861672 0.619277
vt 0.859100 0.619277
vt 0.861672 0.636597
vt 0.859100 0.636597
vt 0.861672 0.653916
vt 0.859100 0.653916
vt 0.861672 0.671235
vt 0.859100 0.671235
vt 0.861672 0.688554
vt 0.859100 0.688554
vt 0.861672 0.705873
vt 0.859100 0.705873
vt 0.859100 0.013111
vt 0.861672 0.013111
vt 0.861672 0.030430
vt 0.859100 0.030430
vt 0.861672 0.047749
vt 0.859100 0.047749
vt 0.861672 0.065068
vt 0.859100 0.065068
vt 0.861672 0.082388
vt 0.859100 0.082388
vt 0.861672 0.099707
vt 0.859100 0.099707
vt 0.861672 0.117026
vt 0.859100 0.117026
vt 0.861672 0.134345
vt 0.859100 0.134345
vt 0.861672 0.151664
vt 0.859100 0.151664
vt 0.861672 0.168983
vt 0.859100 0.168983
vt 0.861672 0.186302
vt 0.859100 0.186302
vt 0.861672 0.203621
vt 0.859100 0.203621
vt 0.861672 0.220941
vt 0.859100 0.220941
vt 0.861672 0.238260
vt 0.859100 0.238260
vt 0.861672 0.255579
vt 0.857179 0.307536
vt 0.857179 0.290217
vt 0.857179 0.324855
vt 0.857179 0.342174
vt 0.857179 0.359493
vt 0.857179 0.376812
vt 0.857179 0.394131
vt 0.857179 0.411450
vt 0.857179 0.428769
vt 0.857179 0.446087
vt 0.857179 0.463407
vt 0.857179 0.480726
vt 0.857179 0.498045
vt 0.857179 0.515364
vt 0.857179 0.532683
vt 0.857179 0.550002
vt 0.857179 0.567321
vt 0.857179 0.584639
vt 0.857179 0.601958
vt 0.857179 0.619277
vt 0.857179 0.636597
vt 0.857179 0.653916
vt 0.857179 0.671235
vt 0.857179 0.688554
vt 0.857179 0.705873
vt 0.857179 0.030430
vt 0.857179 0.013111
vt 0.857179 0.047749
vt 0.857179 0.065068
vt 0.857179 0.082388
vt 0.857179 0.099707
vt 0.857179 0.117026
vt 0.857179 0.134345
vt 0.857179 0.151664
vt 0.857179 0.168983
vt 0.857179 0.186302
vt 0.857179 0.203621
vt 0.857179 0.220941
vt 0.857179 0.238260
vt 0.407572 0.455239
vt 0.363487 0.455239
vt 0.363487 0.437509
vt 0.407572 0.437509
vt 0.407572 0.472968
vt 0.363487 0.472968
vt 0.407572 0.490697
vt 0.363487 0.490697
vt 0.407572 0.508427
vt 0.363487 0.508427
vt 0.407572 0.526156
vt 0.363487 0.526156
vt 0.407572 0.543885
vt 0.363487 0.543885
vt 0.407572 0.561615
vt 0.363487 0.561615
vt 0.407572 0.579344
vt 0.363487 0.579344
vt 0.407572 0.597073
vt 0.363487 0.597073
vt 0.407572 0.614803
vt 0.363487 0.614803
vt 0.407572 0.632532
vt 0.363487 0.632532
vt 0.407572 0.650261
vt 0.363487 0.650261
vt 0.407572 0.667991
vt 0.363487 0.667991
vt 0.407572 0.685720
vt 0.363487 0.685720
vt 0.407572 0.703449
vt 0.363487 0.703449
vt 0.407572 0.721178
vt 0.363488 0.721179
vt 0.407572 0.029735
vt 0.363487 0.029735
vt 0.363487 0.012006
vt 0.407572 0.012006
vt 0.407572 0.047464
vt 0.363487 0.047464
vt 0.407572 0.065194
vt 0.363487 0.065194
vt 0.407572 0.082923
vt 0.363487 0.082923
vt 0.407572 0.100652
vt 0.363487 0.100652
vt 0.407572 0.118382
vt 0.363487 0.118382
vt 0.407572 0.136111
vt 0.363487 0.136111
vt 0.407572 0.153840
vt 0.363487 0.153840
vt 0.407572 0.171570
vt 0.363487 0.171570
vt 0.407572 0.189299
vt 0.363487 0.189299
vt 0.407572 0.207028
vt 0.363487 0.207028
vt 0.407572 0.224758
vt 0.363487 0.224758
vt 0.407572 0.242487
vt 0.363487 0.242487
vt 0.407572 0.260216
vt 0.363487 0.260216
vt 0.407572 0.277946
vt 0.363487 0.277946
vt 0.407572 0.295675
vt 0.363487 0.295675
vt 0.407572 0.313404
vt 0.363487 0.313404
vt 0.407572 0.331133
vt 0.363487 0.331133
vt 0.407572 0.348863
vt 0.363487 0.348863
vt 0.407572 0.366592
vt 0.363487 0.366592
vt 0.407572 0.384321
vt 0.363487 0.384321
vt 0.407572 0.402051
vt 0.363487 0.402051
vt 0.407572 0.419780
vt 0.363487 0.419780
vt 0.891412 0.460155
vt 0.890611 0.460155
vt 0.890611 0.442232
vt 0.891412 0.442232
vt 0.891412 0.478077
vt 0.890611 0.478077
vt 0.891412 0.496000
vt 0.890611 0.496000
vt 0.891412 0.513923
vt 0.890611 0.513923
vt 0.891412 0.531845
vt 0.890611 0.531845
vt 0.891412 0.549768
vt 0.890611 0.549768
vt 0.891412 0.567691
vt 0.890611 0.567691
vt 0.891412 0.585613
vt 0.890611 0.585613
vt 0.891412 0.603536
vt 0.890611 0.603536
vt 0.891412 0.621458
vt 0.890611 0.621458
vt 0.891412 0.639381
vt 0.890611 0.639381
vt 0.891412 0.657304
vt 0.890611 0.657304
vt 0.891412 0.675226
vt 0.890611 0.675226
vt 0.891412 0.693149
vt 0.890611 0.693149
vt 0.891412 0.711071
vt 0.890611 0.711071
vt 0.891412 0.728994
vt 0.890611 0.728994
vt 0.891412 0.030015
vt 0.890611 0.030015
vt 0.890611 0.012093
vt 0.891412 0.012093
vt 0.891412 0.047938
vt 0.890611 0.047938
vt 0.891412 0.065860
vt 0.890611 0.065860
vt 0.891412 0.083783
vt 0.890611 0.083783
vt 0.891412 0.101705
vt 0.890611 0.101705
vt 0.891412 0.119628
vt 0.890611 0.119628
vt 0.891412 0.137550
vt 0.890611 0.137550
vt 0.891412 0.155473
vt 0.890611 0.155473
vt 0.891412 0.173395
vt 0.890611 0.173395
vt 0.891412 0.191318
vt 0.890611 0.191318
vt 0.891412 0.209240
vt 0.890611 0.209240
vt 0.891412 0.227163
vt 0.890611 0.227163
vt 0.891412 0.245085
vt 0.890611 0.245085
vt 0.891412 0.263008
vt 0.890611 0.263008
vt 0.891412 0.280930
vt 0.890611 0.280930
vt 0.891412 0.298853
vt 0.890611 0.298853
vt 0.891412 0.316775
vt 0.890611 0.316775
vt 0.891412 0.334698
vt 0.890611 0.334698
vt 0.891412 0.352620
vt 0.890611 0.352620
vt 0.891412 0.370543
vt 0.890611 0.370543
vt 0.891412 0.388465
vt 0.890611 0.388465
vt 0.891412 0.406387
vt 0.890611 0.406387
vt 0.891412 0.424310
vt 0.890611 0.424310
vt 0.898632 0.316775
vt 0.896935 0.316775
vt 0.896935 0.298853
vt 0.898632 0.298853
vt 0.892298 0.298853
vt 0.894050 0.298853
vt 0.894050 0.316775
vt 0.892298 0.316775
vt 0.892298 0.549768
vt 0.894050 0.549768
vt 0.894050 0.567691
vt 0.892298 0.567691
vt 0.898632 0.549768
vt 0.896935 0.549768
vt 0.896935 0.531845
vt 0.898632 0.531845
vt 0.896935 0.280930
vt 0.898632 0.280930
vt 0.894050 0.334698
vt 0.892298 0.334698
vt 0.894050 0.585613
vt 0.892298 0.585613
vt 0.896935 0.513923
vt 0.898632 0.513923
vt 0.896935 0.263008
vt 0.898632 0.263008
vt 0.894050 0.352620
vt 0.892298 0.352620
vt 0.894050 0.603536
vt 0.892298 0.603536
vt 0.896935 0.496000
vt 0.898632 0.496000
vt 0.896935 0.245085
vt 0.898632 0.245085
vt 0.894050 0.370543
vt 0.892298 0.370543
vt 0.894050 0.621458
vt 0.892298 0.621458
vt 0.896935 0.478077
vt 0.898632 0.478077
vt 0.896935 0.227163
vt 0.898632 0.227163
vt 0.894050 0.388465
vt 0.892298 0.388465
vt 0.894050 0.639381
vt 0.892298 0.639381
vt 0.896935 0.460155
vt 0.898632 0.460155
vt 0.896935 0.209240
vt 0.898632 0.209240
vt 0.894050 0.406387
vt 0.892298 0.406387
vt 0.894050 0.657304
vt 0.892298 0.657304
vt 0.896935 0.191318
vt 0.898632 0.191318
vt 0.894050 0.424310
vt 0.892298 0.424310
vt 0.894050 0.675226
vt 0.892298 0.675226
vt 0.896935 0.173395
vt 0.898632 0.173395
vt 0.894050 0.693149
vt 0.892298 0.693149
vt 0.896935 0.155473
vt 0.898632 0.155473
vt 0.894050 0.711071
vt 0.892298 0.711071
vt 0.896935 0.137550
vt 0.898632 0.137550
vt 0.894050 0.728994
vt 0.892298 0.728994
vt 0.896935 0.119628
vt 0.898632 0.119628
vt 0.892298 0.012093
vt 0.894050 0.012093
vt 0.894050 0.030015
vt 0.892298 0.030015
vt 0.896935 0.101705
vt 0.898632 0.101705
vt 0.894050 0.047938
vt 0.892298 0.047938
vt 0.896935 0.083783
vt 0.898632 0.083783
vt 0.894050 0.065860
vt 0.892298 0.065860
vt 0.896935 0.065860
vt 0.898632 0.065860
vt 0.894050 0.083783
vt 0.892298 0.083783
vt 0.900322 0.460155
vt 0.898632 0.442232
vt 0.900322 0.442232
vt 0.900322 0.478077
vt 0.900322 0.496000
vt 0.900322 0.513923
vt 0.900322 0.531845
vt 0.900322 0.549768
vt 0.900322 0.567691
vt 0.898632 0.567691
vt 0.900322 0.585613
vt 0.898632 0.585613
vt 0.900322 0.603536
vt 0.898632 0.603536
vt 0.900322 0.621458
vt 0.898632 0.621458
vt 0.900322 0.639381
vt 0.898632 0.639381
vt 0.900322 0.657304
vt 0.898632 0.657304
vt 0.900322 0.675226
vt 0.898632 0.675226
vt 0.900322 0.693149
vt 0.898632 0.693149
vt 0.900322 0.711071
vt 0.898632 0.711071
vt 0.900322 0.728994
vt 0.898632 0.728994
vt 0.900322 0.030015
vt 0.898632 0.030015
vt 0.898632 0.012093
vt 0.900322 0.012093
vt 0.900322 0.047938
vt 0.898632 0.047938
vt 0.900322 0.065860
vt 0.900322 0.083783
vt 0.900322 0.101705
vt 0.900322 0.119628
vt 0.900322 0.137550
vt 0.900322 0.155473
vt 0.900322 0.173395
vt 0.900322 0.191318
vt 0.900322 0.209240
vt 0.900322 0.227163
vt 0.900322 0.245085
vt 0.900322 0.263008
vt 0.900322 0.280930
vt 0.900322 0.298853
vt 0.900322 0.316775
vt 0.900322 0.334698
vt 0.898632 0.334698
vt 0.900322 0.352620
vt 0.898632 0.352620
vt 0.900322 0.370543
vt 0.898632 0.370543
vt 0.900322 0.388465
vt 0.898632 0.388465
vt 0.900322 0.406387
vt 0.898632 0.406387
vt 0.900322 0.424310
vt 0.898632 0.424310
vt 0.896935 0.657304
vt 0.896935 0.675226
vt 0.895478 0.675226
vt 0.895478 0.657304
vt 0.896935 0.406387
vt 0.896935 0.424310
vt 0.895478 0.424310
vt 0.895478 0.406387
vt 0.894050 0.227163
vt 0.894050 0.209240
vt 0.895478 0.209240
vt 0.895478 0.227163
vt 0.894050 0.478077
vt 0.894050 0.460155
vt 0.895478 0.460155
vt 0.895478 0.478077
vt 0.896935 0.639381
vt 0.895478 0.639381
vt 0.896935 0.388465
vt 0.895478 0.388465
vt 0.894050 0.245085
vt 0.895478 0.245085
vt 0.894050 0.496000
vt 0.895478 0.496000
vt 0.896935 0.621458
vt 0.895478 0.621458
vt 0.896935 0.370543
vt 0.895478 0.370543
vt 0.894050 0.263008
vt 0.895478 0.263008
vt 0.894050 0.513923
vt 0.895478 0.513923
vt 0.896935 0.603536
vt 0.895478 0.603536
vt 0.896935 0.352620
vt 0.895478 0.352620
vt 0.894050 0.280930
vt 0.895478 0.280930
vt 0.894050 0.531845
vt 0.895478 0.531845
vt 0.896935 0.585613
vt 0.895478 0.585613
vt 0.896935 0.334698
vt 0.895478 0.334698
vt 0.895478 0.298853
vt 0.895478 0.549768
vt 0.896935 0.567691
vt 0.895478 0.567691
vt 0.895478 0.316775
vt 0.892298 0.531845
vt 0.892298 0.280930
vt 0.892298 0.513923
vt 0.892298 0.263008
vt 0.892298 0.496000
vt 0.892298 0.245085
vt 0.892298 0.478077
vt 0.892298 0.227163
vt 0.892298 0.460155
vt 0.892298 0.209240
vt 0.892298 0.442232
vt 0.894050 0.442232
vt 0.892298 0.191318
vt 0.894050 0.191318
vt 0.896935 0.442232
vt 0.892298 0.173395
vt 0.894050 0.173395
vt 0.896935 0.693149
vt 0.892298 0.155473
vt 0.894050 0.155473
vt 0.896935 0.711071
vt 0.892298 0.137550
vt 0.894050 0.137550
vt 0.896935 0.728994
vt 0.892298 0.119628
vt 0.894050 0.119628
vt 0.896935 0.030015
vt 0.896935 0.012093
vt 0.892298 0.101705
vt 0.894050 0.101705
vt 0.896935 0.047938
vt 0.895478 0.442232
vt 0.895478 0.191318
vt 0.895478 0.693149
vt 0.895478 0.173395
vt 0.895478 0.711071
vt 0.895478 0.155473
vt 0.895478 0.728994
vt 0.895478 0.137550
vt 0.895478 0.030015
vt 0.895478 0.012093
vt 0.895478 0.119628
vt 0.895478 0.047938
vt 0.895478 0.101705
vt 0.895478 0.065860
vt 0.895478 0.083783
vt 0.881285 0.460155
vt 0.880925 0.460155
vt 0.880925 0.442232
vt 0.881285 0.442232
vt 0.881285 0.478077
vt 0.880925 0.478077
vt 0.881285 0.496000
vt 0.880925 0.496000
vt 0.881285 0.513923
vt 0.880925 0.513923
vt 0.881285 0.531845
vt 0.880925 0.531845
vt 0.881285 0.549768
vt 0.880925 0.549768
vt 0.881285 0.567691
vt 0.880925 0.567691
vt 0.881285 0.585613
vt 0.880925 0.585613
vt 0.881285 0.603536
vt 0.880925 0.603536
vt 0.881285 0.621458
vt 0.880925 0.621458
vt 0.881285 0.639381
vt 0.880925 0.639381
vt 0.881285 0.657304
vt 0.880925 0.657304
vt 0.881285 0.675226
vt 0.880925 0.675226
vt 0.881285 0.693149
vt 0.880925 0.693149
vt 0.881285 0.711071
vt 0.880925 0.711071
vt 0.881285 0.728994
vt 0.880925 0.728994
vt 0.881285 0.030015
vt 0.880925 0.030015
vt 0.880925 0.012093
vt 0.881285 0.012093
vt 0.881285 0.047938
vt 0.880925 0.047938
vt 0.881285 0.065860
vt 0.880925 0.065860
vt 0.881285 0.083783
vt 0.880925 0.083783
vt 0.881285 0.101705
vt 0.880925 0.101705
vt 0.881285 0.119628
vt 0.880925 0.119628
vt 0.881285 0.137550
vt 0.880925 0.137550
vt 0.881285 0.155473
vt 0.880925 0.155473
vt 0.881285 0.173395
vt 0.880925 0.173395
vt 0.881285 0.191318
vt 0.880925 0.191318
vt 0.881285 0.209240
vt 0.880925 0.209240
vt 0.881285 0.227163
vt 0.880925 0.227163
vt 0.881285 0.245085
vt 0.880925 0.245085
vt 0.881285 0.263008
vt 0.880925 0.263008
vt 0.881285 0.280930
vt 0.880925 0.280930
vt 0.881285 0.298853
vt 0.880925 0.298853
vt 0.881285 0.316775
vt 0.880925 0.316775
vt 0.881285 0.334698
vt 0.880925 0.334698
vt 0.881285 0.352620
vt 0.880925 0.352620
vt 0.881285 0.370543
vt 0.880925 0.370543
vt 0.881285 0.388465
vt 0.880925 0.388465
vt 0.881285 0.406387
vt 0.880925 0.406387
vt 0.881285 0.424310
vt 0.880925 0.424310
vt 0.884884 0.442232
vt 0.883406 0.442232
vt 0.883406 0.424310
vt 0.884884 0.424310
vt 0.883406 0.406387
vt 0.884884 0.406387
vt 0.883406 0.388465
vt 0.884884 0.388465
vt 0.883406 0.370543
vt 0.884884 0.370543
vt 0.883406 0.352620
vt 0.884884 0.352620
vt 0.883406 0.334698
vt 0.884884 0.334698
vt 0.883406 0.316775
vt 0.884884 0.316775
vt 0.883406 0.298853
vt 0.884884 0.298853
vt 0.883406 0.280930
vt 0.884884 0.280930
vt 0.883406 0.263008
vt 0.884884 0.263008
vt 0.883406 0.245085
vt 0.884884 0.245085
vt 0.883406 0.227163
vt 0.884884 0.227163
vt 0.883406 0.209240
vt 0.884884 0.209240
vt 0.883406 0.191318
vt 0.884884 0.191318
vt 0.883406 0.173395
vt 0.884884 0.173395
vt 0.883406 0.155473
vt 0.884884 0.155473
vt 0.883406 0.137550
vt 0.884884 0.137550
vt 0.883406 0.119628
vt 0.884884 0.119628
vt 0.883406 0.101705
vt 0.884884 0.101705
vt 0.883406 0.083783
vt 0.884884 0.083783
vt 0.883406 0.065860
vt 0.884884 0.065860
vt 0.883406 0.047938
vt 0.884884 0.047938
vt 0.883406 0.030015
vt 0.884884 0.030015
vt 0.883406 0.012093
vt 0.884884 0.012093
vt 0.884884 0.728994
vt 0.883406 0.728994
vt 0.883406 0.711071
vt 0.884884 0.711071
vt 0.883406 0.693149
vt 0.884884 0.693149
vt 0.883406 0.675226
vt 0.884884 0.675226
vt 0.883406 0.657304
vt 0.884884 0.657304
vt 0.883406 0.639381
vt 0.884884 0.639381
vt 0.883406 0.621458
vt 0.884884 0.621458
vt 0.883406 0.603536
vt 0.884884 0.603536
vt 0.883406 0.585613
vt 0.884884 0.585613
vt 0.883406 0.567691
vt 0.884884 0.567691
vt 0.883406 0.549768
vt 0.884884 0.549768
vt 0.883406 0.531845
vt 0.884884 0.531845
vt 0.883406 0.513923
vt 0.884884 0.513923
vt 0.883406 0.496000
vt 0.884884 0.496000
vt 0.883406 0.478077
vt 0.884884 0.478077
vt 0.883406 0.460155
vt 0.884884 0.460155
vt 0.887480 0.460155
vt 0.887480 0.442232
vt 0.887480 0.478077
vt 0.887480 0.496000
vt 0.887480 0.513923
vt 0.887480 0.531845
vt 0.887480 0.549768
vt 0.887480 0.567691
vt 0.887480 0.585613
vt 0.887480 0.603536
vt 0.887480 0.621458
vt 0.887480 0.639381
vt 0.887480 0.657304
vt 0.887480 0.675226
vt 0.887480 0.693149
vt 0.887480 0.711071
vt 0.887480 0.728994
vt 0.887480 0.030015
vt 0.887480 0.012093
vt 0.887480 0.047938
vt 0.887480 0.065860
vt 0.887480 0.083783
vt 0.887480 0.101705
vt 0.887480 0.119628
vt 0.887480 0.137550
vt 0.887480 0.155473
vt 0.887480 0.173395
vt 0.887480 0.191318
vt 0.887480 0.209240
vt 0.887480 0.227163
vt 0.887480 0.245085
vt 0.887480 0.263008
vt 0.887480 0.280930
vt 0.887480 0.298853
vt 0.887480 0.316775
vt 0.887480 0.334698
vt 0.887480 0.352620
vt 0.887480 0.370543
vt 0.887480 0.388465
vt 0.887480 0.406387
vt 0.887480 0.424310
vt 0.885875 0.460155
vt 0.885875 0.442232
vt 0.885875 0.478077
vt 0.885875 0.496000
vt 0.885875 0.513923
vt 0.885875 0.531845
vt 0.885875 0.549768
vt 0.885875 0.567691
vt 0.885875 0.585613
vt 0.885875 0.603536
vt 0.885875 0.621458
vt 0.885875 0.639381
vt 0.885875 0.657304
vt 0.885875 0.675226
vt 0.885875 0.693149
vt 0.885875 0.711071
vt 0.885875 0.728994
vt 0.885875 0.030015
vt 0.885875 0.012093
vt 0.885875 0.047938
vt 0.885875 0.065860
vt 0.885875 0.083783
vt 0.885875 0.101705
vt 0.885875 0.119628
vt 0.885875 0.137550
vt 0.885875 0.155473
vt 0.885875 0.173395
vt 0.885875 0.191318
vt 0.885875 0.209240
vt 0.885875 0.227163
vt 0.885875 0.245085
vt 0.885875 0.263008
vt 0.885875 0.280930
vt 0.885875 0.298853
vt 0.885875 0.316775
vt 0.885875 0.334698
vt 0.885875 0.352620
vt 0.885875 0.370543
vt 0.885875 0.388465
vt 0.885875 0.406387
vt 0.885875 0.424310
vt 0.877065 0.316775
vt 0.877065 0.334698
vt 0.875808 0.334698
vt 0.875808 0.316775
vt 0.877065 0.567691
vt 0.877065 0.585613
vt 0.875808 0.585613
vt 0.875808 0.567691
vt 0.871780 0.585613
vt 0.871780 0.567691
vt 0.873285 0.567691
vt 0.873285 0.585613
vt 0.877065 0.352620
vt 0.875808 0.352620
vt 0.877065 0.603536
vt 0.875808 0.603536
vt 0.871780 0.334698
vt 0.871780 0.316775
vt 0.873285 0.316775
vt 0.873285 0.334698
vt 0.871780 0.549768
vt 0.873285 0.549768
vt 0.877065 0.370543
vt 0.875808 0.370543
vt 0.877065 0.621458
vt 0.875808 0.621458
vt 0.871780 0.298853
vt 0.873285 0.298853
vt 0.871780 0.531845
vt 0.873285 0.531845
vt 0.877065 0.388465
vt 0.875808 0.388465
vt 0.877065 0.639381
vt 0.875808 0.639381
vt 0.871780 0.280930
vt 0.873285 0.280930
vt 0.871780 0.513923
vt 0.873285 0.513923
vt 0.877065 0.406387
vt 0.875808 0.406387
vt 0.877065 0.657304
vt 0.875808 0.657304
vt 0.871780 0.263008
vt 0.873285 0.263008
vt 0.871780 0.496000
vt 0.873285 0.496000
vt 0.877065 0.424310
vt 0.875808 0.424310
vt 0.877065 0.675226
vt 0.875808 0.675226
vt 0.871780 0.245085
vt 0.873285 0.245085
vt 0.871780 0.478077
vt 0.873285 0.478077
vt 0.877065 0.442232
vt 0.875808 0.442232
vt 0.877065 0.693149
vt 0.875808 0.693149
vt 0.871780 0.227163
vt 0.873285 0.227163
vt 0.871780 0.460155
vt 0.873285 0.460155
vt 0.877065 0.711071
vt 0.875808 0.711071
vt 0.871780 0.209240
vt 0.873285 0.209240
vt 0.871780 0.442232
vt 0.873285 0.442232
vt 0.877065 0.728994
vt 0.875808 0.728994
vt 0.871780 0.191318
vt 0.873285 0.191318
vt 0.877065 0.012093
vt 0.877065 0.030015
vt 0.875808 0.030015
vt 0.875808 0.012093
vt 0.871780 0.173395
vt 0.873285 0.173395
vt 0.877065 0.047938
vt 0.875808 0.047938
vt 0.871780 0.155473
vt 0.873285 0.155473
vt 0.877065 0.065860
vt 0.875808 0.065860
vt 0.871780 0.137550
vt 0.873285 0.137550
vt 0.877065 0.083783
vt 0.875808 0.083783
vt 0.877499 0.442232
vt 0.877499 0.424310
vt 0.877499 0.406387
vt 0.877499 0.388465
vt 0.877499 0.370543
vt 0.877499 0.352620
vt 0.877499 0.334698
vt 0.877499 0.316775
vt 0.877499 0.298853
vt 0.877499 0.280930
vt 0.877499 0.263008
vt 0.877499 0.245085
vt 0.877499 0.227163
vt 0.877499 0.209240
vt 0.877499 0.191318
vt 0.877499 0.173395
vt 0.877499 0.155473
vt 0.877499 0.137550
vt 0.877499 0.119628
vt 0.877499 0.101705
vt 0.877499 0.083783
vt 0.877499 0.065860
vt 0.877499 0.047938
vt 0.877499 0.030015
vt 0.877499 0.012093
vt 0.877499 0.728994
vt 0.877499 0.711071
vt 0.877499 0.693149
vt 0.877499 0.675226
vt 0.877499 0.657304
vt 0.877499 0.639381
vt 0.877499 0.621458
vt 0.877499 0.603536
vt 0.877499 0.585613
vt 0.877499 0.567691
vt 0.877499 0.549768
vt 0.877499 0.531845
vt 0.877499 0.513923
vt 0.877499 0.496000
vt 0.877499 0.478077
vt 0.877499 0.460155
vt 0.873836 0.460155
vt 0.873836 0.442232
vt 0.873836 0.478077
vt 0.873836 0.496000
vt 0.873836 0.513923
vt 0.873836 0.531845
vt 0.873836 0.549768
vt 0.873836 0.567691
vt 0.873836 0.585613
vt 0.873836 0.603536
vt 0.873285 0.603536
vt 0.873836 0.621458
vt 0.873285 0.621458
vt 0.873836 0.639381
vt 0.873285 0.639381
vt 0.873836 0.657304
vt 0.873285 0.657304
vt 0.873836 0.675226
vt 0.873285 0.675226
vt 0.873836 0.693149
vt 0.873285 0.693149
vt 0.873836 0.711071
vt 0.873285 0.711071
vt 0.873836 0.728994
vt 0.873285 0.728994
vt 0.873836 0.030015
vt 0.873285 0.030015
vt 0.873285 0.012093
vt 0.873836 0.012093
vt 0.873836 0.047938
vt 0.873285 0.047938
vt 0.873836 0.065860
vt 0.873285 0.065860
vt 0.873836 0.083783
vt 0.873285 0.083783
vt 0.873836 0.101705
vt 0.873285 0.101705
vt 0.873836 0.119628
vt 0.873285 0.119628
vt 0.873836 0.137550
vt 0.873836 0.155473
vt 0.873836 0.173395
vt 0.873836 0.191318
vt 0.873836 0.209240
vt 0.873836 0.227163
vt 0.873836 0.245085
vt 0.873836 0.263008
vt 0.873836 0.280930
vt 0.873836 0.298853
vt 0.873836 0.316775
vt 0.873836 0.334698
vt 0.873836 0.352620
vt 0.873285 0.352620
vt 0.873836 0.370543
vt 0.873285 0.370543
vt 0.873836 0.388465
vt 0.873285 0.388465
vt 0.873836 0.406387
vt 0.873285 0.406387
vt 0.873836 0.424310
vt 0.873285 0.424310
vt 0.871780 0.119628
vt 0.871780 0.352620
vt 0.877065 0.549768
vt 0.875808 0.549768
vt 0.877065 0.298853
vt 0.875808 0.298853
vt 0.871780 0.603536
vt 0.871780 0.370543
vt 0.877065 0.531845
vt 0.875808 0.531845
vt 0.877065 0.280930
vt 0.875808 0.280930
vt 0.871780 0.621458
vt 0.871780 0.388465
vt 0.877065 0.513923
vt 0.875808 0.513923
vt 0.877065 0.263008
vt 0.875808 0.263008
vt 0.871780 0.639381
vt 0.871780 0.406387
vt 0.877065 0.496000
vt 0.875808 0.496000
vt 0.877065 0.245085
vt 0.875808 0.245085
vt 0.871780 0.657304
vt 0.871780 0.424310
vt 0.877065 0.478077
vt 0.875808 0.478077
vt 0.877065 0.227163
vt 0.875808 0.227163
vt 0.871780 0.675226
vt 0.877065 0.460155
vt 0.875808 0.460155
vt 0.877065 0.209240
vt 0.875808 0.209240
vt 0.871780 0.693149
vt 0.877065 0.191318
vt 0.875808 0.191318
vt 0.871780 0.711071
vt 0.877065 0.173395
vt 0.875808 0.173395
vt 0.871780 0.728994
vt 0.877065 0.155473
vt 0.875808 0.155473
vt 0.871780 0.030015
vt 0.871780 0.012093
vt 0.877065 0.137550
vt 0.875808 0.137550
vt 0.871780 0.047938
vt 0.877065 0.119628
vt 0.875808 0.119628
vt 0.871780 0.065860
vt 0.877065 0.101705
vt 0.875808 0.101705
vt 0.871780 0.083783
vt 0.871780 0.101705
vt 0.875232 0.460155
vt 0.874548 0.460155
vt 0.874548 0.442232
vt 0.875232 0.442232
vt 0.875232 0.478077
vt 0.874548 0.478077
vt 0.875232 0.496000
vt 0.874548 0.496000
vt 0.875232 0.513923
vt 0.874548 0.513923
vt 0.875232 0.531845
vt 0.874548 0.531845
vt 0.875232 0.549768
vt 0.874548 0.549768
vt 0.875232 0.567691
vt 0.874548 0.567691
vt 0.875232 0.585613
vt 0.874548 0.585613
vt 0.875232 0.603536
vt 0.874548 0.603536
vt 0.875232 0.621458
vt 0.874548 0.621458
vt 0.875232 0.639381
vt 0.874548 0.639381
vt 0.875232 0.657304
vt 0.874548 0.657304
vt 0.875232 0.675226
vt 0.874548 0.675226
vt 0.875232 0.693149
vt 0.874548 0.693149
vt 0.875232 0.711071
vt 0.874548 0.711071
vt 0.875232 0.728994
vt 0.874548 0.728994
vt 0.875232 0.030015
vt 0.874548 0.030015
vt 0.874548 0.012093
vt 0.875232 0.012093
vt 0.875232 0.047938
vt 0.874548 0.047938
vt 0.875232 0.065860
vt 0.874548 0.065860
vt 0.875232 0.083783
vt 0.874548 0.083783
vt 0.875232 0.101705
vt 0.874548 0.101705
vt 0.875232 0.119628
vt 0.874548 0.119628
vt 0.875232 0.137550
vt 0.874548 0.137550
vt 0.875232 0.155473
vt 0.874548 0.155473
vt 0.875232 0.173395
vt 0.874548 0.173395
vt 0.875232 0.191318
vt 0.874548 0.191318
vt 0.875232 0.209240
vt 0.874548 0.209240
vt 0.875232 0.227163
vt 0.874548 0.227163
vt 0.875232 0.245085
vt 0.874548 0.245085
vt 0.875232 0.263008
vt 0.874548 0.263008
vt 0.875232 0.280930
vt 0.874548 0.280930
vt 0.875232 0.298853
vt 0.874548 0.298853
vt 0.875232 0.316775
vt 0.874548 0.316775
vt 0.875232 0.334698
vt 0.874548 0.334698
vt 0.875232 0.352620
vt 0.874548 0.352620
vt 0.875232 0.370543
vt 0.874548 0.370543
vt 0.875232 0.388465
vt 0.874548 0.388465
vt 0.875232 0.406387
vt 0.874548 0.406387
vt 0.875232 0.424310
vt 0.874548 0.424310
vt 0.950451 0.791975
vt 0.937680 0.779204
vt 0.940491 0.775912
vt 0.953743 0.789164
vt 0.923067 0.768587
vt 0.925329 0.764896
vt 0.906973 0.760387
vt 0.908630 0.756387
vt 0.889795 0.754805
vt 0.890806 0.750596
vt 0.871955 0.751980
vt 0.872295 0.747664
vt 0.853893 0.751980
vt 0.853553 0.747664
vt 0.836053 0.754805
vt 0.835043 0.750596
vt 0.818875 0.760387
vt 0.817218 0.756387
vt 0.802781 0.768587
vt 0.800520 0.764896
vt 0.788169 0.779204
vt 0.785357 0.775912
vt 0.775397 0.791976
vt 0.772105 0.789164
vt 0.764780 0.806588
vt 0.761089 0.804326
vt 0.756580 0.822682
vt 0.752581 0.821025
vt 0.750998 0.839860
vt 0.746789 0.838850
vt 0.748173 0.857700
vt 0.743857 0.857360
vt 0.748173 0.875762
vt 0.743857 0.876102
vt 0.750998 0.893602
vt 0.746789 0.894613
vt 0.756580 0.910780
vt 0.752580 0.912437
vt 0.764780 0.926874
vt 0.761089 0.929136
vt 0.775396 0.941487
vt 0.772105 0.944298
vt 0.788169 0.954259
vt 0.785357 0.957551
vt 0.802781 0.964875
vt 0.800519 0.968566
vt 0.818875 0.973076
vt 0.817218 0.977075
vt 0.836053 0.978657
vt 0.835043 0.982866
vt 0.853893 0.981482
vt 0.853554 0.985798
vt 0.871956 0.981482
vt 0.872295 0.985798
vt 0.889795 0.978657
vt 0.890806 0.982866
vt 0.906974 0.973075
vt 0.908630 0.977074
vt 0.923067 0.964875
vt 0.925329 0.968566
vt 0.937680 0.954258
vt 0.940491 0.957550
vt 0.950452 0.941486
vt 0.953743 0.944298
vt 0.961068 0.926874
vt 0.964760 0.929136
vt 0.969269 0.910780
vt 0.973268 0.912437
vt 0.974850 0.893602
vt 0.979059 0.894612
vt 0.977675 0.875762
vt 0.981991 0.876102
vt 0.977675 0.857700
vt 0.981991 0.857360
vt 0.974850 0.839860
vt 0.979059 0.838849
vt 0.969269 0.822682
vt 0.973268 0.821025
vt 0.961068 0.806588
vt 0.964759 0.804326
vt 0.291468 0.072829
vt 0.291483 0.055759
vt 0.349237 0.055814
vt 0.349222 0.072881
vt 0.291403 0.533733
vt 0.291393 0.516663
vt 0.349147 0.516630
vt 0.349157 0.533698
vt 0.291347 0.311816
vt 0.291349 0.294746
vt 0.349104 0.294756
vt 0.349101 0.311823
vt 0.291453 0.089900
vt 0.349207 0.089948
vt 0.291414 0.550804
vt 0.349168 0.550765
vt 0.291345 0.328887
vt 0.349100 0.328890
vt 0.291439 0.106970
vt 0.349193 0.107015
vt 0.291426 0.567874
vt 0.349180 0.567832
vt 0.291345 0.345957
vt 0.349099 0.345957
vt 0.291426 0.124041
vt 0.349180 0.124083
vt 0.291439 0.584945
vt 0.349193 0.584900
vt 0.291345 0.363028
vt 0.349100 0.363025
vt 0.291414 0.141111
vt 0.349168 0.141150
vt 0.291453 0.602015
vt 0.349207 0.601967
vt 0.291347 0.380098
vt 0.349101 0.380092
vt 0.291403 0.158182
vt 0.349157 0.158217
vt 0.291467 0.619086
vt 0.349222 0.619034
vt 0.291349 0.397169
vt 0.349104 0.397159
vt 0.291393 0.175252
vt 0.349147 0.175285
vt 0.291483 0.636156
vt 0.349238 0.636101
vt 0.291353 0.414240
vt 0.349107 0.414227
vt 0.291384 0.192323
vt 0.349138 0.192352
vt 0.291500 0.653227
vt 0.349254 0.653169
vt 0.291357 0.431310
vt 0.349111 0.431294
vt 0.291376 0.209393
vt 0.349130 0.209419
vt 0.291518 0.670297
vt 0.349272 0.670236
vt 0.291362 0.448381
vt 0.349116 0.448361
vt 0.291368 0.226464
vt 0.349123 0.226486
vt 0.291536 0.687368
vt 0.349291 0.687303
vt 0.291368 0.465451
vt 0.349123 0.465428
vt 0.291362 0.243534
vt 0.349116 0.243554
vt 0.291518 0.021617
vt 0.291536 0.004547
vt 0.349291 0.004612
vt 0.349272 0.021679
vt 0.291376 0.482522
vt 0.349130 0.482496
vt 0.291357 0.260605
vt 0.349111 0.260621
vt 0.291500 0.038688
vt 0.349254 0.038746
vt 0.291384 0.499592
vt 0.349138 0.499563
vt 0.291353 0.277675
vt 0.349107 0.277688
vt 0.862504 0.866704
vt 0.772696 0.921738
vt 0.765193 0.907011
vt 0.782411 0.935109
vt 0.794099 0.946796
vt 0.807470 0.956511
vt 0.822196 0.964015
vt 0.837916 0.969122
vt 0.854240 0.971708
vt 0.870768 0.971708
vt 0.887093 0.969122
vt 0.902812 0.964015
vt 0.917538 0.956511
vt 0.930910 0.946796
vt 0.942597 0.935109
vt 0.952312 0.921738
vt 0.959815 0.907011
vt 0.964923 0.891292
vt 0.967508 0.874968
vt 0.967508 0.858440
vt 0.964923 0.842115
vt 0.959815 0.826396
vt 0.952312 0.811670
vt 0.942597 0.798298
vt 0.930910 0.786611
vt 0.917538 0.776896
vt 0.902812 0.769393
vt 0.887092 0.764285
vt 0.870768 0.761700
vt 0.854240 0.761700
vt 0.837916 0.764285
vt 0.822196 0.769393
vt 0.807470 0.776896
vt 0.794098 0.786611
vt 0.782411 0.798298
vt 0.772696 0.811670
vt 0.765193 0.826396
vt 0.760085 0.842115
vt 0.757500 0.858440
vt 0.757500 0.874968
vt 0.760086 0.891292
vt 0.693116 0.451674
vt 0.693116 0.441385
vt 0.698482 0.441385
vt 0.698482 0.451674
vt 0.710531 0.451674
vt 0.706279 0.451674
vt 0.706279 0.441385
vt 0.710531 0.441385
vt 0.710531 0.465651
vt 0.706279 0.465651
vt 0.719675 0.465651
vt 0.715104 0.465651
vt 0.715104 0.451674
vt 0.719675 0.451674
vt 0.702487 0.465651
vt 0.698482 0.465651
vt 0.702487 0.451674
vt 0.771837 0.588036
vt 0.813953 0.588241
vt 0.813909 0.599505
vt 0.771789 0.599505
vt 0.693116 0.479016
vt 0.693116 0.465651
vt 0.698482 0.479016
vt 0.710531 0.479016
vt 0.706279 0.479016
vt 0.719675 0.479016
vt 0.715104 0.479016
vt 0.702487 0.479016
vt 0.809340 0.458798
vt 0.809263 0.467437
vt 0.803708 0.467351
vt 0.803795 0.458219
vt 0.772142 0.557741
vt 0.814194 0.558489
vt 0.814118 0.566376
vt 0.772023 0.565766
vt 0.814005 0.577560
vt 0.771893 0.577163
vt 0.800470 0.467166
vt 0.800375 0.457900
vt 0.803843 0.491225
vt 0.809404 0.491255
vt 0.809092 0.503528
vt 0.803496 0.503529
vt 0.800656 0.491161
vt 0.800316 0.503529
vt 0.064983 0.742230
vt 0.067394 0.746921
vt 0.057693 0.752493
vt 0.054770 0.748097
vt 0.721808 0.764180
vt 0.726585 0.767199
vt 0.725514 0.769081
vt 0.719975 0.767499
vt 0.047765 0.753031
vt 0.051227 0.757014
vt 0.075292 0.737344
vt 0.077324 0.742982
vt 0.795259 0.467009
vt 0.795273 0.479295
vt 0.793104 0.479330
vt 0.793077 0.467076
vt 0.803601 0.479561
vt 0.800419 0.479424
vt 0.795433 0.491024
vt 0.797240 0.491057
vt 0.796956 0.503529
vt 0.795212 0.503529
vt 0.809204 0.479616
vt 0.490489 0.973628
vt 0.498339 0.971257
vt 0.493153 0.978701
vt 0.493130 0.964737
vt 0.490552 0.968765
vt 0.502391 0.963650
vt 0.497544 0.962781
vt 0.507141 0.972552
vt 0.506027 0.967210
vt 0.504996 0.978864
vt 0.487186 0.967971
vt 0.490651 0.962203
vt 0.496868 0.959215
vt 0.487232 0.974484
vt 0.511312 0.972436
vt 0.509492 0.980402
vt 0.489915 0.980402
vt 0.509287 0.965088
vt 0.503864 0.960221
vt 0.702487 0.441385
vt 0.724999 0.771092
vt 0.719566 0.771092
vt 0.790695 0.457338
vt 0.792878 0.457385
vt 0.790694 0.467122
vt 0.790694 0.479331
vt 0.790693 0.490996
vt 0.793172 0.491006
vt 0.793062 0.503529
vt 0.790693 0.503529
vt 0.734301 0.761833
vt 0.734385 0.766348
vt 0.731206 0.765817
vt 0.730809 0.760010
vt 0.729270 0.765834
vt 0.727526 0.759934
vt 0.798346 0.457729
vt 0.798466 0.467050
vt 0.798448 0.479333
vt 0.798670 0.491097
vt 0.798356 0.503529
vt 0.795159 0.457486
vt 0.796926 0.457612
vt 0.797031 0.466997
vt 0.715104 0.441385
vt 0.719675 0.441385
vt 0.797039 0.479291
vt 0.724183 0.761169
vt 0.727962 0.766231
vt 0.715104 0.493081
vt 0.710531 0.493081
vt 0.086584 0.734018
vt 0.087908 0.739122
vt 0.739023 0.768686
vt 0.739252 0.764554
vt 0.702487 0.493081
vt 0.698482 0.493081
vt 0.719675 0.493081
vt 0.706279 0.493081
vt 0.693116 0.493081
vt 0.767748 0.577123
vt 0.767694 0.588016
vt 0.811456 0.404189
vt 0.811456 0.416219
vt 0.772066 0.416219
vt 0.772066 0.404189
vt 0.811456 0.427651
vt 0.772066 0.427651
vt 0.767880 0.565703
vt 0.768004 0.557660
vt 0.735802 0.722527
vt 0.741079 0.722530
vt 0.811456 0.439607
vt 0.772066 0.439607
vt 0.767643 0.599505
vt 0.811456 0.448407
vt 0.772066 0.448407
vt 0.693116 0.534488
vt 0.698482 0.534488
vt 0.698482 0.544777
vt 0.693116 0.544777
vt 0.710531 0.534488
vt 0.710531 0.544777
vt 0.706279 0.544777
vt 0.706279 0.534488
vt 0.710531 0.520511
vt 0.706279 0.520511
vt 0.719675 0.520511
vt 0.719675 0.534488
vt 0.715104 0.534488
vt 0.715104 0.520511
vt 0.702487 0.520511
vt 0.702487 0.534488
vt 0.698482 0.520511
vt 0.771837 0.610924
vt 0.813953 0.610720
vt 0.693116 0.507084
vt 0.698482 0.507084
vt 0.693116 0.520511
vt 0.710531 0.507084
vt 0.706279 0.507084
vt 0.719675 0.507084
vt 0.715104 0.507084
vt 0.702487 0.507084
vt 0.809340 0.548264
vt 0.803794 0.548843
vt 0.803708 0.539710
vt 0.809263 0.539624
vt 0.772142 0.641270
vt 0.772023 0.633245
vt 0.814118 0.632634
vt 0.814194 0.640522
vt 0.771893 0.621848
vt 0.814005 0.621451
vt 0.800470 0.539894
vt 0.800374 0.549162
vt 0.803843 0.515779
vt 0.809404 0.515751
vt 0.800656 0.515843
vt 0.109453 0.730697
vt 0.121230 0.730861
vt 0.120812 0.736124
vt 0.109626 0.735968
vt 0.173399 0.726711
vt 0.177026 0.725606
vt 0.177425 0.731352
vt 0.175363 0.732010
vt 0.129751 0.731769
vt 0.128660 0.736932
vt 0.098017 0.731440
vt 0.098984 0.737358
vt 0.795257 0.540052
vt 0.793075 0.539984
vt 0.793102 0.527728
vt 0.795272 0.527764
vt 0.803601 0.527498
vt 0.800419 0.527635
vt 0.795433 0.515979
vt 0.797239 0.515947
vt 0.809205 0.527443
vt 0.726226 0.700314
vt 0.726340 0.705187
vt 0.718541 0.702787
vt 0.719183 0.694347
vt 0.723614 0.696293
vt 0.710712 0.698788
vt 0.714334 0.695225
vt 0.711812 0.710393
vt 0.709627 0.704120
vt 0.723737 0.710300
vt 0.719849 0.690778
vt 0.726081 0.693743
vt 0.712854 0.691799
vt 0.729589 0.699489
vt 0.729611 0.706007
vt 0.726998 0.711962
vt 0.707338 0.711962
vt 0.705464 0.704029
vt 0.707449 0.696679
vt 0.702487 0.544777
vt 0.179500 0.731266
vt 0.180626 0.725950
vt 0.790691 0.549723
vt 0.790691 0.539938
vt 0.792876 0.549677
vt 0.790692 0.527727
vt 0.790692 0.516007
vt 0.793171 0.515998
vt 0.168514 0.738446
vt 0.167454 0.734652
vt 0.173053 0.736244
vt 0.172914 0.739465
vt 0.173471 0.734353
vt 0.168060 0.731425
vt 0.798344 0.549333
vt 0.798465 0.540010
vt 0.798448 0.527726
vt 0.798670 0.515907
vt 0.795156 0.549576
vt 0.797030 0.540063
vt 0.796924 0.549450
vt 0.719675 0.544777
vt 0.715104 0.544777
vt 0.797038 0.527768
vt 0.169961 0.728410
vt 0.174130 0.733157
vt 0.174240 0.744487
vt 0.170150 0.743854
vt 0.767748 0.621888
vt 0.767694 0.610945
vt 0.772066 0.392211
vt 0.811456 0.392211
vt 0.772066 0.380726
vt 0.811456 0.380726
vt 0.767880 0.633308
vt 0.768004 0.641351
vt 0.772066 0.368771
vt 0.811456 0.368771
vt 0.811456 0.359970
vt 0.772066 0.359970
vt 0.746234 0.451674
vt 0.740868 0.451674
vt 0.740868 0.441385
vt 0.746234 0.441385
vt 0.728819 0.451674
vt 0.728819 0.441385
vt 0.733071 0.441385
vt 0.733071 0.451674
vt 0.728819 0.465651
vt 0.733071 0.465651
vt 0.724246 0.451674
vt 0.724246 0.465651
vt 0.736863 0.465651
vt 0.736863 0.451674
vt 0.740868 0.465651
vt 0.280966 0.703349
vt 0.292428 0.703276
vt 0.292428 0.727414
vt 0.281160 0.727489
vt 0.746234 0.479016
vt 0.740868 0.479016
vt 0.746234 0.465651
vt 0.728819 0.479016
vt 0.733071 0.479016
vt 0.724246 0.479016
vt 0.736863 0.479016
vt 0.772049 0.458807
vt 0.777595 0.458237
vt 0.777680 0.467350
vt 0.772125 0.467436
vt 0.250710 0.703836
vt 0.258707 0.703650
vt 0.259284 0.727772
vt 0.251546 0.727919
vt 0.270096 0.703444
vt 0.270475 0.727577
vt 0.780918 0.467165
vt 0.781015 0.457920
vt 0.777544 0.491225
vt 0.777890 0.503528
vt 0.772294 0.503527
vt 0.771983 0.491253
vt 0.780730 0.491160
vt 0.781070 0.503528
vt 0.626098 0.741134
vt 0.609769 0.741134
vt 0.609769 0.733596
vt 0.626098 0.733596
vt 0.721808 0.778003
vt 0.719975 0.774684
vt 0.725514 0.773103
vt 0.726585 0.774985
vt 0.597749 0.741134
vt 0.597749 0.733596
vt 0.641712 0.741134
vt 0.641712 0.733596
vt 0.786129 0.467008
vt 0.788311 0.467076
vt 0.788284 0.479330
vt 0.786114 0.479294
vt 0.777787 0.479560
vt 0.780968 0.479424
vt 0.785953 0.491024
vt 0.786174 0.503529
vt 0.784429 0.503528
vt 0.784147 0.491056
vt 0.772183 0.479614
vt 0.250876 0.967642
vt 0.254594 0.964122
vt 0.258525 0.971489
vt 0.251643 0.979355
vt 0.249642 0.972980
vt 0.266494 0.969240
vt 0.266569 0.974071
vt 0.259476 0.963282
vt 0.263904 0.965236
vt 0.263919 0.979095
vt 0.247104 0.980790
vt 0.245466 0.972771
vt 0.269805 0.974921
vt 0.267130 0.980790
vt 0.247649 0.965457
vt 0.253154 0.960670
vt 0.260161 0.959715
vt 0.266372 0.962698
vt 0.269844 0.968440
vt 0.736863 0.441385
vt 0.788511 0.457393
vt 0.788324 0.503529
vt 0.788214 0.491005
vt 0.734301 0.780350
vt 0.730809 0.782173
vt 0.731206 0.776367
vt 0.734385 0.775836
vt 0.729270 0.776350
vt 0.727526 0.782248
vt 0.783044 0.457749
vt 0.782922 0.467050
vt 0.782939 0.479332
vt 0.782716 0.491096
vt 0.783030 0.503528
vt 0.786231 0.457501
vt 0.784357 0.466997
vt 0.784464 0.457631
vt 0.724246 0.441385
vt 0.784349 0.479291
vt 0.724183 0.781013
vt 0.727962 0.775953
vt 0.724246 0.493081
vt 0.728819 0.493081
vt 0.658143 0.741134
vt 0.658143 0.733596
vt 0.739023 0.773498
vt 0.739252 0.777630
vt 0.736863 0.493081
vt 0.740868 0.493081
vt 0.733071 0.493081
vt 0.746234 0.493081
vt 0.270034 0.699300
vt 0.280933 0.699202
vt 0.725828 0.047815
vt 0.704411 0.047815
vt 0.704371 0.035872
vt 0.725852 0.036043
vt 0.704482 0.024310
vt 0.725994 0.024636
vt 0.258613 0.699509
vt 0.250578 0.699700
vt 0.735802 0.801654
vt 0.741079 0.801651
vt 0.704790 0.012359
vt 0.726195 0.012860
vt 0.292428 0.699132
vt 0.726358 0.004446
vt 0.705013 0.003731
vt 0.746234 0.534488
vt 0.746234 0.544777
vt 0.740868 0.544777
vt 0.740868 0.534488
vt 0.728819 0.534488
vt 0.733071 0.534488
vt 0.733071 0.544777
vt 0.728819 0.544777
vt 0.728819 0.520511
vt 0.733071 0.520511
vt 0.724246 0.520511
vt 0.724246 0.534488
vt 0.736863 0.520511
vt 0.740868 0.520511
vt 0.736863 0.534488
vt 0.303841 0.703348
vt 0.303647 0.727489
vt 0.746234 0.507084
vt 0.746234 0.520511
vt 0.740868 0.507084
vt 0.728819 0.507084
vt 0.733071 0.507084
vt 0.724246 0.507084
vt 0.736863 0.507084
vt 0.772043 0.548253
vt 0.772120 0.539623
vt 0.777675 0.539709
vt 0.777590 0.548823
vt 0.334147 0.703836
vt 0.333311 0.727919
vt 0.325573 0.727772
vt 0.326149 0.703650
vt 0.314382 0.727577
vt 0.314760 0.703444
vt 0.780914 0.539894
vt 0.781010 0.549140
vt 0.777542 0.515779
vt 0.771981 0.515750
vt 0.780729 0.515843
vt 0.690189 0.741134
vt 0.690189 0.733596
vt 0.706518 0.733596
vt 0.706518 0.741134
vt 0.186922 0.729576
vt 0.182979 0.733624
vt 0.181361 0.732186
vt 0.184055 0.727095
vt 0.718538 0.741134
vt 0.718538 0.733596
vt 0.674503 0.741134
vt 0.674503 0.733596
vt 0.786126 0.540052
vt 0.786112 0.527764
vt 0.788282 0.527728
vt 0.788308 0.539984
vt 0.777784 0.527497
vt 0.780965 0.527634
vt 0.785952 0.515979
vt 0.784146 0.515946
vt 0.772179 0.527442
vt 0.034258 0.968675
vt 0.030173 0.976001
vt 0.029373 0.967830
vt 0.039166 0.977527
vt 0.037962 0.972199
vt 0.022179 0.978610
vt 0.024771 0.983673
vt 0.024928 0.969775
vt 0.022304 0.973772
vt 0.037125 0.983865
vt 0.041192 0.970027
vt 0.043334 0.977343
vt 0.041643 0.985331
vt 0.035703 0.965228
vt 0.022472 0.967221
vt 0.028698 0.964259
vt 0.018956 0.972940
vt 0.021538 0.985331
vt 0.018930 0.979426
vt 0.736863 0.544777
vt 0.788508 0.549669
vt 0.788214 0.515997
vt 0.186630 0.742284
vt 0.182195 0.741431
vt 0.183374 0.738430
vt 0.189136 0.739245
vt 0.183759 0.736533
vt 0.189890 0.736049
vt 0.783040 0.549312
vt 0.782918 0.540010
vt 0.782936 0.527726
vt 0.782715 0.515906
vt 0.786227 0.549561
vt 0.784460 0.549431
vt 0.784353 0.540063
vt 0.724246 0.544777
vt 0.784346 0.527767
vt 0.189375 0.732523
vt 0.183641 0.735172
vt 0.178947 0.745484
vt 0.182942 0.746564
vt 0.314823 0.699300
vt 0.303873 0.699202
vt 0.725852 0.059535
vt 0.704371 0.059705
vt 0.725995 0.070995
vt 0.704482 0.071321
vt 0.326244 0.699509
vt 0.334278 0.699700
vt 0.207160 0.748167
vt 0.206063 0.753330
vt 0.726195 0.082771
vt 0.704790 0.083272
vt 0.726358 0.091185
vt 0.705013 0.091900
vt 0.692095 0.659224
vt 0.697561 0.659224
vt 0.697561 0.670029
vt 0.692095 0.670029
vt 0.709835 0.659224
vt 0.709835 0.670029
vt 0.705503 0.670029
vt 0.705503 0.659224
vt 0.709835 0.644546
vt 0.705503 0.644546
vt 0.719149 0.644546
vt 0.719149 0.659224
vt 0.714493 0.659224
vt 0.714493 0.644546
vt 0.701641 0.644546
vt 0.701641 0.659224
vt 0.697561 0.644546
vt 0.770010 0.709394
vt 0.769962 0.697925
vt 0.812082 0.697925
vt 0.812126 0.709190
vt 0.692095 0.630510
vt 0.697561 0.630510
vt 0.692095 0.644546
vt 0.709835 0.630510
vt 0.705503 0.630510
vt 0.719149 0.630510
vt 0.714493 0.630510
vt 0.701641 0.630510
vt 0.703634 0.222341
vt 0.708441 0.222341
vt 0.708441 0.231378
vt 0.703634 0.231378
vt 0.770314 0.739690
vt 0.770196 0.731665
vt 0.812291 0.731054
vt 0.812367 0.738942
vt 0.770065 0.720268
vt 0.812178 0.719871
vt 0.711625 0.231378
vt 0.711625 0.222341
vt 0.708441 0.255393
vt 0.708441 0.267746
vt 0.703634 0.267746
vt 0.703634 0.255393
vt 0.711625 0.255393
vt 0.711625 0.267746
vt 0.209427 0.718691
vt 0.219380 0.724987
vt 0.216273 0.729255
vt 0.206818 0.723275
vt 0.501497 0.763980
vt 0.498178 0.765813
vt 0.496596 0.760274
vt 0.498478 0.759203
vt 0.226169 0.730215
vt 0.222541 0.734047
vt 0.199335 0.713371
vt 0.197065 0.718917
vt 0.718775 0.231378
vt 0.721488 0.231378
vt 0.721488 0.243654
vt 0.718775 0.243654
vt 0.708441 0.243654
vt 0.711625 0.243654
vt 0.718775 0.255393
vt 0.718775 0.267746
vt 0.716251 0.267746
vt 0.716251 0.255393
vt 0.703634 0.243654
vt 0.246326 0.761165
vt 0.243980 0.766805
vt 0.238182 0.759294
vt 0.242749 0.752363
vt 0.246003 0.756057
vt 0.233583 0.752433
vt 0.238152 0.750745
vt 0.229963 0.761286
vt 0.230481 0.756218
vt 0.232612 0.766628
vt 0.244926 0.749128
vt 0.249256 0.754686
vt 0.238131 0.747221
vt 0.250216 0.761672
vt 0.228885 0.768482
vt 0.226431 0.761809
vt 0.247725 0.768482
vt 0.226987 0.755011
vt 0.231291 0.749193
vt 0.701641 0.670029
vt 0.494585 0.760788
vt 0.494585 0.766222
vt 0.724201 0.222341
vt 0.724201 0.231378
vt 0.721488 0.222341
vt 0.724201 0.243654
vt 0.724201 0.255393
vt 0.724201 0.267746
vt 0.721488 0.267746
vt 0.721488 0.255393
vt 0.503844 0.751487
vt 0.505667 0.754979
vt 0.499860 0.754582
vt 0.499328 0.751402
vt 0.499843 0.756518
vt 0.505743 0.758262
vt 0.714002 0.222341
vt 0.714002 0.231378
vt 0.714002 0.243654
vt 0.714002 0.255393
vt 0.714002 0.267746
vt 0.718775 0.222341
vt 0.716251 0.231378
vt 0.716251 0.222341
vt 0.719149 0.670029
vt 0.714493 0.670029
vt 0.716251 0.243654
vt 0.504508 0.761605
vt 0.499446 0.757825
vt 0.714493 0.615741
vt 0.709835 0.615741
vt 0.188194 0.709567
vt 0.186655 0.714610
vt 0.496991 0.746764
vt 0.501123 0.746536
vt 0.701641 0.615741
vt 0.697561 0.615741
vt 0.719149 0.615741
vt 0.705503 0.615741
vt 0.692095 0.615741
vt 0.765921 0.720308
vt 0.765867 0.709415
vt 0.737783 0.375354
vt 0.698387 0.375354
vt 0.698337 0.363411
vt 0.737795 0.363582
vt 0.698382 0.351849
vt 0.737871 0.352174
vt 0.766053 0.731727
vt 0.766177 0.739771
vt 0.543149 0.749986
vt 0.543146 0.744708
vt 0.698588 0.339895
vt 0.737974 0.340397
vt 0.765816 0.697925
vt 0.738048 0.331828
vt 0.698718 0.331229
vt 0.692095 0.572258
vt 0.692095 0.561454
vt 0.697561 0.561454
vt 0.697561 0.572258
vt 0.709835 0.572258
vt 0.705503 0.572258
vt 0.705503 0.561454
vt 0.709835 0.561454
vt 0.709835 0.586936
vt 0.705503 0.586936
vt 0.719149 0.586936
vt 0.714493 0.586936
vt 0.714493 0.572258
vt 0.719149 0.572258
vt 0.701641 0.586936
vt 0.697561 0.586936
vt 0.701641 0.572258
vt 0.770010 0.686506
vt 0.812126 0.686710
vt 0.692095 0.601036
vt 0.692095 0.586936
vt 0.697561 0.601036
vt 0.709835 0.601036
vt 0.705503 0.601036
vt 0.719149 0.601036
vt 0.714493 0.601036
vt 0.701641 0.601036
vt 0.703634 0.313150
vt 0.703634 0.304114
vt 0.708441 0.304114
vt 0.708441 0.313150
vt 0.770314 0.656161
vt 0.812367 0.656908
vt 0.812291 0.664796
vt 0.770196 0.664186
vt 0.812178 0.675979
vt 0.770065 0.675583
vt 0.711625 0.304114
vt 0.711625 0.313150
vt 0.708441 0.280045
vt 0.703634 0.280045
vt 0.711625 0.280045
vt 0.165487 0.705276
vt 0.165090 0.710535
vt 0.153908 0.710215
vt 0.153714 0.704939
vt 0.101769 0.698573
vt 0.099582 0.703784
vt 0.097549 0.703039
vt 0.098192 0.697315
vt 0.145163 0.705483
vt 0.146032 0.710689
vt 0.176881 0.706505
vt 0.175663 0.712377
vt 0.718775 0.304114
vt 0.718775 0.291837
vt 0.721488 0.291837
vt 0.721488 0.304114
vt 0.708441 0.291837
vt 0.711625 0.291837
vt 0.718775 0.280045
vt 0.716251 0.280045
vt 0.703634 0.291837
vt 0.016636 0.767716
vt 0.024148 0.770825
vt 0.015974 0.772765
vt 0.024315 0.762502
vt 0.019572 0.763734
vt 0.031917 0.767749
vt 0.029041 0.763755
vt 0.030017 0.778218
vt 0.032490 0.772778
vt 0.018335 0.778291
vt 0.017597 0.760797
vt 0.024326 0.758589
vt 0.031038 0.760842
vt 0.012966 0.766213
vt 0.014738 0.779912
vt 0.012327 0.773371
vt 0.036109 0.773455
vt 0.033562 0.779912
vt 0.035599 0.766302
vt 0.701641 0.561454
vt 0.095480 0.702864
vt 0.094581 0.697506
vt 0.724201 0.313150
vt 0.721488 0.313150
vt 0.724201 0.304114
vt 0.724201 0.291837
vt 0.724201 0.280045
vt 0.721488 0.280045
vt 0.106150 0.710506
vt 0.101711 0.711336
vt 0.101709 0.708112
vt 0.107370 0.706760
vt 0.101372 0.706206
vt 0.106902 0.703510
vt 0.714002 0.313150
vt 0.714002 0.304114
vt 0.714002 0.291837
vt 0.714002 0.280045
vt 0.718775 0.313150
vt 0.716251 0.313150
vt 0.716251 0.304114
vt 0.714493 0.561454
vt 0.719149 0.561454
vt 0.716251 0.291837
vt 0.105131 0.700417
vt 0.100764 0.704982
vt 0.100173 0.716297
vt 0.104286 0.715839
vt 0.765921 0.675543
vt 0.765866 0.686486
vt 0.737795 0.387074
vt 0.698337 0.387244
vt 0.737871 0.398534
vt 0.698382 0.398860
vt 0.766053 0.664123
vt 0.766177 0.656080
vt 0.737974 0.410311
vt 0.698588 0.410813
vt 0.738048 0.418880
vt 0.698718 0.419479
vt 0.746204 0.659224
vt 0.746204 0.670029
vt 0.740738 0.670029
vt 0.740738 0.659224
vt 0.728464 0.659224
vt 0.732795 0.659224
vt 0.732795 0.670029
vt 0.728464 0.670029
vt 0.728464 0.644546
vt 0.732795 0.644546
vt 0.723805 0.644546
vt 0.723805 0.659224
vt 0.736658 0.644546
vt 0.740738 0.644546
vt 0.736658 0.659224
vt 0.727230 0.137870
vt 0.751370 0.138064
vt 0.751295 0.149332
vt 0.727156 0.149332
vt 0.746204 0.630510
vt 0.746204 0.644546
vt 0.740738 0.630510
vt 0.728464 0.630510
vt 0.732795 0.630510
vt 0.723805 0.630510
vt 0.736658 0.630510
vt 0.744768 0.222341
vt 0.744768 0.231378
vt 0.739961 0.231378
vt 0.739961 0.222341
vt 0.727717 0.107613
vt 0.751800 0.108449
vt 0.751653 0.116188
vt 0.727531 0.115611
vt 0.751458 0.127379
vt 0.727325 0.127000
vt 0.736776 0.231378
vt 0.736776 0.222341
vt 0.739961 0.255393
vt 0.744768 0.255393
vt 0.744768 0.267746
vt 0.739961 0.267746
vt 0.736776 0.255393
vt 0.736776 0.267746
vt 0.687139 0.070929
vt 0.692413 0.070929
vt 0.692413 0.082707
vt 0.687139 0.082707
vt 0.487673 0.763980
vt 0.490692 0.759202
vt 0.492574 0.760274
vt 0.490993 0.765813
vt 0.687139 0.091376
vt 0.692413 0.091376
vt 0.687139 0.059667
vt 0.692413 0.059667
vt 0.729627 0.231378
vt 0.729627 0.243654
vt 0.726913 0.243654
vt 0.726913 0.231378
vt 0.739961 0.243654
vt 0.736776 0.243654
vt 0.729627 0.255393
vt 0.732150 0.255393
vt 0.732150 0.267746
vt 0.729627 0.267746
vt 0.744768 0.243654
vt 0.746906 0.965421
vt 0.739408 0.968334
vt 0.743845 0.961585
vt 0.745214 0.976040
vt 0.747734 0.970505
vt 0.731663 0.965453
vt 0.730922 0.970518
vt 0.739246 0.960092
vt 0.734666 0.961605
vt 0.733549 0.975962
vt 0.751419 0.970896
vt 0.749101 0.977835
vt 0.729718 0.977835
vt 0.727262 0.970977
vt 0.750543 0.963779
vt 0.739236 0.956751
vt 0.745686 0.958450
vt 0.732804 0.958490
vt 0.728012 0.963864
vt 0.736658 0.670029
vt 0.726913 0.222341
vt 0.726913 0.255393
vt 0.726913 0.267746
vt 0.485326 0.751487
vt 0.489841 0.751402
vt 0.489310 0.754582
vt 0.483503 0.754979
vt 0.489327 0.756518
vt 0.483429 0.758262
vt 0.734400 0.222341
vt 0.734400 0.231378
vt 0.734400 0.243654
vt 0.734400 0.255393
vt 0.734400 0.267746
vt 0.729627 0.222341
vt 0.732150 0.222341
vt 0.732150 0.231378
vt 0.723805 0.670029
vt 0.732150 0.243654
vt 0.484664 0.761605
vt 0.489724 0.757825
vt 0.723805 0.615741
vt 0.728464 0.615741
vt 0.687139 0.047816
vt 0.692413 0.047816
vt 0.492179 0.746764
vt 0.488047 0.746536
vt 0.736658 0.615741
vt 0.740738 0.615741
vt 0.732795 0.615741
vt 0.746204 0.615741
vt 0.723181 0.126937
vt 0.723083 0.137837
vt 0.757177 0.047213
vt 0.757201 0.058985
vt 0.735720 0.059156
vt 0.735760 0.047213
vt 0.757343 0.070392
vt 0.735831 0.070718
vt 0.723390 0.115517
vt 0.723580 0.107482
vt 0.464022 0.749986
vt 0.464026 0.744708
vt 0.757544 0.082168
vt 0.736139 0.082669
vt 0.723012 0.149332
vt 0.757707 0.090582
vt 0.736362 0.091297
vt 0.746204 0.572258
vt 0.740738 0.572258
vt 0.740738 0.561454
vt 0.746204 0.561454
vt 0.728464 0.572258
vt 0.728464 0.561454
vt 0.732795 0.561454
vt 0.732795 0.572258
vt 0.728464 0.586936
vt 0.732795 0.586936
vt 0.723805 0.572258
vt 0.723805 0.586936
vt 0.736658 0.586936
vt 0.736658 0.572258
vt 0.740738 0.586936
vt 0.727229 0.160745
vt 0.751369 0.160551
vt 0.746204 0.601036
vt 0.740738 0.601036
vt 0.746204 0.586936
vt 0.728464 0.601036
vt 0.732795 0.601036
vt 0.723805 0.601036
vt 0.736658 0.601036
vt 0.744768 0.313150
vt 0.739961 0.313150
vt 0.739961 0.304114
vt 0.744768 0.304114
vt 0.727717 0.191051
vt 0.727531 0.183053
vt 0.751653 0.182476
vt 0.751800 0.190215
vt 0.727325 0.171664
vt 0.751458 0.171286
vt 0.736776 0.304114
vt 0.736776 0.313150
vt 0.739961 0.280045
vt 0.744768 0.280045
vt 0.736776 0.280045
vt 0.687139 0.024703
vt 0.687139 0.012926
vt 0.692413 0.012926
vt 0.692413 0.024703
vt 0.088136 0.700860
vt 0.091106 0.698503
vt 0.093582 0.703704
vt 0.091903 0.705072
vt 0.687139 0.004257
vt 0.692413 0.004257
vt 0.687139 0.036017
vt 0.692413 0.036017
vt 0.729627 0.304114
vt 0.726913 0.304114
vt 0.726913 0.291837
vt 0.729627 0.291837
vt 0.739961 0.291837
vt 0.736776 0.291837
vt 0.729627 0.280045
vt 0.732150 0.280045
vt 0.744768 0.291837
vt 0.283720 0.750824
vt 0.288356 0.749341
vt 0.288283 0.757449
vt 0.279970 0.759554
vt 0.280381 0.754457
vt 0.296563 0.759533
vt 0.294330 0.765211
vt 0.293023 0.750651
vt 0.296053 0.754476
vt 0.282228 0.765213
vt 0.276071 0.760000
vt 0.277140 0.753023
vt 0.278464 0.766836
vt 0.281594 0.747496
vt 0.288553 0.745719
vt 0.294874 0.747858
vt 0.299313 0.752853
vt 0.300519 0.759938
vt 0.298128 0.766836
vt 0.736658 0.561454
vt 0.726913 0.313150
vt 0.726913 0.280045
vt 0.087888 0.713569
vt 0.085512 0.710427
vt 0.091304 0.709858
vt 0.092354 0.712906
vt 0.091001 0.707946
vt 0.084895 0.707201
vt 0.734400 0.313150
vt 0.734400 0.304114
vt 0.734400 0.291837
vt 0.734400 0.280045
vt 0.729627 0.313150
vt 0.732150 0.304114
vt 0.732150 0.313150
vt 0.723805 0.561454
vt 0.732150 0.291837
vt 0.085560 0.703700
vt 0.091176 0.706590
vt 0.095427 0.717093
vt 0.091390 0.718002
vt 0.723181 0.171726
vt 0.723082 0.160777
vt 0.735720 0.035323
vt 0.757201 0.035493
vt 0.735831 0.023707
vt 0.757343 0.024033
vt 0.723390 0.183147
vt 0.723580 0.191182
vt 0.067126 0.718574
vt 0.068002 0.723778
vt 0.736139 0.011756
vt 0.757544 0.012257
vt 0.757707 0.003843
vt 0.736362 0.003128
vt 0.672078 0.437509
vt 0.627994 0.437509
vt 0.627994 0.419780
vt 0.672078 0.419780
vt 0.583909 0.437509
vt 0.583910 0.419780
vt 0.539825 0.437509
vt 0.539825 0.419780
vt 0.495741 0.437509
vt 0.495741 0.419780
vt 0.451656 0.437509
vt 0.451656 0.419780
vt 0.627994 0.402051
vt 0.672078 0.402051
vt 0.583910 0.402051
vt 0.539825 0.402051
vt 0.495741 0.402051
vt 0.451656 0.402051
vt 0.627994 0.384321
vt 0.672078 0.384321
vt 0.583910 0.384321
vt 0.539825 0.384321
vt 0.495741 0.384321
vt 0.451656 0.384321
vt 0.627994 0.366592
vt 0.672078 0.366592
vt 0.583910 0.366592
vt 0.539825 0.366592
vt 0.495741 0.366592
vt 0.451656 0.366592
vt 0.627994 0.348863
vt 0.672078 0.348863
vt 0.583910 0.348863
vt 0.539825 0.348863
vt 0.495741 0.348863
vt 0.451656 0.348863
vt 0.627994 0.331133
vt 0.672078 0.331133
vt 0.583910 0.331133
vt 0.539825 0.331133
vt 0.495741 0.331133
vt 0.451656 0.331133
vt 0.627994 0.313404
vt 0.672078 0.313404
vt 0.583910 0.313404
vt 0.539825 0.313404
vt 0.495741 0.313404
vt 0.451656 0.313404
vt 0.627994 0.295675
vt 0.672078 0.295675
vt 0.583910 0.295675
vt 0.539825 0.295675
vt 0.495741 0.295675
vt 0.451656 0.295675
vt 0.627994 0.277946
vt 0.672078 0.277946
vt 0.583910 0.277946
vt 0.539825 0.277946
vt 0.495741 0.277946
vt 0.451656 0.277946
vt 0.627994 0.260216
vt 0.672078 0.260216
vt 0.583910 0.260216
vt 0.539825 0.260216
vt 0.495741 0.260216
vt 0.451656 0.260216
vt 0.627994 0.242487
vt 0.672078 0.242487
vt 0.583910 0.242487
vt 0.539825 0.242487
vt 0.495741 0.242487
vt 0.451656 0.242487
vt 0.627994 0.224758
vt 0.672078 0.224758
vt 0.583910 0.224758
vt 0.539825 0.224758
vt 0.495741 0.224758
vt 0.451656 0.224758
vt 0.627994 0.207028
vt 0.672078 0.207028
vt 0.583910 0.207028
vt 0.539825 0.207028
vt 0.495741 0.207028
vt 0.451656 0.207028
vt 0.627994 0.189299
vt 0.672078 0.189299
vt 0.583910 0.189299
vt 0.539825 0.189299
vt 0.495741 0.189299
vt 0.451656 0.189299
vt 0.627994 0.171570
vt 0.672078 0.171570
vt 0.583910 0.171570
vt 0.539825 0.171570
vt 0.495741 0.171570
vt 0.451656 0.171570
vt 0.627994 0.153840
vt 0.672078 0.153840
vt 0.583910 0.153840
vt 0.539825 0.153840
vt 0.495741 0.153840
vt 0.451656 0.153840
vt 0.627994 0.136111
vt 0.672078 0.136111
vt 0.583910 0.136111
vt 0.539825 0.136111
vt 0.495741 0.136111
vt 0.451656 0.136111
vt 0.627994 0.118382
vt 0.672079 0.118382
vt 0.583910 0.118382
vt 0.539825 0.118382
vt 0.495741 0.118382
vt 0.451656 0.118382
vt 0.627994 0.100653
vt 0.672079 0.100653
vt 0.583910 0.100652
vt 0.539825 0.100652
vt 0.495741 0.100652
vt 0.451656 0.100652
vt 0.627994 0.082923
vt 0.672079 0.082923
vt 0.583910 0.082923
vt 0.539825 0.082923
vt 0.495741 0.082923
vt 0.451656 0.082923
vt 0.627994 0.065194
vt 0.672079 0.065194
vt 0.583910 0.065194
vt 0.539825 0.065194
vt 0.495741 0.065194
vt 0.451656 0.065194
vt 0.627994 0.047465
vt 0.672079 0.047465
vt 0.583910 0.047465
vt 0.539825 0.047465
vt 0.495741 0.047465
vt 0.451656 0.047464
vt 0.627994 0.029735
vt 0.672079 0.029735
vt 0.583910 0.029735
vt 0.539825 0.029735
vt 0.495741 0.029735
vt 0.451656 0.029735
vt 0.627994 0.012006
vt 0.672079 0.012006
vt 0.583910 0.012006
vt 0.539825 0.012006
vt 0.495741 0.012006
vt 0.451656 0.012006
vt 0.672079 0.721178
vt 0.627994 0.721178
vt 0.627994 0.703449
vt 0.672079 0.703449
vt 0.583910 0.721178
vt 0.583910 0.703449
vt 0.539825 0.721178
vt 0.539825 0.703449
vt 0.495741 0.721178
vt 0.495741 0.703449
vt 0.451656 0.721178
vt 0.451656 0.703449
vt 0.627994 0.685720
vt 0.672079 0.685720
vt 0.583910 0.685720
vt 0.539825 0.685720
vt 0.495741 0.685720
vt 0.451656 0.685720
vt 0.627994 0.667990
vt 0.672079 0.667990
vt 0.583910 0.667990
vt 0.539825 0.667990
vt 0.495741 0.667990
vt 0.451656 0.667990
vt 0.627994 0.650261
vt 0.672079 0.650261
vt 0.583910 0.650261
vt 0.539825 0.650261
vt 0.495741 0.650261
vt 0.451656 0.650261
vt 0.627994 0.632532
vt 0.672079 0.632532
vt 0.583910 0.632532
vt 0.539825 0.632532
vt 0.495741 0.632532
vt 0.451656 0.632532
vt 0.627994 0.614802
vt 0.672078 0.614802
vt 0.583910 0.614802
vt 0.539825 0.614802
vt 0.495741 0.614802
vt 0.451656 0.614803
vt 0.627994 0.597073
vt 0.672078 0.597073
vt 0.583910 0.597073
vt 0.539825 0.597073
vt 0.495741 0.597073
vt 0.451656 0.597073
vt 0.627994 0.579344
vt 0.672078 0.579344
vt 0.583910 0.579344
vt 0.539825 0.579344
vt 0.495741 0.579344
vt 0.451656 0.579344
vt 0.627994 0.561614
vt 0.672078 0.561614
vt 0.583910 0.561614
vt 0.539825 0.561615
vt 0.495741 0.561615
vt 0.451656 0.561615
vt 0.627994 0.543885
vt 0.672078 0.543885
vt 0.583910 0.543885
vt 0.539825 0.543885
vt 0.495741 0.543885
vt 0.451656 0.543885
vt 0.627994 0.526156
vt 0.672078 0.526156
vt 0.583910 0.526156
vt 0.539825 0.526156
vt 0.495741 0.526156
vt 0.451656 0.526156
vt 0.627994 0.508427
vt 0.672078 0.508426
vt 0.583910 0.508427
vt 0.539825 0.508427
vt 0.495741 0.508427
vt 0.451656 0.508427
vt 0.627994 0.490697
vt 0.672078 0.490697
vt 0.583910 0.490697
vt 0.539825 0.490697
vt 0.495741 0.490697
vt 0.451656 0.490697
vt 0.627994 0.472968
vt 0.672078 0.472968
vt 0.583910 0.472968
vt 0.539825 0.472968
vt 0.495741 0.472968
vt 0.451656 0.472968
vt 0.627994 0.455239
vt 0.672078 0.455239
vt 0.583910 0.455239
vt 0.539825 0.455239
vt 0.495741 0.455239
vt 0.451656 0.455239
vt 0.002578 0.294697
vt 0.002582 0.277611
vt 0.060336 0.277624
vt 0.060332 0.294707
vt 0.118090 0.277636
vt 0.118087 0.294717
vt 0.175844 0.277649
vt 0.175841 0.294726
vt 0.233598 0.277662
vt 0.233595 0.294736
vt 0.002622 0.516825
vt 0.002613 0.499738
vt 0.060367 0.499709
vt 0.060376 0.516792
vt 0.118121 0.499680
vt 0.118130 0.516760
vt 0.175875 0.499651
vt 0.175884 0.516728
vt 0.233630 0.499621
vt 0.233639 0.516695
vt 0.002712 0.055483
vt 0.002729 0.038397
vt 0.060483 0.038455
vt 0.060467 0.055538
vt 0.118238 0.038513
vt 0.118221 0.055593
vt 0.175992 0.038571
vt 0.175975 0.055648
vt 0.233746 0.038630
vt 0.233729 0.055703
vt 0.002586 0.260524
vt 0.060340 0.260540
vt 0.118094 0.260556
vt 0.175849 0.260572
vt 0.233603 0.260589
vt 0.002604 0.482651
vt 0.060359 0.482625
vt 0.118113 0.482599
vt 0.175867 0.482574
vt 0.233621 0.482548
vt 0.002747 0.021310
vt 0.060501 0.021371
vt 0.118255 0.021433
vt 0.176009 0.021494
vt 0.233764 0.021556
vt 0.002591 0.243437
vt 0.060345 0.243457
vt 0.118100 0.243476
vt 0.175854 0.243495
vt 0.233608 0.243515
vt 0.002597 0.465565
vt 0.060352 0.465542
vt 0.118106 0.465519
vt 0.175860 0.465496
vt 0.233614 0.465474
vt 0.002766 0.004223
vt 0.060520 0.004288
vt 0.118274 0.004353
vt 0.176028 0.004417
vt 0.233782 0.004482
vt 0.002597 0.226350
vt 0.060352 0.226373
vt 0.118106 0.226396
vt 0.175860 0.226418
vt 0.233614 0.226441
vt 0.002591 0.448478
vt 0.060345 0.448458
vt 0.118100 0.448439
vt 0.175854 0.448420
vt 0.233608 0.448400
vt 0.002765 0.687692
vt 0.002747 0.670605
vt 0.060501 0.670543
vt 0.060520 0.687627
vt 0.118255 0.670482
vt 0.118274 0.687562
vt 0.176009 0.670420
vt 0.176028 0.687498
vt 0.233764 0.670359
vt 0.233782 0.687433
vt 0.002605 0.209264
vt 0.060359 0.209290
vt 0.118113 0.209316
vt 0.175867 0.209341
vt 0.233621 0.209367
vt 0.002586 0.431391
vt 0.060340 0.431375
vt 0.118094 0.431359
vt 0.175849 0.431342
vt 0.233603 0.431326
vt 0.002729 0.653518
vt 0.060483 0.653460
vt 0.118237 0.653402
vt 0.175992 0.653343
vt 0.233746 0.653285
vt 0.002613 0.192177
vt 0.060367 0.192206
vt 0.118121 0.192235
vt 0.175875 0.192264
vt 0.233630 0.192294
vt 0.002582 0.414304
vt 0.060336 0.414291
vt 0.118090 0.414278
vt 0.175844 0.414266
vt 0.233598 0.414253
vt 0.002712 0.636432
vt 0.060466 0.636377
vt 0.118221 0.636321
vt 0.175975 0.636266
vt 0.233729 0.636211
vt 0.002622 0.175090
vt 0.060376 0.175123
vt 0.118130 0.175155
vt 0.175884 0.175187
vt 0.233639 0.175220
vt 0.002578 0.397218
vt 0.060332 0.397208
vt 0.118087 0.397198
vt 0.175841 0.397188
vt 0.233595 0.397179
vt 0.002696 0.619345
vt 0.060451 0.619293
vt 0.118205 0.619241
vt 0.175959 0.619190
vt 0.233713 0.619138
vt 0.002632 0.158004
vt 0.060386 0.158039
vt 0.118140 0.158075
vt 0.175895 0.158110
vt 0.233649 0.158146
vt 0.002576 0.380131
vt 0.060330 0.380124
vt 0.118084 0.380118
vt 0.175838 0.380111
vt 0.233593 0.380105
vt 0.002682 0.602258
vt 0.060436 0.602210
vt 0.118190 0.602161
vt 0.175944 0.602113
vt 0.233698 0.602064
vt 0.002643 0.140917
vt 0.060397 0.140956
vt 0.118151 0.140995
vt 0.175906 0.141033
vt 0.233660 0.141072
vt 0.002574 0.363044
vt 0.060329 0.363041
vt 0.118083 0.363038
vt 0.175837 0.363034
vt 0.233591 0.363031
vt 0.002668 0.585172
vt 0.060422 0.585126
vt 0.118176 0.585081
vt 0.175930 0.585036
vt 0.233685 0.584990
vt 0.002655 0.123830
vt 0.060409 0.123872
vt 0.118163 0.123914
vt 0.175918 0.123956
vt 0.233672 0.123999
vt 0.002574 0.345957
vt 0.060328 0.345957
vt 0.118082 0.345957
vt 0.175837 0.345957
vt 0.233591 0.345957
vt 0.002655 0.568085
vt 0.060409 0.568043
vt 0.118163 0.568001
vt 0.175917 0.567959
vt 0.233672 0.567916
vt 0.002668 0.106743
vt 0.060422 0.106789
vt 0.118176 0.106834
vt 0.175930 0.106879
vt 0.233685 0.106925
vt 0.002574 0.328871
vt 0.060329 0.328874
vt 0.118083 0.328877
vt 0.175837 0.328880
vt 0.233591 0.328884
vt 0.002643 0.550998
vt 0.060397 0.550959
vt 0.118151 0.550920
vt 0.175905 0.550882
vt 0.233660 0.550843
vt 0.002682 0.089657
vt 0.060436 0.089705
vt 0.118190 0.089754
vt 0.175944 0.089802
vt 0.233698 0.089851
vt 0.002576 0.311784
vt 0.060330 0.311790
vt 0.118084 0.311797
vt 0.175838 0.311803
vt 0.233593 0.311810
vt 0.002632 0.533911
vt 0.060386 0.533876
vt 0.118140 0.533840
vt 0.175894 0.533805
vt 0.233649 0.533769
vt 0.002697 0.072570
vt 0.060451 0.072622
vt 0.118205 0.072674
vt 0.175959 0.072725
vt 0.233713 0.072777
s 1
usemtl metal_trash_can_rust
f 882/1/1 1243/2/1 1242/3/2 883/4/3
f 883/4/3 1242/3/2 1244/5/4 884/6/4
f 884/6/4 1244/5/4 1245/7/5 885/8/5
f 885/8/5 1245/7/5 1246/9/6 886/10/7
f 886/10/7 1246/9/6 1247/11/8 887/12/9
f 887/12/9 1247/11/8 1248/13/10 888/14/11
f 888/14/11 1248/13/10 1249/15/12 889/16/12
f 889/16/12 1249/15/12 1250/17/13 890/18/14
f 890/18/14 1250/17/13 1251/19/15 891/20/16
f 891/20/16 1251/19/15 1252/21/17 892/22/18
f 892/22/18 1252/21/17 1253/23/19 893/24/19
f 893/24/19 1253/23/19 1254/25/20 894/26/20
f 894/26/20 1254/25/20 1255/27/21 895/28/22
f 895/28/22 1255/27/21 1256/29/23 896/30/24
f 896/30/24 1256/29/23 1257/31/25 897/32/25
f 897/32/25 1257/31/25 1258/33/26 898/34/26
f 898/34/26 1258/33/26 1259/35/27 899/36/27
f 899/36/27 1259/35/27 1260/37/28 900/38/28
f 900/38/28 1260/37/28 1261/39/29 901/40/29
f 901/40/29 1261/39/29 1262/41/30 902/42/30
f 902/42/30 1262/41/30 1263/43/31 903/44/32
f 903/44/32 1263/43/31 1264/45/33 904/46/34
f 904/46/34 1264/45/33 1265/47/35 905/48/36
f 905/48/36 1265/47/35 1266/49/37 906/50/38
f 906/51/38 1266/52/37 1267/53/39 907/54/40
f 907/54/40 1267/53/39 1268/55/41 908/56/42
f 908/56/42 1268/55/41 1269/57/43 909/58/44
f 909/58/44 1269/57/43 1270/59/45 910/60/46
f 910/60/46 1270/59/45 1271/61/47 911/62/47
f 911/62/47 1271/61/47 1272/63/48 912/64/48
f 912/64/48 1272/63/48 1273/65/49 913/66/50
f 913/66/50 1273/65/49 1274/67/51 914/68/51
f 914/68/51 1274/67/51 1275/69/52 915/70/52
f 915/70/52 1275/69/52 1276/71/53 916/72/54
f 916/72/54 1276/71/53 1277/73/55 917/74/56
f 917/74/56 1277/73/55 1278/75/57 918/76/57
f 918/76/57 1278/75/57 1279/77/58 919/78/58
f 919/78/58 1279/77/58 1280/79/59 920/80/60
f 920/80/60 1280/79/59 1281/81/61 921/82/61
f 921/82/61 1281/81/61 1243/2/1 882/1/1
f 82/83/62 245/84/63 247/85/64 83/86/65
f 318/87/66 320/88/67 322/89/68 323/90/69
f 119/91/70 319/92/71 321/93/72 120/94/73
f 118/95/74 317/96/75 319/92/71 119/91/70
f 117/97/76 315/98/77 317/96/75 118/95/74
f 116/99/78 313/100/79 315/98/77 117/97/76
f 115/101/80 311/102/81 313/100/79 116/99/78
f 114/103/82 309/104/83 311/102/81 115/101/80
f 113/105/84 307/106/85 309/104/83 114/103/82
f 112/107/86 305/108/87 307/106/85 113/105/84
f 111/109/88 303/110/89 305/108/87 112/107/86
f 110/111/90 301/112/91 303/110/89 111/109/88
f 109/113/92 299/114/93 301/112/91 110/111/90
f 108/115/94 297/116/95 299/114/93 109/113/92
f 107/117/96 295/118/97 297/116/95 108/115/94
f 106/119/98 293/120/99 295/118/97 107/117/96
f 105/121/100 291/122/101 293/120/99 106/119/98
f 104/123/102 289/124/103 291/125/101 105/126/100
f 103/127/104 287/128/105 289/124/103 104/123/102
f 102/129/106 285/130/107 287/128/105 103/127/104
f 101/131/108 283/132/109 285/130/107 102/129/106
f 100/133/110 281/134/111 283/132/109 101/131/108
f 99/135/112 279/136/113 281/134/111 100/133/110
f 98/137/114 277/138/115 279/136/113 99/135/112
f 97/139/116 275/140/117 277/138/115 98/137/114
f 96/141/118 273/142/119 275/140/117 97/139/116
f 95/143/120 271/144/121 273/142/119 96/141/118
f 94/145/122 269/146/123 271/144/121 95/143/120
f 93/147/124 267/148/125 269/146/123 94/145/122
f 92/149/126 265/150/127 267/148/125 93/147/124
f 91/151/128 263/152/129 265/150/127 92/149/126
f 90/153/130 261/154/131 263/152/129 91/151/128
f 89/155/132 259/156/133 261/154/131 90/153/130
f 88/157/134 257/158/135 259/156/133 89/155/132
f 87/159/136 255/160/137 257/158/135 88/157/134
f 86/161/138 253/162/139 255/160/137 87/159/136
f 85/163/140 251/164/141 253/162/139 86/161/138
f 84/165/142 249/166/143 251/164/141 85/163/140
f 83/86/65 247/85/64 249/166/143 84/165/142
f 120/94/73 321/93/72 242/167/144 121/168/145
f 127/169/146 171/170/147 173/171/148 128/172/149
f 153/173/150 223/174/151 225/175/152 154/176/153
f 1/177/154 133/178/155 134/179/155
f 125/180/156 167/181/157 169/182/158 126/183/159
f 1/177/154 159/184/160 160/185/161
f 1/177/154 124/186/162 125/187/163
f 151/188/164 219/189/165 221/190/166 152/191/167
f 1/177/154 150/192/168 151/193/169
f 124/194/170 165/195/171 167/181/157 125/180/156
f 150/196/172 217/197/173 219/189/165 151/188/164
f 1/177/154 141/198/174 142/199/175
f 122/200/176 240/201/177 163/202/178 123/203/179
f 149/204/180 215/205/181 217/197/173 150/196/172
f 1/177/154 132/206/155 133/178/155
f 123/203/179 163/202/178 165/195/171 124/194/170
f 1/177/154 158/207/182 159/184/160
f 1/177/154 123/208/183 124/186/162
f 148/209/184 213/210/185 215/205/181 149/204/180
f 1/177/154 149/211/168 150/192/168
f 147/212/186 211/213/187 213/210/185 148/209/184
f 1/177/154 140/214/188 141/198/174
f 146/215/189 209/216/190 211/213/187 147/212/186
f 1/177/154 131/217/155 132/206/155
f 1/177/154 157/218/191 158/207/182
f 145/219/192 207/220/193 209/221/190 146/222/189
f 1/177/154 148/223/194 149/211/168
f 1/177/154 122/224/195 123/208/183
f 144/225/196 205/226/197 207/220/193 145/219/192
f 1/177/154 139/227/155 140/214/188
f 143/228/198 203/229/199 205/226/197 144/225/196
f 1/177/154 130/230/155 131/217/155
f 1/177/154 156/231/200 157/218/191
f 142/232/201 201/233/202 203/229/199 143/228/198
f 1/177/154 147/234/203 148/223/194
f 141/235/204 199/236/205 201/233/202 142/232/201
f 1/177/154 138/237/155 139/227/155
f 140/238/206 197/239/207 199/236/205 141/235/204
f 1/177/154 129/240/208 130/230/155
f 1/177/154 155/241/209 156/231/200
f 139/242/210 195/243/211 197/239/207 140/238/206
f 83/86/212 84/165/213 166/244/214 164/245/215
f 82/83/216 83/86/212 164/245/215 162/246/217
f 84/165/213 85/163/218 168/247/219 166/244/214
f 126/183/159 169/182/158 171/170/147 127/169/146
f 85/163/218 86/161/220 170/248/221 168/247/219
f 86/161/220 87/159/222 172/249/223 170/248/221
f 87/159/222 88/157/222 174/250/224 172/249/223
f 88/157/222 89/155/222 176/251/225 174/250/224
f 89/155/222 90/153/222 178/252/226 176/251/225
f 90/153/222 91/151/227 180/253/228 178/252/226
f 91/151/227 92/149/229 182/254/230 180/253/228
f 92/149/229 93/147/231 184/255/232 182/254/230
f 93/147/231 94/145/233 186/256/234 184/255/232
f 94/145/233 95/143/235 188/257/236 186/256/234
f 95/143/235 96/141/237 190/258/238 188/257/236
f 96/141/237 97/139/239 192/259/240 190/258/238
f 97/139/239 98/137/241 194/260/242 192/259/240
f 99/135/243 100/133/244 198/261/245 196/262/246
f 100/133/244 101/131/247 200/263/248 198/261/245
f 101/131/247 102/129/249 202/264/250 200/263/248
f 102/129/249 103/127/251 204/265/252 202/264/250
f 103/127/251 104/123/253 206/266/254 204/265/252
f 104/123/253 105/126/255 208/267/256 206/266/254
f 105/121/255 106/119/257 210/268/258 208/269/256
f 106/119/257 107/117/259 212/270/260 210/268/258
f 107/117/259 108/115/261 214/271/262 212/270/260
f 108/115/261 109/113/263 216/272/264 214/271/262
f 109/113/263 110/111/265 218/273/266 216/272/264
f 110/111/265 111/109/218 220/274/267 218/273/266
f 152/191/167 221/190/166 223/174/151 153/173/150
f 111/109/218 112/107/268 222/275/269 220/274/267
f 112/107/268 113/105/270 224/276/271 222/275/269
f 113/105/270 114/103/272 226/277/273 224/276/271
f 114/103/272 115/101/274 228/278/275 226/277/273
f 115/101/274 116/99/276 230/279/277 228/278/275
f 116/99/276 117/97/278 232/280/279 230/279/277
f 117/97/278 118/95/280 234/281/281 232/280/279
f 118/95/280 119/91/282 236/282/283 234/281/281
f 119/91/282 120/94/284 238/283/285 236/282/283
f 120/94/284 121/168/286 241/284/287 238/283/285
f 1/177/154 142/199/175 143/285/288
f 154/176/153 225/175/152 227/286/289 155/287/290
f 128/172/149 173/171/148 175/288/291 129/289/292
f 1/177/154 151/193/169 152/290/293
f 155/287/290 227/286/289 229/291/294 156/292/295
f 1/177/154 125/187/163 126/293/208
f 129/289/292 175/288/291 177/294/296 130/295/297
f 1/177/154 160/185/161 161/296/298
f 1/177/154 134/179/155 135/297/155
f 156/292/295 229/291/294 231/298/299 157/299/300
f 130/295/297 177/294/296 179/300/301 131/301/302
f 1/177/154 143/285/288 144/302/303
f 157/299/300 231/298/299 233/303/304 158/304/305
f 131/301/302 179/300/301 181/305/306 132/306/307
f 1/177/154 152/290/293 153/307/308
f 158/304/305 233/303/304 235/308/309 159/309/310
f 1/177/154 126/293/208 127/310/208
f 1/177/154 161/296/298 122/224/195
f 132/306/307 181/305/306 183/311/311 133/312/312
f 1/177/154 135/297/155 136/313/155
f 159/309/310 235/308/309 237/314/313 160/315/314
f 133/312/312 183/311/311 185/316/315 134/317/316
f 1/177/154 144/302/303 145/318/317
f 160/315/314 237/314/313 239/319/318 161/320/319
f 134/317/316 185/316/315 187/321/320 135/322/321
f 1/177/154 153/307/308 154/323/209
f 161/320/319 239/319/318 240/201/177 122/200/176
f 1/177/154 127/310/208 128/324/208
f 135/322/321 187/321/320 189/325/322 136/326/323
f 1/177/154 136/313/155 137/327/155
f 136/326/323 189/325/322 191/328/324 137/329/325
f 1/177/154 145/318/317 146/330/326
f 137/329/325 191/328/324 193/331/327 138/332/328
f 1/177/154 154/323/209 155/241/209
f 1/177/154 128/324/208 129/240/208
f 138/332/328 193/331/327 195/243/211 139/242/210
f 1/177/154 137/327/155 138/237/155
f 98/137/241 99/135/243 196/262/246 194/260/242
f 1/177/154 146/333/326 147/234/203
f 241/284/287 162/246/217 163/202/178 240/201/177
f 162/246/217 164/245/215 165/195/171 163/202/178
f 164/245/215 166/244/214 167/181/157 165/195/171
f 166/244/214 168/247/219 169/182/158 167/181/157
f 168/247/219 170/248/221 171/170/147 169/182/158
f 170/248/221 172/249/223 173/171/148 171/170/147
f 172/249/223 174/250/224 175/288/291 173/171/148
f 174/250/224 176/251/225 177/294/296 175/288/291
f 176/251/225 178/252/226 179/300/301 177/294/296
f 178/252/226 180/253/228 181/305/306 179/300/301
f 180/253/228 182/254/230 183/311/311 181/305/306
f 182/254/230 184/255/232 185/316/315 183/311/311
f 184/255/232 186/256/234 187/321/320 185/316/315
f 186/256/234 188/257/236 189/325/322 187/321/320
f 188/257/236 190/258/238 191/328/324 189/325/322
f 190/258/238 192/259/240 193/331/327 191/328/324
f 192/259/240 194/260/242 195/243/211 193/331/327
f 194/260/242 196/262/246 197/239/207 195/243/211
f 196/262/246 198/261/245 199/236/205 197/239/207
f 198/261/245 200/263/248 201/233/202 199/236/205
f 200/263/248 202/264/250 203/229/199 201/233/202
f 202/264/250 204/265/252 205/226/197 203/229/199
f 204/265/252 206/266/254 207/220/193 205/226/197
f 206/266/254 208/267/256 209/221/190 207/220/193
f 208/269/256 210/268/258 211/213/187 209/216/190
f 210/268/258 212/270/260 213/210/185 211/213/187
f 212/270/260 214/271/262 215/205/181 213/210/185
f 214/271/262 216/272/264 217/197/173 215/205/181
f 216/272/264 218/273/266 219/189/165 217/197/173
f 218/273/266 220/274/267 221/190/166 219/189/165
f 220/274/267 222/275/269 223/174/151 221/190/166
f 222/275/269 224/276/271 225/175/152 223/174/151
f 224/276/271 226/277/273 227/286/289 225/175/152
f 226/277/273 228/278/275 229/291/294 227/286/289
f 228/278/275 230/279/277 231/298/299 229/291/294
f 230/279/277 232/280/279 233/303/304 231/298/299
f 232/280/279 234/281/281 235/308/309 233/303/304
f 234/281/281 236/282/283 237/314/313 235/308/309
f 236/282/283 238/283/285 239/319/318 237/314/313
f 238/283/285 241/284/287 240/201/177 239/319/318
f 121/168/286 82/83/216 162/246/217 241/284/287
f 320/88/67 81/334/329 42/335/330 243/336/331
f 244/337/332 43/338/333 44/339/334 246/340/335
f 246/340/335 44/339/334 45/341/336 248/342/337
f 248/342/337 45/341/336 46/343/338 250/344/339
f 250/344/339 46/343/338 47/345/340 252/346/341
f 252/346/341 47/345/340 48/347/342 254/348/343
f 254/348/343 48/347/342 49/349/344 256/350/345
f 256/350/345 49/349/344 50/351/346 258/352/347
f 258/352/347 50/351/346 51/353/348 260/354/349
f 260/354/349 51/353/348 52/355/350 262/356/351
f 262/356/351 52/355/350 53/357/352 264/358/353
f 264/358/353 53/357/352 54/359/354 266/360/355
f 266/360/355 54/359/354 55/361/356 268/362/357
f 268/362/357 55/361/356 56/363/358 270/364/359
f 270/364/359 56/363/358 57/365/360 272/366/361
f 272/366/361 57/365/360 58/367/362 274/368/363
f 274/368/363 58/367/362 59/369/364 276/370/365
f 276/370/365 59/369/364 60/371/366 278/372/367
f 278/372/367 60/371/366 61/373/368 280/374/369
f 280/374/369 61/373/368 62/375/370 282/376/371
f 282/376/371 62/375/370 63/377/372 284/378/373
f 284/378/373 63/377/372 64/379/374 286/380/375
f 286/380/375 64/379/374 65/381/376 288/382/377
f 288/382/377 65/381/376 66/383/378 290/384/379
f 290/385/379 66/386/378 67/387/380 292/388/381
f 292/388/381 67/387/380 68/389/382 294/390/383
f 294/390/383 68/389/382 69/391/384 296/392/385
f 296/392/385 69/391/384 70/393/386 298/394/387
f 298/394/387 70/393/386 71/395/388 300/396/389
f 300/396/389 71/395/388 72/397/390 302/398/391
f 302/398/391 72/397/390 73/399/392 304/400/393
f 304/400/393 73/399/392 74/401/394 306/402/395
f 306/402/395 74/401/394 75/403/396 308/404/397
f 308/404/397 75/403/396 76/405/398 310/406/399
f 310/406/399 76/405/398 77/407/400 312/408/401
f 312/408/401 77/407/400 78/409/402 314/410/403
f 314/410/403 78/409/402 79/411/404 316/412/405
f 316/412/405 79/411/404 80/413/406 318/87/66
f 318/87/66 80/413/406 81/334/329 320/88/67
f 121/168/145 242/167/144 245/84/63 82/83/62
f 243/336/331 244/337/332 360/414/407 361/415/408
f 244/337/332 246/340/335 359/416/409 360/414/407
f 246/340/335 248/342/337 358/417/410 359/416/409
f 248/342/337 250/344/339 357/418/411 358/417/410
f 250/344/339 252/346/341 356/419/412 357/418/411
f 252/346/341 254/348/343 355/420/413 356/419/412
f 254/348/343 256/350/345 354/421/414 355/420/413
f 256/350/345 258/352/347 353/422/415 354/421/414
f 258/352/347 260/354/349 352/423/416 353/422/415
f 260/354/349 262/356/351 351/424/417 352/423/416
f 262/356/351 264/358/353 350/425/418 351/424/417
f 264/358/353 266/360/355 349/426/419 350/425/418
f 266/360/355 268/362/357 348/427/420 349/426/419
f 268/362/357 270/364/359 347/428/421 348/427/420
f 270/364/359 272/366/361 346/429/422 347/428/421
f 272/366/361 274/368/363 345/430/423 346/429/422
f 274/368/363 276/370/365 344/431/424 345/430/423
f 276/370/365 278/372/367 343/432/425 344/431/424
f 278/372/367 280/374/369 342/433/426 343/432/425
f 280/374/369 282/376/371 341/434/427 342/433/426
f 282/376/371 284/378/373 340/435/428 341/434/427
f 284/378/373 286/380/375 339/436/429 340/435/428
f 286/380/375 288/382/377 338/437/430 339/436/429
f 288/382/377 290/384/379 337/438/431 338/437/430
f 290/385/379 292/388/381 336/439/432 337/440/431
f 292/388/381 294/390/383 335/441/433 336/439/432
f 294/390/383 296/392/385 334/442/434 335/441/433
f 296/392/385 298/394/387 333/443/435 334/442/434
f 298/394/387 300/396/389 332/444/436 333/443/435
f 300/396/389 302/398/391 331/445/437 332/444/436
f 302/398/391 304/400/393 330/446/438 331/445/437
f 304/400/393 306/402/395 329/447/439 330/446/438
f 306/402/395 308/404/397 328/448/440 329/447/439
f 308/404/397 310/406/399 327/449/441 328/448/440
f 310/406/399 312/408/401 326/450/442 327/449/441
f 312/408/401 314/410/403 325/451/443 326/450/442
f 314/410/403 316/412/405 324/452/444 325/451/443
f 316/412/405 318/87/66 323/90/69 324/452/444
f 320/88/67 243/336/331 361/415/408 322/89/68
f 243/336/331 42/335/330 43/338/333 244/337/332
f 323/90/69 322/89/68 321/93/72 319/92/71
f 324/452/444 323/90/69 319/92/71 317/96/75
f 325/451/443 324/452/444 317/96/75 315/98/77
f 326/450/442 325/451/443 315/98/77 313/100/79
f 327/449/441 326/450/442 313/100/79 311/102/81
f 328/448/440 327/449/441 311/102/81 309/104/83
f 329/447/439 328/448/440 309/104/83 307/106/85
f 330/446/438 329/447/439 307/106/85 305/108/87
f 331/445/437 330/446/438 305/108/87 303/110/89
f 332/444/436 331/445/437 303/110/89 301/112/91
f 333/443/435 332/444/436 301/112/91 299/114/93
f 334/442/434 333/443/435 299/114/93 297/116/95
f 335/441/433 334/442/434 297/116/95 295/118/97
f 336/439/432 335/441/433 295/118/97 293/120/99
f 337/440/431 336/439/432 293/120/99 291/122/101
f 338/437/430 337/438/431 291/125/101 289/124/103
f 339/436/429 338/437/430 289/124/103 287/128/105
f 340/435/428 339/436/429 287/128/105 285/130/107
f 341/434/427 340/435/428 285/130/107 283/132/109
f 342/433/426 341/434/427 283/132/109 281/134/111
f 343/432/425 342/433/426 281/134/111 279/136/113
f 344/431/424 343/432/425 279/136/113 277/138/115
f 345/430/423 344/431/424 277/138/115 275/140/117
f 346/429/422 345/430/423 275/140/117 273/142/119
f 347/428/421 346/429/422 273/142/119 271/144/121
f 348/427/420 347/428/421 271/144/121 269/146/123
f 349/426/419 348/427/420 269/146/123 267/148/125
f 350/425/418 349/426/419 267/148/125 265/150/127
f 351/424/417 350/425/418 265/150/127 263/152/129
f 352/423/416 351/424/417 263/152/129 261/154/131
f 353/422/415 352/423/416 261/154/131 259/156/133
f 354/421/414 353/422/415 259/156/133 257/158/135
f 355/420/413 354/421/414 257/158/135 255/160/137
f 356/419/412 355/420/413 255/160/137 253/162/139
f 357/418/411 356/419/412 253/162/139 251/164/141
f 358/417/410 357/418/411 251/164/141 249/166/143
f 359/416/409 358/417/410 249/166/143 247/85/64
f 360/414/407 359/416/409 247/85/64 245/84/63
f 361/415/408 360/414/407 245/84/63 242/167/144
f 322/89/68 361/415/408 242/167/144 321/93/72
f 2299/453/445 401/454/446 362/455/447 2310/456/448
f 2293/457/449 400/458/450 401/454/446 2299/453/445
f 2287/459/451 399/460/452 400/458/450 2293/457/449
f 2281/461/453 398/462/454 399/460/452 2287/459/451
f 2275/463/455 397/464/456 398/462/454 2281/461/453
f 2269/465/457 396/466/458 397/464/456 2275/463/455
f 2263/467/459 395/468/460 396/466/458 2269/465/457
f 2257/469/461 394/470/462 395/468/460 2263/467/459
f 2251/471/463 393/472/464 394/470/462 2257/469/461
f 2245/473/465 392/474/466 393/472/464 2251/471/463
f 2239/475/467 391/476/468 392/474/466 2245/473/465
f 2233/477/469 390/478/470 391/476/468 2239/475/467
f 2227/479/471 389/480/472 390/478/470 2233/477/469
f 2221/481/473 388/482/474 389/480/472 2227/479/471
f 2215/483/475 387/484/476 388/482/474 2221/481/473
f 2209/485/477 386/486/478 387/484/476 2215/483/475
f 2203/487/479 385/488/480 386/489/478 2209/490/477
f 2197/491/481 384/492/482 385/488/480 2203/487/479
f 2191/493/483 383/494/484 384/492/482 2197/491/481
f 2185/495/485 382/496/486 383/494/484 2191/493/483
f 2179/497/487 381/498/488 382/496/486 2185/495/485
f 2173/499/489 380/500/490 381/498/488 2179/497/487
f 2167/501/491 379/502/492 380/500/490 2173/499/489
f 2161/503/493 378/504/494 379/502/492 2167/501/491
f 2155/505/495 377/506/496 378/504/494 2161/503/493
f 2149/507/497 376/508/498 377/506/496 2155/505/495
f 2143/509/499 375/510/500 376/508/498 2149/507/497
f 2137/511/501 374/512/502 375/510/500 2143/509/499
f 2131/513/503 373/514/504 374/512/502 2137/511/501
f 2125/515/505 372/516/506 373/514/504 2131/513/503
f 2119/517/507 371/518/508 372/516/506 2125/515/505
f 2113/519/509 370/520/510 371/518/508 2119/517/507
f 2107/521/511 369/522/512 370/520/510 2113/519/509
f 2101/523/513 368/524/514 369/522/512 2107/521/511
f 2095/525/515 367/526/516 368/524/514 2101/523/513
f 2089/527/517 366/528/518 367/526/516 2095/525/515
f 2083/529/519 365/530/520 366/528/518 2089/527/517
f 2077/531/521 364/532/522 365/530/520 2083/529/519
f 2071/533/523 363/534/524 364/532/522 2077/531/521
f 2310/456/448 362/455/447 363/534/524 2071/533/523
f 1241/535/525 441/536/526 402/537/527 1202/538/528
f 1240/539/529 440/540/530 441/536/526 1241/535/525
f 1239/541/531 439/542/532 440/540/530 1240/539/529
f 1238/543/533 438/544/534 439/542/532 1239/541/531
f 1237/545/535 437/546/536 438/544/534 1238/543/533
f 1236/547/537 436/548/538 437/546/536 1237/545/535
f 1235/549/539 435/550/540 436/548/538 1236/547/537
f 1234/551/541 434/552/542 435/550/540 1235/549/539
f 1233/553/543 433/554/544 434/552/542 1234/551/541
f 1232/555/545 432/556/546 433/554/544 1233/553/543
f 1231/557/547 431/558/548 432/556/546 1232/555/545
f 1230/559/549 430/560/550 431/558/548 1231/557/547
f 1229/561/551 429/562/552 430/560/550 1230/559/549
f 1228/563/553 428/564/554 429/562/552 1229/561/551
f 1227/565/555 427/566/556 428/564/554 1228/563/553
f 1226/567/557 426/568/558 427/566/556 1227/565/555
f 1225/569/559 425/570/560 426/571/558 1226/572/557
f 1224/573/561 424/574/562 425/570/560 1225/569/559
f 1223/575/563 423/576/564 424/574/562 1224/573/561
f 1222/577/565 422/578/566 423/576/564 1223/575/563
f 1221/579/567 421/580/568 422/578/566 1222/577/565
f 1220/581/569 420/582/570 421/580/568 1221/579/567
f 1219/583/571 419/584/572 420/582/570 1220/581/569
f 1218/585/573 418/586/574 419/584/572 1219/583/571
f 1217/587/575 417/588/576 418/586/574 1218/585/573
f 1216/589/577 416/590/578 417/588/576 1217/587/575
f 1215/591/579 415/592/580 416/590/578 1216/589/577
f 1214/593/581 414/594/582 415/592/580 1215/591/579
f 1213/595/583 413/596/584 414/594/582 1214/593/581
f 1212/597/585 412/598/586 413/596/584 1213/595/583
f 1211/599/587 411/600/588 412/598/586 1212/597/585
f 1210/601/589 410/602/590 411/600/588 1211/599/587
f 1209/603/591 409/604/592 410/602/590 1210/601/589
f 1208/605/593 408/606/594 409/604/592 1209/603/591
f 1207/607/595 407/608/596 408/606/594 1208/605/593
f 1206/609/597 406/610/598 407/608/596 1207/607/595
f 1205/611/599 405/612/600 406/610/598 1206/609/597
f 1204/613/601 404/614/602 405/612/600 1205/611/599
f 1203/615/603 403/616/604 404/614/602 1204/613/601
f 1202/538/528 402/537/527 403/616/604 1203/615/603
f 488/617/605 613/618/606 615/619/607 489/620/608
f 449/621/609 570/622/610 572/623/611 448/624/612
f 475/625/613 571/626/614 573/627/615 474/628/616
f 515/629/617 614/630/618 616/631/619 516/632/620
f 489/620/608 615/619/607 617/633/621 490/634/622
f 448/624/612 572/623/611 574/635/623 447/636/624
f 474/628/616 573/627/615 575/637/625 473/638/626
f 516/632/620 616/631/619 619/639/627 517/640/628
f 490/634/622 617/633/621 621/641/629 491/642/630
f 447/636/624 574/635/623 576/643/631 446/644/632
f 473/638/626 575/637/625 577/645/633 472/646/634
f 517/640/628 619/639/627 618/647/635 518/648/636
f 491/642/630 621/641/629 620/649/637 492/650/638
f 446/644/632 576/643/631 579/651/639 445/652/640
f 472/646/634 577/645/633 581/653/641 471/654/642
f 518/648/636 618/647/635 641/655/643 519/656/644
f 492/650/638 620/649/637 640/657/645 493/658/646
f 445/652/640 579/651/639 578/659/647 444/660/648
f 471/654/642 581/653/641 580/661/649 470/662/650
f 519/656/644 641/655/643 639/663/651 520/664/652
f 493/658/646 640/657/645 638/665/653 494/666/654
f 444/660/648 578/659/647 601/667/655 443/668/656
f 470/662/650 580/661/649 600/669/657 469/670/658
f 494/666/654 638/665/653 637/671/659 495/672/660
f 443/668/656 601/667/655 599/673/661 442/674/662
f 469/670/658 600/669/657 598/675/663 468/676/664
f 495/672/660 637/671/659 636/677/665 496/678/666
f 468/676/664 598/675/663 597/679/667 467/680/668
f 496/678/666 636/677/665 635/681/669 497/682/670
f 467/680/668 597/679/667 596/683/671 466/684/672
f 497/682/670 635/681/669 634/685/673 498/686/674
f 466/684/672 596/683/671 595/687/675 465/688/676
f 498/686/674 634/685/673 633/689/677 499/690/678
f 465/691/676 595/692/675 594/693/679 464/694/680
f 499/690/678 633/689/677 632/695/681 500/696/682
f 464/694/680 594/693/679 593/697/683 463/698/684
f 500/696/682 632/695/681 631/699/685 501/700/686
f 463/698/684 593/697/683 592/701/687 462/702/688
f 501/700/686 631/699/685 630/703/689 502/704/690
f 462/702/688 592/701/687 591/705/691 461/706/692
f 401/707/446 520/664/652 521/708/693 362/709/447
f 400/710/450 519/656/644 520/664/652 401/707/446
f 399/711/452 518/648/636 519/656/644 400/710/450
f 398/712/454 517/640/628 518/648/636 399/711/452
f 397/713/456 516/632/620 517/640/628 398/712/454
f 396/714/458 515/629/617 516/632/620 397/713/456
f 395/715/460 514/716/694 515/629/617 396/714/458
f 394/717/462 513/718/695 514/716/694 395/715/460
f 393/719/464 512/720/696 513/718/695 394/717/462
f 392/721/466 511/722/697 512/720/696 393/719/464
f 391/723/468 510/724/698 511/722/697 392/721/466
f 390/725/470 509/726/699 510/724/698 391/723/468
f 389/727/472 508/728/700 509/726/699 390/725/470
f 388/729/474 507/730/701 508/728/700 389/727/472
f 387/731/476 506/732/702 507/730/701 388/729/474
f 386/733/478 505/734/703 506/732/702 387/731/476
f 385/735/480 504/736/704 505/737/703 386/738/478
f 384/739/482 503/740/705 504/736/704 385/735/480
f 383/741/484 502/704/690 503/740/705 384/739/482
f 382/742/486 501/700/686 502/704/690 383/741/484
f 381/743/488 500/696/682 501/700/686 382/742/486
f 380/744/490 499/690/678 500/696/682 381/743/488
f 379/745/492 498/686/674 499/690/678 380/744/490
f 378/746/494 497/682/670 498/686/674 379/745/492
f 377/747/496 496/678/666 497/682/670 378/746/494
f 376/748/498 495/672/660 496/678/666 377/747/496
f 375/749/500 494/666/654 495/672/660 376/748/498
f 374/750/502 493/658/646 494/666/654 375/749/500
f 373/751/504 492/650/638 493/658/646 374/750/502
f 372/752/506 491/642/630 492/650/638 373/751/504
f 371/753/508 490/634/622 491/642/630 372/752/506
f 370/754/510 489/620/608 490/634/622 371/753/508
f 369/755/512 488/617/605 489/620/608 370/754/510
f 368/756/514 487/757/706 488/617/605 369/755/512
f 367/758/516 486/759/707 487/757/706 368/756/514
f 366/760/518 485/761/708 486/759/707 367/758/516
f 365/762/520 484/763/709 485/761/708 366/760/518
f 364/764/522 483/765/710 484/763/709 365/762/520
f 363/766/524 482/767/711 483/765/710 364/764/522
f 362/709/447 521/708/693 482/767/711 363/766/524
f 602/768/712 623/769/713 541/770/714 555/771/715
f 603/772/716 622/773/717 523/774/718 524/775/719
f 562/776/720 583/777/721 549/778/722 532/779/723
f 563/780/724 582/781/725 561/782/726 560/783/727
f 604/784/728 602/768/712 555/771/715 542/785/729
f 605/786/730 603/772/716 524/775/719 525/787/731
f 564/788/732 562/776/720 532/779/723 531/789/733
f 565/790/734 563/780/724 560/783/727 559/791/735
f 606/792/736 604/784/728 542/785/729 556/793/737
f 607/794/738 605/786/730 525/787/731 526/795/739
f 566/796/740 564/788/732 531/789/733 548/797/741
f 567/798/742 565/790/734 559/791/735 546/799/743
f 608/800/744 606/792/736 556/793/737 557/801/745
f 609/802/746 607/794/738 526/795/739 527/803/747
f 568/804/748 566/796/740 548/797/741 547/805/749
f 569/806/750 567/798/742 546/799/743 545/807/751
f 610/808/752 608/800/744 557/801/745 543/809/753
f 611/810/754 609/802/746 527/803/747 528/811/755
f 570/622/756 568/804/748 547/805/749 530/812/757
f 571/626/758 569/806/750 545/807/751 558/813/759
f 612/814/760 610/808/752 543/809/753 544/815/761
f 613/618/762 611/810/754 528/811/755 529/816/763
f 572/623/764 570/622/756 530/812/757 529/816/763
f 573/627/765 571/626/758 558/813/759 544/815/761
f 614/630/766 612/814/760 544/815/761 558/813/759
f 615/619/767 613/618/762 529/816/763 530/812/757
f 574/635/768 572/623/764 529/816/763 528/811/755
f 575/637/769 573/627/765 544/815/761 543/809/753
f 616/631/770 614/630/766 558/813/759 545/807/751
f 617/633/771 615/619/767 530/812/757 547/805/749
f 576/643/772 574/635/768 528/811/755 527/803/747
f 577/645/773 575/637/769 543/809/753 557/801/745
f 619/639/774 616/631/770 545/807/751 546/799/743
f 621/641/775 617/633/771 547/805/749 548/797/741
f 579/651/776 576/643/772 527/803/747 526/795/739
f 581/653/777 577/645/773 557/801/745 556/793/737
f 618/647/778 619/639/774 546/799/743 559/791/735
f 620/649/779 621/641/775 548/797/741 531/789/733
f 578/659/780 579/651/776 526/795/739 525/787/731
f 580/661/781 581/653/777 556/793/737 542/785/729
f 514/716/694 612/814/782 614/630/618 515/629/617
f 476/817/783 569/806/784 571/626/614 475/625/613
f 450/818/785 568/804/786 570/622/610 449/621/609
f 487/757/706 611/810/787 613/618/606 488/617/605
f 513/718/695 610/808/788 612/814/782 514/716/694
f 477/819/789 567/798/790 569/806/784 476/817/783
f 451/820/791 566/796/792 568/804/786 450/818/785
f 486/759/707 609/802/793 611/810/787 487/757/706
f 512/720/696 608/800/794 610/808/788 513/718/695
f 478/821/795 565/790/796 567/798/790 477/819/789
f 452/822/797 564/788/798 566/796/792 451/820/791
f 485/761/708 607/794/799 609/802/793 486/759/707
f 511/722/697 606/792/800 608/800/794 512/720/696
f 479/823/801 563/780/802 565/790/796 478/821/795
f 453/824/803 562/776/804 564/788/798 452/822/797
f 484/763/709 605/786/805 607/794/799 485/761/708
f 510/724/698 604/784/806 606/792/800 511/722/697
f 480/825/807 582/781/808 563/780/802 479/823/801
f 454/826/809 583/777/810 562/776/804 453/824/803
f 483/765/710 603/772/811 605/786/805 484/763/709
f 509/726/699 602/768/812 604/784/806 510/724/698
f 481/827/813 584/828/814 582/781/808 480/825/807
f 455/829/815 585/830/816 583/777/810 454/826/809
f 482/767/711 622/773/817 603/772/811 483/765/710
f 508/728/700 623/769/818 602/768/812 509/726/699
f 520/664/652 639/663/651 624/831/819 521/708/693
f 456/832/820 586/833/821 585/830/816 455/829/815
f 521/708/693 624/831/819 622/773/817 482/767/711
f 507/730/701 625/834/822 623/769/818 508/728/700
f 457/835/823 587/836/824 586/833/821 456/832/820
f 506/732/702 626/837/825 625/834/822 507/730/701
f 458/838/826 588/839/827 587/836/824 457/835/823
f 505/734/703 627/840/828 626/837/825 506/732/702
f 459/841/829 589/842/830 588/839/827 458/838/826
f 504/736/704 628/843/831 627/844/828 505/737/703
f 460/845/832 590/846/833 589/842/830 459/841/829
f 503/740/705 629/847/834 628/843/831 504/736/704
f 461/706/692 591/705/691 590/846/833 460/845/832
f 502/704/690 630/703/689 629/847/834 503/740/705
f 582/781/725 584/828/835 522/848/836 561/782/726
f 583/777/721 585/830/837 550/849/838 549/778/722
f 622/773/717 624/831/839 522/848/836 523/774/718
f 623/769/713 625/834/840 540/850/841 541/770/714
f 585/830/837 586/833/842 533/851/843 550/849/838
f 625/834/840 626/837/844 554/852/845 540/850/841
f 586/833/842 587/836/846 534/853/847 533/851/843
f 626/837/844 627/840/848 553/854/849 554/852/845
f 587/836/846 588/839/850 535/855/851 534/853/847
f 627/844/848 628/843/852 552/856/853 553/857/849
f 588/839/850 589/842/854 536/858/855 535/855/851
f 628/843/852 629/847/856 539/859/857 552/856/853
f 589/842/854 590/846/858 537/860/859 536/858/855
f 629/847/856 630/703/860 538/861/861 539/859/857
f 590/846/858 591/705/862 551/862/863 537/860/859
f 630/703/860 631/699/864 551/862/863 538/861/861
f 591/705/862 592/701/865 538/861/861 551/862/863
f 631/699/864 632/695/866 537/860/859 551/862/863
f 592/701/865 593/697/867 539/859/857 538/861/861
f 632/695/866 633/689/868 536/858/855 537/860/859
f 593/697/867 594/693/869 552/856/853 539/859/857
f 633/689/868 634/685/870 535/855/851 536/858/855
f 594/693/869 595/692/871 553/857/849 552/856/853
f 634/685/870 635/681/872 534/853/847 535/855/851
f 595/687/871 596/683/873 554/852/845 553/854/849
f 635/681/872 636/677/874 533/851/843 534/853/847
f 596/683/873 597/679/875 540/850/841 554/852/845
f 636/677/874 637/671/876 550/849/838 533/851/843
f 597/679/875 598/675/877 541/770/714 540/850/841
f 584/828/835 599/673/878 523/774/718 522/848/836
f 637/671/876 638/665/879 549/778/722 550/849/838
f 624/831/839 639/663/880 561/782/726 522/848/836
f 598/675/877 600/669/881 555/771/715 541/770/714
f 599/673/878 601/667/882 524/775/719 523/774/718
f 638/665/879 640/657/883 532/779/723 549/778/722
f 639/663/880 641/655/884 560/783/727 561/782/726
f 600/669/881 580/661/781 542/785/729 555/771/715
f 601/667/882 578/659/780 525/787/731 524/775/719
f 640/657/883 620/649/779 531/789/733 532/779/723
f 641/655/884 618/647/778 559/791/735 560/783/727
f 881/863/885 681/864/886 642/865/887 842/866/888
f 880/867/889 680/868/890 681/864/886 881/863/885
f 879/869/891 679/870/892 680/868/890 880/867/889
f 878/871/893 678/872/894 679/870/892 879/869/891
f 877/873/895 677/874/896 678/872/894 878/871/893
f 876/875/897 676/876/898 677/874/896 877/873/895
f 875/877/899 675/878/900 676/876/898 876/875/897
f 874/879/901 674/880/902 675/878/900 875/877/899
f 873/881/903 673/882/904 674/880/902 874/879/901
f 872/883/905 672/884/906 673/882/904 873/881/903
f 871/885/907 671/886/908 672/884/906 872/883/905
f 870/887/909 670/888/910 671/886/908 871/885/907
f 869/889/911 669/890/912 670/888/910 870/887/909
f 868/891/913 668/892/914 669/890/912 869/889/911
f 867/893/915 667/894/916 668/892/914 868/891/913
f 866/895/917 666/896/918 667/894/916 867/893/915
f 865/897/919 665/898/920 666/899/918 866/900/917
f 864/901/921 664/902/922 665/898/920 865/897/919
f 863/903/923 663/904/924 664/902/922 864/901/921
f 862/905/925 662/906/926 663/904/924 863/903/923
f 861/907/927 661/908/928 662/906/926 862/905/925
f 860/909/929 660/910/930 661/908/928 861/907/927
f 859/911/931 659/912/932 660/910/930 860/909/929
f 858/913/933 658/914/934 659/912/932 859/911/931
f 857/915/935 657/916/936 658/914/934 858/913/933
f 856/917/937 656/918/938 657/916/936 857/915/935
f 855/919/939 655/920/940 656/918/938 856/917/937
f 854/921/941 654/922/942 655/920/940 855/919/939
f 853/923/943 653/924/944 654/922/942 854/921/941
f 852/925/945 652/926/946 653/924/944 853/923/943
f 851/927/947 651/928/948 652/926/946 852/925/945
f 850/929/949 650/930/950 651/928/948 851/927/947
f 849/931/951 649/932/952 650/930/950 850/929/949
f 848/933/953 648/934/954 649/932/952 849/931/951
f 847/935/955 647/936/956 648/934/954 848/933/953
f 846/937/957 646/938/958 647/936/956 847/935/955
f 845/939/959 645/940/960 646/938/958 846/937/957
f 844/941/961 644/942/962 645/940/960 845/939/959
f 843/943/963 643/944/964 644/942/962 844/941/961
f 842/866/888 642/865/887 643/944/964 843/943/963
f 802/945/965 721/946/966 682/947/967 803/948/968
f 803/948/968 682/947/967 683/949/969 804/950/970
f 804/950/970 683/949/969 684/951/971 805/952/972
f 805/952/972 684/951/971 685/953/973 806/954/974
f 806/954/974 685/953/973 686/955/975 807/956/976
f 807/956/976 686/955/975 687/957/977 808/958/978
f 808/958/978 687/957/977 688/959/979 809/960/980
f 809/960/980 688/959/979 689/961/981 810/962/982
f 810/962/982 689/961/981 690/963/983 811/964/984
f 811/964/984 690/963/983 691/965/985 812/966/986
f 812/966/986 691/965/985 692/967/987 813/968/988
f 813/968/988 692/967/987 693/969/989 814/970/990
f 814/970/990 693/969/989 694/971/991 815/972/992
f 815/972/992 694/971/991 695/973/993 816/974/994
f 816/974/994 695/973/993 696/975/995 817/976/996
f 817/976/996 696/975/995 697/977/997 818/978/998
f 818/978/998 697/977/997 698/979/999 819/980/1000
f 819/980/1000 698/979/999 699/981/1001 820/982/1002
f 820/982/1002 699/981/1001 700/983/1003 821/984/1004
f 821/984/1004 700/983/1003 701/985/1005 822/986/1006
f 822/986/1006 701/985/1005 702/987/1007 823/988/1008
f 823/988/1008 702/987/1007 703/989/1009 824/990/1010
f 824/990/1010 703/989/1009 704/991/1011 825/992/1012
f 825/992/1012 704/991/1011 705/993/1013 826/994/1014
f 826/995/1014 705/996/1013 706/997/1015 827/998/1016
f 827/998/1016 706/997/1015 707/999/1017 828/1000/1018
f 828/1000/1018 707/999/1017 708/1001/1019 829/1002/1020
f 829/1002/1020 708/1001/1019 709/1003/1021 830/1004/1022
f 830/1004/1022 709/1003/1021 710/1005/1023 831/1006/1024
f 831/1006/1024 710/1005/1023 711/1007/1025 832/1008/1026
f 832/1008/1026 711/1007/1025 712/1009/1027 833/1010/1028
f 833/1010/1028 712/1009/1027 713/1011/1029 834/1012/1030
f 834/1012/1030 713/1011/1029 714/1013/1031 835/1014/1032
f 835/1014/1032 714/1013/1031 715/1015/1033 836/1016/1034
f 836/1016/1034 715/1015/1033 716/1017/1035 837/1018/1036
f 837/1018/1036 716/1017/1035 717/1019/1037 838/1020/1038
f 838/1020/1038 717/1019/1037 718/1021/1039 839/1022/1040
f 839/1022/1040 718/1021/1039 719/1023/1041 840/1024/1042
f 840/1024/1042 719/1023/1041 720/1025/1043 841/1026/1044
f 441/536/526 760/1027/1045 761/1028/1046 402/537/527
f 440/540/530 759/1029/1047 760/1027/1045 441/536/526
f 439/542/532 758/1030/1048 759/1029/1047 440/540/530
f 438/544/534 757/1031/1049 758/1030/1048 439/542/532
f 437/546/536 756/1032/1050 757/1031/1049 438/544/534
f 436/548/538 755/1033/1051 756/1032/1050 437/546/536
f 435/550/540 754/1034/1052 755/1033/1051 436/548/538
f 434/552/542 753/1035/1053 754/1034/1052 435/550/540
f 433/554/544 752/1036/1054 753/1035/1053 434/552/542
f 432/556/546 751/1037/1055 752/1036/1054 433/554/544
f 431/558/548 750/1038/1056 751/1037/1055 432/556/546
f 430/560/550 749/1039/1057 750/1038/1056 431/558/548
f 429/562/552 748/1040/1058 749/1039/1057 430/560/550
f 428/564/554 747/1041/1059 748/1040/1058 429/562/552
f 427/566/556 746/1042/1060 747/1041/1059 428/564/554
f 426/568/558 745/1043/1061 746/1042/1060 427/566/556
f 425/570/560 744/1044/1062 745/1045/1061 426/571/558
f 424/574/562 743/1046/1063 744/1044/1062 425/570/560
f 423/576/564 742/1047/1064 743/1046/1063 424/574/562
f 422/578/566 741/1048/1065 742/1047/1064 423/576/564
f 421/580/568 740/1049/1066 741/1048/1065 422/578/566
f 420/582/570 739/1050/1067 740/1049/1066 421/580/568
f 419/584/572 738/1051/1068 739/1050/1067 420/582/570
f 418/586/574 737/1052/1069 738/1051/1068 419/584/572
f 417/588/576 736/1053/1070 737/1052/1069 418/586/574
f 416/590/578 735/1054/1071 736/1053/1070 417/588/576
f 415/592/580 734/1055/1072 735/1054/1071 416/590/578
f 414/594/582 733/1056/1073 734/1055/1072 415/592/580
f 413/596/584 732/1057/1074 733/1056/1073 414/594/582
f 412/598/586 731/1058/1075 732/1057/1074 413/596/584
f 411/600/588 730/1059/1076 731/1058/1075 412/598/586
f 410/602/590 729/1060/1077 730/1059/1076 411/600/588
f 409/604/592 728/1061/1078 729/1060/1077 410/602/590
f 408/606/594 727/1062/1079 728/1061/1078 409/604/592
f 407/608/596 726/1063/1080 727/1062/1079 408/606/594
f 406/610/598 725/1064/1081 726/1063/1080 407/608/596
f 405/612/600 724/1065/1082 725/1064/1081 406/610/598
f 404/614/602 723/1066/1083 724/1065/1082 405/612/600
f 403/616/604 722/1067/1084 723/1066/1083 404/614/602
f 402/537/527 761/1028/1046 722/1067/1084 403/616/604
f 760/1027/1045 801/1068/1085 762/1069/1086 761/1028/1046
f 759/1029/1047 800/1070/1087 801/1068/1085 760/1027/1045
f 758/1030/1048 799/1071/1088 800/1070/1087 759/1029/1047
f 757/1031/1049 798/1072/1089 799/1071/1088 758/1030/1048
f 756/1032/1050 797/1073/1090 798/1072/1089 757/1031/1049
f 755/1033/1051 796/1074/1091 797/1073/1090 756/1032/1050
f 754/1034/1052 795/1075/1092 796/1074/1091 755/1033/1051
f 753/1035/1053 794/1076/1093 795/1075/1092 754/1034/1052
f 752/1036/1054 793/1077/1094 794/1076/1093 753/1035/1053
f 751/1037/1055 792/1078/1095 793/1077/1094 752/1036/1054
f 750/1038/1056 791/1079/1096 792/1078/1095 751/1037/1055
f 749/1039/1057 790/1080/1097 791/1079/1096 750/1038/1056
f 748/1040/1058 789/1081/1098 790/1080/1097 749/1039/1057
f 747/1041/1059 788/1082/1099 789/1081/1098 748/1040/1058
f 746/1042/1060 787/1083/1100 788/1082/1099 747/1041/1059
f 745/1043/1061 786/1084/1101 787/1083/1100 746/1042/1060
f 744/1044/1062 785/1085/1102 786/1086/1101 745/1045/1061
f 743/1046/1063 784/1087/1103 785/1085/1102 744/1044/1062
f 742/1047/1064 783/1088/1104 784/1087/1103 743/1046/1063
f 741/1048/1065 782/1089/1105 783/1088/1104 742/1047/1064
f 740/1049/1066 781/1090/1106 782/1089/1105 741/1048/1065
f 739/1050/1067 780/1091/1107 781/1090/1106 740/1049/1066
f 738/1051/1068 779/1092/1108 780/1091/1107 739/1050/1067
f 737/1052/1069 778/1093/1109 779/1092/1108 738/1051/1068
f 736/1053/1070 777/1094/1110 778/1093/1109 737/1052/1069
f 735/1054/1071 776/1095/1111 777/1094/1110 736/1053/1070
f 734/1055/1072 775/1096/1112 776/1095/1111 735/1054/1071
f 733/1056/1073 774/1097/1113 775/1096/1112 734/1055/1072
f 732/1057/1074 773/1098/1114 774/1097/1113 733/1056/1073
f 731/1058/1075 772/1099/1115 773/1098/1114 732/1057/1074
f 730/1059/1076 771/1100/1116 772/1099/1115 731/1058/1075
f 729/1060/1077 770/1101/1117 771/1100/1116 730/1059/1076
f 728/1061/1078 769/1102/1118 770/1101/1117 729/1060/1077
f 727/1062/1079 768/1103/1119 769/1102/1118 728/1061/1078
f 726/1063/1080 767/1104/1120 768/1103/1119 727/1062/1079
f 725/1064/1081 766/1105/1121 767/1104/1120 726/1063/1080
f 724/1065/1082 765/1106/1122 766/1105/1121 725/1064/1081
f 723/1066/1083 764/1107/1123 765/1106/1122 724/1065/1082
f 722/1067/1084 763/1108/1124 764/1107/1123 723/1066/1083
f 761/1028/1046 762/1069/1086 763/1108/1124 722/1067/1084
f 801/1068/1085 841/1026/1044 802/945/965 762/1069/1086
f 800/1070/1087 840/1024/1042 841/1026/1044 801/1068/1085
f 799/1071/1088 839/1022/1040 840/1024/1042 800/1070/1087
f 798/1072/1089 838/1020/1038 839/1022/1040 799/1071/1088
f 797/1073/1090 837/1018/1036 838/1020/1038 798/1072/1089
f 796/1074/1091 836/1016/1034 837/1018/1036 797/1073/1090
f 795/1075/1092 835/1014/1032 836/1016/1034 796/1074/1091
f 794/1076/1093 834/1012/1030 835/1014/1032 795/1075/1092
f 793/1077/1094 833/1010/1028 834/1012/1030 794/1076/1093
f 792/1078/1095 832/1008/1026 833/1010/1028 793/1077/1094
f 791/1079/1096 831/1006/1024 832/1008/1026 792/1078/1095
f 790/1080/1097 830/1004/1022 831/1006/1024 791/1079/1096
f 789/1081/1098 829/1002/1020 830/1004/1022 790/1080/1097
f 788/1082/1099 828/1000/1018 829/1002/1020 789/1081/1098
f 787/1083/1100 827/998/1016 828/1000/1018 788/1082/1099
f 786/1084/1101 826/995/1014 827/998/1016 787/1083/1100
f 785/1085/1102 825/992/1012 826/994/1014 786/1086/1101
f 784/1087/1103 824/990/1010 825/992/1012 785/1085/1102
f 783/1088/1104 823/988/1008 824/990/1010 784/1087/1103
f 782/1089/1105 822/986/1006 823/988/1008 783/1088/1104
f 781/1090/1106 821/984/1004 822/986/1006 782/1089/1105
f 780/1091/1107 820/982/1002 821/984/1004 781/1090/1106
f 779/1092/1108 819/980/1000 820/982/1002 780/1091/1107
f 778/1093/1109 818/978/998 819/980/1000 779/1092/1108
f 777/1094/1110 817/976/996 818/978/998 778/1093/1109
f 776/1095/1111 816/974/994 817/976/996 777/1094/1110
f 775/1096/1112 815/972/992 816/974/994 776/1095/1111
f 774/1097/1113 814/970/990 815/972/992 775/1096/1112
f 773/1098/1114 813/968/988 814/970/990 774/1097/1113
f 772/1099/1115 812/966/986 813/968/988 773/1098/1114
f 771/1100/1116 811/964/984 812/966/986 772/1099/1115
f 770/1101/1117 810/962/982 811/964/984 771/1100/1116
f 769/1102/1118 809/960/980 810/962/982 770/1101/1117
f 768/1103/1119 808/958/978 809/960/980 769/1102/1118
f 767/1104/1120 807/956/976 808/958/978 768/1103/1119
f 766/1105/1121 806/954/974 807/956/976 767/1104/1120
f 765/1106/1122 805/952/972 806/954/974 766/1105/1121
f 764/1107/1123 804/950/970 805/952/972 765/1106/1122
f 763/1108/1124 803/948/968 804/950/970 764/1107/1123
f 762/1069/1086 802/945/965 803/948/968 763/1108/1124
f 721/946/1125 842/866/888 843/943/963 682/947/1126
f 682/947/1126 843/943/963 844/941/961 683/949/1127
f 683/949/1127 844/941/961 845/939/959 684/951/1128
f 684/951/1128 845/939/959 846/937/957 685/953/1129
f 685/953/1129 846/937/957 847/935/955 686/955/1130
f 686/955/1130 847/935/955 848/933/953 687/957/1131
f 687/957/1131 848/933/953 849/931/951 688/959/1132
f 688/959/1132 849/931/951 850/929/949 689/961/1133
f 689/961/1133 850/929/949 851/927/947 690/963/1134
f 690/963/1134 851/927/947 852/925/945 691/965/1135
f 691/965/1135 852/925/945 853/923/943 692/967/1136
f 692/967/1136 853/923/943 854/921/941 693/969/1137
f 693/969/1137 854/921/941 855/919/939 694/971/1138
f 694/971/1138 855/919/939 856/917/937 695/973/1139
f 695/973/1139 856/917/937 857/915/935 696/975/1140
f 696/975/1140 857/915/935 858/913/933 697/977/1141
f 697/977/1141 858/913/933 859/911/931 698/979/1142
f 698/979/1142 859/911/931 860/909/929 699/981/1143
f 699/981/1143 860/909/929 861/907/927 700/983/1144
f 700/983/1144 861/907/927 862/905/925 701/985/1145
f 701/985/1145 862/905/925 863/903/923 702/987/1146
f 702/987/1146 863/903/923 864/901/921 703/989/1147
f 703/989/1147 864/901/921 865/897/919 704/991/1148
f 704/991/1148 865/897/919 866/900/917 705/993/1149
f 705/996/1149 866/895/917 867/893/915 706/997/1150
f 706/997/1150 867/893/915 868/891/913 707/999/1151
f 707/999/1151 868/891/913 869/889/911 708/1001/1152
f 708/1001/1152 869/889/911 870/887/909 709/1003/1153
f 709/1003/1153 870/887/909 871/885/907 710/1005/1154
f 710/1005/1154 871/885/907 872/883/905 711/1007/1155
f 711/1007/1155 872/883/905 873/881/903 712/1009/1156
f 712/1009/1156 873/881/903 874/879/901 713/1011/1157
f 713/1011/1157 874/879/901 875/877/899 714/1013/1158
f 714/1013/1158 875/877/899 876/875/897 715/1015/1159
f 715/1015/1159 876/875/897 877/873/895 716/1017/1160
f 716/1017/1160 877/873/895 878/871/893 717/1019/1161
f 717/1019/1161 878/871/893 879/869/891 718/1021/1162
f 718/1021/1162 879/869/891 880/867/889 719/1023/1163
f 719/1023/1163 880/867/889 881/863/885 720/1025/1164
f 720/1025/1164 881/863/885 842/866/888 721/946/1125
f 1063/1109/1165 1042/1110/1166 1008/1111/1167 1009/1112/1168
f 1062/1113/1169 1043/1114/1170 1034/1115/1171 1035/1116/1172
f 914/1117/1173 915/1118/1174 970/1119/1175 971/1120/1176
f 1042/1110/1166 1044/1121/1177 1007/1122/1178 1008/1111/1167
f 1043/1114/1170 1045/1123/1179 1033/1124/1180 1034/1115/1171
f 888/1125/1181 889/1126/1182 996/1127/1183 997/1128/1184
f 915/1118/1174 916/1129/1185 969/1130/1186 970/1119/1175
f 1044/1121/1177 1046/1131/1187 1006/1132/1188 1007/1122/1178
f 1045/1123/1179 1047/1133/1189 1032/1134/1190 1033/1124/1180
f 889/1126/1182 890/1135/1191 995/1136/1192 996/1127/1183
f 916/1129/1185 917/1137/1193 968/1138/1194 969/1130/1186
f 1046/1131/1187 1048/1139/1195 1005/1140/1196 1006/1132/1188
f 1047/1133/1189 1049/1141/1197 1031/1142/1198 1032/1134/1190
f 890/1135/1191 891/1143/1199 994/1144/1200 995/1136/1192
f 917/1137/1193 918/1145/1201 967/1146/1202 968/1138/1194
f 1048/1139/1195 1050/1147/1203 1004/1148/1204 1005/1140/1196
f 1049/1141/1197 1051/1149/1205 1030/1150/1206 1031/1142/1198
f 891/1143/1199 892/1151/1207 993/1152/1208 994/1144/1200
f 918/1145/1201 919/1153/1209 966/1154/1210 967/1146/1202
f 1050/1147/1203 1052/1155/1211 1003/1156/1212 1004/1148/1204
f 1051/1149/1205 1054/1157/1213 1029/1158/1214 1030/1150/1206
f 892/1151/1207 893/1159/1215 992/1160/1216 993/1152/1208
f 919/1153/1209 920/1161/1217 965/1162/1218 966/1154/1210
f 1052/1155/1211 1053/1163/1219 962/1164/1220 1003/1156/1212
f 1054/1157/1213 1055/1165/1221 1028/1166/1222 1029/1158/1214
f 893/1159/1215 894/1167/1223 991/1168/1224 992/1160/1216
f 920/1161/1217 921/1169/1225 964/1170/1226 965/1162/1218
f 1055/1165/1221 1056/1171/1227 1027/1172/1228 1028/1166/1222
f 894/1167/1223 895/1173/1229 990/1174/1230 991/1168/1224
f 921/1169/1225 882/1175/1231 963/1176/1232 964/1170/1226
f 1056/1171/1227 1057/1177/1233 1026/1178/1234 1027/1172/1228
f 895/1173/1229 896/1179/1235 989/1180/1236 990/1174/1230
f 1057/1181/1233 1058/1182/1237 1025/1183/1238 1026/1184/1234
f 896/1179/1235 897/1185/1239 988/1186/1240 989/1180/1236
f 1058/1182/1237 1059/1187/1241 1024/1188/1242 1025/1183/1238
f 897/1185/1239 898/1189/1243 987/1190/1244 988/1186/1240
f 1059/1187/1241 1060/1191/1245 1023/1192/1246 1024/1188/1242
f 898/1189/1243 899/1193/1247 986/1194/1248 987/1190/1244
f 1060/1191/1245 1061/1195/1249 1022/1196/1250 1023/1192/1246
f 642/865/887 961/1197/1251 922/1198/1252 643/944/964
f 643/944/964 922/1198/1252 923/1199/1253 644/942/962
f 644/942/962 923/1199/1253 924/1200/1254 645/940/960
f 645/940/960 924/1200/1254 925/1201/1255 646/938/958
f 646/938/958 925/1201/1255 926/1202/1256 647/936/956
f 647/936/956 926/1202/1256 927/1203/1257 648/934/954
f 648/934/954 927/1203/1257 928/1204/1258 649/932/952
f 649/932/952 928/1204/1258 929/1205/1259 650/930/950
f 650/930/950 929/1205/1259 930/1206/1260 651/928/948
f 651/928/948 930/1206/1260 931/1207/1261 652/926/946
f 652/926/946 931/1207/1261 932/1208/1262 653/924/944
f 653/924/944 932/1208/1262 933/1209/1263 654/922/942
f 654/922/942 933/1209/1263 934/1210/1264 655/920/940
f 655/920/940 934/1210/1264 935/1211/1265 656/918/938
f 656/918/938 935/1211/1265 936/1212/1266 657/916/936
f 657/916/936 936/1212/1266 937/1213/1267 658/914/934
f 658/914/934 937/1213/1267 938/1214/1268 659/912/932
f 659/912/932 938/1214/1268 939/1215/1269 660/910/930
f 660/910/930 939/1215/1269 940/1216/1270 661/908/928
f 661/908/928 940/1216/1270 941/1217/1271 662/906/926
f 662/906/926 941/1217/1271 942/1218/1272 663/904/924
f 663/904/924 942/1218/1272 943/1219/1273 664/902/922
f 664/902/922 943/1219/1273 944/1220/1274 665/898/920
f 665/898/920 944/1220/1274 945/1221/1275 666/899/918
f 666/896/918 945/1222/1275 946/1223/1276 667/894/916
f 667/894/916 946/1223/1276 947/1224/1277 668/892/914
f 668/892/914 947/1224/1277 948/1225/1278 669/890/912
f 669/890/912 948/1225/1278 949/1226/1279 670/888/910
f 670/888/910 949/1226/1279 950/1227/1280 671/886/908
f 671/886/908 950/1227/1280 951/1228/1281 672/884/906
f 672/884/906 951/1228/1281 952/1229/1282 673/882/904
f 673/882/904 952/1229/1282 953/1230/1283 674/880/902
f 674/880/902 953/1230/1283 954/1231/1284 675/878/900
f 675/878/900 954/1231/1284 955/1232/1285 676/876/898
f 676/876/898 955/1232/1285 956/1233/1286 677/874/896
f 677/874/896 956/1233/1286 957/1234/1287 678/872/894
f 678/872/894 957/1234/1287 958/1235/1288 679/870/892
f 679/870/892 958/1235/1288 959/1236/1289 680/868/890
f 680/868/890 959/1236/1289 960/1237/1290 681/864/886
f 681/864/886 960/1237/1290 961/1197/1251 642/865/887
f 1201/1238/1291 964/1170/1226 963/1176/1232 1162/1239/1292
f 1200/1240/1293 965/1162/1218 964/1170/1226 1201/1238/1291
f 1199/1241/1294 966/1154/1210 965/1162/1218 1200/1240/1293
f 1198/1242/1295 967/1146/1202 966/1154/1210 1199/1241/1294
f 1197/1243/1296 968/1138/1194 967/1146/1202 1198/1242/1295
f 1196/1244/1297 969/1130/1186 968/1138/1194 1197/1243/1296
f 1195/1245/1298 970/1119/1175 969/1130/1186 1196/1244/1297
f 1194/1246/1299 971/1120/1176 970/1119/1175 1195/1245/1298
f 1193/1247/1300 972/1248/1301 971/1120/1176 1194/1246/1299
f 1192/1249/1302 973/1250/1303 972/1248/1301 1193/1247/1300
f 1191/1251/1304 974/1252/1305 973/1250/1303 1192/1249/1302
f 1190/1253/1306 975/1254/1307 974/1252/1305 1191/1251/1304
f 1189/1255/1308 976/1256/1309 975/1254/1307 1190/1253/1306
f 1188/1257/1310 977/1258/1311 976/1256/1309 1189/1255/1308
f 1187/1259/1312 978/1260/1313 977/1258/1311 1188/1257/1310
f 1186/1261/1314 979/1262/1315 978/1260/1313 1187/1259/1312
f 1185/1263/1316 980/1264/1317 979/1265/1315 1186/1266/1314
f 1184/1267/1318 981/1268/1319 980/1264/1317 1185/1263/1316
f 1183/1269/1320 982/1270/1321 981/1268/1319 1184/1267/1318
f 1182/1271/1322 983/1272/1323 982/1270/1321 1183/1269/1320
f 1181/1273/1324 984/1274/1325 983/1272/1323 1182/1271/1322
f 1180/1275/1326 985/1276/1327 984/1274/1325 1181/1273/1324
f 1179/1277/1328 986/1194/1248 985/1276/1327 1180/1275/1326
f 1178/1278/1329 987/1190/1244 986/1194/1248 1179/1277/1328
f 1177/1279/1330 988/1186/1240 987/1190/1244 1178/1278/1329
f 1176/1280/1331 989/1180/1236 988/1186/1240 1177/1279/1330
f 1175/1281/1332 990/1174/1230 989/1180/1236 1176/1280/1331
f 1174/1282/1333 991/1168/1224 990/1174/1230 1175/1281/1332
f 1173/1283/1334 992/1160/1216 991/1168/1224 1174/1282/1333
f 1172/1284/1335 993/1152/1208 992/1160/1216 1173/1283/1334
f 1171/1285/1336 994/1144/1200 993/1152/1208 1172/1284/1335
f 1170/1286/1337 995/1136/1192 994/1144/1200 1171/1285/1336
f 1169/1287/1338 996/1127/1183 995/1136/1192 1170/1286/1337
f 1168/1288/1339 997/1128/1184 996/1127/1183 1169/1287/1338
f 1167/1289/1340 998/1290/1341 997/1128/1184 1168/1288/1339
f 1166/1291/1342 999/1292/1343 998/1290/1341 1167/1289/1340
f 1165/1293/1344 1000/1294/1345 999/1292/1343 1166/1291/1342
f 1164/1295/1346 1001/1296/1347 1000/1294/1345 1165/1293/1344
f 1163/1297/1348 1002/1298/1349 1001/1296/1347 1164/1295/1346
f 1162/1239/1292 963/1176/1232 1002/1298/1349 1163/1297/1348
f 899/1193/1247 900/1299/1350 985/1276/1327 986/1194/1248
f 887/1300/1351 888/1125/1181 997/1128/1184 998/1290/1341
f 1064/1301/1352 1062/1113/1169 1035/1116/1172 1036/1302/1353
f 1065/1303/1354 1063/1109/1165 1009/1112/1168 1010/1304/1355
f 913/1305/1356 914/1117/1173 971/1120/1176 972/1248/1301
f 886/1306/1357 887/1300/1351 998/1290/1341 999/1292/1343
f 1066/1307/1358 1064/1301/1352 1036/1302/1353 1037/1308/1359
f 1067/1309/1360 1065/1303/1354 1010/1304/1355 1011/1310/1361
f 912/1311/1362 913/1305/1356 972/1248/1301 973/1250/1303
f 885/1312/1363 886/1306/1357 999/1292/1343 1000/1294/1345
f 1068/1313/1364 1066/1307/1358 1037/1308/1359 1038/1314/1365
f 1069/1315/1366 1067/1309/1360 1011/1310/1361 1012/1316/1367
f 911/1317/1368 912/1311/1362 973/1250/1303 974/1252/1305
f 884/1318/1369 885/1312/1363 1000/1294/1345 1001/1296/1347
f 1070/1319/1370 1068/1313/1364 1038/1314/1365 1039/1320/1371
f 1071/1321/1372 1069/1315/1366 1012/1316/1367 1013/1322/1373
f 910/1323/1374 911/1317/1368 974/1252/1305 975/1254/1307
f 883/1324/1375 884/1318/1369 1001/1296/1347 1002/1298/1349
f 1072/1325/1376 1070/1319/1370 1039/1320/1371 1040/1326/1377
f 1073/1327/1378 1071/1321/1372 1013/1322/1373 1014/1328/1379
f 909/1329/1380 910/1323/1374 975/1254/1307 976/1256/1309
f 882/1175/1231 883/1324/1375 1002/1298/1349 963/1176/1232
f 1074/1330/1381 1072/1325/1376 1040/1326/1377 1041/1331/1382
f 1075/1332/1383 1073/1327/1378 1014/1328/1379 1015/1333/1384
f 908/1334/1385 909/1329/1380 976/1256/1309 977/1258/1311
f 1053/1163/1219 1074/1330/1381 1041/1331/1382 962/1164/1220
f 1076/1335/1386 1075/1332/1383 1015/1333/1384 1016/1336/1387
f 907/1337/1388 908/1334/1385 977/1258/1311 978/1260/1313
f 1077/1338/1389 1076/1335/1386 1016/1336/1387 1017/1339/1390
f 906/1340/1391 907/1337/1388 978/1260/1313 979/1262/1315
f 1078/1341/1392 1077/1338/1389 1017/1339/1390 1018/1342/1393
f 905/1343/1394 906/1344/1391 979/1265/1315 980/1264/1317
f 1079/1345/1395 1078/1341/1392 1018/1342/1393 1019/1346/1396
f 904/1347/1397 905/1343/1394 980/1264/1317 981/1268/1319
f 1080/1348/1398 1079/1345/1395 1019/1346/1396 1020/1349/1399
f 903/1350/1400 904/1347/1397 981/1268/1319 982/1270/1321
f 1081/1351/1401 1080/1348/1398 1020/1349/1399 1021/1352/1402
f 902/1353/1403 903/1350/1400 982/1270/1321 983/1272/1323
f 1061/1195/1249 1081/1351/1401 1021/1352/1402 1022/1196/1250
f 901/1354/1404 902/1353/1403 983/1272/1323 984/1274/1325
f 941/1217/1271 940/1216/1270 1081/1351/1401 1061/1195/1249
f 940/1216/1270 939/1215/1269 1080/1348/1398 1081/1351/1401
f 939/1215/1269 938/1214/1268 1079/1345/1395 1080/1348/1398
f 938/1214/1268 937/1213/1267 1078/1341/1392 1079/1345/1395
f 937/1213/1267 936/1212/1266 1077/1338/1389 1078/1341/1392
f 936/1212/1266 935/1211/1265 1076/1335/1386 1077/1338/1389
f 935/1211/1265 934/1210/1264 1075/1332/1383 1076/1335/1386
f 961/1197/1251 960/1237/1290 1074/1330/1381 1053/1163/1219
f 934/1210/1264 933/1209/1263 1073/1327/1378 1075/1332/1383
f 960/1237/1290 959/1236/1289 1072/1325/1376 1074/1330/1381
f 933/1209/1263 932/1208/1262 1071/1321/1372 1073/1327/1378
f 959/1236/1289 958/1235/1288 1070/1319/1370 1072/1325/1376
f 932/1208/1262 931/1207/1261 1069/1315/1366 1071/1321/1372
f 958/1235/1288 957/1234/1287 1068/1313/1364 1070/1319/1370
f 931/1207/1261 930/1206/1260 1067/1309/1360 1069/1315/1366
f 957/1234/1287 956/1233/1286 1066/1307/1358 1068/1313/1364
f 930/1206/1260 929/1205/1259 1065/1303/1354 1067/1309/1360
f 956/1233/1286 955/1232/1285 1064/1301/1352 1066/1307/1358
f 929/1205/1259 928/1204/1258 1063/1109/1165 1065/1303/1354
f 955/1232/1285 954/1231/1284 1062/1113/1169 1064/1301/1352
f 942/1218/1272 941/1217/1271 1061/1195/1249 1060/1191/1245
f 943/1219/1273 942/1218/1272 1060/1191/1245 1059/1187/1241
f 944/1220/1274 943/1219/1273 1059/1187/1241 1058/1182/1237
f 945/1221/1275 944/1220/1274 1058/1182/1237 1057/1181/1233
f 946/1223/1276 945/1222/1275 1057/1177/1233 1056/1171/1227
f 947/1224/1277 946/1223/1276 1056/1171/1227 1055/1165/1221
f 948/1225/1278 947/1224/1277 1055/1165/1221 1054/1157/1213
f 922/1198/1252 961/1197/1251 1053/1163/1219 1052/1155/1211
f 949/1226/1279 948/1225/1278 1054/1157/1213 1051/1149/1205
f 923/1199/1253 922/1198/1252 1052/1155/1211 1050/1147/1203
f 950/1227/1280 949/1226/1279 1051/1149/1205 1049/1141/1197
f 924/1200/1254 923/1199/1253 1050/1147/1203 1048/1139/1195
f 951/1228/1281 950/1227/1280 1049/1141/1197 1047/1133/1189
f 925/1201/1255 924/1200/1254 1048/1139/1195 1046/1131/1187
f 952/1229/1282 951/1228/1281 1047/1133/1189 1045/1123/1179
f 926/1202/1256 925/1201/1255 1046/1131/1187 1044/1121/1177
f 953/1230/1283 952/1229/1282 1045/1123/1179 1043/1114/1170
f 927/1203/1257 926/1202/1256 1044/1121/1177 1042/1110/1166
f 954/1231/1284 953/1230/1283 1043/1114/1170 1062/1113/1169
f 928/1204/1258 927/1203/1257 1042/1110/1166 1063/1109/1165
f 1160/1355/1405 1120/1356/1406 1121/1357/1407 1161/1358/1408
f 1159/1359/1409 1119/1360/1410 1120/1356/1406 1160/1355/1405
f 1158/1361/1411 1102/1362/1412 1119/1360/1410 1159/1359/1409
f 1157/1363/1413 1101/1364/1414 1102/1362/1412 1158/1361/1411
f 1156/1365/1415 1100/1366/1416 1101/1364/1414 1157/1363/1413
f 1155/1367/1417 1099/1368/1418 1100/1366/1416 1156/1365/1415
f 1154/1369/1419 1118/1370/1420 1099/1368/1418 1155/1367/1417
f 1153/1371/1421 1098/1372/1422 1118/1370/1420 1154/1369/1419
f 1152/1373/1423 1097/1374/1424 1098/1372/1422 1153/1371/1421
f 1151/1375/1425 1096/1376/1426 1097/1374/1424 1152/1373/1423
f 1150/1377/1427 1095/1378/1428 1096/1376/1426 1151/1375/1425
f 1149/1379/1429 1094/1380/1430 1095/1378/1428 1150/1377/1427
f 1148/1381/1431 1093/1382/1432 1094/1380/1430 1149/1379/1429
f 1147/1383/1433 1117/1384/1434 1093/1382/1432 1148/1381/1431
f 1146/1385/1435 1092/1386/1436 1117/1384/1434 1147/1383/1433
f 1145/1387/1437 1116/1388/1438 1092/1386/1436 1146/1385/1435
f 1144/1389/1439 1091/1390/1440 1116/1391/1438 1145/1392/1437
f 1143/1393/1441 1090/1394/1442 1091/1390/1440 1144/1389/1439
f 1142/1395/1443 1089/1396/1444 1090/1394/1442 1143/1393/1441
f 1141/1397/1445 1115/1398/1446 1089/1396/1444 1142/1395/1443
f 1140/1399/1447 1088/1400/1448 1115/1398/1446 1141/1397/1445
f 1139/1401/1449 1114/1402/1450 1088/1400/1448 1140/1399/1447
f 1138/1403/1451 1113/1404/1452 1114/1402/1450 1139/1401/1449
f 1137/1405/1453 1112/1406/1454 1113/1404/1452 1138/1403/1451
f 1136/1407/1455 1111/1408/1456 1112/1406/1454 1137/1405/1453
f 1135/1409/1457 1087/1410/1458 1111/1408/1456 1136/1407/1455
f 1134/1411/1459 1110/1412/1460 1087/1410/1458 1135/1409/1457
f 1133/1413/1461 1109/1414/1462 1110/1412/1460 1134/1411/1459
f 1132/1415/1463 1086/1416/1464 1109/1414/1462 1133/1413/1461
f 1131/1417/1465 1085/1418/1466 1086/1416/1464 1132/1415/1463
f 1130/1419/1467 1108/1420/1468 1085/1418/1466 1131/1417/1465
f 1129/1421/1469 1107/1422/1470 1108/1420/1468 1130/1419/1467
f 1128/1423/1471 1084/1424/1472 1107/1422/1470 1129/1421/1469
f 1127/1425/1473 1106/1426/1474 1084/1424/1472 1128/1423/1471
f 1126/1427/1475 1105/1428/1476 1106/1426/1474 1127/1425/1473
f 1125/1429/1477 1083/1430/1478 1105/1428/1476 1126/1427/1475
f 1124/1431/1479 1104/1432/1480 1083/1430/1478 1125/1429/1477
f 1123/1433/1481 1103/1434/1482 1104/1432/1480 1124/1431/1479
f 1122/1435/1483 1082/1436/1484 1103/1434/1482 1123/1433/1481
f 1161/1358/1408 1121/1357/1407 1082/1436/1484 1122/1435/1483
f 962/1164/1220 1161/1358/1408 1122/1435/1483 1003/1156/1212
f 1003/1156/1212 1122/1435/1483 1123/1433/1481 1004/1148/1204
f 1004/1148/1204 1123/1433/1481 1124/1431/1479 1005/1140/1196
f 1005/1140/1196 1124/1431/1479 1125/1429/1477 1006/1132/1188
f 1006/1132/1188 1125/1429/1477 1126/1427/1475 1007/1122/1178
f 1007/1122/1178 1126/1427/1475 1127/1425/1473 1008/1111/1167
f 1008/1111/1167 1127/1425/1473 1128/1423/1471 1009/1112/1168
f 1009/1112/1168 1128/1423/1471 1129/1421/1469 1010/1304/1355
f 1010/1304/1355 1129/1421/1469 1130/1419/1467 1011/1310/1361
f 1011/1310/1361 1130/1419/1467 1131/1417/1465 1012/1316/1367
f 1012/1316/1367 1131/1417/1465 1132/1415/1463 1013/1322/1373
f 1013/1322/1373 1132/1415/1463 1133/1413/1461 1014/1328/1379
f 1014/1328/1379 1133/1413/1461 1134/1411/1459 1015/1333/1384
f 1015/1333/1384 1134/1411/1459 1135/1409/1457 1016/1336/1387
f 1016/1336/1387 1135/1409/1457 1136/1407/1455 1017/1339/1390
f 1017/1339/1390 1136/1407/1455 1137/1405/1453 1018/1342/1393
f 1018/1342/1393 1137/1405/1453 1138/1403/1451 1019/1346/1396
f 1019/1346/1396 1138/1403/1451 1139/1401/1449 1020/1349/1399
f 1020/1349/1399 1139/1401/1449 1140/1399/1447 1021/1352/1402
f 1021/1352/1402 1140/1399/1447 1141/1397/1445 1022/1196/1250
f 1022/1196/1250 1141/1397/1445 1142/1395/1443 1023/1192/1246
f 1023/1192/1246 1142/1395/1443 1143/1393/1441 1024/1188/1242
f 1024/1188/1242 1143/1393/1441 1144/1389/1439 1025/1183/1238
f 1025/1183/1238 1144/1389/1439 1145/1392/1437 1026/1184/1234
f 1026/1178/1234 1145/1387/1437 1146/1385/1435 1027/1172/1228
f 1027/1172/1228 1146/1385/1435 1147/1383/1433 1028/1166/1222
f 1028/1166/1222 1147/1383/1433 1148/1381/1431 1029/1158/1214
f 1029/1158/1214 1148/1381/1431 1149/1379/1429 1030/1150/1206
f 1030/1150/1206 1149/1379/1429 1150/1377/1427 1031/1142/1198
f 1031/1142/1198 1150/1377/1427 1151/1375/1425 1032/1134/1190
f 1032/1134/1190 1151/1375/1425 1152/1373/1423 1033/1124/1180
f 1033/1124/1180 1152/1373/1423 1153/1371/1421 1034/1115/1171
f 1034/1115/1171 1153/1371/1421 1154/1369/1419 1035/1116/1172
f 1035/1116/1172 1154/1369/1419 1155/1367/1417 1036/1302/1353
f 1036/1302/1353 1155/1367/1417 1156/1365/1415 1037/1308/1359
f 1037/1308/1359 1156/1365/1415 1157/1363/1413 1038/1314/1365
f 1038/1314/1365 1157/1363/1413 1158/1361/1411 1039/1320/1371
f 1039/1320/1371 1158/1361/1411 1159/1359/1409 1040/1326/1377
f 1040/1326/1377 1159/1359/1409 1160/1355/1405 1041/1331/1382
f 1041/1331/1382 1160/1355/1405 1161/1358/1408 962/1164/1220
f 1121/1357/1407 1162/1239/1292 1163/1297/1348 1082/1436/1484
f 1082/1436/1484 1163/1297/1348 1164/1295/1346 1103/1434/1482
f 1103/1434/1482 1164/1295/1346 1165/1293/1344 1104/1432/1480
f 1104/1432/1480 1165/1293/1344 1166/1291/1342 1083/1430/1478
f 1083/1430/1478 1166/1291/1342 1167/1289/1340 1105/1428/1476
f 1105/1428/1476 1167/1289/1340 1168/1288/1339 1106/1426/1474
f 1106/1426/1474 1168/1288/1339 1169/1287/1338 1084/1424/1472
f 1084/1424/1472 1169/1287/1338 1170/1286/1337 1107/1422/1470
f 1107/1422/1470 1170/1286/1337 1171/1285/1336 1108/1420/1468
f 1108/1420/1468 1171/1285/1336 1172/1284/1335 1085/1418/1466
f 1085/1418/1466 1172/1284/1335 1173/1283/1334 1086/1416/1464
f 1086/1416/1464 1173/1283/1334 1174/1282/1333 1109/1414/1462
f 1109/1414/1462 1174/1282/1333 1175/1281/1332 1110/1412/1460
f 1110/1412/1460 1175/1281/1332 1176/1280/1331 1087/1410/1458
f 1087/1410/1458 1176/1280/1331 1177/1279/1330 1111/1408/1456
f 1111/1408/1456 1177/1279/1330 1178/1278/1329 1112/1406/1454
f 1112/1406/1454 1178/1278/1329 1179/1277/1328 1113/1404/1452
f 1113/1404/1452 1179/1277/1328 1180/1275/1326 1114/1402/1450
f 1114/1402/1450 1180/1275/1326 1181/1273/1324 1088/1400/1448
f 1088/1400/1448 1181/1273/1324 1182/1271/1322 1115/1398/1446
f 1115/1398/1446 1182/1271/1322 1183/1269/1320 1089/1396/1444
f 1089/1396/1444 1183/1269/1320 1184/1267/1318 1090/1394/1442
f 1090/1394/1442 1184/1267/1318 1185/1263/1316 1091/1390/1440
f 1091/1390/1440 1185/1263/1316 1186/1266/1314 1116/1391/1438
f 1116/1388/1438 1186/1261/1314 1187/1259/1312 1092/1386/1436
f 1092/1386/1436 1187/1259/1312 1188/1257/1310 1117/1384/1434
f 1117/1384/1434 1188/1257/1310 1189/1255/1308 1093/1382/1432
f 1093/1382/1432 1189/1255/1308 1190/1253/1306 1094/1380/1430
f 1094/1380/1430 1190/1253/1306 1191/1251/1304 1095/1378/1428
f 1095/1378/1428 1191/1251/1304 1192/1249/1302 1096/1376/1426
f 1096/1376/1426 1192/1249/1302 1193/1247/1300 1097/1374/1424
f 1097/1374/1424 1193/1247/1300 1194/1246/1299 1098/1372/1422
f 1098/1372/1422 1194/1246/1299 1195/1245/1298 1118/1370/1420
f 1118/1370/1420 1195/1245/1298 1196/1244/1297 1099/1368/1418
f 1099/1368/1418 1196/1244/1297 1197/1243/1296 1100/1366/1416
f 1100/1366/1416 1197/1243/1296 1198/1242/1295 1101/1364/1414
f 1101/1364/1414 1198/1242/1295 1199/1241/1294 1102/1362/1412
f 1102/1362/1412 1199/1241/1294 1200/1240/1293 1119/1360/1410
f 1119/1360/1410 1200/1240/1293 1201/1238/1291 1120/1356/1406
f 1120/1356/1406 1201/1238/1291 1162/1239/1292 1121/1357/1407
f 481/827/813 1202/538/528 1203/615/603 442/674/662
f 442/674/662 1203/615/603 1204/613/601 443/668/656
f 443/668/656 1204/613/601 1205/611/599 444/660/648
f 444/660/648 1205/611/599 1206/609/597 445/652/640
f 445/652/640 1206/609/597 1207/607/595 446/644/632
f 446/644/632 1207/607/595 1208/605/593 447/636/624
f 447/636/624 1208/605/593 1209/603/591 448/624/612
f 448/624/612 1209/603/591 1210/601/589 449/621/609
f 449/621/609 1210/601/589 1211/599/587 450/818/785
f 450/818/785 1211/599/587 1212/597/585 451/820/791
f 451/820/791 1212/597/585 1213/595/583 452/822/797
f 452/822/797 1213/595/583 1214/593/581 453/824/803
f 453/824/803 1214/593/581 1215/591/579 454/826/809
f 454/826/809 1215/591/579 1216/589/577 455/829/815
f 455/829/815 1216/589/577 1217/587/575 456/832/820
f 456/832/820 1217/587/575 1218/585/573 457/835/823
f 457/835/823 1218/585/573 1219/583/571 458/838/826
f 458/838/826 1219/583/571 1220/581/569 459/841/829
f 459/841/829 1220/581/569 1221/579/567 460/845/832
f 460/845/832 1221/579/567 1222/577/565 461/706/692
f 461/706/692 1222/577/565 1223/575/563 462/702/688
f 462/702/688 1223/575/563 1224/573/561 463/698/684
f 463/698/684 1224/573/561 1225/569/559 464/694/680
f 464/694/680 1225/569/559 1226/572/557 465/691/676
f 465/688/676 1226/567/557 1227/565/555 466/684/672
f 466/684/672 1227/565/555 1228/563/553 467/680/668
f 467/680/668 1228/563/553 1229/561/551 468/676/664
f 468/676/664 1229/561/551 1230/559/549 469/670/658
f 469/670/658 1230/559/549 1231/557/547 470/662/650
f 470/662/650 1231/557/547 1232/555/545 471/654/642
f 471/654/642 1232/555/545 1233/553/543 472/646/634
f 472/646/634 1233/553/543 1234/551/541 473/638/626
f 473/638/626 1234/551/541 1235/549/539 474/628/616
f 474/628/616 1235/549/539 1236/547/537 475/625/613
f 475/625/613 1236/547/537 1237/545/535 476/817/783
f 476/817/783 1237/545/535 1238/543/533 477/819/789
f 477/819/789 1238/543/533 1239/541/531 478/821/795
f 478/821/795 1239/541/531 1240/539/529 479/823/801
f 479/823/801 1240/539/529 1241/535/525 480/825/807
f 480/825/807 1241/535/525 1202/538/528 481/827/813
f 841/1026/1044 720/1025/1043 721/946/966 802/945/965
f 900/1299/1350 901/1354/1404 984/1274/1325 985/1276/1327
f 2/1437/1485 3/1438/1486 1242/1439/1486 1243/1440/1485
f 3/1438/1486 4/1441/1487 1244/1442/1487 1242/1439/1486
f 4/1441/1487 5/1443/1488 1245/1444/1488 1244/1442/1487
f 5/1443/1488 6/1445/1489 1246/1446/1489 1245/1444/1488
f 6/1445/1489 7/1447/1490 1247/1448/1490 1246/1446/1489
f 7/1447/1490 8/1449/1491 1248/1450/1491 1247/1448/1490
f 8/1449/1491 9/1451/1492 1249/1452/1493 1248/1450/1491
f 9/1451/1492 10/1453/1494 1250/1454/1494 1249/1452/1493
f 10/1453/1494 11/1455/1495 1251/1456/1495 1250/1454/1494
f 11/1455/1495 12/1457/1496 1252/1458/1496 1251/1456/1495
f 12/1457/1496 13/1459/1497 1253/1460/1497 1252/1458/1496
f 13/1459/1497 14/1461/1498 1254/1462/1498 1253/1460/1497
f 14/1461/1498 15/1463/1499 1255/1464/1500 1254/1462/1498
f 15/1463/1499 16/1465/1501 1256/1466/1501 1255/1464/1500
f 16/1465/1501 17/1467/1502 1257/1468/1502 1256/1466/1501
f 17/1467/1502 18/1469/1503 1258/1470/1504 1257/1468/1502
f 18/1469/1503 19/1471/1505 1259/1472/1505 1258/1470/1504
f 19/1471/1505 20/1473/1506 1260/1474/1506 1259/1472/1505
f 20/1473/1506 21/1475/1507 1261/1476/1507 1260/1474/1506
f 21/1475/1507 22/1477/1508 1262/1478/1508 1261/1476/1507
f 22/1477/1508 23/1479/1509 1263/1480/1509 1262/1478/1508
f 23/1479/1509 24/1481/1510 1264/1482/1510 1263/1480/1509
f 24/1481/1510 25/1483/1511 1265/1484/1511 1264/1482/1510
f 25/1483/1511 26/1485/1512 1266/1486/1512 1265/1484/1511
f 26/1485/1512 27/1487/1513 1267/1488/1513 1266/1486/1512
f 27/1487/1513 28/1489/1514 1268/1490/1514 1267/1488/1513
f 28/1489/1514 29/1491/1515 1269/1492/1516 1268/1490/1514
f 29/1491/1515 30/1493/1517 1270/1494/1518 1269/1492/1516
f 30/1493/1517 31/1495/1519 1271/1496/1519 1270/1494/1518
f 31/1495/1519 32/1497/1520 1272/1498/1521 1271/1496/1519
f 32/1497/1520 33/1499/1522 1273/1500/1523 1272/1498/1521
f 33/1499/1522 34/1501/1524 1274/1502/1524 1273/1500/1523
f 34/1501/1524 35/1503/1525 1275/1504/1525 1274/1502/1524
f 35/1503/1525 36/1505/1526 1276/1506/1526 1275/1504/1525
f 36/1505/1526 37/1507/1527 1277/1508/1527 1276/1506/1526
f 37/1507/1527 38/1509/1528 1278/1510/1528 1277/1508/1527
f 38/1509/1528 39/1511/1529 1279/1512/1529 1278/1510/1528
f 39/1511/1529 40/1513/1530 1280/1514/1530 1279/1512/1529
f 40/1513/1530 41/1515/1531 1281/1516/1531 1280/1514/1530
f 41/1515/1531 2/1437/1485 1243/1440/1485 1281/1516/1531
f 2316/1517/1532 2315/1518/1533 1310/1519/1534 1311/1520/1535
f 2326/1521/1536 2325/1522/1537 1297/1523/1538 1298/1524/1539
f 2336/1525/1540 2335/1526/1541 1283/1527/1542 1285/1528/1543
f 2341/1529/1544 2316/1517/1532 1311/1520/1535 1312/1530/1545
f 2346/1531/1546 2326/1521/1536 1298/1524/1539 1299/1532/1547
f 2351/1533/1548 2336/1525/1540 1285/1528/1543 1286/1534/1549
f 2356/1535/1550 2341/1529/1544 1312/1530/1545 1313/1536/1551
f 2361/1537/1552 2346/1531/1546 1299/1532/1547 1300/1538/1553
f 2366/1539/1554 2351/1533/1548 1286/1534/1549 1287/1540/1555
f 2371/1541/1556 2356/1535/1550 1313/1536/1551 1314/1542/1557
f 2376/1543/1558 2361/1537/1552 1300/1538/1553 1301/1544/1559
f 2381/1545/1560 2366/1539/1554 1287/1540/1555 1288/1546/1561
f 2386/1547/1562 2371/1541/1556 1314/1542/1557 1315/1548/1563
f 2391/1549/1564 2376/1543/1558 1301/1544/1559 1302/1550/1565
f 2396/1551/1566 2381/1545/1560 1288/1546/1561 1289/1552/1567
f 2401/1553/1568 2386/1547/1562 1315/1548/1563 1316/1554/1569
f 2406/1555/1570 2391/1549/1564 1302/1550/1565 1303/1556/1571
f 2411/1557/1572 2396/1551/1566 1289/1552/1567 1290/1558/1573
f 2416/1559/1574 2401/1553/1568 1316/1554/1569 1317/1560/1575
f 2421/1561/1576 2406/1555/1570 1303/1556/1571 1304/1562/1577
f 2426/1563/1578 2411/1557/1572 1290/1558/1573 1291/1564/1579
f 2431/1565/1580 2416/1559/1574 1317/1560/1575 1318/1566/1581
f 2436/1567/1582 2421/1561/1576 1304/1562/1577 1305/1568/1583
f 2441/1569/1584 2426/1563/1578 1291/1564/1579 1292/1570/1585
f 2446/1571/1586 2431/1565/1580 1318/1566/1581 1319/1572/1587
f 2451/1573/1588 2436/1567/1582 1305/1568/1583 1306/1574/1589
f 2456/1575/1590 2441/1569/1584 1292/1570/1585 1293/1576/1591
f 2461/1577/1592 2446/1571/1586 1319/1572/1587 1320/1578/1593
f 2466/1579/1594 2451/1573/1588 1306/1574/1589 1307/1580/1595
f 2471/1581/1596 2456/1575/1590 1293/1576/1591 1294/1582/1597
f 2476/1583/1598 2461/1577/1592 1320/1578/1593 1321/1584/1599
f 2481/1585/1600 2466/1586/1594 1307/1587/1595 1308/1588/1601
f 2486/1589/1602 2471/1581/1596 1294/1582/1597 1295/1590/1603
f 2491/1591/1604 2476/1583/1598 1321/1584/1599 1322/1592/1605
f 2496/1593/1606 2481/1585/1600 1308/1588/1601 1309/1594/1607
f 2501/1595/1608 2486/1589/1602 1295/1590/1603 1296/1596/1609
f 2506/1597/1610 2491/1591/1604 1322/1592/1605 1284/1598/1611
f 2315/1518/1533 2496/1593/1606 1309/1594/1607 1310/1519/1534
f 2325/1522/1537 2501/1595/1608 1296/1596/1609 1297/1523/1538
f 2335/1526/1541 2506/1597/1610 1284/1598/1611 1283/1527/1542
f 1282/1599/1612 1283/1600/1613 1284/1601/1614
f 1282/1599/1612 1285/1602/1615 1283/1600/1613
f 1282/1599/1612 1286/1603/1616 1285/1602/1615
f 1282/1599/1612 1287/1604/1617 1286/1603/1616
f 1282/1599/1612 1288/1605/1618 1287/1604/1617
f 1282/1599/1612 1289/1606/1619 1288/1605/1618
f 1282/1599/1612 1290/1607/1619 1289/1606/1619
f 1282/1599/1612 1291/1608/1619 1290/1607/1619
f 1282/1599/1612 1292/1609/1618 1291/1608/1619
f 1282/1599/1612 1293/1610/1620 1292/1609/1618
f 1282/1599/1612 1294/1611/1621 1293/1610/1620
f 1282/1599/1612 1295/1612/1617 1294/1611/1621
f 1282/1599/1612 1296/1613/1622 1295/1612/1617
f 1282/1599/1612 1297/1614/1623 1296/1613/1622
f 1282/1599/1612 1298/1615/1623 1297/1614/1623
f 1282/1599/1612 1299/1616/1624 1298/1615/1623
f 1282/1599/1612 1300/1617/1625 1299/1616/1624
f 1282/1599/1612 1301/1618/1626 1300/1617/1625
f 1282/1599/1612 1302/1619/1627 1301/1618/1626
f 1282/1599/1612 1303/1620/1628 1302/1619/1627
f 1282/1599/1612 1304/1621/1629 1303/1620/1628
f 1282/1599/1612 1305/1622/1630 1304/1621/1629
f 1282/1599/1612 1306/1623/1631 1305/1622/1630
f 1282/1599/1612 1307/1624/1632 1306/1623/1631
f 1282/1599/1612 1308/1625/1633 1307/1624/1632
f 1282/1599/1612 1309/1626/1618 1308/1625/1633
f 1282/1599/1612 1310/1627/1634 1309/1626/1618
f 1282/1599/1612 1311/1628/1635 1310/1627/1634
f 1282/1599/1612 1312/1629/1636 1311/1628/1635
f 1282/1599/1612 1313/1630/1637 1312/1629/1636
f 1282/1599/1612 1314/1631/1638 1313/1630/1637
f 1282/1599/1612 1315/1632/1639 1314/1631/1638
f 1282/1599/1612 1316/1633/1640 1315/1632/1639
f 1282/1599/1612 1317/1634/1641 1316/1633/1640
f 1282/1599/1612 1318/1635/1642 1317/1634/1641
f 1282/1599/1612 1319/1636/1643 1318/1635/1642
f 1282/1599/1612 1320/1637/1644 1319/1636/1643
f 1282/1599/1612 1321/1638/1645 1320/1637/1644
f 1282/1599/1612 1322/1639/1646 1321/1638/1645
f 1282/1599/1612 1284/1601/1614 1322/1639/1646
f 442/674/662 599/673/661 584/828/814 481/827/813
f 1334/1640/1647 1328/1641/1648 1325/1642/1649 1331/1643/1650
f 1393/1644/1651 1332/1645/1652 1326/1646/1653 1392/1647/1654
f 1394/1648/1655 1338/1649/1656 1332/1645/1652 1393/1644/1651
f 1383/1650/1657 1336/1651/1658 1333/1652/1659 1384/1653/1660
f 1417/1654/1661 1337/1655/1662 1331/1643/1650 1416/1656/1663
f 1429/1657/1664 1406/1658/1665 1346/1659/1666 1428/1660/1667
f 1402/1661/1668 1335/1662/1669 1337/1655/1662 1405/1663/1670
f 1414/1664/1671 1404/1665/1672 1338/1649/1656 1394/1648/1655
f 1400/1666/1673 1403/1667/1674 1336/1651/1658 1383/1650/1657
f 1424/1668/1675 1405/1663/1670 1337/1655/1662 1417/1654/1661
f 1345/1669/1676 1348/1670/1677 1357/1671/1678 1358/1672/1679
f 1425/1673/1680 1343/1674/1681 1344/1675/1682 1426/1676/1683
f 1426/1676/1683 1344/1675/1682 1347/1677/1684 1427/1678/1685
f 1387/1679/1686 1381/1680/1687 1358/1672/1679 1357/1671/1678
f 1408/1681/1688 1407/1682/1689 1352/1683/1690 1355/1684/1691
f 1412/1685/1692 1408/1681/1688 1355/1684/1691 1390/1686/1693
f 1330/1687/1694 1347/1688/1694 1344/1689/1695 1327/1690/1695
f 1392/1691/1696 1396/1692/1696 1376/1693/1697 1324/1694/1697
f 1323/1695/1698 1327/1690/1695 1344/1689/1695 1343/1696/1698
f 1401/1697/1699 1406/1698/1700 1347/1688/1694 1330/1687/1694
f 1397/1699/1701 1398/1700/1702 1378/1701/1703 1377/1702/1704
f 1356/1703/1705 1389/1704/1706 1387/1679/1686 1357/1671/1678
f 1413/1705/1707 1411/1706/1708 1391/1707/1709 1399/1708/1710
f 1350/1709/1711 1356/1703/1705 1357/1671/1678 1348/1670/1677
f 1337/1655/1662 1335/1662/1669 1334/1640/1647 1331/1643/1650
f 1362/1710/1712 1360/1711/1713 1361/1712/1714
f 1364/1713/1715 1360/1711/1713 1363/1714/1716
f 1365/1715/1717 1360/1711/1713 1359/1716/1718
f 1367/1717/1719 1360/1711/1713 1366/1718/1720
f 1363/1714/1716 1360/1711/1713 1362/1710/1712
f 1359/1716/1718 1360/1711/1713 1364/1713/1715
f 1366/1718/1720 1360/1711/1713 1365/1715/1717
f 1361/1719/1714 1360/1711/1713 1367/1717/1719
f 1363/1714/1721 1371/1720/1721 1372/1721/1722 1364/1713/1722
f 1364/1713/1722 1372/1721/1722 1368/1722/1723 1359/1716/1724
f 1362/1710/1725 1370/1723/1726 1371/1720/1721 1363/1714/1721
f 1367/1717/1727 1375/1724/1727 1369/1725/1728 1361/1719/1728
f 1361/1712/1728 1369/1726/1728 1370/1723/1726 1362/1710/1725
f 1366/1718/1729 1374/1727/1729 1375/1724/1727 1367/1717/1727
f 1359/1716/1724 1368/1722/1723 1373/1728/1730 1365/1715/1730
f 1365/1715/1730 1373/1728/1730 1374/1727/1729 1366/1718/1729
f 1416/1656/1663 1415/1729/1731 1326/1646/1653 1332/1645/1652
f 1354/1730/1732 1385/1731/1732 1324/1694/1697 1376/1693/1697
f 1354/1732/1733 1376/1733/1734 1377/1702/1704 1353/1734/1735
f 1353/1734/1735 1377/1702/1704 1378/1701/1703 1351/1735/1736
f 1410/1736/1737 1409/1737/1738 1379/1738/1739 1349/1739/1740
f 1328/1740/1741 1358/1741/1742 1381/1742/1743 1325/1743/1743
f 1419/1744/1744 1415/1745/1744 1325/1743/1743 1381/1742/1743
f 1419/1746/1745 1381/1680/1687 1387/1679/1686 1420/1747/1746
f 1420/1747/1746 1387/1679/1686 1389/1704/1706 1421/1748/1747
f 1423/1749/1748 1412/1685/1692 1390/1686/1693 1422/1750/1749
f 1396/1751/1750 1380/1752/1751 1386/1753/1752 1397/1699/1701
f 1333/1652/1659 1324/1754/1753 1385/1755/1754 1384/1653/1660
f 1376/1733/1734 1396/1751/1750 1397/1699/1701 1377/1702/1704
f 1409/1737/1738 1413/1705/1707 1399/1708/1710 1379/1738/1739
f 1386/1753/1752 1388/1756/1755 1398/1700/1702 1397/1699/1701
f 1326/1757/1744 1380/1758/1744 1396/1692/1696 1392/1691/1696
f 1403/1667/1674 1414/1664/1671 1394/1648/1655 1336/1651/1658
f 1336/1651/1658 1394/1648/1655 1393/1644/1651 1333/1652/1659
f 1333/1652/1659 1393/1644/1651 1392/1647/1654 1324/1754/1753
f 1340/1759/1756 1395/1760/1757 1414/1664/1671 1403/1667/1674
f 1378/1701/1703 1398/1700/1702 1413/1705/1707 1409/1737/1738
f 1421/1748/1747 1389/1704/1706 1412/1685/1692 1423/1749/1748
f 1351/1735/1736 1378/1701/1703 1409/1737/1738 1410/1736/1737
f 1398/1700/1702 1388/1756/1755 1411/1706/1708 1413/1705/1707
f 1329/1761/1758 1346/1762/1758 1406/1698/1700 1401/1697/1699
f 1345/1763/1759 1358/1741/1742 1328/1740/1741 1425/1764/1760
f 1389/1704/1706 1356/1703/1705 1408/1681/1688 1412/1685/1692
f 1356/1703/1705 1350/1709/1711 1407/1682/1689 1408/1681/1688
f 1418/1765/1761 1342/1766/1762 1405/1663/1670 1424/1668/1675
f 1382/1767/1763 1340/1759/1756 1403/1667/1674 1400/1666/1673
f 1395/1760/1757 1341/1768/1764 1404/1665/1672 1414/1664/1671
f 1339/1769/1765 1402/1661/1668 1405/1663/1670 1342/1766/1762
f 1427/1678/1685 1347/1677/1684 1406/1658/1665 1429/1657/1664
f 1341/1768/1764 1418/1765/1761 1424/1668/1675 1404/1665/1672
f 1388/1756/1755 1421/1748/1747 1423/1749/1748 1411/1706/1708
f 1411/1706/1708 1423/1749/1748 1422/1750/1749 1391/1707/1709
f 1386/1753/1752 1420/1747/1746 1421/1748/1747 1388/1756/1755
f 1380/1752/1751 1419/1746/1745 1420/1747/1746 1386/1753/1752
f 1380/1758/1744 1326/1757/1744 1415/1745/1744 1419/1744/1744
f 1331/1643/1650 1325/1642/1649 1415/1729/1731 1416/1656/1663
f 1404/1665/1672 1424/1668/1675 1417/1654/1661 1338/1649/1656
f 1338/1649/1656 1417/1654/1661 1416/1656/1663 1332/1645/1652
f 1350/1770/1766 1427/1678/1685 1429/1657/1664 1407/1771/1767
f 1329/1772/1768 1401/1773/1769 1402/1774/1770 1339/1775/1768
f 1401/1773/1769 1330/1776/1771 1335/1777/1772 1402/1774/1770
f 1348/1778/1773 1426/1676/1683 1427/1678/1685 1350/1770/1766
f 1345/1779/1774 1425/1673/1680 1426/1676/1683 1348/1778/1773
f 1323/1780/1775 1343/1781/1775 1425/1764/1760 1328/1740/1741
f 1330/1776/1771 1327/1782/1776 1334/1783/1776 1335/1777/1772
f 1407/1771/1767 1429/1657/1664 1428/1660/1667 1352/1784/1777
f 1323/1785/1778 1328/1786/1778 1334/1783/1776 1327/1782/1776
f 1440/1787/1779 1437/1788/1780 1432/1789/1781 1435/1790/1782
f 1487/1791/1783 1486/1792/1784 1433/1793/1785 1438/1794/1786
f 1488/1795/1787 1487/1791/1783 1438/1794/1786 1444/1796/1788
f 1479/1797/1789 1480/1798/1790 1439/1799/1791 1442/1800/1792
f 1509/1801/1793 1508/1802/1794 1437/1788/1780 1443/1803/1795
f 1518/1804/1796 1428/1660/1667 1346/1659/1666 1498/1805/1797
f 1494/1806/1798 1497/1807/1799 1443/1803/1795 1441/1808/1800
f 1506/1809/1801 1488/1795/1787 1444/1796/1788 1496/1810/1802
f 1492/1811/1803 1479/1797/1789 1442/1800/1792 1495/1812/1804
f 1514/1813/1805 1509/1801/1793 1443/1803/1795 1497/1807/1799
f 1447/1814/1806 1456/1815/1807 1455/1816/1808 1449/1817/1809
f 1515/1818/1810 1516/1819/1811 1446/1820/1812 1445/1821/1813
f 1516/1819/1811 1517/1822/1814 1448/1823/1815 1446/1820/1812
f 1483/1824/1816 1455/1816/1808 1456/1815/1807 1478/1825/1817
f 1500/1826/1818 1355/1684/1691 1352/1683/1690 1499/1827/1819
f 1504/1828/1820 1390/1686/1693 1355/1684/1691 1500/1826/1818
f 1436/1829/1821 1434/1830/1822 1446/1831/1822 1448/1832/1821
f 1486/1833/1823 1431/1834/1824 1474/1835/1824 1489/1836/1823
f 1430/1837/1825 1445/1838/1825 1446/1831/1822 1434/1830/1822
f 1493/1839/1826 1436/1829/1821 1448/1832/1821 1498/1840/1826
f 1490/1841/1827 1475/1842/1828 1476/1843/1829 1491/1844/1830
f 1454/1845/1831 1455/1816/1808 1483/1824/1816 1485/1846/1832
f 1505/1847/1833 1399/1708/1710 1391/1707/1709 1503/1848/1834
f 1450/1849/1835 1449/1817/1809 1455/1816/1808 1454/1845/1831
f 1443/1803/1795 1437/1788/1780 1440/1787/1779 1441/1808/1800
f 1460/1850/1836 1459/1851/1837 1458/1852/1838
f 1462/1853/1839 1461/1854/1840 1458/1852/1838
f 1463/1855/1841 1457/1856/1842 1458/1852/1838
f 1465/1857/1843 1464/1858/1844 1458/1852/1838
f 1461/1854/1840 1460/1850/1836 1458/1852/1838
f 1457/1856/1842 1462/1853/1839 1458/1852/1838
f 1464/1858/1844 1463/1855/1841 1458/1852/1838
f 1459/1851/1837 1465/1859/1843 1458/1852/1838
f 1461/1854/1845 1462/1853/1846 1470/1860/1846 1469/1861/1847
f 1462/1853/1846 1457/1856/1848 1466/1862/1848 1470/1860/1846
f 1460/1850/1849 1461/1854/1845 1469/1861/1847 1468/1863/1849
f 1465/1859/1850 1459/1851/1851 1467/1864/1851 1473/1865/1850
f 1459/1851/1851 1460/1850/1849 1468/1863/1849 1467/1864/1851
f 1464/1858/1852 1465/1857/1850 1473/1866/1850 1472/1867/1853
f 1457/1856/1848 1463/1855/1854 1471/1868/1855 1466/1862/1848
f 1463/1855/1854 1464/1858/1852 1472/1867/1853 1471/1868/1855
f 1508/1802/1794 1438/1794/1786 1433/1793/1785 1507/1869/1856
f 1453/1870/1857 1474/1835/1824 1431/1834/1824 1481/1871/1857
f 1453/1872/1858 1452/1873/1859 1475/1842/1828 1474/1874/1860
f 1452/1873/1859 1451/1875/1861 1476/1843/1829 1475/1842/1828
f 1502/1876/1862 1349/1739/1740 1379/1738/1739 1501/1877/1863
f 1435/1878/1864 1432/1879/1823 1478/1880/1865 1456/1881/1864
f 1510/1882/1823 1478/1880/1865 1432/1879/1823 1507/1883/1823
f 1510/1884/1866 1511/1885/1867 1483/1824/1816 1478/1825/1817
f 1511/1885/1867 1512/1886/1868 1485/1846/1832 1483/1824/1816
f 1513/1887/1869 1422/1750/1749 1390/1686/1693 1504/1828/1820
f 1489/1888/1870 1490/1841/1827 1482/1889/1871 1477/1890/1872
f 1439/1799/1791 1480/1798/1790 1481/1891/1873 1431/1892/1874
f 1474/1874/1860 1475/1842/1828 1490/1841/1827 1489/1888/1870
f 1501/1877/1863 1379/1738/1739 1399/1708/1710 1505/1847/1833
f 1482/1889/1871 1490/1841/1827 1491/1844/1830 1484/1893/1875
f 1433/1894/1823 1486/1833/1823 1489/1836/1823 1477/1895/1823
f 1495/1812/1804 1442/1800/1792 1488/1795/1787 1506/1809/1801
f 1442/1800/1792 1439/1799/1791 1487/1791/1783 1488/1795/1787
f 1439/1799/1791 1431/1892/1874 1486/1792/1784 1487/1791/1783
f 1340/1759/1756 1495/1812/1804 1506/1809/1801 1395/1760/1757
f 1476/1843/1829 1501/1877/1863 1505/1847/1833 1491/1844/1830
f 1512/1886/1868 1513/1887/1869 1504/1828/1820 1485/1846/1832
f 1451/1875/1861 1502/1876/1862 1501/1877/1863 1476/1843/1829
f 1491/1844/1830 1505/1847/1833 1503/1848/1834 1484/1893/1875
f 1329/1761/1758 1493/1839/1826 1498/1840/1826 1346/1762/1758
f 1447/1896/1864 1515/1897/1864 1435/1878/1864 1456/1881/1864
f 1485/1846/1832 1504/1828/1820 1500/1826/1818 1454/1845/1831
f 1454/1845/1831 1500/1826/1818 1499/1827/1819 1450/1849/1835
f 1418/1765/1761 1514/1813/1805 1497/1807/1799 1342/1766/1762
f 1382/1767/1763 1492/1811/1803 1495/1812/1804 1340/1759/1756
f 1395/1760/1757 1506/1809/1801 1496/1810/1802 1341/1768/1764
f 1339/1769/1765 1342/1766/1762 1497/1807/1799 1494/1806/1798
f 1517/1822/1814 1518/1804/1796 1498/1805/1797 1448/1823/1815
f 1341/1768/1764 1496/1810/1802 1514/1813/1805 1418/1765/1761
f 1484/1893/1875 1503/1848/1834 1513/1887/1869 1512/1886/1868
f 1503/1848/1834 1391/1707/1709 1422/1750/1749 1513/1887/1869
f 1482/1889/1871 1484/1893/1875 1512/1886/1868 1511/1885/1867
f 1477/1890/1872 1482/1889/1871 1511/1885/1867 1510/1884/1866
f 1477/1895/1823 1510/1882/1823 1507/1883/1823 1433/1894/1823
f 1437/1788/1780 1508/1802/1794 1507/1869/1856 1432/1789/1781
f 1496/1810/1802 1444/1796/1788 1509/1801/1793 1514/1813/1805
f 1444/1796/1788 1438/1794/1786 1508/1802/1794 1509/1801/1793
f 1450/1898/1876 1499/1899/1877 1518/1804/1796 1517/1822/1814
f 1329/1772/1768 1339/1775/1768 1494/1900/1878 1493/1901/1879
f 1493/1901/1879 1494/1900/1878 1441/1902/1880 1436/1903/1881
f 1449/1904/1882 1450/1898/1876 1517/1822/1814 1516/1819/1811
f 1447/1905/1883 1449/1904/1882 1516/1819/1811 1515/1818/1810
f 1430/1837/1884 1435/1878/1864 1515/1897/1864 1445/1838/1884
f 1436/1903/1881 1441/1902/1880 1440/1906/1885 1434/1907/1885
f 1499/1899/1877 1352/1784/1777 1428/1660/1667 1518/1804/1796
f 1430/1908/1886 1434/1907/1885 1440/1906/1885 1435/1909/1886
f 1530/1910/1887 1527/1911/1888 1521/1912/1889 1524/1913/1890
f 1581/1914/1891 1580/1915/1892 1522/1916/1893 1528/1917/1894
f 1582/1918/1895 1581/1914/1891 1528/1917/1894 1534/1919/1896
f 1383/1650/1657 1384/1653/1660 1529/1920/1897 1532/1921/1898
f 1603/1922/1899 1602/1923/1900 1527/1911/1888 1533/1924/1901
f 1615/1925/1902 1614/1926/1903 1542/1927/1904 1593/1928/1905
f 1589/1929/1906 1592/1930/1907 1533/1924/1901 1531/1931/1908
f 1600/1932/1909 1582/1918/1895 1534/1919/1896 1591/1933/1910
f 1400/1666/1673 1383/1650/1657 1532/1921/1898 1590/1934/1911
f 1610/1935/1912 1603/1922/1899 1533/1924/1901 1592/1930/1907
f 1541/1936/1913 1550/1937/1914 1549/1938/1915 1544/1939/1916
f 1611/1940/1917 1612/1941/1918 1540/1942/1919 1539/1943/1920
f 1612/1941/1918 1613/1944/1921 1543/1945/1922 1540/1942/1919
f 1575/1946/1923 1549/1938/1915 1550/1937/1914 1573/1947/1924
f 1595/1948/1925 1547/1949/1926 1546/1950/1927 1594/1951/1928
f 1598/1952/1929 1578/1953/1930 1547/1949/1926 1595/1948/1925
f 1526/1954/1931 1523/1955/1932 1540/1956/1933 1543/1957/1934
f 1580/1958/1935 1520/1959/1936 1568/1960/1936 1584/1961/1935
f 1519/1962/1937 1539/1963/1937 1540/1956/1933 1523/1955/1932
f 1588/1964/1938 1526/1954/1931 1543/1957/1934 1593/1965/1939
f 1585/1966/1940 1569/1967/1941 1570/1968/1942 1586/1969/1943
f 1548/1970/1944 1549/1938/1915 1575/1946/1923 1577/1971/1945
f 1599/1972/1946 1587/1973/1947 1579/1974/1948 1597/1975/1949
f 1545/1976/1950 1544/1939/1916 1549/1938/1915 1548/1970/1944
f 1533/1924/1901 1527/1911/1888 1530/1910/1887 1531/1931/1908
f 1554/1977/1951 1553/1978/1952 1552/1979/1953
f 1556/1980/1954 1555/1981/1955 1552/1979/1953
f 1557/1982/1956 1551/1983/1957 1552/1979/1953
f 1559/1984/1958 1558/1985/1959 1552/1979/1953
f 1555/1981/1955 1554/1977/1951 1552/1979/1953
f 1551/1983/1957 1556/1986/1954 1552/1979/1953
f 1558/1985/1959 1557/1982/1956 1552/1979/1953
f 1553/1978/1952 1559/1984/1958 1552/1979/1953
f 1555/1981/1960 1556/1980/1961 1564/1987/1962 1563/1988/1963
f 1556/1986/1961 1551/1983/1964 1560/1989/1964 1564/1990/1962
f 1554/1977/1965 1555/1981/1960 1563/1988/1963 1562/1991/1965
f 1559/1984/1966 1553/1978/1967 1561/1992/1967 1567/1993/1968
f 1553/1978/1967 1554/1977/1965 1562/1991/1965 1561/1992/1967
f 1558/1985/1969 1559/1984/1966 1567/1993/1968 1566/1994/1969
f 1551/1983/1964 1557/1982/1970 1565/1995/1971 1560/1989/1964
f 1557/1982/1970 1558/1985/1969 1566/1994/1969 1565/1995/1971
f 1602/1923/1900 1528/1917/1894 1522/1916/1893 1601/1996/1972
f 1354/1730/1732 1568/1960/1936 1520/1959/1936 1385/1731/1732
f 1354/1732/1733 1353/1734/1735 1569/1967/1941 1568/1997/1973
f 1353/1734/1735 1351/1735/1736 1570/1968/1942 1569/1967/1941
f 1410/1736/1737 1349/1739/1740 1571/1998/1974 1596/1999/1975
f 1524/2000/1976 1521/2001/1977 1573/2002/1977 1550/2003/1978
f 1605/2004/1979 1573/2002/1977 1521/2001/1977 1601/2005/1980
f 1605/2006/1981 1606/2007/1982 1575/1946/1923 1573/1947/1924
f 1606/2007/1982 1607/2008/1983 1577/1971/1945 1575/1946/1923
f 1609/2009/1984 1608/2010/1985 1578/1953/1930 1598/1952/1929
f 1584/2011/1986 1585/1966/1940 1574/2012/1987 1572/2013/1988
f 1529/1920/1897 1384/1653/1660 1385/1755/1754 1520/2014/1989
f 1568/1997/1973 1569/1967/1941 1585/1966/1940 1584/2011/1986
f 1596/1999/1975 1571/1998/1974 1587/1973/1947 1599/1972/1946
f 1574/2012/1987 1585/1966/1940 1586/1969/1943 1576/2015/1990
f 1522/2016/1991 1580/1958/1935 1584/1961/1935 1572/2017/1992
f 1590/1934/1911 1532/1921/1898 1582/1918/1895 1600/1932/1909
f 1532/1921/1898 1529/1920/1897 1581/1914/1891 1582/1918/1895
f 1529/1920/1897 1520/2014/1989 1580/1915/1892 1581/1914/1891
f 1536/2018/1993 1590/1934/1911 1600/1932/1909 1583/2019/1994
f 1570/1968/1942 1596/1999/1975 1599/1972/1946 1586/1969/1943
f 1607/2008/1983 1609/2009/1984 1598/1952/1929 1577/1971/1945
f 1351/1735/1736 1410/1736/1737 1596/1999/1975 1570/1968/1942
f 1586/1969/1943 1599/1972/1946 1597/1975/1949 1576/2015/1990
f 1525/2020/1995 1588/1964/1938 1593/1965/1939 1542/2021/1995
f 1541/2022/1978 1611/2023/1996 1524/2000/1976 1550/2003/1978
f 1577/1971/1945 1598/1952/1929 1595/1948/1925 1548/1970/1944
f 1548/1970/1944 1595/1948/1925 1594/1951/1928 1545/1976/1950
f 1604/2024/1997 1610/1935/1912 1592/1930/1907 1538/2025/1998
f 1382/1767/1763 1400/1666/1673 1590/1934/1911 1536/2018/1993
f 1583/2019/1994 1600/1932/1909 1591/1933/1910 1537/2026/1999
f 1535/2027/2000 1538/2025/1998 1592/1930/1907 1589/1929/1906
f 1613/1944/1921 1615/1925/1902 1593/1928/1905 1543/1945/1922
f 1537/2026/1999 1591/1933/1910 1610/1935/1912 1604/2024/1997
f 1576/2015/1990 1597/1975/1949 1609/2009/1984 1607/2008/1983
f 1597/1975/1949 1579/1974/1948 1608/2010/1985 1609/2009/1984
f 1574/2012/1987 1576/2015/1990 1607/2008/1983 1606/2007/1982
f 1572/2013/1988 1574/2012/1987 1606/2007/1982 1605/2006/1981
f 1572/2017/1992 1605/2004/1979 1601/2005/1980 1522/2016/1991
f 1527/1911/1888 1602/1923/1900 1601/1996/1972 1521/1912/1889
f 1591/1933/1910 1534/1919/1896 1603/1922/1899 1610/1935/1912
f 1534/1919/1896 1528/1917/1894 1602/1923/1900 1603/1922/1899
f 1545/2028/2001 1594/2029/2002 1615/1925/1902 1613/1944/1921
f 1525/2030/2003 1535/2031/2003 1589/2032/2004 1588/2033/2005
f 1588/2033/2005 1589/2032/2004 1531/2034/2006 1526/2035/2007
f 1544/2036/2008 1545/2028/2001 1613/1944/1921 1612/1941/1918
f 1541/2037/2009 1544/2036/2008 1612/1941/1918 1611/1940/1917
f 1519/2038/2010 1524/2000/1976 1611/2023/1996 1539/2039/2010
f 1526/2035/2007 1531/2034/2006 1530/2040/2011 1523/2041/2011
f 1594/2029/2002 1546/2042/2012 1614/1926/1903 1615/1925/1902
f 1519/2043/2013 1523/2041/2011 1530/2040/2011 1524/2044/2013
f 1626/2045/2014 1621/2046/2015 1618/2047/2016 1623/2048/2017
f 1667/2049/2018 1624/2050/2019 1619/2051/2020 1666/2052/2021
f 1668/2053/2022 1630/2054/2023 1624/2050/2019 1667/2049/2018
f 1479/1797/1789 1628/2055/2024 1625/2056/2025 1480/1798/1790
f 1687/2057/2026 1629/2058/2027 1623/2048/2017 1686/2059/2028
f 1696/2060/2029 1677/2061/2030 1542/1927/1904 1614/1926/1903
f 1673/2062/2031 1627/2063/2032 1629/2058/2027 1676/2064/2033
f 1684/2065/2034 1675/2066/2035 1630/2054/2023 1668/2053/2022
f 1492/1811/1803 1674/2067/2036 1628/2055/2024 1479/1797/1789
f 1692/2068/2037 1676/2064/2033 1629/2058/2027 1687/2057/2026
f 1633/2069/2038 1635/2070/2039 1638/2071/2040 1639/2072/2041
f 1693/2073/2042 1631/2074/2043 1632/2075/2044 1694/2076/2045
f 1694/2076/2045 1632/2075/2044 1634/2077/2046 1695/2078/2047
f 1663/2079/2048 1661/2080/2049 1639/2072/2041 1638/2071/2040
f 1679/2081/2050 1678/2082/2051 1546/1950/1927 1547/1949/1926
f 1682/2083/2052 1679/2081/2050 1547/1949/1926 1578/1953/1930
f 1622/2084/2053 1634/2085/2053 1632/2086/2054 1620/2087/2054
f 1666/2088/2055 1669/2089/2055 1657/2090/2056 1617/2091/2056
f 1616/2092/2057 1620/2087/2054 1632/2086/2054 1631/2093/2057
f 1672/2094/2058 1677/2095/2059 1634/2085/2053 1622/2084/2053
f 1670/2096/2060 1671/2097/2061 1659/2098/2062 1658/2099/2063
f 1637/2100/2064 1665/2101/2065 1663/2079/2048 1638/2071/2040
f 1683/2102/2066 1681/2103/2067 1579/1974/1948 1587/1973/1947
f 1636/2104/2068 1637/2100/2064 1638/2071/2040 1635/2070/2039
f 1629/2058/2027 1627/2063/2032 1626/2045/2014 1623/2048/2017
f 1643/2105/2069 1641/2106/2070 1642/2107/2071
f 1645/2108/2072 1641/2106/2070 1644/2109/2073
f 1646/2110/2074 1641/2106/2070 1640/2111/2075
f 1648/2112/2076 1641/2106/2070 1647/2113/2077
f 1644/2109/2073 1641/2106/2070 1643/2105/2069
f 1640/2114/2075 1641/2106/2070 1645/2108/2072
f 1647/2113/2077 1641/2106/2070 1646/2110/2074
f 1642/2107/2071 1641/2106/2070 1648/2112/2076
f 1644/2109/2078 1652/2115/2078 1653/2116/2079 1645/2108/2079
f 1645/2108/2079 1653/2116/2079 1649/2117/2080 1640/2114/2080
f 1643/2105/2081 1651/2118/2081 1652/2115/2078 1644/2109/2078
f 1648/2112/2082 1656/2119/2082 1650/2120/2083 1642/2107/2083
f 1642/2107/2083 1650/2120/2083 1651/2118/2081 1643/2105/2081
f 1647/2113/2084 1655/2121/2084 1656/2119/2082 1648/2112/2082
f 1640/2111/2080 1649/2122/2080 1654/2123/2085 1646/2110/2086
f 1646/2110/2086 1654/2123/2085 1655/2121/2084 1647/2113/2084
f 1686/2059/2028 1685/2124/2087 1619/2051/2020 1624/2050/2019
f 1453/1870/1857 1481/1871/1857 1617/2091/2056 1657/2090/2056
f 1453/1872/1858 1657/2125/2088 1658/2099/2063 1452/1873/1859
f 1452/1873/1859 1658/2099/2063 1659/2098/2062 1451/1875/1861
f 1502/1876/1862 1680/2126/2089 1571/1998/1974 1349/1739/1740
f 1621/2127/2090 1639/2128/2055 1661/2129/2055 1618/2130/2055
f 1688/2131/2055 1685/2132/2055 1618/2130/2055 1661/2129/2055
f 1688/2133/2091 1661/2080/2049 1663/2079/2048 1689/2134/2092
f 1689/2134/2092 1663/2079/2048 1665/2101/2065 1690/2135/2093
f 1691/2136/2094 1682/2083/2052 1578/1953/1930 1608/2010/1985
f 1669/2137/2095 1660/2138/2096 1662/2139/2097 1670/2096/2060
f 1625/2056/2025 1617/2140/2098 1481/1891/1873 1480/1798/1790
f 1657/2125/2088 1669/2137/2095 1670/2096/2060 1658/2099/2063
f 1680/2126/2089 1683/2102/2066 1587/1973/1947 1571/1998/1974
f 1662/2139/2097 1664/2141/2099 1671/2097/2061 1670/2096/2060
f 1619/2142/2055 1660/2143/2055 1669/2089/2055 1666/2088/2055
f 1674/2067/2036 1684/2065/2034 1668/2053/2022 1628/2055/2024
f 1628/2055/2024 1668/2053/2022 1667/2049/2018 1625/2056/2025
f 1625/2056/2025 1667/2049/2018 1666/2052/2021 1617/2140/2098
f 1536/2018/1993 1583/2019/1994 1684/2065/2034 1674/2067/2036
f 1659/2098/2062 1671/2097/2061 1683/2102/2066 1680/2126/2089
f 1690/2135/2093 1665/2101/2065 1682/2083/2052 1691/2136/2094
f 1451/1875/1861 1659/2098/2062 1680/2126/2089 1502/1876/1862
f 1671/2097/2061 1664/2141/2099 1681/2103/2067 1683/2102/2066
f 1525/2020/1995 1542/2021/1995 1677/2095/2059 1672/2094/2058
f 1633/2144/2100 1639/2128/2055 1621/2127/2090 1693/2145/2101
f 1665/2101/2065 1637/2100/2064 1679/2081/2050 1682/2083/2052
f 1637/2100/2064 1636/2104/2068 1678/2082/2051 1679/2081/2050
f 1604/2024/1997 1538/2025/1998 1676/2064/2033 1692/2068/2037
f 1382/1767/1763 1536/2018/1993 1674/2067/2036 1492/1811/1803
f 1583/2019/1994 1537/2026/1999 1675/2066/2035 1684/2065/2034
f 1535/2027/2000 1673/2062/2031 1676/2064/2033 1538/2025/1998
f 1695/2078/2047 1634/2077/2046 1677/2061/2030 1696/2060/2029
f 1537/2026/1999 1604/2024/1997 1692/2068/2037 1675/2066/2035
f 1664/2141/2099 1690/2135/2093 1691/2136/2094 1681/2103/2067
f 1681/2103/2067 1691/2136/2094 1608/2010/1985 1579/1974/1948
f 1662/2139/2097 1689/2134/2092 1690/2135/2093 1664/2141/2099
f 1660/2138/2096 1688/2133/2091 1689/2134/2092 1662/2139/2097
f 1660/2143/2055 1619/2142/2055 1685/2132/2055 1688/2131/2055
f 1623/2048/2017 1618/2047/2016 1685/2124/2087 1686/2059/2028
f 1675/2066/2035 1692/2068/2037 1687/2057/2026 1630/2054/2023
f 1630/2054/2023 1687/2057/2026 1686/2059/2028 1624/2050/2019
f 1636/2146/2102 1695/2078/2047 1696/2060/2029 1678/2147/2103
f 1525/2030/2003 1672/2148/2104 1673/2149/2104 1535/2031/2003
f 1672/2148/2104 1622/2150/2105 1627/2151/2105 1673/2149/2104
f 1635/2152/2106 1694/2076/2045 1695/2078/2047 1636/2146/2102
f 1633/2153/2107 1693/2073/2042 1694/2076/2045 1635/2152/2106
f 1616/2154/2108 1631/2155/2108 1693/2145/2101 1621/2127/2090
f 1622/2150/2105 1620/2156/2109 1626/2157/2109 1627/2151/2105
f 1678/2147/2103 1696/2060/2029 1614/1926/1903 1546/2042/2012
f 1616/2158/2110 1621/2159/2110 1626/2157/2109 1620/2156/2109
f 1708/2160/2111 1705/2161/2112 1699/2162/2113 1702/2163/2114
f 1767/2164/2115 1766/2165/2116 1700/2166/2117 1706/2167/2118
f 1768/2168/2119 1767/2164/2115 1706/2167/2118 1712/2169/2120
f 1757/2170/2121 1758/2171/2122 1707/2172/2123 1710/2173/2124
f 1791/2174/2125 1790/2175/2126 1705/2161/2112 1711/2176/2127
f 1803/2177/2128 1802/2178/2129 1720/2179/2130 1780/2180/2131
f 1776/2181/2132 1779/2182/2133 1711/2176/2127 1709/2183/2134
f 1788/2184/2135 1768/2168/2119 1712/2169/2120 1778/2185/2136
f 1774/2186/2137 1757/2170/2121 1710/2173/2124 1777/2187/2138
f 1798/2188/2139 1791/2174/2125 1711/2176/2127 1779/2182/2133
f 1719/2189/2140 1732/2190/2141 1731/2191/2142 1722/2192/2143
f 1799/2193/2144 1800/2194/2145 1718/2195/2146 1717/2196/2147
f 1800/2194/2145 1801/2197/2148 1721/2198/2149 1718/2195/2146
f 1761/2199/2150 1731/2191/2142 1732/2190/2141 1755/2200/2151
f 1782/2201/2152 1729/2202/2153 1726/2203/2154 1781/2204/2155
f 1786/2205/2156 1764/2206/2157 1729/2202/2153 1782/2201/2152
f 1704/2207/2158 1701/2208/2159 1718/2209/2159 1721/2210/2160
f 1766/2211/2161 1698/2212/2162 1750/2213/2163 1770/2214/2164
f 1697/2215/2165 1717/2216/2165 1718/2209/2159 1701/2208/2159
f 1775/2217/2166 1704/2207/2158 1721/2210/2160 1780/2218/2167
f 1771/2219/2168 1751/2220/2169 1752/2221/2170 1772/2222/2171
f 1730/2223/2172 1731/2191/2142 1761/2199/2150 1763/2224/2173
f 1787/2225/2174 1773/2226/2175 1765/2227/2176 1785/2228/2177
f 1724/2229/2178 1722/2192/2143 1731/2191/2142 1730/2223/2172
f 1711/2176/2127 1705/2161/2112 1708/2160/2111 1709/2183/2134
f 1736/2230/2179 1735/2231/2180 1734/2232/2181
f 1738/2233/2182 1737/2234/2183 1734/2232/2181
f 1739/2235/2184 1733/2236/2185 1734/2232/2181
f 1741/2237/2186 1740/2238/2187 1734/2232/2181
f 1737/2234/2183 1736/2230/2179 1734/2232/2181
f 1733/2236/2185 1738/2233/2182 1734/2232/2181
f 1740/2238/2187 1739/2235/2184 1734/2232/2181
f 1735/2239/2180 1741/2237/2186 1734/2232/2181
f 1737/2234/2183 1738/2233/2182 1746/2240/2188 1745/2241/2189
f 1738/2233/2182 1733/2236/2185 1742/2242/2190 1746/2240/2188
f 1736/2230/2179 1737/2234/2183 1745/2241/2189 1744/2243/2191
f 1741/2237/2186 1735/2239/2180 1743/2244/2192 1749/2245/2193
f 1735/2231/2180 1736/2230/2179 1744/2243/2191 1743/2246/2192
f 1740/2238/2194 1741/2237/2186 1749/2245/2193 1748/2247/2194
f 1733/2236/2185 1739/2235/2195 1747/2248/2195 1742/2242/2190
f 1739/2235/2195 1740/2238/2194 1748/2247/2194 1747/2248/2195
f 1790/2175/2126 1706/2167/2118 1700/2166/2117 1789/2249/2196
f 1728/2250/2197 1750/2213/2163 1698/2212/2162 1759/2251/2198
f 1728/2252/2199 1727/2253/2200 1751/2220/2169 1750/2254/2201
f 1727/2253/2200 1725/2255/2202 1752/2221/2170 1751/2220/2169
f 1784/2256/2203 1723/2257/2204 1753/2258/2205 1783/2259/2206
f 1702/2260/2207 1699/2261/2208 1755/2262/2208 1732/2263/2209
f 1793/2264/2210 1755/2262/2208 1699/2261/2208 1789/2265/2211
f 1793/2266/2212 1794/2267/2213 1761/2199/2150 1755/2200/2151
f 1794/2267/2213 1795/2268/2214 1763/2224/2173 1761/2199/2150
f 1797/2269/2215 1796/2270/2216 1764/2206/2157 1786/2205/2156
f 1770/2271/2217 1771/2219/2168 1760/2272/2218 1754/2273/2219
f 1707/2172/2123 1758/2171/2122 1759/2274/2220 1698/2275/2221
f 1750/2254/2201 1751/2220/2169 1771/2219/2168 1770/2271/2217
f 1783/2259/2206 1753/2258/2205 1773/2226/2175 1787/2225/2174
f 1760/2272/2218 1771/2219/2168 1772/2222/2171 1762/2276/2222
f 1700/2277/2223 1766/2211/2161 1770/2214/2164 1754/2278/2223
f 1777/2187/2138 1710/2173/2124 1768/2168/2119 1788/2184/2135
f 1710/2173/2124 1707/2172/2123 1767/2164/2115 1768/2168/2119
f 1707/2172/2123 1698/2275/2221 1766/2165/2116 1767/2164/2115
f 1714/2279/2224 1777/2187/2138 1788/2184/2135 1769/2280/2225
f 1752/2221/2170 1783/2259/2206 1787/2225/2174 1772/2222/2171
f 1795/2268/2214 1797/2269/2215 1786/2205/2156 1763/2224/2173
f 1725/2255/2202 1784/2256/2203 1783/2259/2206 1752/2221/2170
f 1772/2222/2171 1787/2225/2174 1785/2228/2177 1762/2276/2222
f 1703/2281/2226 1775/2217/2166 1780/2218/2167 1720/2282/2227
f 1719/2283/2209 1799/2284/2228 1702/2260/2207 1732/2263/2209
f 1763/2224/2173 1786/2205/2156 1782/2201/2152 1730/2223/2172
f 1730/2223/2172 1782/2201/2152 1781/2204/2155 1724/2229/2178
f 1792/2285/2229 1798/2188/2139 1779/2182/2133 1716/2286/2230
f 1756/2287/2231 1774/2186/2137 1777/2187/2138 1714/2279/2224
f 1769/2280/2225 1788/2184/2135 1778/2185/2136 1715/2288/2232
f 1713/2289/2233 1716/2286/2230 1779/2182/2133 1776/2181/2132
f 1801/2197/2148 1803/2177/2128 1780/2180/2131 1721/2198/2149
f 1715/2288/2232 1778/2185/2136 1798/2188/2139 1792/2285/2229
f 1762/2276/2222 1785/2228/2177 1797/2269/2215 1795/2268/2214
f 1785/2228/2177 1765/2227/2176 1796/2270/2216 1797/2269/2215
f 1760/2272/2218 1762/2276/2222 1795/2268/2214 1794/2267/2213
f 1754/2273/2219 1760/2272/2218 1794/2267/2213 1793/2266/2212
f 1754/2278/2223 1793/2264/2210 1789/2265/2211 1700/2277/2223
f 1705/2161/2112 1790/2175/2126 1789/2249/2196 1699/2162/2113
f 1778/2185/2136 1712/2169/2120 1791/2174/2125 1798/2188/2139
f 1712/2169/2120 1706/2167/2118 1790/2175/2126 1791/2174/2125
f 1724/2290/2234 1781/2291/2235 1803/2177/2128 1801/2197/2148
f 1703/2292/2236 1713/2293/2237 1776/2294/2238 1775/2295/2239
f 1775/2295/2239 1776/2294/2238 1709/2296/2240 1704/2297/2241
f 1722/2298/2242 1724/2290/2234 1801/2197/2148 1800/2194/2145
f 1719/2299/2243 1722/2298/2242 1800/2194/2145 1799/2193/2144
f 1697/2300/2244 1702/2260/2207 1799/2284/2228 1717/2301/2244
f 1704/2297/2241 1709/2296/2240 1708/2302/2245 1701/2303/2245
f 1781/2291/2235 1726/2304/2246 1802/2178/2129 1803/2177/2128
f 1697/2305/2247 1701/2303/2245 1708/2302/2245 1702/2306/2247
f 1814/2307/2248 1809/2308/2249 1806/2309/2250 1811/2310/2251
f 1861/2311/2252 1812/2312/2253 1807/2313/2254 1860/2314/2255
f 1862/2315/2256 1818/2316/2257 1812/2312/2253 1861/2311/2252
f 1853/2317/2258 1816/2318/2259 1813/2319/2260 1854/2320/2261
f 1883/2321/2262 1817/2322/2263 1811/2310/2251 1882/2323/2264
f 1892/2324/2265 1872/2325/2266 1720/2179/2130 1802/2178/2129
f 1868/2326/2267 1815/2327/2268 1817/2322/2263 1871/2328/2269
f 1880/2329/2270 1870/2330/2271 1818/2316/2257 1862/2315/2256
f 1866/2331/2272 1869/2332/2273 1816/2318/2259 1853/2317/2258
f 1888/2333/2274 1871/2328/2269 1817/2322/2263 1883/2321/2262
f 1821/2334/2275 1823/2335/2276 1829/2336/2277 1830/2337/2278
f 1889/2338/2279 1819/2339/2280 1820/2340/2281 1890/2341/2282
f 1890/2341/2282 1820/2340/2281 1822/2342/2283 1891/2343/2284
f 1857/2344/2285 1852/2345/2286 1830/2337/2278 1829/2336/2277
f 1874/2346/2287 1873/2347/2288 1726/2203/2154 1729/2202/2153
f 1878/2348/2289 1874/2346/2287 1729/2202/2153 1764/2206/2157
f 1810/2349/2290 1822/2350/2291 1820/2351/2292 1808/2352/2292
f 1860/2353/2293 1863/2354/2293 1848/2355/2294 1805/2356/2294
f 1804/2357/2295 1808/2352/2292 1820/2351/2292 1819/2358/2295
f 1867/2359/2296 1872/2360/2296 1822/2350/2291 1810/2349/2290
f 1864/2361/2297 1865/2362/2298 1850/2363/2299 1849/2364/2300
f 1828/2365/2301 1859/2366/2302 1857/2344/2285 1829/2336/2277
f 1879/2367/2303 1877/2368/2304 1765/2227/2176 1773/2226/2175
f 1824/2369/2305 1828/2365/2301 1829/2336/2277 1823/2335/2276
f 1817/2322/2263 1815/2327/2268 1814/2307/2248 1811/2310/2251
f 1834/2370/2306 1832/2371/2307 1833/2372/2308
f 1836/2373/2309 1832/2371/2307 1835/2374/2310
f 1837/2375/2311 1832/2371/2307 1831/2376/2312
f 1839/2377/2313 1832/2371/2307 1838/2378/2314
f 1835/2374/2310 1832/2371/2307 1834/2370/2306
f 1831/2376/2312 1832/2371/2307 1836/2373/2309
f 1838/2378/2314 1832/2371/2307 1837/2375/2311
f 1833/2372/2308 1832/2371/2307 1839/2379/2313
f 1835/2374/2310 1843/2380/2315 1844/2381/2316 1836/2373/2309
f 1836/2373/2309 1844/2381/2316 1840/2382/2317 1831/2376/2312
f 1834/2370/2306 1842/2383/2318 1843/2380/2315 1835/2374/2310
f 1839/2379/2313 1847/2384/2319 1841/2385/2320 1833/2372/2308
f 1833/2372/2308 1841/2385/2320 1842/2383/2318 1834/2370/2306
f 1838/2378/2314 1846/2386/2321 1847/2387/2319 1839/2377/2313
f 1831/2376/2312 1840/2382/2317 1845/2388/2322 1837/2375/2311
f 1837/2375/2311 1845/2388/2322 1846/2386/2321 1838/2378/2314
f 1882/2323/2264 1881/2389/2323 1807/2313/2254 1812/2312/2253
f 1827/2390/2324 1855/2391/2324 1805/2356/2294 1848/2355/2294
f 1827/2392/2325 1848/2393/2326 1849/2364/2300 1826/2394/2327
f 1826/2394/2327 1849/2364/2300 1850/2363/2299 1825/2395/2328
f 1876/2396/2329 1875/2397/2330 1753/2258/2205 1723/2257/2204
f 1809/2398/2331 1830/2399/2332 1852/2400/2333 1806/2401/2333
f 1884/2402/2334 1881/2403/2335 1806/2401/2333 1852/2400/2333
f 1884/2404/2336 1852/2345/2286 1857/2344/2285 1885/2405/2337
f 1885/2405/2337 1857/2344/2285 1859/2366/2302 1886/2406/2338
f 1887/2407/2339 1878/2348/2289 1764/2206/2157 1796/2270/2216
f 1863/2408/2340 1851/2409/2341 1856/2410/2342 1864/2361/2297
f 1813/2319/2260 1805/2411/2343 1855/2412/2344 1854/2320/2261
f 1848/2393/2326 1863/2408/2340 1864/2361/2297 1849/2364/2300
f 1875/2397/2330 1879/2367/2303 1773/2226/2175 1753/2258/2205
f 1856/2410/2342 1858/2413/2345 1865/2362/2298 1864/2361/2297
f 1807/2414/2346 1851/2415/2346 1863/2354/2293 1860/2353/2293
f 1869/2332/2273 1880/2329/2270 1862/2315/2256 1816/2318/2259
f 1816/2318/2259 1862/2315/2256 1861/2311/2252 1813/2319/2260
f 1813/2319/2260 1861/2311/2252 1860/2314/2255 1805/2411/2343
f 1714/2279/2224 1769/2280/2225 1880/2329/2270 1869/2332/2273
f 1850/2363/2299 1865/2362/2298 1879/2367/2303 1875/2397/2330
f 1886/2406/2338 1859/2366/2302 1878/2348/2289 1887/2407/2339
f 1825/2395/2328 1850/2363/2299 1875/2397/2330 1876/2396/2329
f 1865/2362/2298 1858/2413/2345 1877/2368/2304 1879/2367/2303
f 1703/2281/2226 1720/2282/2227 1872/2360/2296 1867/2359/2296
f 1821/2416/2347 1830/2399/2332 1809/2398/2331 1889/2417/2348
f 1859/2366/2302 1828/2365/2301 1874/2346/2287 1878/2348/2289
f 1828/2365/2301 1824/2369/2305 1873/2347/2288 1874/2346/2287
f 1792/2285/2229 1716/2286/2230 1871/2328/2269 1888/2333/2274
f 1756/2287/2231 1714/2279/2224 1869/2332/2273 1866/2331/2272
f 1769/2280/2225 1715/2288/2232 1870/2330/2271 1880/2329/2270
f 1713/2289/2233 1868/2326/2267 1871/2328/2269 1716/2286/2230
f 1891/2343/2284 1822/2342/2283 1872/2325/2266 1892/2324/2265
f 1715/2288/2232 1792/2285/2229 1888/2333/2274 1870/2330/2271
f 1858/2413/2345 1886/2406/2338 1887/2407/2339 1877/2368/2304
f 1877/2368/2304 1887/2407/2339 1796/2270/2216 1765/2227/2176
f 1856/2410/2342 1885/2405/2337 1886/2406/2338 1858/2413/2345
f 1851/2409/2341 1884/2404/2336 1885/2405/2337 1856/2410/2342
f 1851/2415/2346 1807/2414/2346 1881/2403/2335 1884/2402/2334
f 1811/2310/2251 1806/2309/2250 1881/2389/2323 1882/2323/2264
f 1870/2330/2271 1888/2333/2274 1883/2321/2262 1818/2316/2257
f 1818/2316/2257 1883/2321/2262 1882/2323/2264 1812/2312/2253
f 1824/2418/2349 1891/2343/2284 1892/2324/2265 1873/2419/2350
f 1703/2292/2236 1867/2420/2351 1868/2421/2352 1713/2293/2237
f 1867/2420/2351 1810/2422/2353 1815/2423/2354 1868/2421/2352
f 1823/2424/2355 1890/2341/2282 1891/2343/2284 1824/2418/2349
f 1821/2425/2356 1889/2338/2279 1890/2341/2282 1823/2424/2355
f 1804/2357/2348 1819/2358/2348 1889/2417/2348 1809/2398/2331
f 1810/2422/2353 1808/2426/2357 1814/2427/2357 1815/2423/2354
f 1873/2419/2350 1892/2324/2265 1802/2178/2129 1726/2304/2246
f 1804/2428/2358 1809/2429/2358 1814/2427/2357 1808/2426/2357
f 1904/2430/2359 1898/2431/2360 1895/2432/2361 1901/2433/2362
f 1955/2434/2363 1902/2435/2364 1896/2436/2365 1954/2437/2366
f 1956/2438/2367 1908/2439/2368 1902/2435/2364 1955/2434/2363
f 1757/2170/2121 1906/2440/2369 1903/2441/2370 1758/2171/2122
f 1977/2442/2371 1907/2443/2372 1901/2433/2362 1976/2444/2373
f 1989/2445/2374 1967/2446/2375 1916/2447/2376 1988/2448/2377
f 1963/2449/2378 1905/2450/2379 1907/2443/2372 1966/2451/2380
f 1974/2452/2381 1965/2453/2382 1908/2439/2368 1956/2438/2367
f 1774/2186/2137 1964/2454/2383 1906/2440/2369 1757/2170/2121
f 1984/2455/2384 1966/2451/2380 1907/2443/2372 1977/2442/2371
f 1915/2456/2385 1918/2457/2386 1923/2458/2387 1924/2459/2388
f 1985/2460/2389 1913/2461/2390 1914/2462/2391 1986/2463/2392
f 1986/2463/2392 1914/2462/2391 1917/2464/2393 1987/2465/2394
f 1949/2466/2395 1947/2467/2396 1924/2459/2388 1923/2458/2387
f 1969/2468/2397 1968/2469/2398 1920/2470/2399 1921/2471/2400
f 1972/2472/2401 1969/2468/2397 1921/2471/2400 1952/2473/2402
f 1900/2474/2403 1917/2475/2403 1914/2476/2404 1897/2477/2405
f 1954/2478/2406 1958/2479/2406 1942/2480/2407 1894/2481/2407
f 1893/2482/2408 1897/2477/2405 1914/2476/2404 1913/2483/2408
f 1962/2484/2409 1967/2485/2409 1917/2475/2403 1900/2474/2403
f 1959/2486/2410 1960/2487/2411 1944/2488/2412 1943/2489/2413
f 1922/2490/2414 1951/2491/2415 1949/2466/2395 1923/2458/2387
f 1973/2492/2416 1971/2493/2417 1953/2494/2418 1961/2495/2419
f 1919/2496/2420 1922/2490/2414 1923/2458/2387 1918/2457/2386
f 1907/2443/2372 1905/2450/2379 1904/2430/2359 1901/2433/2362
f 1928/2497/2421 1926/2498/2422 1927/2499/2423
f 1930/2500/2424 1926/2498/2422 1929/2501/2425
f 1931/2502/2426 1926/2498/2422 1925/2503/2427
f 1933/2504/2428 1926/2498/2422 1932/2505/2429
f 1929/2501/2425 1926/2498/2422 1928/2497/2421
f 1925/2503/2427 1926/2498/2422 1930/2506/2424
f 1932/2505/2429 1926/2498/2422 1931/2502/2426
f 1927/2499/2423 1926/2498/2422 1933/2504/2428
f 1929/2501/2425 1937/2507/2430 1938/2508/2431 1930/2500/2424
f 1930/2506/2424 1938/2509/2431 1934/2510/2432 1925/2503/2427
f 1928/2497/2421 1936/2511/2433 1937/2507/2430 1929/2501/2425
f 1933/2504/2428 1941/2512/2434 1935/2513/2435 1927/2499/2423
f 1927/2499/2423 1935/2513/2435 1936/2511/2433 1928/2497/2421
f 1932/2505/2436 1940/2514/2437 1941/2512/2434 1933/2504/2428
f 1925/2503/2427 1934/2510/2432 1939/2515/2438 1931/2502/2426
f 1931/2502/2426 1939/2515/2438 1940/2514/2437 1932/2505/2436
f 1976/2444/2373 1975/2516/2439 1896/2436/2365 1902/2435/2364
f 1728/2250/2197 1759/2251/2198 1894/2481/2407 1942/2480/2407
f 1728/2252/2199 1942/2517/2440 1943/2489/2413 1727/2253/2200
f 1727/2253/2200 1943/2489/2413 1944/2488/2412 1725/2255/2202
f 1784/2256/2203 1970/2518/2441 1945/2519/2442 1723/2257/2204
f 1898/2520/2443 1924/2521/2444 1947/2522/2445 1895/2523/2445
f 1979/2524/2446 1975/2525/2446 1895/2523/2445 1947/2522/2445
f 1979/2526/2447 1947/2467/2396 1949/2466/2395 1980/2527/2448
f 1980/2527/2448 1949/2466/2395 1951/2491/2415 1981/2528/2449
f 1983/2529/2450 1972/2472/2401 1952/2473/2402 1982/2530/2451
f 1958/2531/2452 1946/2532/2453 1948/2533/2454 1959/2486/2410
f 1903/2441/2370 1894/2534/2455 1759/2274/2220 1758/2171/2122
f 1942/2517/2440 1958/2531/2452 1959/2486/2410 1943/2489/2413
f 1970/2518/2441 1973/2492/2416 1961/2495/2419 1945/2519/2442
f 1948/2533/2454 1950/2535/2456 1960/2487/2411 1959/2486/2410
f 1896/2536/2457 1946/2537/2457 1958/2479/2406 1954/2478/2406
f 1964/2454/2383 1974/2452/2381 1956/2438/2367 1906/2440/2369
f 1906/2440/2369 1956/2438/2367 1955/2434/2363 1903/2441/2370
f 1903/2441/2370 1955/2434/2363 1954/2437/2366 1894/2534/2455
f 1910/2538/2458 1957/2539/2459 1974/2452/2381 1964/2454/2383
f 1944/2488/2412 1960/2487/2411 1973/2492/2416 1970/2518/2441
f 1981/2528/2449 1951/2491/2415 1972/2472/2401 1983/2529/2450
f 1725/2255/2202 1944/2488/2412 1970/2518/2441 1784/2256/2203
f 1960/2487/2411 1950/2535/2456 1971/2493/2417 1973/2492/2416
f 1899/2540/2460 1916/2541/2460 1967/2485/2409 1962/2484/2409
f 1915/2542/2461 1924/2521/2444 1898/2520/2443 1985/2543/2462
f 1951/2491/2415 1922/2490/2414 1969/2468/2397 1972/2472/2401
f 1922/2490/2414 1919/2496/2420 1968/2469/2398 1969/2468/2397
f 1978/2544/2463 1912/2545/2464 1966/2451/2380 1984/2455/2384
f 1756/2287/2231 1910/2538/2458 1964/2454/2383 1774/2186/2137
f 1957/2539/2459 1911/2546/2465 1965/2453/2382 1974/2452/2381
f 1909/2547/2466 1963/2449/2378 1966/2451/2380 1912/2545/2464
f 1987/2465/2394 1917/2464/2393 1967/2446/2375 1989/2445/2374
f 1911/2546/2465 1978/2544/2463 1984/2455/2384 1965/2453/2382
f 1950/2535/2456 1981/2528/2449 1983/2529/2450 1971/2493/2417
f 1971/2493/2417 1983/2529/2450 1982/2530/2451 1953/2494/2418
f 1948/2533/2454 1980/2527/2448 1981/2528/2449 1950/2535/2456
f 1946/2532/2453 1979/2526/2447 1980/2527/2448 1948/2533/2454
f 1946/2537/2457 1896/2536/2457 1975/2525/2446 1979/2524/2446
f 1901/2433/2362 1895/2432/2361 1975/2516/2439 1976/2444/2373
f 1965/2453/2382 1984/2455/2384 1977/2442/2371 1908/2439/2368
f 1908/2439/2368 1977/2442/2371 1976/2444/2373 1902/2435/2364
f 1919/2548/2467 1987/2465/2394 1989/2445/2374 1968/2549/2468
f 1899/2550/2469 1962/2551/2470 1963/2552/2471 1909/2553/2472
f 1962/2551/2470 1900/2554/2473 1905/2555/2474 1963/2552/2471
f 1918/2556/2475 1986/2463/2392 1987/2465/2394 1919/2548/2467
f 1915/2557/2476 1985/2460/2389 1986/2463/2392 1918/2556/2475
f 1893/2558/2477 1913/2559/2477 1985/2543/2462 1898/2520/2443
f 1900/2554/2473 1897/2560/2478 1904/2561/2478 1905/2555/2474
f 1968/2549/2468 1989/2445/2374 1988/2448/2377 1920/2562/2479
f 1893/2563/2480 1898/2564/2480 1904/2561/2478 1897/2560/2478
f 2000/2565/2481 1997/2566/2482 1992/2567/2483 1995/2568/2484
f 2041/2569/2485 2040/2570/2486 1993/2571/2487 1998/2572/2488
f 2042/2573/2489 2041/2569/2485 1998/2572/2488 2004/2574/2490
f 1853/2317/2258 1854/2320/2261 1999/2575/2491 2002/2576/2492
f 2061/2577/2493 2060/2578/2494 1997/2566/2482 2003/2579/2495
f 2070/2580/2496 1988/2448/2377 1916/2447/2376 2051/2581/2497
f 2047/2582/2498 2050/2583/2499 2003/2579/2495 2001/2584/2500
f 2058/2585/2501 2042/2573/2489 2004/2574/2490 2049/2586/2502
f 1866/2331/2272 1853/2317/2258 2002/2576/2492 2048/2587/2503
f 2066/2588/2504 2061/2577/2493 2003/2579/2495 2050/2583/2499
f 2007/2589/2505 2013/2590/2506 2012/2591/2507 2009/2592/2508
f 2067/2593/2509 2068/2594/2510 2006/2595/2511 2005/2596/2512
f 2068/2594/2510 2069/2597/2513 2008/2598/2514 2006/2595/2511
f 2037/2599/2515 2012/2591/2507 2013/2590/2506 2035/2600/2516
f 2053/2601/2517 1921/2471/2400 1920/2470/2399 2052/2602/2518
f 2056/2603/2519 1952/2473/2402 1921/2471/2400 2053/2601/2517
f 1996/2604/2520 1994/2605/2521 2006/2606/2522 2008/2607/2520
f 2040/2608/2523 1991/2609/2523 2031/2610/2523 2043/2611/2523
f 1990/2612/2524 2005/2613/2524 2006/2606/2522 1994/2605/2521
f 2046/2614/2525 1996/2604/2520 2008/2607/2520 2051/2615/2525
f 2044/2616/2526 2032/2617/2527 2033/2618/2528 2045/2619/2529
f 2011/2620/2530 2012/2591/2507 2037/2599/2515 2039/2621/2531
f 2057/2622/2532 1961/2495/2419 1953/2494/2418 2055/2623/2533
f 2010/2624/2534 2009/2592/2508 2012/2591/2507 2011/2620/2530
f 2003/2579/2495 1997/2566/2482 2000/2565/2481 2001/2584/2500
f 2017/2625/2535 2016/2626/2536 2015/2627/2537
f 2019/2628/2538 2018/2629/2539 2015/2627/2537
f 2020/2630/2540 2014/2631/2541 2015/2627/2537
f 2022/2632/2542 2021/2633/2543 2015/2627/2537
f 2018/2629/2539 2017/2625/2535 2015/2627/2537
f 2014/2634/2541 2019/2628/2538 2015/2627/2537
f 2021/2633/2543 2020/2630/2540 2015/2627/2537
f 2016/2626/2536 2022/2632/2542 2015/2627/2537
f 2018/2629/2539 2019/2628/2538 2027/2635/2544 2026/2636/2545
f 2019/2628/2538 2014/2634/2541 2023/2637/2546 2027/2635/2544
f 2017/2625/2535 2018/2629/2539 2026/2636/2545 2025/2638/2547
f 2022/2632/2542 2016/2626/2536 2024/2639/2548 2030/2640/2549
f 2016/2626/2536 2017/2625/2535 2025/2638/2547 2024/2639/2548
f 2021/2633/2543 2022/2632/2542 2030/2640/2549 2029/2641/2550
f 2014/2631/2541 2020/2630/2540 2028/2642/2551 2023/2643/2546
f 2020/2630/2540 2021/2633/2543 2029/2641/2550 2028/2642/2551
f 2060/2578/2494 1998/2572/2488 1993/2571/2487 2059/2644/2552
f 1827/2390/2324 2031/2610/2523 1991/2609/2523 1855/2391/2324
f 1827/2392/2325 1826/2394/2327 2032/2617/2527 2031/2645/2553
f 1826/2394/2327 1825/2395/2328 2033/2618/2528 2032/2617/2527
f 1876/2396/2329 1723/2257/2204 1945/2519/2442 2054/2646/2554
f 1995/2647/2555 1992/2648/2556 2035/2649/2557 2013/2650/2558
f 2062/2651/2559 2035/2649/2557 1992/2648/2556 2059/2652/2560
f 2062/2653/2561 2063/2654/2562 2037/2599/2515 2035/2600/2516
f 2063/2654/2562 2064/2655/2563 2039/2621/2531 2037/2599/2515
f 2065/2656/2564 1982/2530/2451 1952/2473/2402 2056/2603/2519
f 2043/2657/2565 2044/2616/2526 2036/2658/2566 2034/2659/2567
f 1999/2575/2491 1854/2320/2261 1855/2412/2344 1991/2660/2568
f 2031/2645/2553 2032/2617/2527 2044/2616/2526 2043/2657/2565
f 2054/2646/2554 1945/2519/2442 1961/2495/2419 2057/2622/2532
f 2036/2658/2566 2044/2616/2526 2045/2619/2529 2038/2661/2569
f 1993/2662/2570 2040/2608/2523 2043/2611/2523 2034/2663/2570
f 2048/2587/2503 2002/2576/2492 2042/2573/2489 2058/2585/2501
f 2002/2576/2492 1999/2575/2491 2041/2569/2485 2042/2573/2489
f 1999/2575/2491 1991/2660/2568 2040/2570/2486 2041/2569/2485
f 1910/2538/2458 2048/2587/2503 2058/2585/2501 1957/2539/2459
f 2033/2618/2528 2054/2646/2554 2057/2622/2532 2045/2619/2529
f 2064/2655/2563 2065/2656/2564 2056/2603/2519 2039/2621/2531
f 1825/2395/2328 1876/2396/2329 2054/2646/2554 2033/2618/2528
f 2045/2619/2529 2057/2622/2532 2055/2623/2533 2038/2661/2569
f 1899/2540/2460 2046/2614/2525 2051/2615/2525 1916/2541/2460
f 2007/2664/2571 2067/2665/2572 1995/2647/2555 2013/2650/2558
f 2039/2621/2531 2056/2603/2519 2053/2601/2517 2011/2620/2530
f 2011/2620/2530 2053/2601/2517 2052/2602/2518 2010/2624/2534
f 1978/2544/2463 2066/2588/2504 2050/2583/2499 1912/2545/2464
f 1756/2287/2231 1866/2331/2272 2048/2587/2503 1910/2538/2458
f 1957/2539/2459 2058/2585/2501 2049/2586/2502 1911/2546/2465
f 1909/2547/2466 1912/2545/2464 2050/2583/2499 2047/2582/2498
f 2069/2597/2513 2070/2580/2496 2051/2581/2497 2008/2598/2514
f 1911/2546/2465 2049/2586/2502 2066/2588/2504 1978/2544/2463
f 2038/2661/2569 2055/2623/2533 2065/2656/2564 2064/2655/2563
f 2055/2623/2533 1953/2494/2418 1982/2530/2451 2065/2656/2564
f 2036/2658/2566 2038/2661/2569 2064/2655/2563 2063/2654/2562
f 2034/2659/2567 2036/2658/2566 2063/2654/2562 2062/2653/2561
f 2034/2663/2570 2062/2651/2559 2059/2652/2560 1993/2662/2570
f 1997/2566/2482 2060/2578/2494 2059/2644/2552 1992/2567/2483
f 2049/2586/2502 2004/2574/2490 2061/2577/2493 2066/2588/2504
f 2004/2574/2490 1998/2572/2488 2060/2578/2494 2061/2577/2493
f 2010/2666/2573 2052/2667/2574 2070/2580/2496 2069/2597/2513
f 1899/2550/2469 1909/2553/2472 2047/2668/2575 2046/2669/2576
f 2046/2669/2576 2047/2668/2575 2001/2670/2577 1996/2671/2577
f 2009/2672/2578 2010/2666/2573 2069/2597/2513 2068/2594/2510
f 2007/2673/2579 2009/2672/2578 2068/2594/2510 2067/2593/2509
f 1990/2674/2580 1995/2647/2555 2067/2665/2572 2005/2675/2580
f 1996/2671/2577 2001/2670/2577 2000/2676/2581 1994/2677/2581
f 2052/2667/2574 1920/2562/2479 1988/2448/2377 2070/2580/2496
f 1990/2678/2582 1994/2677/2581 2000/2676/2581 1995/2679/2582
f 42/2680/2583 2305/2681/2584 2076/2682/2585 43/2683/333
f 2305/2681/2584 2306/2684/2586 2075/2685/2587 2076/2682/2585
f 2306/2684/2586 2307/2686/2588 2074/2687/2589 2075/2685/2587
f 2307/2686/2588 2308/2688/2590 2073/2689/2591 2074/2687/2589
f 2308/2688/2590 2309/2690/2592 2072/2691/2593 2073/2689/2591
f 2309/2690/2592 2310/456/448 2071/533/523 2072/2691/2593
f 43/2683/333 2076/2682/2585 2082/2692/2594 44/2693/334
f 2076/2682/2585 2075/2685/2587 2081/2694/2595 2082/2692/2594
f 2075/2685/2587 2074/2687/2589 2080/2695/2596 2081/2694/2595
f 2074/2687/2589 2073/2689/2591 2079/2696/2597 2080/2695/2596
f 2073/2689/2591 2072/2691/2593 2078/2697/2598 2079/2696/2597
f 2072/2691/2593 2071/533/523 2077/531/521 2078/2697/2598
f 44/2693/334 2082/2692/2594 2088/2698/2599 45/2699/336
f 2082/2692/2594 2081/2694/2595 2087/2700/2600 2088/2698/2599
f 2081/2694/2595 2080/2695/2596 2086/2701/2601 2087/2700/2600
f 2080/2695/2596 2079/2696/2597 2085/2702/2602 2086/2701/2601
f 2079/2696/2597 2078/2697/2598 2084/2703/2603 2085/2702/2602
f 2078/2697/2598 2077/531/521 2083/529/519 2084/2703/2603
f 45/2699/336 2088/2698/2599 2094/2704/2604 46/2705/338
f 2088/2698/2599 2087/2700/2600 2093/2706/2605 2094/2704/2604
f 2087/2700/2600 2086/2701/2601 2092/2707/2606 2093/2706/2605
f 2086/2701/2601 2085/2702/2602 2091/2708/2607 2092/2707/2606
f 2085/2702/2602 2084/2703/2603 2090/2709/2608 2091/2708/2607
f 2084/2703/2603 2083/529/519 2089/527/517 2090/2709/2608
f 46/2705/338 2094/2704/2604 2100/2710/2609 47/2711/340
f 2094/2704/2604 2093/2706/2605 2099/2712/2610 2100/2710/2609
f 2093/2706/2605 2092/2707/2606 2098/2713/2611 2099/2712/2610
f 2092/2707/2606 2091/2708/2607 2097/2714/2612 2098/2713/2611
f 2091/2708/2607 2090/2709/2608 2096/2715/2613 2097/2714/2612
f 2090/2709/2608 2089/527/517 2095/525/515 2096/2715/2613
f 47/2711/340 2100/2710/2609 2106/2716/2614 48/2717/2615
f 2100/2710/2609 2099/2712/2610 2105/2718/2616 2106/2716/2614
f 2099/2712/2610 2098/2713/2611 2104/2719/2617 2105/2718/2616
f 2098/2713/2611 2097/2714/2612 2103/2720/2618 2104/2719/2617
f 2097/2714/2612 2096/2715/2613 2102/2721/2619 2103/2720/2618
f 2096/2715/2613 2095/525/515 2101/523/513 2102/2721/2619
f 48/2717/2615 2106/2716/2614 2112/2722/2620 49/2723/2621
f 2106/2716/2614 2105/2718/2616 2111/2724/2622 2112/2722/2620
f 2105/2718/2616 2104/2719/2617 2110/2725/2623 2111/2724/2622
f 2104/2719/2617 2103/2720/2618 2109/2726/2624 2110/2725/2623
f 2103/2720/2618 2102/2721/2619 2108/2727/2625 2109/2726/2624
f 2102/2721/2619 2101/523/513 2107/521/511 2108/2727/2625
f 49/2723/2621 2112/2722/2620 2118/2728/2626 50/2729/2627
f 2112/2722/2620 2111/2724/2622 2117/2730/2628 2118/2728/2626
f 2111/2724/2622 2110/2725/2623 2116/2731/2629 2117/2730/2628
f 2110/2725/2623 2109/2726/2624 2115/2732/2630 2116/2731/2629
f 2109/2726/2624 2108/2727/2625 2114/2733/2631 2115/2732/2630
f 2108/2727/2625 2107/521/511 2113/519/509 2114/2733/2631
f 50/2729/2627 2118/2728/2626 2124/2734/2632 51/2735/2633
f 2118/2728/2626 2117/2730/2628 2123/2736/2634 2124/2734/2632
f 2117/2730/2628 2116/2731/2629 2122/2737/2635 2123/2736/2634
f 2116/2731/2629 2115/2732/2630 2121/2738/2636 2122/2737/2635
f 2115/2732/2630 2114/2733/2631 2120/2739/2637 2121/2738/2636
f 2114/2733/2631 2113/519/509 2119/517/507 2120/2739/2637
f 51/2735/2633 2124/2734/2632 2130/2740/2638 52/2741/2639
f 2124/2734/2632 2123/2736/2634 2129/2742/2640 2130/2740/2638
f 2123/2736/2634 2122/2737/2635 2128/2743/2641 2129/2742/2640
f 2122/2737/2635 2121/2738/2636 2127/2744/2642 2128/2743/2641
f 2121/2738/2636 2120/2739/2637 2126/2745/2643 2127/2744/2642
f 2120/2739/2637 2119/517/507 2125/515/505 2126/2745/2643
f 52/2741/2639 2130/2740/2638 2136/2746/2644 53/2747/352
f 2130/2740/2638 2129/2742/2640 2135/2748/2645 2136/2746/2644
f 2129/2742/2640 2128/2743/2641 2134/2749/2646 2135/2748/2645
f 2128/2743/2641 2127/2744/2642 2133/2750/2647 2134/2749/2646
f 2127/2744/2642 2126/2745/2643 2132/2751/2648 2133/2750/2647
f 2126/2745/2643 2125/515/505 2131/513/503 2132/2751/2648
f 53/2747/352 2136/2746/2644 2142/2752/2649 54/2753/354
f 2136/2746/2644 2135/2748/2645 2141/2754/2650 2142/2752/2649
f 2135/2748/2645 2134/2749/2646 2140/2755/2651 2141/2754/2650
f 2134/2749/2646 2133/2750/2647 2139/2756/2652 2140/2755/2651
f 2133/2750/2647 2132/2751/2648 2138/2757/2653 2139/2756/2652
f 2132/2751/2648 2131/513/503 2137/511/501 2138/2757/2653
f 54/2753/354 2142/2752/2649 2148/2758/2654 55/2759/356
f 2142/2752/2649 2141/2754/2650 2147/2760/2655 2148/2758/2654
f 2141/2754/2650 2140/2755/2651 2146/2761/2656 2147/2760/2655
f 2140/2755/2651 2139/2756/2652 2145/2762/2657 2146/2761/2656
f 2139/2756/2652 2138/2757/2653 2144/2763/2658 2145/2762/2657
f 2138/2757/2653 2137/511/501 2143/509/499 2144/2763/2658
f 55/2759/356 2148/2758/2654 2154/2764/2659 56/2765/358
f 2148/2758/2654 2147/2760/2655 2153/2766/2660 2154/2764/2659
f 2147/2760/2655 2146/2761/2656 2152/2767/2661 2153/2766/2660
f 2146/2761/2656 2145/2762/2657 2151/2768/2662 2152/2767/2661
f 2145/2762/2657 2144/2763/2658 2150/2769/2663 2151/2768/2662
f 2144/2763/2658 2143/509/499 2149/507/497 2150/2769/2663
f 56/2765/358 2154/2764/2659 2160/2770/2664 57/2771/360
f 2154/2764/2659 2153/2766/2660 2159/2772/2665 2160/2770/2664
f 2153/2766/2660 2152/2767/2661 2158/2773/2666 2159/2772/2665
f 2152/2767/2661 2151/2768/2662 2157/2774/2667 2158/2773/2666
f 2151/2768/2662 2150/2769/2663 2156/2775/2668 2157/2774/2667
f 2150/2769/2663 2149/507/497 2155/505/495 2156/2775/2668
f 57/2771/360 2160/2770/2664 2166/2776/2669 58/2777/362
f 2160/2770/2664 2159/2772/2665 2165/2778/2670 2166/2776/2669
f 2159/2772/2665 2158/2773/2666 2164/2779/2671 2165/2778/2670
f 2158/2773/2666 2157/2774/2667 2163/2780/2672 2164/2779/2671
f 2157/2774/2667 2156/2775/2668 2162/2781/2673 2163/2780/2672
f 2156/2775/2668 2155/505/495 2161/503/493 2162/2781/2673
f 58/2777/362 2166/2776/2669 2172/2782/2674 59/2783/364
f 2166/2776/2669 2165/2778/2670 2171/2784/2675 2172/2782/2674
f 2165/2778/2670 2164/2779/2671 2170/2785/2676 2171/2784/2675
f 2164/2779/2671 2163/2780/2672 2169/2786/2677 2170/2785/2676
f 2163/2780/2672 2162/2781/2673 2168/2787/2678 2169/2786/2677
f 2162/2781/2673 2161/503/493 2167/501/491 2168/2787/2678
f 59/2783/364 2172/2782/2674 2178/2788/2679 60/2789/366
f 2172/2782/2674 2171/2784/2675 2177/2790/2680 2178/2788/2679
f 2171/2784/2675 2170/2785/2676 2176/2791/2681 2177/2790/2680
f 2170/2785/2676 2169/2786/2677 2175/2792/2682 2176/2791/2681
f 2169/2786/2677 2168/2787/2678 2174/2793/2683 2175/2792/2682
f 2168/2787/2678 2167/501/491 2173/499/489 2174/2793/2683
f 60/2789/366 2178/2788/2679 2184/2794/2684 61/2795/368
f 2178/2788/2679 2177/2790/2680 2183/2796/2685 2184/2794/2684
f 2177/2790/2680 2176/2791/2681 2182/2797/2686 2183/2796/2685
f 2176/2791/2681 2175/2792/2682 2181/2798/2687 2182/2797/2686
f 2175/2792/2682 2174/2793/2683 2180/2799/2688 2181/2798/2687
f 2174/2793/2683 2173/499/489 2179/497/487 2180/2799/2688
f 61/2795/368 2184/2794/2684 2190/2800/2689 62/2801/370
f 2184/2794/2684 2183/2796/2685 2189/2802/2690 2190/2800/2689
f 2183/2796/2685 2182/2797/2686 2188/2803/2691 2189/2802/2690
f 2182/2797/2686 2181/2798/2687 2187/2804/2692 2188/2803/2691
f 2181/2798/2687 2180/2799/2688 2186/2805/2693 2187/2804/2692
f 2180/2799/2688 2179/497/487 2185/495/485 2186/2805/2693
f 62/2801/370 2190/2800/2689 2196/2806/2694 63/2807/2695
f 2190/2800/2689 2189/2802/2690 2195/2808/2696 2196/2806/2694
f 2189/2802/2690 2188/2803/2691 2194/2809/2697 2195/2808/2696
f 2188/2803/2691 2187/2804/2692 2193/2810/2698 2194/2809/2697
f 2187/2804/2692 2186/2805/2693 2192/2811/2699 2193/2810/2698
f 2186/2805/2693 2185/495/485 2191/493/483 2192/2811/2699
f 63/2807/2695 2196/2806/2694 2202/2812/2700 64/2813/2701
f 2196/2806/2694 2195/2808/2696 2201/2814/2702 2202/2812/2700
f 2195/2808/2696 2194/2809/2697 2200/2815/2703 2201/2814/2702
f 2194/2809/2697 2193/2810/2698 2199/2816/2704 2200/2815/2703
f 2193/2810/2698 2192/2811/2699 2198/2817/2705 2199/2816/2704
f 2192/2811/2699 2191/493/483 2197/491/481 2198/2817/2705
f 64/2813/2701 2202/2812/2700 2208/2818/2706 65/2819/2707
f 2202/2812/2700 2201/2814/2702 2207/2820/2708 2208/2818/2706
f 2201/2814/2702 2200/2815/2703 2206/2821/2709 2207/2820/2708
f 2200/2815/2703 2199/2816/2704 2205/2822/2710 2206/2821/2709
f 2199/2816/2704 2198/2817/2705 2204/2823/2711 2205/2822/2710
f 2198/2817/2705 2197/491/481 2203/487/479 2204/2823/2711
f 65/2819/2707 2208/2818/2706 2214/2824/2712 66/2825/2713
f 2208/2818/2706 2207/2820/2708 2213/2826/2714 2214/2824/2712
f 2207/2820/2708 2206/2821/2709 2212/2827/2715 2213/2826/2714
f 2206/2821/2709 2205/2822/2710 2211/2828/2716 2212/2827/2715
f 2205/2822/2710 2204/2823/2711 2210/2829/2717 2211/2828/2716
f 2204/2823/2711 2203/487/479 2209/490/477 2210/2829/2717
f 66/2830/2713 2214/2831/2712 2220/2832/2718 67/2833/380
f 2214/2831/2712 2213/2834/2714 2219/2835/2719 2220/2832/2718
f 2213/2834/2714 2212/2836/2715 2218/2837/2720 2219/2835/2719
f 2212/2836/2715 2211/2838/2716 2217/2839/2721 2218/2837/2720
f 2211/2838/2716 2210/2840/2717 2216/2841/2722 2217/2839/2721
f 2210/2840/2717 2209/485/477 2215/483/475 2216/2841/2722
f 67/2833/380 2220/2832/2718 2226/2842/2723 68/2843/382
f 2220/2832/2718 2219/2835/2719 2225/2844/2724 2226/2842/2723
f 2219/2835/2719 2218/2837/2720 2224/2845/2725 2225/2844/2724
f 2218/2837/2720 2217/2839/2721 2223/2846/2726 2224/2845/2725
f 2217/2839/2721 2216/2841/2722 2222/2847/2727 2223/2846/2726
f 2216/2841/2722 2215/483/475 2221/481/473 2222/2847/2727
f 68/2843/382 2226/2842/2723 2232/2848/2728 69/2849/384
f 2226/2842/2723 2225/2844/2724 2231/2850/2729 2232/2848/2728
f 2225/2844/2724 2224/2845/2725 2230/2851/2730 2231/2850/2729
f 2224/2845/2725 2223/2846/2726 2229/2852/2731 2230/2851/2730
f 2223/2846/2726 2222/2847/2727 2228/2853/2732 2229/2852/2731
f 2222/2847/2727 2221/481/473 2227/479/471 2228/2853/2732
f 69/2849/384 2232/2848/2728 2238/2854/2733 70/2855/386
f 2232/2848/2728 2231/2850/2729 2237/2856/2734 2238/2854/2733
f 2231/2850/2729 2230/2851/2730 2236/2857/2735 2237/2856/2734
f 2230/2851/2730 2229/2852/2731 2235/2858/2736 2236/2857/2735
f 2229/2852/2731 2228/2853/2732 2234/2859/2737 2235/2858/2736
f 2228/2853/2732 2227/479/471 2233/477/469 2234/2859/2737
f 70/2855/386 2238/2854/2733 2244/2860/2738 71/2861/388
f 2238/2854/2733 2237/2856/2734 2243/2862/2739 2244/2860/2738
f 2237/2856/2734 2236/2857/2735 2242/2863/2740 2243/2862/2739
f 2236/2857/2735 2235/2858/2736 2241/2864/2741 2242/2863/2740
f 2235/2858/2736 2234/2859/2737 2240/2865/2742 2241/2864/2741
f 2234/2859/2737 2233/477/469 2239/475/467 2240/2865/2742
f 71/2861/388 2244/2860/2738 2250/2866/2743 72/2867/390
f 2244/2860/2738 2243/2862/2739 2249/2868/2744 2250/2866/2743
f 2243/2862/2739 2242/2863/2740 2248/2869/2745 2249/2868/2744
f 2242/2863/2740 2241/2864/2741 2247/2870/2746 2248/2869/2745
f 2241/2864/2741 2240/2865/2742 2246/2871/2747 2247/2870/2746
f 2240/2865/2742 2239/475/467 2245/473/465 2246/2871/2747
f 72/2867/390 2250/2866/2743 2256/2872/2748 73/2873/392
f 2250/2866/2743 2249/2868/2744 2255/2874/2749 2256/2872/2748
f 2249/2868/2744 2248/2869/2745 2254/2875/2750 2255/2874/2749
f 2248/2869/2745 2247/2870/2746 2253/2876/2751 2254/2875/2750
f 2247/2870/2746 2246/2871/2747 2252/2877/2752 2253/2876/2751
f 2246/2871/2747 2245/473/465 2251/471/463 2252/2877/2752
f 73/2873/392 2256/2872/2748 2262/2878/2753 74/2879/394
f 2256/2872/2748 2255/2874/2749 2261/2880/2754 2262/2878/2753
f 2255/2874/2749 2254/2875/2750 2260/2881/2755 2261/2880/2754
f 2254/2875/2750 2253/2876/2751 2259/2882/2756 2260/2881/2755
f 2253/2876/2751 2252/2877/2752 2258/2883/2757 2259/2882/2756
f 2252/2877/2752 2251/471/463 2257/469/461 2258/2883/2757
f 74/2879/394 2262/2878/2753 2268/2884/2758 75/2885/396
f 2262/2878/2753 2261/2880/2754 2267/2886/2759 2268/2884/2758
f 2261/2880/2754 2260/2881/2755 2266/2887/2760 2267/2886/2759
f 2260/2881/2755 2259/2882/2756 2265/2888/2761 2266/2887/2760
f 2259/2882/2756 2258/2883/2757 2264/2889/2762 2265/2888/2761
f 2258/2883/2757 2257/469/461 2263/467/459 2264/2889/2762
f 75/2885/396 2268/2884/2758 2274/2890/2763 76/2891/398
f 2268/2884/2758 2267/2886/2759 2273/2892/2764 2274/2890/2763
f 2267/2886/2759 2266/2887/2760 2272/2893/2765 2273/2892/2764
f 2266/2887/2760 2265/2888/2761 2271/2894/2766 2272/2893/2765
f 2265/2888/2761 2264/2889/2762 2270/2895/2767 2271/2894/2766
f 2264/2889/2762 2263/467/459 2269/465/457 2270/2895/2767
f 76/2891/398 2274/2890/2763 2280/2896/2768 77/2897/400
f 2274/2890/2763 2273/2892/2764 2279/2898/2769 2280/2896/2768
f 2273/2892/2764 2272/2893/2765 2278/2899/2770 2279/2898/2769
f 2272/2893/2765 2271/2894/2766 2277/2900/2771 2278/2899/2770
f 2271/2894/2766 2270/2895/2767 2276/2901/2772 2277/2900/2771
f 2270/2895/2767 2269/465/457 2275/463/455 2276/2901/2772
f 77/2897/400 2280/2896/2768 2286/2902/2773 78/2903/2774
f 2280/2896/2768 2279/2898/2769 2285/2904/2775 2286/2902/2773
f 2279/2898/2769 2278/2899/2770 2284/2905/2776 2285/2904/2775
f 2278/2899/2770 2277/2900/2771 2283/2906/2777 2284/2905/2776
f 2277/2900/2771 2276/2901/2772 2282/2907/2778 2283/2906/2777
f 2276/2901/2772 2275/463/455 2281/461/453 2282/2907/2778
f 78/2903/2774 2286/2902/2773 2292/2908/2779 79/2909/2780
f 2286/2902/2773 2285/2904/2775 2291/2910/2781 2292/2908/2779
f 2285/2904/2775 2284/2905/2776 2290/2911/2782 2291/2910/2781
f 2284/2905/2776 2283/2906/2777 2289/2912/2783 2290/2911/2782
f 2283/2906/2777 2282/2907/2778 2288/2913/2784 2289/2912/2783
f 2282/2907/2778 2281/461/453 2287/459/451 2288/2913/2784
f 79/2909/2780 2292/2908/2779 2298/2914/2785 80/2915/2786
f 2292/2908/2779 2291/2910/2781 2297/2916/2787 2298/2914/2785
f 2291/2910/2781 2290/2911/2782 2296/2917/2788 2297/2916/2787
f 2290/2911/2782 2289/2912/2783 2295/2918/2789 2296/2917/2788
f 2289/2912/2783 2288/2913/2784 2294/2919/2790 2295/2918/2789
f 2288/2913/2784 2287/459/451 2293/457/449 2294/2919/2790
f 80/2915/2786 2298/2914/2785 2304/2920/2791 81/2921/2792
f 2298/2914/2785 2297/2916/2787 2303/2922/2793 2304/2920/2791
f 2297/2916/2787 2296/2917/2788 2302/2923/2794 2303/2922/2793
f 2296/2917/2788 2295/2918/2789 2301/2924/2795 2302/2923/2794
f 2295/2918/2789 2294/2919/2790 2300/2925/2796 2301/2924/2795
f 2294/2919/2790 2293/457/449 2299/453/445 2300/2925/2796
f 81/2921/2792 2304/2920/2791 2305/2681/2584 42/2680/2583
f 2304/2920/2791 2303/2922/2793 2306/2684/2586 2305/2681/2584
f 2303/2922/2793 2302/2923/2794 2307/2686/2588 2306/2684/2586
f 2302/2923/2794 2301/2924/2795 2308/2688/2590 2307/2686/2588
f 2301/2924/2795 2300/2925/2796 2309/2690/2592 2308/2688/2590
f 2300/2925/2796 2299/453/445 2310/456/448 2309/2690/2592
f 3/2926/2797 2/2927/2798 2510/2928/2799 2331/2929/2800
f 2331/2929/2800 2510/2928/2799 2509/2930/2801 2332/2931/2802
f 2332/2931/2802 2509/2930/2801 2508/2932/2803 2333/2933/2804
f 2333/2933/2804 2508/2932/2803 2507/2934/2805 2334/2935/2806
f 2334/2935/2806 2507/2934/2805 2506/1597/1610 2335/1526/1541
f 16/2936/2807 15/2937/2808 2505/2938/2809 2321/2939/2810
f 2321/2939/2810 2505/2938/2809 2504/2940/2811 2322/2941/2812
f 2322/2941/2812 2504/2940/2811 2503/2942/2813 2323/2943/2814
f 2323/2943/2814 2503/2942/2813 2502/2944/2815 2324/2945/2816
f 2324/2945/2816 2502/2944/2815 2501/1595/1608 2325/1522/1537
f 29/2946/2817 28/2947/2818 2500/2948/2819 2311/2949/2820
f 2311/2949/2820 2500/2948/2819 2499/2950/2821 2312/2951/2822
f 2312/2951/2822 2499/2950/2821 2498/2952/2823 2313/2953/2824
f 2313/2953/2824 2498/2952/2823 2497/2954/2825 2314/2955/2826
f 2314/2955/2826 2497/2954/2825 2496/1593/1606 2315/1518/1533
f 2/2927/2798 41/2956/2827 2495/2957/2828 2510/2928/2799
f 2510/2928/2799 2495/2957/2828 2494/2958/2829 2509/2930/2801
f 2509/2930/2801 2494/2958/2829 2493/2959/2830 2508/2932/2803
f 2508/2932/2803 2493/2959/2830 2492/2960/2831 2507/2934/2805
f 2507/2934/2805 2492/2960/2831 2491/1591/1604 2506/1597/1610
f 15/2937/2808 14/2961/2832 2490/2962/2833 2505/2938/2809
f 2505/2938/2809 2490/2962/2833 2489/2963/2834 2504/2940/2811
f 2504/2940/2811 2489/2963/2834 2488/2964/2835 2503/2942/2813
f 2503/2942/2813 2488/2964/2835 2487/2965/2836 2502/2944/2815
f 2502/2944/2815 2487/2965/2836 2486/1589/1602 2501/1595/1608
f 28/2947/2818 27/2966/2837 2485/2967/2838 2500/2948/2819
f 2500/2948/2819 2485/2967/2838 2484/2968/2839 2499/2950/2821
f 2499/2950/2821 2484/2968/2839 2483/2969/2840 2498/2952/2823
f 2498/2952/2823 2483/2969/2840 2482/2970/2841 2497/2954/2825
f 2497/2954/2825 2482/2970/2841 2481/1585/1600 2496/1593/1606
f 41/2956/2827 40/2971/2842 2480/2972/2843 2495/2957/2828
f 2495/2957/2828 2480/2972/2843 2479/2973/2844 2494/2958/2829
f 2494/2958/2829 2479/2973/2844 2478/2974/2845 2493/2959/2830
f 2493/2959/2830 2478/2974/2845 2477/2975/2846 2492/2960/2831
f 2492/2960/2831 2477/2975/2846 2476/1583/1598 2491/1591/1604
f 14/2961/2832 13/2976/2847 2475/2977/2848 2490/2962/2833
f 2490/2962/2833 2475/2977/2848 2474/2978/2849 2489/2963/2834
f 2489/2963/2834 2474/2978/2849 2473/2979/2850 2488/2964/2835
f 2488/2964/2835 2473/2979/2850 2472/2980/2851 2487/2965/2836
f 2487/2965/2836 2472/2980/2851 2471/1581/1596 2486/1589/1602
f 27/2966/2837 26/2981/2852 2470/2982/2853 2485/2967/2838
f 2485/2967/2838 2470/2982/2853 2469/2983/2854 2484/2968/2839
f 2484/2968/2839 2469/2983/2854 2468/2984/2855 2483/2969/2840
f 2483/2969/2840 2468/2984/2855 2467/2985/2856 2482/2970/2841
f 2482/2970/2841 2467/2985/2856 2466/1586/1594 2481/1585/1600
f 40/2971/2842 39/2986/2857 2465/2987/2858 2480/2972/2843
f 2480/2972/2843 2465/2987/2858 2464/2988/2859 2479/2973/2844
f 2479/2973/2844 2464/2988/2859 2463/2989/2860 2478/2974/2845
f 2478/2974/2845 2463/2989/2860 2462/2990/2861 2477/2975/2846
f 2477/2975/2846 2462/2990/2861 2461/1577/1592 2476/1583/1598
f 13/2976/2847 12/2991/2862 2460/2992/2863 2475/2977/2848
f 2475/2977/2848 2460/2992/2863 2459/2993/2864 2474/2978/2849
f 2474/2978/2849 2459/2993/2864 2458/2994/2865 2473/2979/2850
f 2473/2979/2850 2458/2994/2865 2457/2995/2866 2472/2980/2851
f 2472/2980/2851 2457/2995/2866 2456/1575/1590 2471/1581/1596
f 26/2996/2852 25/2997/2867 2455/2998/2868 2470/2999/2853
f 2470/2999/2853 2455/2998/2868 2454/3000/2869 2469/3001/2854
f 2469/3001/2854 2454/3000/2869 2453/3002/2870 2468/3003/2855
f 2468/3003/2855 2453/3002/2870 2452/3004/2871 2467/3005/2856
f 2467/3005/2856 2452/3004/2871 2451/1573/1588 2466/1579/1594
f 39/2986/2857 38/3006/2872 2450/3007/2873 2465/2987/2858
f 2465/2987/2858 2450/3007/2873 2449/3008/2874 2464/2988/2859
f 2464/2988/2859 2449/3008/2874 2448/3009/2875 2463/2989/2860
f 2463/2989/2860 2448/3009/2875 2447/3010/2876 2462/2990/2861
f 2462/2990/2861 2447/3010/2876 2446/1571/1586 2461/1577/1592
f 12/2991/2862 11/3011/2877 2445/3012/2878 2460/2992/2863
f 2460/2992/2863 2445/3012/2878 2444/3013/2879 2459/2993/2864
f 2459/2993/2864 2444/3013/2879 2443/3014/2880 2458/2994/2865
f 2458/2994/2865 2443/3014/2880 2442/3015/2881 2457/2995/2866
f 2457/2995/2866 2442/3015/2881 2441/1569/1584 2456/1575/1590
f 25/2997/2867 24/3016/2882 2440/3017/2883 2455/2998/2868
f 2455/2998/2868 2440/3017/2883 2439/3018/2884 2454/3000/2869
f 2454/3000/2869 2439/3018/2884 2438/3019/2885 2453/3002/2870
f 2453/3002/2870 2438/3019/2885 2437/3020/2886 2452/3004/2871
f 2452/3004/2871 2437/3020/2886 2436/1567/1582 2451/1573/1588
f 38/3006/2872 37/3021/2887 2435/3022/2888 2450/3007/2873
f 2450/3007/2873 2435/3022/2888 2434/3023/2889 2449/3008/2874
f 2449/3008/2874 2434/3023/2889 2433/3024/2890 2448/3009/2875
f 2448/3009/2875 2433/3024/2890 2432/3025/2891 2447/3010/2876
f 2447/3010/2876 2432/3025/2891 2431/1565/1580 2446/1571/1586
f 11/3011/2877 10/3026/2892 2430/3027/2893 2445/3012/2878
f 2445/3012/2878 2430/3027/2893 2429/3028/2894 2444/3013/2879
f 2444/3013/2879 2429/3028/2894 2428/3029/2895 2443/3014/2880
f 2443/3014/2880 2428/3029/2895 2427/3030/2896 2442/3015/2881
f 2442/3015/2881 2427/3030/2896 2426/1563/1578 2441/1569/1584
f 24/3016/2882 23/3031/2897 2425/3032/2898 2440/3017/2883
f 2440/3017/2883 2425/3032/2898 2424/3033/2899 2439/3018/2884
f 2439/3018/2884 2424/3033/2899 2423/3034/2900 2438/3019/2885
f 2438/3019/2885 2423/3034/2900 2422/3035/2901 2437/3020/2886
f 2437/3020/2886 2422/3035/2901 2421/1561/1576 2436/1567/1582
f 37/3021/2887 36/3036/2902 2420/3037/2903 2435/3022/2888
f 2435/3022/2888 2420/3037/2903 2419/3038/2904 2434/3023/2889
f 2434/3023/2889 2419/3038/2904 2418/3039/2905 2433/3024/2890
f 2433/3024/2890 2418/3039/2905 2417/3040/2906 2432/3025/2891
f 2432/3025/2891 2417/3040/2906 2416/1559/1574 2431/1565/1580
f 10/3026/2892 9/3041/2907 2415/3042/2908 2430/3027/2893
f 2430/3027/2893 2415/3042/2908 2414/3043/2909 2429/3028/2894
f 2429/3028/2894 2414/3043/2909 2413/3044/2910 2428/3029/2895
f 2428/3029/2895 2413/3044/2910 2412/3045/2911 2427/3030/2896
f 2427/3030/2896 2412/3045/2911 2411/1557/1572 2426/1563/1578
f 23/3031/2897 22/3046/2912 2410/3047/2913 2425/3032/2898
f 2425/3032/2898 2410/3047/2913 2409/3048/2914 2424/3033/2899
f 2424/3033/2899 2409/3048/2914 2408/3049/2915 2423/3034/2900
f 2423/3034/2900 2408/3049/2915 2407/3050/2916 2422/3035/2901
f 2422/3035/2901 2407/3050/2916 2406/1555/1570 2421/1561/1576
f 36/3036/2902 35/3051/2917 2405/3052/2918 2420/3037/2903
f 2420/3037/2903 2405/3052/2918 2404/3053/2919 2419/3038/2904
f 2419/3038/2904 2404/3053/2919 2403/3054/2920 2418/3039/2905
f 2418/3039/2905 2403/3054/2920 2402/3055/2921 2417/3040/2906
f 2417/3040/2906 2402/3055/2921 2401/1553/1568 2416/1559/1574
f 9/3041/2907 8/3056/2922 2400/3057/2923 2415/3042/2908
f 2415/3042/2908 2400/3057/2923 2399/3058/2924 2414/3043/2909
f 2414/3043/2909 2399/3058/2924 2398/3059/2925 2413/3044/2910
f 2413/3044/2910 2398/3059/2925 2397/3060/2926 2412/3045/2911
f 2412/3045/2911 2397/3060/2926 2396/1551/1566 2411/1557/1572
f 22/3046/2912 21/3061/2927 2395/3062/2928 2410/3047/2913
f 2410/3047/2913 2395/3062/2928 2394/3063/2929 2409/3048/2914
f 2409/3048/2914 2394/3063/2929 2393/3064/2930 2408/3049/2915
f 2408/3049/2915 2393/3064/2930 2392/3065/2931 2407/3050/2916
f 2407/3050/2916 2392/3065/2931 2391/1549/1564 2406/1555/1570
f 35/3051/2917 34/3066/2932 2390/3067/2933 2405/3052/2918
f 2405/3052/2918 2390/3067/2933 2389/3068/2934 2404/3053/2919
f 2404/3053/2919 2389/3068/2934 2388/3069/2935 2403/3054/2920
f 2403/3054/2920 2388/3069/2935 2387/3070/2936 2402/3055/2921
f 2402/3055/2921 2387/3070/2936 2386/1547/1562 2401/1553/1568
f 8/3056/2922 7/3071/2937 2385/3072/2938 2400/3057/2923
f 2400/3057/2923 2385/3072/2938 2384/3073/2939 2399/3058/2924
f 2399/3058/2924 2384/3073/2939 2383/3074/2940 2398/3059/2925
f 2398/3059/2925 2383/3074/2940 2382/3075/2941 2397/3060/2926
f 2397/3060/2926 2382/3075/2941 2381/1545/1560 2396/1551/1566
f 21/3061/2927 20/3076/2942 2380/3077/2943 2395/3062/2928
f 2395/3062/2928 2380/3077/2943 2379/3078/2944 2394/3063/2929
f 2394/3063/2929 2379/3078/2944 2378/3079/2945 2393/3064/2930
f 2393/3064/2930 2378/3079/2945 2377/3080/2946 2392/3065/2931
f 2392/3065/2931 2377/3080/2946 2376/1543/1558 2391/1549/1564
f 34/3066/2932 33/3081/2947 2375/3082/2948 2390/3067/2933
f 2390/3067/2933 2375/3082/2948 2374/3083/2949 2389/3068/2934
f 2389/3068/2934 2374/3083/2949 2373/3084/2950 2388/3069/2935
f 2388/3069/2935 2373/3084/2950 2372/3085/2951 2387/3070/2936
f 2387/3070/2936 2372/3085/2951 2371/1541/1556 2386/1547/1562
f 7/3071/2937 6/3086/2952 2370/3087/2953 2385/3072/2938
f 2385/3072/2938 2370/3087/2953 2369/3088/2954 2384/3073/2939
f 2384/3073/2939 2369/3088/2954 2368/3089/2955 2383/3074/2940
f 2383/3074/2940 2368/3089/2955 2367/3090/2956 2382/3075/2941
f 2382/3075/2941 2367/3090/2956 2366/1539/1554 2381/1545/1560
f 20/3076/2942 19/3091/2957 2365/3092/2958 2380/3077/2943
f 2380/3077/2943 2365/3092/2958 2364/3093/2959 2379/3078/2944
f 2379/3078/2944 2364/3093/2959 2363/3094/2960 2378/3079/2945
f 2378/3079/2945 2363/3094/2960 2362/3095/2961 2377/3080/2946
f 2377/3080/2946 2362/3095/2961 2361/1537/1552 2376/1543/1558
f 33/3081/2947 32/3096/2962 2360/3097/2963 2375/3082/2948
f 2375/3082/2948 2360/3097/2963 2359/3098/2964 2374/3083/2949
f 2374/3083/2949 2359/3098/2964 2358/3099/2965 2373/3084/2950
f 2373/3084/2950 2358/3099/2965 2357/3100/2966 2372/3085/2951
f 2372/3085/2951 2357/3100/2966 2356/1535/1550 2371/1541/1556
f 6/3086/2952 5/3101/2967 2355/3102/2968 2370/3087/2953
f 2370/3087/2953 2355/3102/2968 2354/3103/2969 2369/3088/2954
f 2369/3088/2954 2354/3103/2969 2353/3104/2970 2368/3089/2955
f 2368/3089/2955 2353/3104/2970 2352/3105/2971 2367/3090/2956
f 2367/3090/2956 2352/3105/2971 2351/1533/1548 2366/1539/1554
f 19/3091/2957 18/3106/2972 2350/3107/2973 2365/3092/2958
f 2365/3092/2958 2350/3107/2973 2349/3108/2974 2364/3093/2959
f 2364/3093/2959 2349/3108/2974 2348/3109/2975 2363/3094/2960
f 2363/3094/2960 2348/3109/2975 2347/3110/2976 2362/3095/2961
f 2362/3095/2961 2347/3110/2976 2346/1531/1546 2361/1537/1552
f 32/3096/2962 31/3111/2977 2345/3112/2978 2360/3097/2963
f 2360/3097/2963 2345/3112/2978 2344/3113/2979 2359/3098/2964
f 2359/3098/2964 2344/3113/2979 2343/3114/2980 2358/3099/2965
f 2358/3099/2965 2343/3114/2980 2342/3115/2981 2357/3100/2966
f 2357/3100/2966 2342/3115/2981 2341/1529/1544 2356/1535/1550
f 5/3101/2967 4/3116/2982 2340/3117/2983 2355/3102/2968
f 2355/3102/2968 2340/3117/2983 2339/3118/2984 2354/3103/2969
f 2354/3103/2969 2339/3118/2984 2338/3119/2985 2353/3104/2970
f 2353/3104/2970 2338/3119/2985 2337/3120/2986 2352/3105/2971
f 2352/3105/2971 2337/3120/2986 2336/1525/1540 2351/1533/1548
f 18/3106/2972 17/3121/2987 2330/3122/2988 2350/3107/2973
f 2350/3107/2973 2330/3122/2988 2329/3123/2989 2349/3108/2974
f 2349/3108/2974 2329/3123/2989 2328/3124/2990 2348/3109/2975
f 2348/3109/2975 2328/3124/2990 2327/3125/2991 2347/3110/2976
f 2347/3110/2976 2327/3125/2991 2326/1521/1536 2346/1531/1546
f 31/3111/2977 30/3126/2992 2320/3127/2993 2345/3112/2978
f 2345/3112/2978 2320/3127/2993 2319/3128/2994 2344/3113/2979
f 2344/3113/2979 2319/3128/2994 2318/3129/2995 2343/3114/2980
f 2343/3114/2980 2318/3129/2995 2317/3130/2996 2342/3115/2981
f 2342/3115/2981 2317/3130/2996 2316/1517/1532 2341/1529/1544
f 4/3116/2982 3/2926/2797 2331/2929/2800 2340/3117/2983
f 2340/3117/2983 2331/2929/2800 2332/2931/2802 2339/3118/2984
f 2339/3118/2984 2332/2931/2802 2333/2933/2804 2338/3119/2985
f 2338/3119/2985 2333/2933/2804 2334/2935/2806 2337/3120/2986
f 2337/3120/2986 2334/2935/2806 2335/1526/1541 2336/1525/1540
f 17/3121/2987 16/2936/2807 2321/2939/2810 2330/3122/2988
f 2330/3122/2988 2321/2939/2810 2322/2941/2812 2329/3123/2989
f 2329/3123/2989 2322/2941/2812 2323/2943/2814 2328/3124/2990
f 2328/3124/2990 2323/2943/2814 2324/2945/2816 2327/3125/2991
f 2327/3125/2991 2324/2945/2816 2325/1522/1537 2326/1521/1536
f 30/3126/2992 29/2946/2817 2311/2949/2820 2320/3127/2993
f 2320/3127/2993 2311/2949/2820 2312/2951/2822 2319/3128/2994
f 2319/3128/2994 2312/2951/2822 2313/2953/2824 2318/3129/2995
f 2318/3129/2995 2313/2953/2824 2314/2955/2826 2317/3130/2996
f 2317/3130/2996 2314/2955/2826 2315/1518/1533 2316/1517/1532
o metal_trash_can_rust_handle_left
v -0.766237 0.655937 -0.090103
v -0.765370 0.658585 -0.081409
v -0.774227 0.661464 -0.081409
v -0.775083 0.658813 -0.090103
v -0.768284 0.649641 -0.086499
v -0.766482 0.655167 -0.079549
v -0.775338 0.658046 -0.079549
v -0.777129 0.652517 -0.086499
v -0.769814 0.644933 -0.080182
v -0.767321 0.652587 -0.075877
v -0.776176 0.655466 -0.075877
v -0.778661 0.647809 -0.080182
v -0.770615 0.642466 -0.072304
v -0.767815 0.651066 -0.070485
v -0.776670 0.653945 -0.070485
v -0.779463 0.645343 -0.072304
v -0.754916 0.693368 -0.091197
v -0.754916 0.693368 -0.081893
v -0.764081 0.693961 -0.081889
v -0.764081 0.693961 -0.091201
v -0.755540 0.700412 -0.091196
v -0.755540 0.700412 -0.081894
v -0.764285 0.697931 -0.081889
v -0.764285 0.697931 -0.091201
v -0.758796 0.706806 -0.091196
v -0.758796 0.706806 -0.081894
v -0.765945 0.701192 -0.081889
v -0.765945 0.701192 -0.091201
v -0.764187 0.711474 -0.091196
v -0.764185 0.711474 -0.081894
v -0.769081 0.703707 -0.081887
v -0.769083 0.703708 -0.091203
v -0.821717 0.733149 -0.072301
v -0.813097 0.730538 -0.070482
v -0.815986 0.721521 -0.070482
v -0.824604 0.724146 -0.072301
v -0.819363 0.731218 -0.080181
v -0.811661 0.729182 -0.075875
v -0.814547 0.720201 -0.075875
v -0.822245 0.722269 -0.080181
v -0.814718 0.729054 -0.086499
v -0.809132 0.727826 -0.079548
v -0.812018 0.718871 -0.079548
v -0.817597 0.720154 -0.086499
v -0.808383 0.726753 -0.090106
v -0.805696 0.726433 -0.081409
v -0.808583 0.717493 -0.081408
v -0.811261 0.717887 -0.090107
v -0.770841 0.641764 -0.000196
v -0.767963 0.650617 -0.000196
v -0.776805 0.653557 -0.000196
v -0.779693 0.644642 -0.000196
v -0.821228 0.741468 -0.000172
v -0.812413 0.738867 -0.000172
v -0.815326 0.730268 -0.000173
v -0.824143 0.732923 -0.000172
v -0.764137 0.656721 -0.085758
v -0.769637 0.660520 -0.079771
v -0.776320 0.660682 -0.085758
v -0.770822 0.656876 -0.091734
v -0.765717 0.651860 -0.083025
v -0.770571 0.657647 -0.078241
v -0.777900 0.655821 -0.083025
v -0.773044 0.650042 -0.087804
v -0.766902 0.648216 -0.078029
v -0.771280 0.655468 -0.075069
v -0.779085 0.652177 -0.078029
v -0.774704 0.644934 -0.080991
v -0.767550 0.646223 -0.071394
v -0.771716 0.654124 -0.070145
v -0.779733 0.650184 -0.071394
v -0.775564 0.642289 -0.072647
v -0.753195 0.693258 -0.086545
v -0.759497 0.693662 -0.080140
v -0.765805 0.694075 -0.086545
v -0.759497 0.693662 -0.092950
v -0.753898 0.700878 -0.086545
v -0.759910 0.699171 -0.080140
v -0.765931 0.697465 -0.086545
v -0.759910 0.699171 -0.092950
v -0.757454 0.707860 -0.086545
v -0.762370 0.704001 -0.080140
v -0.767291 0.700134 -0.086545
v -0.762370 0.704001 -0.092950
v -0.763266 0.712932 -0.086546
v -0.766633 0.707593 -0.080140
v -0.770001 0.702242 -0.086545
v -0.766636 0.707595 -0.092950
v -0.816865 0.733541 -0.071390
v -0.812918 0.725540 -0.070141
v -0.820839 0.721141 -0.071390
v -0.824779 0.729142 -0.072643
v -0.814972 0.731878 -0.078027
v -0.811653 0.724317 -0.075066
v -0.818942 0.719538 -0.078027
v -0.822248 0.727140 -0.080990
v -0.811388 0.730084 -0.083024
v -0.809520 0.723148 -0.078240
v -0.815355 0.717796 -0.083024
v -0.817202 0.724873 -0.087804
v -0.806502 0.728199 -0.085761
v -0.806631 0.721962 -0.079767
v -0.810470 0.715947 -0.085761
v -0.810321 0.722447 -0.091738
v -0.767737 0.645649 -0.000196
v -0.771845 0.653736 -0.000196
v -0.779916 0.649633 -0.000196
v -0.775808 0.641538 -0.000196
v -0.816271 0.741783 -0.000172
v -0.812210 0.734062 -0.000173
v -0.820282 0.729982 -0.000173
v -0.824343 0.737680 -0.000172
v -0.766237 0.655937 0.089710
v -0.765370 0.658585 0.081016
v -0.774227 0.661464 0.081016
v -0.775083 0.658813 0.089710
v -0.768284 0.649641 0.086107
v -0.766482 0.655167 0.079157
v -0.775338 0.658046 0.079157
v -0.777129 0.652517 0.086107
v -0.769814 0.644933 0.079790
v -0.767321 0.652587 0.075485
v -0.776176 0.655466 0.075485
v -0.778661 0.647809 0.079790
v -0.770615 0.642466 0.071912
v -0.767815 0.651066 0.070093
v -0.776670 0.653945 0.070093
v -0.779463 0.645343 0.071912
v -0.754916 0.693368 0.090804
v -0.754916 0.693368 0.081501
v -0.764081 0.693961 0.081497
v -0.764081 0.693961 0.090808
v -0.755540 0.700412 0.090803
v -0.755540 0.700412 0.081501
v -0.764285 0.697931 0.081496
v -0.764285 0.697931 0.090808
v -0.758796 0.706806 0.090803
v -0.758796 0.706806 0.081501
v -0.765945 0.701192 0.081496
v -0.765945 0.701192 0.090808
v -0.764187 0.711474 0.090804
v -0.764185 0.711474 0.081502
v -0.769080 0.703707 0.081495
v -0.769083 0.703708 0.090810
v -0.821717 0.733152 0.071915
v -0.813097 0.730540 0.070097
v -0.815986 0.721524 0.070097
v -0.824604 0.724149 0.071915
v -0.819363 0.731220 0.079791
v -0.811661 0.729184 0.075487
v -0.814547 0.720203 0.075487
v -0.822245 0.722271 0.079791
v -0.814718 0.729056 0.086107
v -0.809132 0.727828 0.079158
v -0.812018 0.718873 0.079158
v -0.817597 0.720155 0.086107
v -0.808383 0.726754 0.089714
v -0.805696 0.726435 0.081018
v -0.808583 0.717495 0.081017
v -0.811261 0.717887 0.089714
v -0.764137 0.656721 0.085366
v -0.769637 0.660520 0.079378
v -0.776320 0.660682 0.085366
v -0.770822 0.656876 0.091342
v -0.765717 0.651860 0.082633
v -0.770571 0.657648 0.077849
v -0.777900 0.655821 0.082633
v -0.773044 0.650042 0.087411
v -0.766902 0.648216 0.077637
v -0.771280 0.655468 0.074676
v -0.779085 0.652177 0.077637
v -0.774704 0.644934 0.080599
v -0.767550 0.646224 0.071001
v -0.771716 0.654124 0.069752
v -0.779733 0.650184 0.071001
v -0.775564 0.642289 0.072254
v -0.753195 0.693258 0.086152
v -0.759497 0.693662 0.079747
v -0.765805 0.694075 0.086152
v -0.759497 0.693662 0.092558
v -0.753898 0.700878 0.086152
v -0.759910 0.699171 0.079747
v -0.765931 0.697465 0.086152
v -0.759910 0.699171 0.092558
v -0.757454 0.707860 0.086152
v -0.762370 0.704001 0.079747
v -0.767291 0.700134 0.086152
v -0.762370 0.704001 0.092558
v -0.763266 0.712932 0.086153
v -0.766633 0.707593 0.079747
v -0.770001 0.702242 0.086153
v -0.766636 0.707595 0.092557
v -0.816865 0.733544 0.071005
v -0.812918 0.725542 0.069756
v -0.820839 0.721143 0.071005
v -0.824779 0.729145 0.072258
v -0.814972 0.731880 0.077639
v -0.811653 0.724319 0.074679
v -0.818942 0.719540 0.077639
v -0.822248 0.727142 0.080600
v -0.811388 0.730086 0.082634
v -0.809520 0.723150 0.077851
v -0.815355 0.717797 0.082634
v -0.817202 0.724874 0.087412
v -0.806502 0.728200 0.085370
v -0.806631 0.721964 0.079377
v -0.810470 0.715948 0.085369
v -0.810321 0.722448 0.091346
v -0.821327 0.740806 -0.036234
v -0.812607 0.737886 -0.035324
v -0.815510 0.728720 -0.035325
v -0.824229 0.731644 -0.036234
v -0.816421 0.741074 -0.035778
v -0.812418 0.732760 -0.035154
v -0.820416 0.728464 -0.035779
v -0.824416 0.736782 -0.036405
v -0.821327 0.740807 0.035875
v -0.812607 0.737887 0.034965
v -0.815510 0.728721 0.034965
v -0.824229 0.731645 0.035874
v -0.816421 0.741076 0.035419
v -0.812418 0.732762 0.034794
v -0.820416 0.728465 0.035419
v -0.824416 0.736783 0.036046
vn 0.9552 -0.2956 -0.0161
vn 0.9384 -0.3429 -0.0431
vn 0.4914 -0.6659 -0.5614
vn 0.6494 -0.2760 -0.7086
vn -0.6656 0.2547 0.7015
vn -0.5696 0.6496 0.5036
vn 0.2043 0.6285 0.7505
vn 0.0218 0.0530 0.9984
vn 0.8427 0.1904 0.5035
vn 0.6994 -0.1686 0.6946
vn -0.6874 0.1350 -0.7137
vn -0.7890 -0.2496 -0.5614
vn -0.9606 0.2745 -0.0431
vn -0.9553 0.2954 -0.0126
vn -0.2011 -0.6186 -0.7595
vn -0.0261 -0.1060 -0.9940
vn 0.6819 -0.1800 -0.7089
vn 0.9735 -0.2284 -0.0090
vn 0.8863 0.3589 0.2927
vn 0.9383 -0.3450 -0.0240
vn 0.4447 -0.8266 -0.3448
vn -0.5058 0.8114 0.2927
vn 0.2801 0.8616 0.4233
vn -0.8458 -0.4071 -0.3448
vn -0.9618 0.2727 -0.0240
vn -0.2726 -0.8387 -0.4715
vn 0.8906 0.4544 0.0193
vn 0.9493 -0.3144 -0.0016
vn 0.4454 -0.8948 -0.0297
vn -0.4524 0.8916 0.0192
vn 0.3105 0.9502 0.0257
vn -0.8865 -0.4617 -0.0297
vn -0.9528 0.3037 -0.0016
vn -0.3089 -0.9501 -0.0429
vn 0.9603 0.2788 -0.0000
vn 0.7109 0.2053 0.6726
vn 0.6967 -0.1550 0.7005
vn 0.0559 0.0181 0.9983
vn 0.0148 0.0107 0.9998
vn -0.6722 0.1922 0.7150
vn -0.6457 -0.1665 0.7452
vn -0.9697 -0.2444 -0.0000
vn -0.9640 0.2658 -0.0056
vn -0.6722 0.1647 -0.7218
vn -0.6457 -0.1665 -0.7452
vn 0.0559 0.0181 -0.9983
vn 0.0068 -0.0259 -0.9996
vn 0.7109 0.2053 -0.6726
vn 0.5829 0.4556 -0.6728
vn 0.7887 0.6147 -0.0000
vn 0.5830 0.4556 0.6727
vn 0.0474 0.0345 0.9983
vn -0.5130 -0.4261 0.7452
vn -0.7656 -0.6434 -0.0000
vn -0.5129 -0.4261 -0.7452
vn 0.0474 0.0345 -0.9983
vn 0.2492 0.6550 -0.7133
vn 0.3789 0.9252 -0.0204
vn 0.2802 0.6611 0.6960
vn 0.0154 0.0058 0.9999
vn -0.2372 -0.6524 0.7198
vn -0.3474 -0.9377 0.0064
vn -0.2566 -0.6473 -0.7177
vn -0.0145 0.0171 -0.9997
vn 0.1680 0.6690 -0.7240
vn 0.3296 0.9422 -0.0594
vn 0.3183 0.9406 -0.1179
vn 0.3019 0.9533 -0.0000
vn 0.8903 0.4553 -0.0000
vn 0.8875 0.4485 -0.1056
vn 0.9531 -0.3025 -0.0000
vn 0.9412 -0.3309 0.0675
vn 0.2698 0.9439 -0.1905
vn 0.2897 0.9460 -0.1451
vn -0.3941 0.8153 -0.4243
vn -0.4561 0.8744 -0.1658
vn 0.4386 -0.8827 0.1688
vn 0.3382 -0.8540 0.3953
vn 0.8517 -0.2750 0.4461
vn 0.9075 -0.2980 0.2961
vn 0.4659 -0.8848 -0.0000
vn 0.4876 -0.8620 0.1389
vn -0.3086 -0.9512 -0.0000
vn -0.3108 -0.9440 0.1111
vn 0.8378 0.5017 0.2154
vn 0.8738 0.4791 0.0832
vn -0.9004 -0.4318 0.0527
vn -0.8420 -0.4533 -0.2925
vn -0.3596 -0.9289 0.0884
vn -0.3797 -0.9123 0.1532
vn -0.8973 -0.4414 -0.0001
vn -0.9191 -0.3929 0.0282
vn -0.9488 0.3160 -0.0000
vn -0.9578 0.2873 0.0083
vn -0.8344 0.2584 -0.4868
vn -0.9059 0.2826 -0.3155
vn -0.4603 0.8878 -0.0000
vn -0.4045 0.9087 -0.1034
vn 0.6810 0.5764 0.4518
vn 0.2903 0.9487 -0.1257
vn -0.2388 0.7610 -0.6032
vn 0.1679 -0.8053 0.5686
vn 0.6184 -0.1963 0.7610
vn -0.6799 -0.5036 -0.5331
vn -0.3577 -0.9332 0.0332
vn -0.6147 0.1898 -0.7656
vn 0.2881 0.6803 0.6740
vn -0.2017 -0.6586 0.7250
vn 0.0494 0.0026 0.9988
vn -0.2915 -0.6508 -0.7011
vn -0.3300 -0.9435 0.0303
vn -0.0878 0.0269 -0.9958
vn 0.8892 0.4575 -0.0000
vn 0.9504 -0.3112 -0.0000
vn 0.4461 -0.8950 -0.0000
vn -0.4484 0.8938 -0.0000
vn 0.3121 0.9501 -0.0000
vn -0.8872 -0.4614 -0.0000
vn -0.9519 0.3066 -0.0000
vn -0.3092 -0.9510 -0.0000
vn 0.9552 -0.2956 0.0161
vn 0.6494 -0.2760 0.7086
vn 0.4914 -0.6659 0.5614
vn 0.9384 -0.3429 0.0431
vn -0.6656 0.2547 -0.7015
vn 0.0218 0.0530 -0.9984
vn 0.2043 0.6285 -0.7505
vn -0.5697 0.6496 -0.5035
vn 0.6994 -0.1686 -0.6946
vn 0.8427 0.1904 -0.5036
vn -0.6874 0.1351 0.7137
vn -0.9553 0.2954 0.0126
vn -0.9606 0.2745 0.0431
vn -0.7890 -0.2497 0.5614
vn -0.0261 -0.1060 0.9940
vn -0.2011 -0.6186 0.7595
vn 0.9735 -0.2284 0.0090
vn 0.6819 -0.1801 0.7089
vn 0.9383 -0.3450 0.0239
vn 0.8863 0.3589 -0.2927
vn 0.4447 -0.8266 0.3448
vn 0.2801 0.8616 -0.4233
vn -0.5058 0.8114 -0.2927
vn -0.9618 0.2727 0.0240
vn -0.8458 -0.4071 0.3448
vn -0.2726 -0.8386 0.4716
vn 0.9493 -0.3144 0.0016
vn 0.8906 0.4544 -0.0193
vn 0.4454 -0.8948 0.0297
vn 0.3106 0.9502 -0.0257
vn -0.4524 0.8916 -0.0192
vn -0.9528 0.3037 0.0016
vn -0.8865 -0.4617 0.0297
vn -0.3089 -0.9501 0.0429
vn 0.9604 0.2788 -0.0000
vn 0.6967 -0.1550 -0.7005
vn 0.0148 0.0107 -0.9998
vn -0.6722 0.1922 -0.7150
vn -0.9640 0.2659 0.0056
vn -0.6722 0.1647 0.7218
vn 0.0068 -0.0259 0.9996
vn 0.5829 0.4556 0.6728
vn 0.7887 0.6148 -0.0000
vn 0.5830 0.4556 -0.6727
vn -0.5130 -0.4261 -0.7452
vn -0.5129 -0.4261 0.7452
vn 0.2492 0.6550 0.7133
vn 0.3790 0.9252 0.0209
vn 0.2802 0.6613 -0.6959
vn 0.0153 0.0058 -0.9999
vn -0.2371 -0.6522 -0.7200
vn -0.3474 -0.9377 -0.0069
vn -0.2566 -0.6474 0.7177
vn -0.0145 0.0171 0.9997
vn 0.3290 0.9425 0.0592
vn 0.1679 0.6679 0.7251
vn 0.3081 0.9434 0.1229
vn 0.9017 0.4237 0.0861
vn 0.9723 -0.2329 -0.0216
vn 0.2680 0.9457 0.1840
vn -0.4545 0.8751 0.1664
vn -0.3940 0.8151 0.4246
vn 0.2897 0.9460 0.1452
vn 0.4497 -0.8762 -0.1735
vn 0.9141 -0.2784 -0.2949
vn 0.8525 -0.2723 -0.4461
vn 0.3363 -0.8545 -0.3960
vn 0.5053 -0.8563 -0.1069
vn -0.3203 -0.9414 -0.1059
vn 0.8592 0.5073 -0.0668
vn 0.8364 0.5037 -0.2159
vn -0.8977 -0.4375 -0.0522
vn -0.3776 -0.9148 -0.1431
vn -0.3598 -0.9288 -0.0888
vn -0.8419 -0.4532 0.2928
vn -0.9219 -0.3822 -0.0629
vn -0.9444 0.3279 -0.0250
vn -0.9112 0.2660 0.3145
vn -0.8344 0.2581 0.4870
vn -0.4791 0.8687 0.1259
vn 0.2902 0.9487 0.1258
vn 0.6814 0.5759 -0.4517
vn -0.2387 0.7608 0.6035
vn 0.6188 -0.1946 -0.7611
vn 0.1665 -0.8053 -0.5690
vn -0.3579 -0.9332 -0.0335
vn -0.6798 -0.5036 0.5333
vn -0.6147 0.1894 0.7657
vn 0.2877 0.6822 -0.6721
vn 0.0452 -0.0086 -0.9989
vn -0.1974 -0.6545 -0.7298
vn -0.3298 -0.9436 -0.0304
vn -0.2918 -0.6514 0.7004
vn -0.0867 0.0306 0.9958
vt 0.768612 0.010516
vt 0.768612 0.006926
vt 0.771135 0.006926
vt 0.771135 0.010516
vt 0.781249 0.010516
vt 0.781249 0.006926
vt 0.783785 0.006926
vt 0.783785 0.010516
vt 0.786320 0.006926
vt 0.786320 0.010516
vt 0.776201 0.010516
vt 0.776201 0.006926
vt 0.778725 0.006926
vt 0.778725 0.010516
vt 0.773668 0.006926
vt 0.773668 0.010516
vt 0.771135 0.033191
vt 0.768612 0.033191
vt 0.766088 0.351394
vt 0.766088 0.347492
vt 0.768612 0.347492
vt 0.768612 0.351394
vt 0.771135 0.347492
vt 0.771135 0.351394
vt 0.781249 0.351394
vt 0.781249 0.347492
vt 0.783785 0.347492
vt 0.783785 0.351394
vt 0.786320 0.347492
vt 0.786320 0.351394
vt 0.776201 0.351394
vt 0.776201 0.347492
vt 0.778725 0.347492
vt 0.778725 0.351394
vt 0.773668 0.347492
vt 0.773668 0.351394
vt 0.766088 0.343179
vt 0.768612 0.343179
vt 0.771135 0.343179
vt 0.781249 0.343179
vt 0.783785 0.343179
vt 0.786320 0.343179
vt 0.776201 0.343179
vt 0.778725 0.343179
vt 0.773668 0.343179
vt 0.768612 0.036614
vt 0.766088 0.036614
vt 0.766088 0.033191
vt 0.786320 0.036614
vt 0.783785 0.036614
vt 0.783785 0.033191
vt 0.786320 0.033191
vt 0.781249 0.033191
vt 0.781249 0.036614
vt 0.778725 0.036614
vt 0.778725 0.033191
vt 0.776201 0.033191
vt 0.776201 0.036614
vt 0.773668 0.036614
vt 0.773668 0.033191
vt 0.771135 0.036614
vt 0.771135 0.039972
vt 0.768612 0.039972
vt 0.766088 0.039972
vt 0.786320 0.039972
vt 0.783785 0.039972
vt 0.781249 0.039972
vt 0.778725 0.039972
vt 0.776201 0.039972
vt 0.773668 0.039972
vt 0.771135 0.043427
vt 0.768612 0.043427
vt 0.766088 0.043427
vt 0.786320 0.043427
vt 0.783785 0.043427
vt 0.781249 0.043427
vt 0.778725 0.043427
vt 0.776201 0.043427
vt 0.773668 0.043427
vt 0.766088 0.010516
vt 0.766088 0.006926
vt 0.771135 0.070850
vt 0.768612 0.070850
vt 0.768612 0.104751
vt 0.768612 0.126816
vt 0.766088 0.126816
vt 0.766088 0.104751
vt 0.786320 0.104751
vt 0.786320 0.126816
vt 0.783785 0.126816
vt 0.783785 0.104751
vt 0.768612 0.082686
vt 0.768612 0.078373
vt 0.771135 0.078373
vt 0.771135 0.082686
vt 0.781249 0.082686
vt 0.781249 0.078373
vt 0.783785 0.078373
vt 0.783785 0.082686
vt 0.781249 0.126816
vt 0.781249 0.104751
vt 0.778725 0.126816
vt 0.778725 0.104751
vt 0.786320 0.078373
vt 0.786320 0.082686
vt 0.776201 0.082686
vt 0.776201 0.078373
vt 0.778725 0.078373
vt 0.778725 0.082686
vt 0.776201 0.126816
vt 0.776201 0.104751
vt 0.773668 0.126816
vt 0.773668 0.104751
vt 0.773668 0.078373
vt 0.773668 0.082686
vt 0.771135 0.126816
vt 0.771135 0.104751
vt 0.766088 0.082686
vt 0.766088 0.078373
vt 0.766088 0.074471
vt 0.768612 0.074471
vt 0.771135 0.074471
vt 0.781249 0.074471
vt 0.783785 0.074471
vt 0.786320 0.074471
vt 0.776201 0.074471
vt 0.778725 0.074471
vt 0.773668 0.074471
vt 0.766088 0.070850
vt 0.781249 0.070850
vt 0.783785 0.070850
vt 0.786320 0.070850
vt 0.776201 0.070850
vt 0.778725 0.070850
vt 0.773668 0.070850
vt 0.766088 0.299049
vt 0.768612 0.299049
vt 0.771135 0.299049
vt 0.781249 0.299049
vt 0.783785 0.299049
vt 0.786320 0.299049
vt 0.776201 0.299049
vt 0.778725 0.299049
vt 0.773668 0.299049
vt 0.768612 0.243114
vt 0.771135 0.243114
vt 0.771135 0.246704
vt 0.768612 0.246704
vt 0.781249 0.243114
vt 0.783785 0.243114
vt 0.783785 0.246704
vt 0.781249 0.246704
vt 0.786320 0.243114
vt 0.786320 0.246704
vt 0.776201 0.243114
vt 0.778725 0.243114
vt 0.778725 0.246704
vt 0.776201 0.246704
vt 0.773668 0.243114
vt 0.773668 0.246704
vt 0.768612 0.220440
vt 0.771135 0.220440
vt 0.766088 0.246704
vt 0.768612 0.250606
vt 0.766088 0.250606
vt 0.771135 0.250606
vt 0.783785 0.250606
vt 0.781249 0.250606
vt 0.786320 0.250606
vt 0.778725 0.250606
vt 0.776201 0.250606
vt 0.773668 0.250606
vt 0.768612 0.254919
vt 0.766088 0.254919
vt 0.771135 0.254919
vt 0.783785 0.254919
vt 0.781249 0.254919
vt 0.786320 0.254919
vt 0.778725 0.254919
vt 0.776201 0.254919
vt 0.773668 0.254919
vt 0.768612 0.217017
vt 0.766088 0.220440
vt 0.766088 0.217017
vt 0.786320 0.217017
vt 0.786320 0.220440
vt 0.783785 0.220440
vt 0.783785 0.217017
vt 0.781249 0.220440
vt 0.781249 0.217017
vt 0.778725 0.220440
vt 0.778725 0.217017
vt 0.776201 0.220440
vt 0.776201 0.217017
vt 0.773668 0.220440
vt 0.773668 0.217017
vt 0.771135 0.217017
vt 0.771135 0.213659
vt 0.768612 0.213659
vt 0.766088 0.213659
vt 0.786320 0.213659
vt 0.783785 0.213659
vt 0.781249 0.213659
vt 0.778725 0.213659
vt 0.776201 0.213659
vt 0.773668 0.213659
vt 0.771135 0.210204
vt 0.768612 0.210204
vt 0.766088 0.210204
vt 0.786320 0.210204
vt 0.783785 0.210204
vt 0.781249 0.210204
vt 0.778725 0.210204
vt 0.776201 0.210204
vt 0.773668 0.210204
vt 0.766088 0.243114
vt 0.768612 0.182782
vt 0.771135 0.182782
vt 0.768612 0.148881
vt 0.766088 0.148881
vt 0.786320 0.148881
vt 0.783785 0.148881
vt 0.768612 0.170946
vt 0.771135 0.170946
vt 0.771135 0.175259
vt 0.768612 0.175259
vt 0.781249 0.170946
vt 0.783785 0.170946
vt 0.783785 0.175259
vt 0.781249 0.175259
vt 0.781249 0.148881
vt 0.778725 0.148881
vt 0.786320 0.170946
vt 0.786320 0.175259
vt 0.776201 0.170946
vt 0.778725 0.170946
vt 0.778725 0.175259
vt 0.776201 0.175259
vt 0.776201 0.148881
vt 0.773668 0.148881
vt 0.773668 0.170946
vt 0.773668 0.175259
vt 0.771135 0.148881
vt 0.766088 0.170946
vt 0.766088 0.175259
vt 0.768612 0.179161
vt 0.766088 0.179161
vt 0.771135 0.179161
vt 0.783785 0.179161
vt 0.781249 0.179161
vt 0.786320 0.179161
vt 0.778725 0.179161
vt 0.776201 0.179161
vt 0.773668 0.179161
vt 0.766088 0.182782
vt 0.783785 0.182782
vt 0.781249 0.182782
vt 0.786320 0.182782
vt 0.778725 0.182782
vt 0.776201 0.182782
vt 0.773668 0.182782
s 1
usemtl metal_trash_can_rust
f 2567/3131/2997 2571/3132/2998 2515/3133/2999 2511/3134/3000
f 2513/3135/3001 2517/3136/3002 2572/3137/3003 2568/3138/3004
f 2568/3138/3004 2572/3137/3003 2516/3139/3005 2512/3140/3006
f 2514/3141/3007 2518/3142/3008 2573/3143/3009 2569/3144/3010
f 2569/3144/3010 2573/3143/3009 2517/3136/3002 2513/3135/3001
f 2511/3134/3000 2515/3133/2999 2574/3145/3011 2570/3146/3012
f 2567/3131/2997 2511/3134/3000 2527/3147/3013 2583/3148/3014
f 2570/3146/3012 2574/3145/3011 2518/3142/3008 2514/3141/3007
f 2516/3149/3005 2520/3150/3015 2575/3151/3016 2571/3152/2998
f 2571/3152/2998 2575/3151/3016 2519/3153/3017 2515/3154/2999
f 2517/3155/3002 2521/3156/3018 2576/3157/3019 2572/3158/3003
f 2572/3158/3003 2576/3157/3019 2520/3159/3015 2516/3160/3005
f 2518/3161/3008 2522/3162/3020 2577/3163/3021 2573/3164/3009
f 2573/3164/3009 2577/3163/3021 2521/3156/3018 2517/3155/3002
f 2515/3154/2999 2519/3153/3017 2578/3165/3022 2574/3166/3011
f 2574/3166/3011 2578/3165/3022 2522/3162/3020 2518/3161/3008
f 2520/3150/3015 2524/3167/3023 2579/3168/3024 2575/3151/3016
f 2575/3151/3016 2579/3168/3024 2523/3169/3025 2519/3153/3017
f 2521/3156/3018 2525/3170/3026 2580/3171/3027 2576/3157/3019
f 2576/3157/3019 2580/3171/3027 2524/3172/3023 2520/3159/3015
f 2522/3162/3020 2526/3173/3028 2581/3174/3029 2577/3163/3021
f 2577/3163/3021 2581/3174/3029 2525/3170/3026 2521/3156/3018
f 2519/3153/3017 2523/3169/3025 2582/3175/3030 2578/3165/3022
f 2578/3165/3022 2582/3175/3030 2526/3173/3028 2522/3162/3020
f 2587/3176/3031 2532/3177/3032 2528/3178/3033 2583/3148/3014
f 2532/3179/3032 2588/3180/3034 2584/3181/3035 2528/3182/3033
f 2513/3135/3001 2568/3138/3004 2584/3181/3035 2529/3183/3036
f 2568/3138/3004 2512/3140/3006 2528/3182/3033 2584/3181/3035
f 2588/3180/3034 2533/3184/3037 2529/3183/3036 2584/3181/3035
f 2533/3184/3037 2589/3185/3038 2585/3186/3039 2529/3183/3036
f 2514/3141/3007 2569/3144/3010 2585/3186/3039 2530/3187/3040
f 2569/3144/3010 2513/3135/3001 2529/3183/3036 2585/3186/3039
f 2589/3185/3038 2534/3188/3041 2530/3187/3040 2585/3186/3039
f 2534/3188/3041 2590/3189/3042 2586/3190/3043 2530/3187/3040
f 2511/3134/3000 2570/3146/3012 2586/3190/3043 2527/3147/3013
f 2570/3146/3012 2514/3141/3007 2530/3187/3040 2586/3190/3043
f 2590/3189/3042 2531/3191/3044 2527/3147/3013 2586/3190/3043
f 2535/3192/3045 2591/3193/3046 2587/3176/3031 2531/3191/3044
f 2591/3193/3046 2536/3194/3047 2532/3177/3032 2587/3176/3031
f 2536/3195/3047 2592/3196/3048 2588/3180/3034 2532/3179/3032
f 2592/3196/3048 2537/3197/3049 2533/3184/3037 2588/3180/3034
f 2537/3197/3049 2593/3198/3050 2589/3185/3038 2533/3184/3037
f 2593/3198/3050 2538/3199/3051 2534/3188/3041 2589/3185/3038
f 2538/3199/3051 2594/3200/3052 2590/3189/3042 2534/3188/3041
f 2594/3200/3052 2535/3192/3045 2531/3191/3044 2590/3189/3042
f 2539/3201/3053 2595/3202/3054 2591/3193/3046 2535/3192/3045
f 2595/3202/3054 2540/3203/3055 2536/3194/3047 2591/3193/3046
f 2540/3204/3055 2596/3205/3056 2592/3196/3048 2536/3195/3047
f 2596/3205/3056 2541/3206/3057 2537/3197/3049 2592/3196/3048
f 2541/3206/3057 2597/3207/3058 2593/3198/3050 2537/3197/3049
f 2597/3207/3058 2542/3208/3059 2538/3199/3051 2593/3198/3050
f 2542/3208/3059 2598/3209/3060 2594/3200/3052 2538/3199/3051
f 2598/3209/3060 2539/3201/3053 2535/3192/3045 2594/3200/3052
f 2512/3210/3006 2516/3211/3005 2571/3132/2998 2567/3131/2997
f 2595/3202/3054 2539/3201/3053 2555/3212/3061 2611/3213/3062
f 2723/3214/3063 2619/3215/3064 2564/3216/3065 2720/3217/3066
f 2720/3218/3066 2564/3219/3065 2620/3220/3067 2724/3221/3068
f 2599/3222/3069 2603/3223/3070 2547/3224/3071 2543/3225/3072
f 2545/3226/3073 2549/3227/3074 2604/3228/3075 2600/3229/3076
f 2724/3221/3068 2620/3220/3067 2565/3230/3077 2721/3231/3078
f 2721/3231/3078 2565/3230/3077 2621/3232/3079 2725/3233/3080
f 2600/3229/3076 2604/3228/3075 2548/3234/3081 2544/3235/3082
f 2546/3236/3083 2550/3237/3084 2605/3238/3085 2601/3239/3086
f 2725/3233/3080 2621/3232/3079 2566/3240/3087 2722/3241/3088
f 2722/3241/3088 2566/3240/3087 2622/3242/3089 2726/3243/3090
f 2601/3239/3086 2605/3238/3085 2549/3227/3074 2545/3226/3073
f 2543/3225/3072 2547/3224/3071 2606/3244/3091 2602/3245/3092
f 2726/3243/3090 2622/3242/3089 2563/3246/3093 2719/3247/3094
f 2544/3248/3082 2548/3249/3081 2603/3223/3070 2599/3222/3069
f 2602/3245/3092 2606/3244/3091 2550/3237/3084 2546/3236/3083
f 2548/3249/3081 2552/3250/3095 2607/3251/3096 2603/3223/3070
f 2603/3223/3070 2607/3251/3096 2551/3252/3097 2547/3224/3071
f 2549/3227/3074 2553/3253/3098 2608/3254/3099 2604/3228/3075
f 2604/3228/3075 2608/3254/3099 2552/3255/3095 2548/3234/3081
f 2550/3237/3084 2554/3256/3100 2609/3257/3101 2605/3238/3085
f 2605/3238/3085 2609/3257/3101 2553/3253/3098 2549/3227/3074
f 2547/3224/3071 2551/3252/3097 2610/3258/3102 2606/3244/3091
f 2606/3244/3091 2610/3258/3102 2554/3256/3100 2550/3237/3084
f 2552/3250/3095 2556/3259/3103 2611/3213/3062 2607/3251/3096
f 2607/3251/3096 2611/3213/3062 2555/3212/3061 2551/3252/3097
f 2553/3253/3098 2557/3260/3104 2612/3261/3105 2608/3254/3099
f 2608/3254/3099 2612/3261/3105 2556/3262/3103 2552/3255/3095
f 2554/3256/3100 2558/3263/3106 2613/3264/3107 2609/3257/3101
f 2609/3257/3101 2613/3264/3107 2557/3260/3104 2553/3253/3098
f 2551/3252/3097 2555/3212/3061 2614/3265/3108 2610/3258/3102
f 2610/3258/3102 2614/3265/3108 2558/3263/3106 2554/3256/3100
f 2541/3206/3057 2596/3205/3056 2612/3261/3105 2557/3260/3104
f 2596/3205/3056 2540/3204/3055 2556/3262/3103 2612/3261/3105
f 2542/3208/3059 2597/3207/3058 2613/3264/3107 2558/3263/3106
f 2597/3207/3058 2541/3206/3057 2557/3260/3104 2613/3264/3107
f 2539/3201/3053 2598/3209/3060 2614/3265/3108 2555/3212/3061
f 2598/3209/3060 2542/3208/3059 2558/3263/3106 2614/3265/3108
f 2512/3210/3006 2567/3131/2997 2583/3148/3014 2528/3178/3033
f 2524/3167/3023 2560/3266/3109 2615/3267/3110 2579/3168/3024
f 2579/3168/3024 2615/3267/3110 2559/3268/3111 2523/3169/3025
f 2525/3170/3026 2561/3269/3112 2616/3270/3113 2580/3171/3027
f 2580/3171/3027 2616/3270/3113 2560/3271/3109 2524/3172/3023
f 2526/3173/3028 2562/3272/3114 2617/3273/3115 2581/3174/3029
f 2581/3174/3029 2617/3273/3115 2561/3269/3112 2525/3170/3026
f 2523/3169/3025 2559/3268/3111 2618/3274/3116 2582/3175/3030
f 2582/3175/3030 2618/3274/3116 2562/3272/3114 2526/3173/3028
f 2531/3191/3044 2587/3176/3031 2583/3148/3014 2527/3147/3013
f 2540/3203/3055 2595/3202/3054 2611/3213/3062 2556/3259/3103
f 2719/3247/3094 2563/3246/3093 2619/3215/3064 2723/3214/3063
f 2671/3275/3117 2623/3276/3118 2627/3277/3119 2675/3278/3120
f 2625/3279/3121 2672/3280/3122 2676/3281/3123 2629/3282/3124
f 2672/3280/3122 2624/3283/3125 2628/3284/3126 2676/3281/3123
f 2626/3285/3127 2673/3286/3128 2677/3287/3129 2630/3288/3130
f 2673/3286/3128 2625/3279/3121 2629/3282/3124 2677/3287/3129
f 2623/3276/3118 2674/3289/3131 2678/3290/3132 2627/3277/3119
f 2671/3275/3117 2687/3291/3133 2639/3292/3134 2623/3276/3118
f 2674/3289/3131 2626/3285/3127 2630/3288/3130 2678/3290/3132
f 2628/3293/3126 2675/3278/3120 2679/3294/3135 2632/3295/3136
f 2675/3278/3120 2627/3277/3119 2631/3296/3137 2679/3294/3135
f 2629/3282/3124 2676/3281/3123 2680/3297/3138 2633/3298/3139
f 2676/3281/3123 2628/3284/3126 2632/3299/3136 2680/3297/3138
f 2630/3288/3130 2677/3287/3129 2681/3300/3140 2634/3301/3141
f 2677/3287/3129 2629/3282/3124 2633/3298/3139 2681/3300/3140
f 2627/3277/3119 2678/3290/3132 2682/3302/3142 2631/3296/3137
f 2678/3290/3132 2630/3288/3130 2634/3301/3141 2682/3302/3142
f 2632/3295/3136 2679/3294/3135 2683/3303/3143 2636/3304/3144
f 2679/3294/3135 2631/3296/3137 2635/3305/3145 2683/3303/3143
f 2633/3298/3139 2680/3297/3138 2684/3306/3146 2637/3307/3147
f 2680/3297/3138 2632/3299/3136 2636/3308/3144 2684/3306/3146
f 2634/3301/3141 2681/3300/3140 2685/3309/3148 2638/3310/3149
f 2681/3300/3140 2633/3298/3139 2637/3307/3147 2685/3309/3148
f 2631/3296/3137 2682/3302/3142 2686/3311/3150 2635/3305/3145
f 2682/3302/3142 2634/3301/3141 2638/3310/3149 2686/3311/3150
f 2691/3312/3151 2687/3291/3133 2640/3313/3152 2644/3314/3044
f 2644/3315/3044 2640/3316/3152 2688/3317/3153 2692/3318/3042
f 2625/3279/3121 2641/3319/3154 2688/3317/3153 2672/3280/3122
f 2672/3280/3122 2688/3317/3153 2640/3316/3152 2624/3283/3125
f 2692/3318/3042 2688/3317/3153 2641/3319/3154 2645/3320/3041
f 2645/3320/3041 2641/3319/3154 2689/3321/3155 2693/3322/3038
f 2626/3285/3127 2642/3323/3156 2689/3321/3155 2673/3286/3128
f 2673/3286/3128 2689/3321/3155 2641/3319/3154 2625/3279/3121
f 2693/3322/3038 2689/3321/3155 2642/3323/3156 2646/3324/3037
f 2646/3324/3037 2642/3323/3156 2690/3325/3157 2694/3326/3034
f 2623/3276/3118 2639/3292/3134 2690/3325/3157 2674/3289/3131
f 2674/3289/3131 2690/3325/3157 2642/3323/3156 2626/3285/3127
f 2694/3326/3034 2690/3325/3157 2639/3292/3134 2643/3327/3032
f 2647/3328/3158 2643/3327/3032 2691/3312/3151 2695/3329/3159
f 2695/3329/3159 2691/3312/3151 2644/3314/3044 2648/3330/3160
f 2648/3331/3160 2644/3315/3044 2692/3318/3042 2696/3332/3052
f 2696/3332/3052 2692/3318/3042 2645/3320/3041 2649/3333/3161
f 2649/3333/3161 2645/3320/3041 2693/3322/3038 2697/3334/3050
f 2697/3334/3050 2693/3322/3038 2646/3324/3037 2650/3335/3162
f 2650/3335/3162 2646/3324/3037 2694/3326/3034 2698/3336/3048
f 2698/3336/3048 2694/3326/3034 2643/3327/3032 2647/3328/3158
f 2651/3337/3163 2647/3328/3158 2695/3329/3159 2699/3338/3164
f 2699/3338/3164 2695/3329/3159 2648/3330/3160 2652/3339/3165
f 2652/3340/3165 2648/3331/3160 2696/3332/3052 2700/3341/3166
f 2700/3341/3166 2696/3332/3052 2649/3333/3161 2653/3342/3167
f 2653/3342/3167 2649/3333/3161 2697/3334/3050 2701/3343/3168
f 2701/3343/3168 2697/3334/3050 2650/3335/3162 2654/3344/3169
f 2654/3344/3169 2650/3335/3162 2698/3336/3048 2702/3345/3170
f 2702/3345/3170 2698/3336/3048 2647/3328/3158 2651/3337/3163
f 2624/3346/3125 2671/3275/3117 2675/3278/3120 2628/3293/3126
f 2699/3338/3164 2715/3347/3171 2667/3348/3172 2651/3337/3163
f 2731/3349/3173 2728/3350/3174 2564/3216/3065 2619/3215/3064
f 2728/3351/3174 2732/3352/3175 2620/3220/3067 2564/3219/3065
f 2703/3353/3176 2655/3354/3177 2659/3355/3178 2707/3356/3179
f 2657/3357/3180 2704/3358/3181 2708/3359/3182 2661/3360/3183
f 2732/3352/3175 2729/3361/3184 2565/3230/3077 2620/3220/3067
f 2729/3361/3184 2733/3362/3185 2621/3232/3079 2565/3230/3077
f 2704/3358/3181 2656/3363/3186 2660/3364/3187 2708/3359/3182
f 2658/3365/3188 2705/3366/3189 2709/3367/3190 2662/3368/3191
f 2733/3362/3185 2730/3369/3192 2566/3240/3087 2621/3232/3079
f 2730/3369/3192 2734/3370/3193 2622/3242/3089 2566/3240/3087
f 2705/3366/3189 2657/3357/3180 2661/3360/3183 2709/3367/3190
f 2655/3354/3177 2706/3371/3194 2710/3372/3195 2659/3355/3178
f 2734/3370/3193 2727/3373/3196 2563/3246/3093 2622/3242/3089
f 2656/3374/3186 2703/3353/3176 2707/3356/3179 2660/3375/3187
f 2706/3371/3194 2658/3365/3188 2662/3368/3191 2710/3372/3195
f 2660/3375/3187 2707/3356/3179 2711/3376/3197 2664/3377/3198
f 2707/3356/3179 2659/3355/3178 2663/3378/3199 2711/3376/3197
f 2661/3360/3183 2708/3359/3182 2712/3379/3200 2665/3380/3201
f 2708/3359/3182 2660/3364/3187 2664/3381/3198 2712/3379/3200
f 2662/3368/3191 2709/3367/3190 2713/3382/3202 2666/3383/3203
f 2709/3367/3190 2661/3360/3183 2665/3380/3201 2713/3382/3202
f 2659/3355/3178 2710/3372/3195 2714/3384/3204 2663/3378/3199
f 2710/3372/3195 2662/3368/3191 2666/3383/3203 2714/3384/3204
f 2664/3377/3198 2711/3376/3197 2715/3347/3171 2668/3385/3205
f 2711/3376/3197 2663/3378/3199 2667/3348/3172 2715/3347/3171
f 2665/3380/3201 2712/3379/3200 2716/3386/3206 2669/3387/3207
f 2712/3379/3200 2664/3381/3198 2668/3388/3205 2716/3386/3206
f 2666/3383/3203 2713/3382/3202 2717/3389/3208 2670/3390/3209
f 2713/3382/3202 2665/3380/3201 2669/3387/3207 2717/3389/3208
f 2663/3378/3199 2714/3384/3204 2718/3391/3210 2667/3348/3172
f 2714/3384/3204 2666/3383/3203 2670/3390/3209 2718/3391/3210
f 2653/3342/3167 2669/3387/3207 2716/3386/3206 2700/3341/3166
f 2700/3341/3166 2716/3386/3206 2668/3388/3205 2652/3340/3165
f 2654/3344/3169 2670/3390/3209 2717/3389/3208 2701/3343/3168
f 2701/3343/3168 2717/3389/3208 2669/3387/3207 2653/3342/3167
f 2651/3337/3163 2667/3348/3172 2718/3391/3210 2702/3345/3170
f 2702/3345/3170 2718/3391/3210 2670/3390/3209 2654/3344/3169
f 2624/3346/3125 2640/3313/3152 2687/3291/3133 2671/3275/3117
f 2636/3304/3144 2683/3303/3143 2615/3267/3110 2560/3266/3109
f 2683/3303/3143 2635/3305/3145 2559/3268/3111 2615/3267/3110
f 2637/3307/3147 2684/3306/3146 2616/3270/3113 2561/3269/3112
f 2684/3306/3146 2636/3308/3144 2560/3271/3109 2616/3270/3113
f 2638/3310/3149 2685/3309/3148 2617/3273/3115 2562/3272/3114
f 2685/3309/3148 2637/3307/3147 2561/3269/3112 2617/3273/3115
f 2635/3305/3145 2686/3311/3150 2618/3274/3116 2559/3268/3111
f 2686/3311/3150 2638/3310/3149 2562/3272/3114 2618/3274/3116
f 2643/3327/3032 2639/3292/3134 2687/3291/3133 2691/3312/3151
f 2652/3339/3165 2668/3385/3205 2715/3347/3171 2699/3338/3164
f 2727/3373/3196 2731/3349/3173 2619/3215/3064 2563/3246/3093
f 2543/3225/3072 2719/3247/3094 2723/3214/3063 2599/3222/3069
f 2602/3245/3092 2726/3243/3090 2719/3247/3094 2543/3225/3072
f 2546/3236/3083 2722/3241/3088 2726/3243/3090 2602/3245/3092
f 2601/3239/3086 2725/3233/3080 2722/3241/3088 2546/3236/3083
f 2545/3226/3073 2721/3231/3078 2725/3233/3080 2601/3239/3086
f 2600/3229/3076 2724/3221/3068 2721/3231/3078 2545/3226/3073
f 2544/3235/3082 2720/3218/3066 2724/3221/3068 2600/3229/3076
f 2599/3222/3069 2723/3214/3063 2720/3217/3066 2544/3248/3082
f 2655/3354/3177 2703/3353/3176 2731/3349/3173 2727/3373/3196
f 2706/3371/3194 2655/3354/3177 2727/3373/3196 2734/3370/3193
f 2658/3365/3188 2706/3371/3194 2734/3370/3193 2730/3369/3192
f 2705/3366/3189 2658/3365/3188 2730/3369/3192 2733/3362/3185
f 2657/3357/3180 2705/3366/3189 2733/3362/3185 2729/3361/3184
f 2704/3358/3181 2657/3357/3180 2729/3361/3184 2732/3352/3175
f 2656/3363/3186 2704/3358/3181 2732/3352/3175 2728/3351/3174
f 2703/3353/3176 2656/3374/3186 2728/3350/3174 2731/3349/3173
o metal_trash_can_rust_handle_right
v -0.217845 0.648853 -0.090103
v -0.215553 0.647271 -0.081409
v -0.220859 0.639617 -0.081409
v -0.223145 0.641209 -0.090103
v -0.223287 0.652625 -0.086499
v -0.218507 0.649318 -0.079549
v -0.223813 0.641665 -0.079549
v -0.228586 0.644982 -0.086499
v -0.227354 0.655446 -0.080182
v -0.220736 0.650863 -0.075877
v -0.226042 0.643211 -0.075877
v -0.232655 0.647801 -0.080182
v -0.229485 0.656925 -0.072304
v -0.222051 0.651775 -0.070485
v -0.227356 0.644123 -0.070485
v -0.234786 0.649278 -0.072304
v -0.186175 0.625914 -0.091197
v -0.186175 0.625914 -0.081893
v -0.193116 0.619900 -0.081889
v -0.193110 0.619894 -0.091201
v -0.182407 0.619930 -0.091196
v -0.182407 0.619930 -0.081894
v -0.190885 0.616627 -0.081889
v -0.190869 0.616611 -0.091201
v -0.181128 0.612869 -0.091196
v -0.181129 0.612871 -0.081894
v -0.190258 0.613052 -0.081889
v -0.190217 0.613010 -0.091201
v -0.182593 0.605890 -0.091196
v -0.182640 0.605941 -0.081894
v -0.191285 0.609205 -0.081887
v -0.191191 0.609108 -0.091203
v -0.218698 0.557352 -0.072304
v -0.213738 0.564979 -0.070485
v -0.221488 0.570382 -0.070485
v -0.226437 0.562746 -0.072304
v -0.216423 0.558686 -0.080182
v -0.212227 0.565693 -0.075877
v -0.219961 0.571081 -0.075877
v -0.224138 0.564056 -0.080182
v -0.213068 0.562220 -0.086499
v -0.210295 0.567535 -0.079549
v -0.218018 0.572912 -0.079549
v -0.220764 0.567571 -0.086499
v -0.208984 0.567440 -0.090107
v -0.208007 0.570315 -0.081410
v -0.215729 0.575686 -0.081409
v -0.216668 0.572778 -0.090107
v -0.230422 0.657679 -0.000196
v -0.223127 0.652729 -0.000196
v -0.229079 0.645728 -0.000196
v -0.236197 0.650500 -0.000196
v -0.224068 0.561696 -0.000196
v -0.218760 0.569342 -0.000196
v -0.226305 0.574541 -0.000196
v -0.231610 0.566892 -0.000196
v -0.215700 0.649500 -0.085758
v -0.217778 0.643147 -0.079771
v -0.222998 0.638973 -0.085758
v -0.220926 0.645330 -0.091734
v -0.219900 0.652412 -0.083025
v -0.220260 0.644868 -0.078241
v -0.227199 0.641885 -0.083025
v -0.226832 0.649425 -0.087804
v -0.223049 0.654596 -0.078029
v -0.222143 0.646174 -0.075069
v -0.230348 0.644068 -0.078029
v -0.231246 0.652485 -0.080991
v -0.224771 0.655790 -0.071394
v -0.223305 0.646979 -0.070145
v -0.232070 0.645262 -0.071394
v -0.233532 0.654069 -0.072647
v -0.184871 0.627043 -0.086545
v -0.189643 0.622907 -0.080140
v -0.194414 0.618759 -0.086545
v -0.189643 0.622907 -0.092950
v -0.180818 0.620553 -0.086545
v -0.186643 0.618279 -0.080140
v -0.192462 0.615985 -0.086545
v -0.186636 0.618272 -0.092950
v -0.179422 0.612843 -0.086545
v -0.185709 0.612977 -0.080140
v -0.191929 0.613039 -0.086545
v -0.185671 0.612939 -0.092950
v -0.180977 0.605288 -0.086546
v -0.187004 0.607614 -0.080140
v -0.192826 0.609735 -0.086545
v -0.186891 0.607496 -0.092950
v -0.214762 0.560149 -0.071394
v -0.216684 0.569119 -0.070145
v -0.225421 0.567579 -0.071394
v -0.223501 0.558619 -0.072647
v -0.212866 0.561169 -0.078029
v -0.215315 0.569717 -0.075069
v -0.223498 0.568573 -0.078029
v -0.221074 0.560063 -0.080991
v -0.210211 0.563846 -0.083025
v -0.213657 0.571248 -0.078241
v -0.220823 0.571229 -0.083025
v -0.217454 0.563915 -0.087804
v -0.207011 0.567838 -0.085762
v -0.211723 0.573577 -0.079769
v -0.217611 0.575205 -0.085761
v -0.213038 0.569597 -0.091738
v -0.225680 0.656546 -0.000196
v -0.224735 0.648302 -0.000196
v -0.233749 0.646789 -0.000196
v -0.234655 0.654993 -0.000196
v -0.219992 0.564538 -0.000196
v -0.221535 0.573380 -0.000196
v -0.230371 0.571688 -0.000196
v -0.228837 0.562856 -0.000196
v -0.217845 0.648853 0.089710
v -0.215553 0.647270 0.081016
v -0.220859 0.639617 0.081016
v -0.223145 0.641209 0.089710
v -0.223287 0.652625 0.086107
v -0.218507 0.649318 0.079157
v -0.223813 0.641665 0.079157
v -0.228586 0.644981 0.086107
v -0.227354 0.655446 0.079790
v -0.220736 0.650863 0.075485
v -0.226042 0.643211 0.075485
v -0.232655 0.647801 0.079790
v -0.229485 0.656925 0.071912
v -0.222051 0.651774 0.070093
v -0.227356 0.644123 0.070093
v -0.234786 0.649278 0.071912
v -0.186175 0.625914 0.090804
v -0.186175 0.625914 0.081501
v -0.193116 0.619900 0.081497
v -0.193110 0.619894 0.090808
v -0.182407 0.619930 0.090803
v -0.182407 0.619930 0.081501
v -0.190885 0.616627 0.081496
v -0.190869 0.616611 0.090808
v -0.181128 0.612869 0.090803
v -0.181129 0.612871 0.081501
v -0.190258 0.613052 0.081496
v -0.190217 0.613010 0.090808
v -0.182593 0.605890 0.090804
v -0.182640 0.605941 0.081502
v -0.191285 0.609205 0.081495
v -0.191191 0.609108 0.090810
v -0.218698 0.557352 0.071912
v -0.213738 0.564979 0.070093
v -0.221488 0.570382 0.070093
v -0.226437 0.562746 0.071912
v -0.216423 0.558686 0.079790
v -0.212227 0.565693 0.075485
v -0.219962 0.571081 0.075485
v -0.224138 0.564056 0.079790
v -0.213068 0.562220 0.086107
v -0.210295 0.567535 0.079157
v -0.218018 0.572912 0.079157
v -0.220764 0.567571 0.086107
v -0.208984 0.567440 0.089714
v -0.208007 0.570315 0.081017
v -0.215729 0.575686 0.081016
v -0.216668 0.572778 0.089714
v -0.215700 0.649500 0.085366
v -0.217778 0.643147 0.079378
v -0.222998 0.638973 0.085366
v -0.220926 0.645330 0.091342
v -0.219900 0.652412 0.082633
v -0.220260 0.644868 0.077849
v -0.227199 0.641885 0.082633
v -0.226832 0.649425 0.087411
v -0.223049 0.654596 0.077637
v -0.222143 0.646174 0.074676
v -0.230348 0.644068 0.077637
v -0.231246 0.652485 0.080599
v -0.224771 0.655790 0.071001
v -0.223304 0.646979 0.069752
v -0.232070 0.645262 0.071001
v -0.233532 0.654069 0.072254
v -0.184871 0.627043 0.086152
v -0.189643 0.622907 0.079747
v -0.194414 0.618759 0.086152
v -0.189643 0.622907 0.092558
v -0.180818 0.620553 0.086152
v -0.186643 0.618278 0.079747
v -0.192462 0.615985 0.086152
v -0.186636 0.618272 0.092558
v -0.179422 0.612843 0.086152
v -0.185709 0.612977 0.079747
v -0.191929 0.613039 0.086152
v -0.185671 0.612939 0.092558
v -0.180977 0.605288 0.086153
v -0.187004 0.607614 0.079747
v -0.192826 0.609735 0.086153
v -0.186891 0.607496 0.092557
v -0.214762 0.560149 0.071001
v -0.216684 0.569119 0.069752
v -0.225421 0.567579 0.071001
v -0.223501 0.558619 0.072254
v -0.212866 0.561169 0.077637
v -0.215315 0.569716 0.074676
v -0.223498 0.568573 0.077637
v -0.221074 0.560062 0.080599
v -0.210211 0.563846 0.082633
v -0.213657 0.571248 0.077849
v -0.220823 0.571229 0.082633
v -0.217454 0.563915 0.087411
v -0.207011 0.567837 0.085369
v -0.211723 0.573577 0.079376
v -0.217611 0.575205 0.085369
v -0.213038 0.569597 0.091346
v -0.223310 0.561451 0.035858
v -0.218142 0.569053 0.034948
v -0.225874 0.574438 0.034948
v -0.231051 0.566846 0.035858
v -0.219270 0.564237 0.035402
v -0.221040 0.573181 0.034778
v -0.229917 0.571655 0.035402
v -0.228159 0.562727 0.036029
v -0.223310 0.561451 -0.036250
v -0.218142 0.569053 -0.035341
v -0.225874 0.574438 -0.035341
v -0.231051 0.566846 -0.036250
v -0.219270 0.564237 -0.035795
v -0.221040 0.573181 -0.035171
v -0.229917 0.571655 -0.035795
v -0.228159 0.562727 -0.036422
vn 0.5813 0.8136 -0.0161
vn 0.3498 0.6128 -0.7086
vn -0.0120 0.8275 -0.5614
vn 0.5393 0.8410 -0.0431
vn -0.3755 -0.6057 0.7015
vn 0.0494 -0.0290 0.9984
vn 0.5432 -0.3766 0.7505
vn -0.0602 -0.8619 0.5036
vn 0.4546 0.5576 0.6946
vn 0.7860 0.3586 0.5035
vn -0.4653 -0.5236 -0.7137
vn -0.5815 -0.8134 -0.0126
vn -0.5984 -0.8000 -0.0431
vn -0.7791 -0.2790 -0.5614
vn -0.0850 0.0686 -0.9940
vn -0.5346 0.3706 -0.7595
vn 0.6366 0.7711 -0.0090
vn 0.4338 0.5561 -0.7089
vn 0.5380 0.8426 -0.0239
vn 0.9227 0.2509 0.2927
vn -0.1464 0.9272 -0.3448
vn 0.7446 -0.5162 0.4233
vn 0.0886 -0.9521 0.2927
vn -0.6004 -0.7993 -0.0239
vn -0.9197 -0.1880 -0.3448
vn -0.7247 0.5025 -0.4715
vn 0.5660 0.8244 -0.0022
vn 0.9864 0.1627 0.0246
vn -0.1825 0.9827 -0.0326
vn 0.8083 -0.5877 0.0364
vn 0.1756 -0.9840 0.0289
vn -0.5726 -0.8199 0.0005
vn -0.9869 -0.1578 -0.0344
vn -0.8121 0.5816 -0.0475
vn 0.9332 0.3595 -0.0000
vn 0.4607 0.5451 0.7005
vn 0.6900 0.2667 0.6729
vn 0.0182 0.0006 0.9998
vn 0.0556 0.0197 0.9983
vn -0.4188 -0.5600 0.7149
vn -0.6154 -0.2574 0.7450
vn -0.6065 -0.7951 -0.0057
vn -0.9203 -0.3913 -0.0013
vn -0.4353 -0.5381 -0.7218
vn -0.6147 -0.2583 -0.7452
vn -0.0103 0.0248 -0.9996
vn 0.0554 0.0194 -0.9983
vn 0.6902 0.2670 -0.6726
vn 0.7398 -0.0097 -0.6728
vn 0.9999 -0.0127 0.0014
vn 0.7382 -0.0119 0.6744
vn 0.0582 0.0014 0.9983
vn -0.6684 0.0341 0.7430
vn -0.9985 0.0537 -0.0056
vn -0.6657 0.0292 -0.7456
vn 0.0586 0.0012 -0.9983
vn 0.6026 -0.3822 -0.7006
vn 0.8546 -0.5189 0.0170
vn 0.5988 -0.3603 0.7152
vn 0.0103 0.0063 0.9999
vn -0.5920 0.4006 0.6993
vn -0.8338 0.5507 -0.0383
vn -0.5821 0.3595 -0.7293
vn 0.0019 -0.0249 -0.9997
vn 0.8179 -0.5727 0.0551
vn 0.5609 -0.4696 -0.6818
vn 0.8258 -0.5573 0.0865
vn 0.9781 0.2079 0.0102
vn 0.9825 0.1861 -0.0000
vn 0.8228 -0.5683 -0.0000
vn 0.6067 0.7948 -0.0114
vn 0.5662 0.8243 -0.0000
vn 0.7715 -0.6186 0.1484
vn 0.1525 -0.9842 0.0894
vn 0.1878 -0.9479 -0.2572
vn 0.7866 -0.6081 0.1072
vn -0.1679 0.9781 -0.1227
vn 0.5412 0.8092 0.2288
vn 0.5200 0.7536 0.4021
vn -0.2426 0.9547 0.1724
vn -0.1541 0.9876 -0.0307
vn -0.1808 0.9835 -0.0000
vn -0.8090 0.5796 -0.0980
vn -0.8245 0.5658 -0.0000
vn 0.9546 0.1090 0.2771
vn 0.9231 0.0849 0.3752
vn -0.9754 -0.1913 -0.1097
vn -0.8382 0.5177 -0.1718
vn -0.8265 0.5402 -0.1581
vn -0.9013 -0.1511 -0.4059
vn -0.9751 -0.2031 -0.0896
vn -0.9832 -0.1823 -0.0000
vn -0.5842 -0.8092 0.0625
vn -0.5727 -0.8197 -0.0000
vn -0.5339 -0.8049 -0.2589
vn -0.5001 -0.7369 -0.4549
vn 0.1136 -0.9903 0.0798
vn 0.1705 -0.9854 -0.0000
vn 0.7890 -0.6112 0.0628
vn 0.8200 -0.0679 0.5684
vn 0.2873 -0.8125 -0.5073
vn 0.3754 0.5517 0.7448
vn -0.3605 0.8337 0.4184
vn -0.8234 0.5459 -0.1548
vn -0.7948 -0.0161 -0.6066
vn -0.3643 -0.5454 -0.7549
vn 0.5726 -0.3648 0.7342
vn 0.0262 0.0431 0.9987
vn -0.5826 0.4752 0.6594
vn -0.8142 0.5739 -0.0878
vn -0.5835 0.3305 -0.7419
vn -0.0413 -0.0882 -0.9952
vn 0.5667 0.8239 -0.0000
vn 0.9889 0.1487 -0.0000
vn -0.1807 0.9835 -0.0000
vn 0.7970 -0.6040 -0.0000
vn 0.1661 -0.9861 -0.0000
vn -0.5759 -0.8175 -0.0000
vn -0.9900 -0.1409 -0.0000
vn -0.8040 0.5947 -0.0000
vn 0.5813 0.8136 0.0161
vn 0.5393 0.8410 0.0431
vn -0.0120 0.8275 0.5614
vn 0.3498 0.6128 0.7086
vn -0.3755 -0.6057 -0.7016
vn -0.0602 -0.8619 -0.5035
vn 0.5432 -0.3766 -0.7505
vn 0.0494 -0.0290 -0.9984
vn 0.7860 0.3586 -0.5036
vn 0.4546 0.5576 -0.6946
vn -0.4653 -0.5236 0.7137
vn -0.7791 -0.2790 0.5614
vn -0.5984 -0.8000 0.0431
vn -0.5815 -0.8134 0.0126
vn -0.5346 0.3706 0.7595
vn -0.0849 0.0686 0.9940
vn 0.4338 0.5561 0.7089
vn 0.6366 0.7711 0.0090
vn 0.9227 0.2509 -0.2927
vn 0.5380 0.8426 0.0239
vn -0.1465 0.9272 0.3448
vn 0.0886 -0.9521 -0.2927
vn 0.7446 -0.5162 -0.4233
vn -0.9197 -0.1880 0.3448
vn -0.6005 -0.7993 0.0240
vn -0.7247 0.5024 0.4716
vn 0.9864 0.1627 -0.0246
vn 0.5660 0.8244 0.0022
vn -0.1826 0.9826 0.0326
vn 0.1760 -0.9840 -0.0290
vn 0.8088 -0.5870 -0.0364
vn -0.9869 -0.1578 0.0344
vn -0.5726 -0.8199 -0.0005
vn -0.8124 0.5812 0.0475
vn 0.9332 0.3594 -0.0000
vn 0.6900 0.2667 -0.6729
vn 0.4607 0.5451 -0.7005
vn 0.0556 0.0197 -0.9983
vn 0.0182 0.0006 -0.9998
vn -0.4187 -0.5599 -0.7150
vn -0.6155 -0.2574 -0.7450
vn -0.9203 -0.3912 0.0013
vn -0.6065 -0.7951 0.0055
vn -0.4353 -0.5381 0.7218
vn -0.6147 -0.2583 0.7452
vn 0.0554 0.0194 0.9983
vn -0.0103 0.0248 0.9996
vn 0.6902 0.2670 0.6726
vn 0.7398 -0.0097 0.6728
vn 0.9999 -0.0127 -0.0014
vn 0.7382 -0.0119 -0.6744
vn 0.0583 0.0014 -0.9983
vn -0.6683 0.0340 -0.7431
vn -0.9985 0.0537 0.0054
vn -0.6658 0.0293 0.7456
vn 0.0586 0.0012 0.9983
vn 0.6025 -0.3821 0.7007
vn 0.8547 -0.5189 -0.0157
vn 0.5992 -0.3607 -0.7148
vn 0.0104 0.0065 -0.9999
vn -0.5902 0.4003 -0.7011
vn -0.8339 0.5508 0.0354
vn -0.5825 0.3596 0.7290
vn 0.0020 -0.0249 0.9997
vn 0.5595 -0.4682 0.6839
vn 0.8173 -0.5735 -0.0555
vn 0.8207 -0.5655 -0.0815
vn 0.9711 0.2367 -0.0289
vn 0.5211 0.8529 -0.0324
vn 0.7740 -0.6176 -0.1397
vn 0.7865 -0.6082 -0.1072
vn 0.1877 -0.9479 0.2573
vn 0.1546 -0.9839 -0.0892
vn -0.1555 0.9808 0.1179
vn -0.2446 0.9541 -0.1729
vn 0.5223 0.7519 -0.4023
vn 0.5510 0.8022 -0.2300
vn -0.1361 0.9886 0.0638
vn -0.8146 0.5707 0.1030
vn 0.9230 0.0826 -0.3758
vn 0.9534 0.1142 -0.2794
vn -0.9766 -0.1841 0.1114
vn -0.9012 -0.1512 0.4061
vn -0.8267 0.5400 0.1579
vn -0.8399 0.5167 0.1662
vn -0.9756 -0.2117 0.0576
vn -0.6161 -0.7863 -0.0466
vn -0.5003 -0.7368 0.4548
vn -0.5441 -0.7978 0.2600
vn 0.1918 -0.9764 -0.0988
vn 0.8201 -0.0671 -0.5682
vn 0.7889 -0.6113 -0.0630
vn 0.2872 -0.8124 0.5075
vn -0.3619 0.8329 -0.4187
vn 0.3768 0.5506 -0.7449
vn -0.7947 -0.0162 0.6068
vn -0.8236 0.5457 0.1546
vn -0.3647 -0.5451 0.7549
vn 0.5737 -0.3671 -0.7322
vn -0.5755 0.4749 -0.6658
vn 0.0114 0.0539 -0.9985
vn -0.5848 0.3312 0.7404
vn -0.8140 0.5742 0.0878
vn -0.0347 -0.0933 0.9950
vt 0.795548 0.348116
vt 0.798713 0.348116
vt 0.798713 0.351705
vt 0.795548 0.351705
vt 0.811401 0.348116
vt 0.814581 0.348116
vt 0.814581 0.351705
vt 0.811401 0.351705
vt 0.817761 0.348116
vt 0.817761 0.351705
vt 0.805068 0.348116
vt 0.808234 0.348116
vt 0.808234 0.351705
vt 0.805068 0.351705
vt 0.801890 0.348116
vt 0.801890 0.351705
vt 0.795548 0.325451
vt 0.798713 0.325451
vt 0.792384 0.007372
vt 0.795548 0.007372
vt 0.795548 0.011272
vt 0.792384 0.011272
vt 0.798713 0.007372
vt 0.798713 0.011272
vt 0.811401 0.007372
vt 0.814581 0.007372
vt 0.814581 0.011272
vt 0.811401 0.011272
vt 0.817761 0.007372
vt 0.817761 0.011272
vt 0.805068 0.007372
vt 0.808234 0.007372
vt 0.808234 0.011272
vt 0.805068 0.011272
vt 0.801890 0.007372
vt 0.801890 0.011272
vt 0.795548 0.015583
vt 0.792384 0.015583
vt 0.798713 0.015583
vt 0.814581 0.015583
vt 0.811401 0.015583
vt 0.817761 0.015583
vt 0.808234 0.015583
vt 0.805068 0.015583
vt 0.801890 0.015583
vt 0.795548 0.322029
vt 0.792384 0.325451
vt 0.792384 0.322029
vt 0.817761 0.322029
vt 0.817761 0.325451
vt 0.814581 0.325451
vt 0.814581 0.322029
vt 0.811401 0.325451
vt 0.811401 0.322029
vt 0.808234 0.325451
vt 0.808234 0.322029
vt 0.805068 0.325451
vt 0.805068 0.322029
vt 0.801890 0.325451
vt 0.801890 0.322029
vt 0.798713 0.322029
vt 0.798713 0.318672
vt 0.795548 0.318672
vt 0.792384 0.318672
vt 0.817761 0.318672
vt 0.814581 0.318672
vt 0.811401 0.318672
vt 0.808234 0.318672
vt 0.805068 0.318672
vt 0.801890 0.318672
vt 0.798713 0.315218
vt 0.795548 0.315218
vt 0.792384 0.315218
vt 0.817761 0.315218
vt 0.814581 0.315218
vt 0.811401 0.315218
vt 0.808234 0.315218
vt 0.805068 0.315218
vt 0.801890 0.315218
vt 0.792384 0.348116
vt 0.792384 0.351705
vt 0.795548 0.287806
vt 0.798713 0.287806
vt 0.795548 0.253918
vt 0.792384 0.253918
vt 0.792384 0.231862
vt 0.795548 0.231862
vt 0.817761 0.253918
vt 0.814581 0.253918
vt 0.814581 0.231862
vt 0.817761 0.231862
vt 0.795548 0.275975
vt 0.798713 0.275975
vt 0.798713 0.280286
vt 0.795548 0.280286
vt 0.811401 0.275975
vt 0.814581 0.275975
vt 0.814581 0.280286
vt 0.811401 0.280286
vt 0.811401 0.253918
vt 0.811401 0.231862
vt 0.808234 0.253918
vt 0.808234 0.231862
vt 0.817761 0.275975
vt 0.817761 0.280286
vt 0.805068 0.275975
vt 0.808234 0.275975
vt 0.808234 0.280286
vt 0.805068 0.280286
vt 0.805068 0.253918
vt 0.805068 0.231862
vt 0.801890 0.253918
vt 0.801890 0.231862
vt 0.801890 0.275975
vt 0.801890 0.280286
vt 0.798713 0.253918
vt 0.798713 0.231862
vt 0.792384 0.275975
vt 0.792384 0.280286
vt 0.795548 0.284187
vt 0.792384 0.284187
vt 0.798713 0.284187
vt 0.814581 0.284187
vt 0.811401 0.284187
vt 0.817761 0.284187
vt 0.808234 0.284187
vt 0.805068 0.284187
vt 0.801890 0.284187
vt 0.792384 0.287806
vt 0.814581 0.287806
vt 0.811401 0.287806
vt 0.817761 0.287806
vt 0.808234 0.287806
vt 0.805068 0.287806
vt 0.801890 0.287806
vt 0.795548 0.059695
vt 0.792384 0.059695
vt 0.798713 0.059695
vt 0.814581 0.059695
vt 0.811401 0.059695
vt 0.817761 0.059695
vt 0.808234 0.059695
vt 0.805068 0.059695
vt 0.801890 0.059695
vt 0.795548 0.115607
vt 0.795548 0.112019
vt 0.798713 0.112019
vt 0.798713 0.115607
vt 0.811401 0.115607
vt 0.811401 0.112019
vt 0.814581 0.112019
vt 0.814581 0.115607
vt 0.817761 0.112019
vt 0.817761 0.115607
vt 0.805068 0.115607
vt 0.805068 0.112019
vt 0.808234 0.112019
vt 0.808234 0.115607
vt 0.801890 0.112019
vt 0.801890 0.115607
vt 0.798713 0.138273
vt 0.795548 0.138273
vt 0.792384 0.112019
vt 0.792384 0.108118
vt 0.795548 0.108118
vt 0.798713 0.108118
vt 0.811401 0.108118
vt 0.814581 0.108118
vt 0.817761 0.108118
vt 0.805068 0.108118
vt 0.808234 0.108118
vt 0.801890 0.108118
vt 0.792384 0.103807
vt 0.795548 0.103807
vt 0.798713 0.103807
vt 0.811401 0.103807
vt 0.814581 0.103807
vt 0.817761 0.103807
vt 0.805068 0.103807
vt 0.808234 0.103807
vt 0.801890 0.103807
vt 0.795548 0.141695
vt 0.792384 0.141695
vt 0.792384 0.138273
vt 0.817761 0.141695
vt 0.814581 0.141695
vt 0.814581 0.138273
vt 0.817761 0.138273
vt 0.811401 0.138273
vt 0.811401 0.141695
vt 0.808234 0.141695
vt 0.808234 0.138273
vt 0.805068 0.138273
vt 0.805068 0.141695
vt 0.801890 0.141695
vt 0.801890 0.138273
vt 0.798713 0.141695
vt 0.798713 0.145051
vt 0.795548 0.145051
vt 0.792384 0.145051
vt 0.817761 0.145051
vt 0.814581 0.145051
vt 0.811401 0.145051
vt 0.808234 0.145051
vt 0.805068 0.145051
vt 0.801890 0.145051
vt 0.798713 0.148505
vt 0.795548 0.148505
vt 0.792384 0.148505
vt 0.817761 0.148505
vt 0.814581 0.148505
vt 0.811401 0.148505
vt 0.808234 0.148505
vt 0.805068 0.148505
vt 0.801890 0.148505
vt 0.792384 0.115607
vt 0.798713 0.175917
vt 0.795548 0.175917
vt 0.795548 0.209805
vt 0.792384 0.209805
vt 0.817761 0.209805
vt 0.814581 0.209805
vt 0.795548 0.187749
vt 0.795548 0.183437
vt 0.798713 0.183437
vt 0.798713 0.187749
vt 0.811401 0.187749
vt 0.811401 0.183437
vt 0.814581 0.183437
vt 0.814581 0.187749
vt 0.811401 0.209805
vt 0.808234 0.209805
vt 0.817761 0.183437
vt 0.817761 0.187749
vt 0.805068 0.187749
vt 0.805068 0.183437
vt 0.808234 0.183437
vt 0.808234 0.187749
vt 0.805068 0.209805
vt 0.801890 0.209805
vt 0.801890 0.183437
vt 0.801890 0.187749
vt 0.798713 0.209805
vt 0.792384 0.187749
vt 0.792384 0.183437
vt 0.792384 0.179537
vt 0.795548 0.179537
vt 0.798713 0.179537
vt 0.811401 0.179537
vt 0.814581 0.179537
vt 0.817761 0.179537
vt 0.805068 0.179537
vt 0.808234 0.179537
vt 0.801890 0.179537
vt 0.792384 0.175917
vt 0.811401 0.175917
vt 0.814581 0.175917
vt 0.817761 0.175917
vt 0.805068 0.175917
vt 0.808234 0.175917
vt 0.801890 0.175917
s 1
usemtl metal_trash_can_rust
f 2791/3392/3211 2735/3393/3212 2739/3394/3213 2795/3395/3214
f 2737/3396/3215 2792/3397/3216 2796/3398/3217 2741/3399/3218
f 2792/3397/3216 2736/3400/3219 2740/3401/3220 2796/3398/3217
f 2738/3402/3221 2793/3403/3222 2797/3404/3223 2742/3405/3224
f 2793/3403/3222 2737/3396/3215 2741/3399/3218 2797/3404/3223
f 2735/3393/3212 2794/3406/3225 2798/3407/3226 2739/3394/3213
f 2791/3392/3211 2807/3408/3227 2751/3409/3228 2735/3393/3212
f 2794/3406/3225 2738/3402/3221 2742/3405/3224 2798/3407/3226
f 2740/3410/3220 2795/3411/3214 2799/3412/3229 2744/3413/3230
f 2795/3411/3214 2739/3414/3213 2743/3415/3231 2799/3412/3229
f 2741/3416/3218 2796/3417/3217 2800/3418/3232 2745/3419/3233
f 2796/3417/3217 2740/3420/3220 2744/3421/3230 2800/3418/3232
f 2742/3422/3224 2797/3423/3223 2801/3424/3234 2746/3425/3235
f 2797/3423/3223 2741/3416/3218 2745/3419/3233 2801/3424/3234
f 2739/3414/3213 2798/3426/3226 2802/3427/3236 2743/3415/3231
f 2798/3426/3226 2742/3422/3224 2746/3425/3235 2802/3427/3236
f 2744/3413/3230 2799/3412/3229 2803/3428/3237 2748/3429/3238
f 2799/3412/3229 2743/3415/3231 2747/3430/3239 2803/3428/3237
f 2745/3419/3233 2800/3418/3232 2804/3431/3240 2749/3432/3241
f 2800/3418/3232 2744/3421/3230 2748/3433/3238 2804/3431/3240
f 2746/3425/3235 2801/3424/3234 2805/3434/3242 2750/3435/3243
f 2801/3424/3234 2745/3419/3233 2749/3432/3241 2805/3434/3242
f 2743/3415/3231 2802/3427/3236 2806/3436/3244 2747/3430/3239
f 2802/3427/3236 2746/3425/3235 2750/3435/3243 2806/3436/3244
f 2811/3437/3245 2807/3408/3227 2752/3438/3246 2756/3439/3247
f 2756/3440/3247 2752/3441/3246 2808/3442/3248 2812/3443/3249
f 2737/3396/3215 2753/3444/3250 2808/3442/3248 2792/3397/3216
f 2792/3397/3216 2808/3442/3248 2752/3441/3246 2736/3400/3219
f 2812/3443/3249 2808/3442/3248 2753/3444/3250 2757/3445/3251
f 2757/3445/3251 2753/3444/3250 2809/3446/3252 2813/3447/3253
f 2738/3402/3221 2754/3448/3254 2809/3446/3252 2793/3403/3222
f 2793/3403/3222 2809/3446/3252 2753/3444/3250 2737/3396/3215
f 2813/3447/3253 2809/3446/3252 2754/3448/3254 2758/3449/3255
f 2758/3449/3255 2754/3448/3254 2810/3450/3256 2814/3451/3257
f 2735/3393/3212 2751/3409/3228 2810/3450/3256 2794/3406/3225
f 2794/3406/3225 2810/3450/3256 2754/3448/3254 2738/3402/3221
f 2814/3451/3257 2810/3450/3256 2751/3409/3228 2755/3452/3258
f 2759/3453/3259 2755/3452/3258 2811/3437/3245 2815/3454/3260
f 2815/3454/3260 2811/3437/3245 2756/3439/3247 2760/3455/3261
f 2760/3456/3261 2756/3440/3247 2812/3443/3249 2816/3457/3262
f 2816/3457/3262 2812/3443/3249 2757/3445/3251 2761/3458/3263
f 2761/3458/3263 2757/3445/3251 2813/3447/3253 2817/3459/3264
f 2817/3459/3264 2813/3447/3253 2758/3449/3255 2762/3460/3265
f 2762/3460/3265 2758/3449/3255 2814/3451/3257 2818/3461/3266
f 2818/3461/3266 2814/3451/3257 2755/3452/3258 2759/3453/3259
f 2763/3462/3267 2759/3453/3259 2815/3454/3260 2819/3463/3268
f 2819/3463/3268 2815/3454/3260 2760/3455/3261 2764/3464/3269
f 2764/3465/3269 2760/3456/3261 2816/3457/3262 2820/3466/3270
f 2820/3466/3270 2816/3457/3262 2761/3458/3263 2765/3467/3271
f 2765/3467/3271 2761/3458/3263 2817/3459/3264 2821/3468/3272
f 2821/3468/3272 2817/3459/3264 2762/3460/3265 2766/3469/3273
f 2766/3469/3273 2762/3460/3265 2818/3461/3266 2822/3470/3274
f 2822/3470/3274 2818/3461/3266 2759/3453/3259 2763/3462/3267
f 2736/3471/3219 2791/3392/3211 2795/3395/3214 2740/3472/3220
f 2819/3463/3268 2835/3473/3275 2779/3474/3276 2763/3462/3267
f 2955/3475/3277 2952/3476/3278 2788/3477/3279 2843/3478/3280
f 2952/3479/3278 2956/3480/3281 2844/3481/3282 2788/3482/3279
f 2823/3483/3283 2767/3484/3284 2771/3485/3285 2827/3486/3286
f 2769/3487/3287 2824/3488/3288 2828/3489/3289 2773/3490/3290
f 2956/3480/3281 2953/3491/3291 2789/3492/3292 2844/3481/3282
f 2953/3491/3291 2957/3493/3293 2845/3494/3294 2789/3492/3292
f 2824/3488/3288 2768/3495/3295 2772/3496/3296 2828/3489/3289
f 2770/3497/3297 2825/3498/3298 2829/3499/3299 2774/3500/3300
f 2957/3493/3293 2954/3501/3301 2790/3502/3302 2845/3494/3294
f 2954/3501/3301 2958/3503/3303 2846/3504/3304 2790/3502/3302
f 2825/3498/3298 2769/3487/3287 2773/3490/3290 2829/3499/3299
f 2767/3484/3284 2826/3505/3305 2830/3506/3306 2771/3485/3285
f 2958/3503/3303 2951/3507/3307 2787/3508/3308 2846/3504/3304
f 2768/3509/3295 2823/3483/3283 2827/3486/3286 2772/3510/3296
f 2826/3505/3305 2770/3497/3297 2774/3500/3300 2830/3506/3306
f 2772/3510/3296 2827/3486/3286 2831/3511/3309 2776/3512/3310
f 2827/3486/3286 2771/3485/3285 2775/3513/3311 2831/3511/3309
f 2773/3490/3290 2828/3489/3289 2832/3514/3312 2777/3515/3313
f 2828/3489/3289 2772/3496/3296 2776/3516/3310 2832/3514/3312
f 2774/3500/3300 2829/3499/3299 2833/3517/3314 2778/3518/3315
f 2829/3499/3299 2773/3490/3290 2777/3515/3313 2833/3517/3314
f 2771/3485/3285 2830/3506/3306 2834/3519/3316 2775/3513/3311
f 2830/3506/3306 2774/3500/3300 2778/3518/3315 2834/3519/3316
f 2776/3512/3310 2831/3511/3309 2835/3473/3275 2780/3520/3317
f 2831/3511/3309 2775/3513/3311 2779/3474/3276 2835/3473/3275
f 2777/3515/3313 2832/3514/3312 2836/3521/3318 2781/3522/3319
f 2832/3514/3312 2776/3516/3310 2780/3523/3317 2836/3521/3318
f 2778/3518/3315 2833/3517/3314 2837/3524/3320 2782/3525/3321
f 2833/3517/3314 2777/3515/3313 2781/3522/3319 2837/3524/3320
f 2775/3513/3311 2834/3519/3316 2838/3526/3322 2779/3474/3276
f 2834/3519/3316 2778/3518/3315 2782/3525/3321 2838/3526/3322
f 2765/3467/3271 2781/3522/3319 2836/3521/3318 2820/3466/3270
f 2820/3466/3270 2836/3521/3318 2780/3523/3317 2764/3465/3269
f 2766/3469/3273 2782/3525/3321 2837/3524/3320 2821/3468/3272
f 2821/3468/3272 2837/3524/3320 2781/3522/3319 2765/3467/3271
f 2763/3462/3267 2779/3474/3276 2838/3526/3322 2822/3470/3274
f 2822/3470/3274 2838/3526/3322 2782/3525/3321 2766/3469/3273
f 2736/3471/3219 2752/3438/3246 2807/3408/3227 2791/3392/3211
f 2748/3429/3238 2803/3428/3237 2839/3527/3323 2784/3528/3324
f 2803/3428/3237 2747/3430/3239 2783/3529/3325 2839/3527/3323
f 2749/3432/3241 2804/3431/3240 2840/3530/3326 2785/3531/3327
f 2804/3431/3240 2748/3433/3238 2784/3532/3324 2840/3530/3326
f 2750/3435/3243 2805/3434/3242 2841/3533/3328 2786/3534/3329
f 2805/3434/3242 2749/3432/3241 2785/3531/3327 2841/3533/3328
f 2747/3430/3239 2806/3436/3244 2842/3535/3330 2783/3529/3325
f 2806/3436/3244 2750/3435/3243 2786/3534/3329 2842/3535/3330
f 2755/3452/3258 2751/3409/3228 2807/3408/3227 2811/3437/3245
f 2764/3464/3269 2780/3520/3317 2835/3473/3275 2819/3463/3268
f 2951/3507/3307 2955/3475/3277 2843/3478/3280 2787/3508/3308
f 2895/3536/3331 2899/3537/3332 2851/3538/3333 2847/3539/3334
f 2849/3540/3335 2853/3541/3336 2900/3542/3337 2896/3543/3338
f 2896/3543/3338 2900/3542/3337 2852/3544/3339 2848/3545/3340
f 2850/3546/3341 2854/3547/3342 2901/3548/3343 2897/3549/3344
f 2897/3549/3344 2901/3548/3343 2853/3541/3336 2849/3540/3335
f 2847/3539/3334 2851/3538/3333 2902/3550/3345 2898/3551/3346
f 2895/3536/3331 2847/3539/3334 2863/3552/3347 2911/3553/3348
f 2898/3551/3346 2902/3550/3345 2854/3547/3342 2850/3546/3341
f 2852/3554/3339 2856/3555/3349 2903/3556/3350 2899/3537/3332
f 2899/3537/3332 2903/3556/3350 2855/3557/3351 2851/3538/3333
f 2853/3541/3336 2857/3558/3352 2904/3559/3353 2900/3542/3337
f 2900/3542/3337 2904/3559/3353 2856/3560/3349 2852/3544/3339
f 2854/3547/3342 2858/3561/3354 2905/3562/3355 2901/3548/3343
f 2901/3548/3343 2905/3562/3355 2857/3558/3352 2853/3541/3336
f 2851/3538/3333 2855/3557/3351 2906/3563/3356 2902/3550/3345
f 2902/3550/3345 2906/3563/3356 2858/3561/3354 2854/3547/3342
f 2856/3555/3349 2860/3564/3357 2907/3565/3358 2903/3556/3350
f 2903/3556/3350 2907/3565/3358 2859/3566/3359 2855/3557/3351
f 2857/3558/3352 2861/3567/3360 2908/3568/3361 2904/3559/3353
f 2904/3559/3353 2908/3568/3361 2860/3569/3357 2856/3560/3349
f 2858/3561/3354 2862/3570/3362 2909/3571/3363 2905/3562/3355
f 2905/3562/3355 2909/3571/3363 2861/3567/3360 2857/3558/3352
f 2855/3557/3351 2859/3566/3359 2910/3572/3364 2906/3563/3356
f 2906/3563/3356 2910/3572/3364 2862/3570/3362 2858/3561/3354
f 2915/3573/3365 2868/3574/3366 2864/3575/3367 2911/3553/3348
f 2868/3576/3366 2916/3577/3368 2912/3578/3369 2864/3579/3367
f 2849/3540/3335 2896/3543/3338 2912/3578/3369 2865/3580/3370
f 2896/3543/3338 2848/3545/3340 2864/3579/3367 2912/3578/3369
f 2916/3577/3368 2869/3581/3371 2865/3580/3370 2912/3578/3369
f 2869/3581/3371 2917/3582/3372 2913/3583/3373 2865/3580/3370
f 2850/3546/3341 2897/3549/3344 2913/3583/3373 2866/3584/3374
f 2897/3549/3344 2849/3540/3335 2865/3580/3370 2913/3583/3373
f 2917/3582/3372 2870/3585/3375 2866/3584/3374 2913/3583/3373
f 2870/3585/3375 2918/3586/3376 2914/3587/3377 2866/3584/3374
f 2847/3539/3334 2898/3551/3346 2914/3587/3377 2863/3552/3347
f 2898/3551/3346 2850/3546/3341 2866/3584/3374 2914/3587/3377
f 2918/3586/3376 2867/3588/3378 2863/3552/3347 2914/3587/3377
f 2871/3589/3379 2919/3590/3380 2915/3573/3365 2867/3588/3378
f 2919/3590/3380 2872/3591/3381 2868/3574/3366 2915/3573/3365
f 2872/3592/3381 2920/3593/3382 2916/3577/3368 2868/3576/3366
f 2920/3593/3382 2873/3594/3383 2869/3581/3371 2916/3577/3368
f 2873/3594/3383 2921/3595/3384 2917/3582/3372 2869/3581/3371
f 2921/3595/3384 2874/3596/3385 2870/3585/3375 2917/3582/3372
f 2874/3596/3385 2922/3597/3386 2918/3586/3376 2870/3585/3375
f 2922/3597/3386 2871/3589/3379 2867/3588/3378 2918/3586/3376
f 2875/3598/3387 2923/3599/3388 2919/3590/3380 2871/3589/3379
f 2923/3599/3388 2876/3600/3389 2872/3591/3381 2919/3590/3380
f 2876/3601/3389 2924/3602/3390 2920/3593/3382 2872/3592/3381
f 2924/3602/3390 2877/3603/3391 2873/3594/3383 2920/3593/3382
f 2877/3603/3391 2925/3604/3392 2921/3595/3384 2873/3594/3383
f 2925/3604/3392 2878/3605/3393 2874/3596/3385 2921/3595/3384
f 2878/3605/3393 2926/3606/3394 2922/3597/3386 2874/3596/3385
f 2926/3606/3394 2875/3598/3387 2871/3589/3379 2922/3597/3386
f 2848/3607/3340 2852/3554/3339 2899/3537/3332 2895/3536/3331
f 2923/3599/3388 2875/3598/3387 2891/3608/3395 2939/3609/3396
f 2947/3610/3397 2843/3478/3280 2788/3477/3279 2944/3611/3398
f 2944/3612/3398 2788/3482/3279 2844/3481/3282 2948/3613/3399
f 2927/3614/3400 2931/3615/3401 2883/3616/3402 2879/3617/3403
f 2881/3618/3404 2885/3619/3405 2932/3620/3406 2928/3621/3407
f 2948/3613/3399 2844/3481/3282 2789/3492/3292 2945/3622/3408
f 2945/3622/3408 2789/3492/3292 2845/3494/3294 2949/3623/3409
f 2928/3621/3407 2932/3620/3406 2884/3624/3410 2880/3625/3411
f 2882/3626/3412 2886/3627/3413 2933/3628/3414 2929/3629/3415
f 2949/3623/3409 2845/3494/3294 2790/3502/3302 2946/3630/3416
f 2946/3630/3416 2790/3502/3302 2846/3504/3304 2950/3631/3417
f 2929/3629/3415 2933/3628/3414 2885/3619/3405 2881/3618/3404
f 2879/3617/3403 2883/3616/3402 2934/3632/3418 2930/3633/3419
f 2950/3631/3417 2846/3504/3304 2787/3508/3308 2943/3634/3420
f 2880/3635/3411 2884/3636/3410 2931/3615/3401 2927/3614/3400
f 2930/3633/3419 2934/3632/3418 2886/3627/3413 2882/3626/3412
f 2884/3636/3410 2888/3637/3421 2935/3638/3422 2931/3615/3401
f 2931/3615/3401 2935/3638/3422 2887/3639/3423 2883/3616/3402
f 2885/3619/3405 2889/3640/3424 2936/3641/3425 2932/3620/3406
f 2932/3620/3406 2936/3641/3425 2888/3642/3421 2884/3624/3410
f 2886/3627/3413 2890/3643/3426 2937/3644/3427 2933/3628/3414
f 2933/3628/3414 2937/3644/3427 2889/3640/3424 2885/3619/3405
f 2883/3616/3402 2887/3639/3423 2938/3645/3428 2934/3632/3418
f 2934/3632/3418 2938/3645/3428 2890/3643/3426 2886/3627/3413
f 2888/3637/3421 2892/3646/3429 2939/3609/3396 2935/3638/3422
f 2935/3638/3422 2939/3609/3396 2891/3608/3395 2887/3639/3423
f 2889/3640/3424 2893/3647/3430 2940/3648/3431 2936/3641/3425
f 2936/3641/3425 2940/3648/3431 2892/3649/3429 2888/3642/3421
f 2890/3643/3426 2894/3650/3432 2941/3651/3433 2937/3644/3427
f 2937/3644/3427 2941/3651/3433 2893/3647/3430 2889/3640/3424
f 2887/3639/3423 2891/3608/3395 2942/3652/3434 2938/3645/3428
f 2938/3645/3428 2942/3652/3434 2894/3650/3432 2890/3643/3426
f 2877/3603/3391 2924/3602/3390 2940/3648/3431 2893/3647/3430
f 2924/3602/3390 2876/3601/3389 2892/3649/3429 2940/3648/3431
f 2878/3605/3393 2925/3604/3392 2941/3651/3433 2894/3650/3432
f 2925/3604/3392 2877/3603/3391 2893/3647/3430 2941/3651/3433
f 2875/3598/3387 2926/3606/3394 2942/3652/3434 2891/3608/3395
f 2926/3606/3394 2878/3605/3393 2894/3650/3432 2942/3652/3434
f 2848/3607/3340 2895/3536/3331 2911/3553/3348 2864/3575/3367
f 2860/3564/3357 2784/3528/3324 2839/3527/3323 2907/3565/3358
f 2907/3565/3358 2839/3527/3323 2783/3529/3325 2859/3566/3359
f 2861/3567/3360 2785/3531/3327 2840/3530/3326 2908/3568/3361
f 2908/3568/3361 2840/3530/3326 2784/3532/3324 2860/3569/3357
f 2862/3570/3362 2786/3534/3329 2841/3533/3328 2909/3571/3363
f 2909/3571/3363 2841/3533/3328 2785/3531/3327 2861/3567/3360
f 2859/3566/3359 2783/3529/3325 2842/3535/3330 2910/3572/3364
f 2910/3572/3364 2842/3535/3330 2786/3534/3329 2862/3570/3362
f 2867/3588/3378 2915/3573/3365 2911/3553/3348 2863/3552/3347
f 2876/3600/3389 2923/3599/3388 2939/3609/3396 2892/3646/3429
f 2943/3634/3420 2787/3508/3308 2843/3478/3280 2947/3610/3397
f 2879/3617/3403 2943/3634/3420 2947/3610/3397 2927/3614/3400
f 2930/3633/3419 2950/3631/3417 2943/3634/3420 2879/3617/3403
f 2882/3626/3412 2946/3630/3416 2950/3631/3417 2930/3633/3419
f 2929/3629/3415 2949/3623/3409 2946/3630/3416 2882/3626/3412
f 2881/3618/3404 2945/3622/3408 2949/3623/3409 2929/3629/3415
f 2928/3621/3407 2948/3613/3399 2945/3622/3408 2881/3618/3404
f 2880/3625/3411 2944/3612/3398 2948/3613/3399 2928/3621/3407
f 2927/3614/3400 2947/3610/3397 2944/3611/3398 2880/3635/3411
f 2767/3484/3284 2823/3483/3283 2955/3475/3277 2951/3507/3307
f 2826/3505/3305 2767/3484/3284 2951/3507/3307 2958/3503/3303
f 2770/3497/3297 2826/3505/3305 2958/3503/3303 2954/3501/3301
f 2825/3498/3298 2770/3497/3297 2954/3501/3301 2957/3493/3293
f 2769/3487/3287 2825/3498/3298 2957/3493/3293 2953/3491/3291
f 2824/3488/3288 2769/3487/3287 2953/3491/3291 2956/3480/3281
f 2768/3495/3295 2824/3488/3288 2956/3480/3281 2952/3479/3278
f 2823/3483/3283 2768/3509/3295 2952/3476/3278 2955/3475/3277
o metal_trash_can_rust_lid
v -0.828135 0.318187 -0.259941
v -0.838759 0.278103 -0.259412
v -0.817762 0.357338 -0.253570
v -0.807926 0.394717 -0.239417
v -0.799063 0.428430 -0.217338
v -0.791613 0.456654 -0.189348
v -0.785102 0.480992 -0.156838
v -0.778774 0.504496 -0.121379
v -0.773982 0.522910 -0.082995
v -0.771478 0.533492 -0.042133
v -0.770911 0.536802 -0.000016
v -0.771832 0.533630 0.042069
v -0.774298 0.524109 0.083141
v -0.778096 0.508373 0.122928
v -0.782173 0.490563 0.163918
v -0.788234 0.465422 0.198818
v -0.797019 0.433475 0.223853
v -0.807431 0.395007 0.240817
v -0.817520 0.356820 0.255670
v -0.827684 0.317220 0.264476
v -0.837924 0.276548 0.265447
v -0.848176 0.235835 0.260414
v -0.858835 0.196121 0.252285
v -0.869145 0.158293 0.238665
v -0.878533 0.123194 0.218251
v -0.886675 0.091988 0.191169
v -0.893500 0.065612 0.158789
v -0.898923 0.044546 0.122271
v -0.902942 0.029009 0.083102
v -0.905420 0.019474 0.042069
v -0.906249 0.016269 -0.000000
v -0.905310 0.019435 -0.042074
v -0.902770 0.028958 -0.083040
v -0.899000 0.044902 -0.120639
v -0.894017 0.067087 -0.152423
v -0.887470 0.094494 -0.179601
v -0.879187 0.125875 -0.204489
v -0.869764 0.160731 -0.225557
v -0.859739 0.198410 -0.241706
v -0.849376 0.237902 -0.252966
v -0.827825 0.319339 -0.267827
v -0.838767 0.278083 -0.267285
v -0.817153 0.359644 -0.261167
v -0.807035 0.398145 -0.246439
v -0.797894 0.432956 -0.223668
v -0.790205 0.462114 -0.194890
v -0.783551 0.487244 -0.161439
v -0.777125 0.511389 -0.124924
v -0.772243 0.530230 -0.085397
v -0.769652 0.540997 -0.043334
v -0.768997 0.544372 -0.000008
v -0.769894 0.541089 0.043290
v -0.772437 0.531286 0.085535
v -0.776393 0.515002 0.126320
v -0.780698 0.496560 0.168303
v -0.786987 0.470636 0.204118
v -0.795979 0.437814 0.229976
v -0.806671 0.398343 0.247606
v -0.817030 0.359211 0.263114
v -0.827479 0.318432 0.272261
v -0.837957 0.276552 0.273351
v -0.848505 0.234654 0.268234
v -0.859461 0.193787 0.259807
v -0.870028 0.154915 0.245594
v -0.879638 0.118870 0.224353
v -0.887999 0.086790 0.196409
v -0.895036 0.059617 0.163150
v -0.900649 0.037867 0.125715
v -0.904809 0.021827 0.085513
v -0.907358 0.012015 0.043290
v -0.908214 0.008718 -0.000000
v -0.907319 0.012002 -0.043291
v -0.904729 0.021803 -0.085484
v -0.900791 0.038151 -0.124423
v -0.895550 0.060879 -0.157524
v -0.888762 0.089022 -0.185763
v -0.880272 0.121343 -0.211256
v -0.870621 0.157255 -0.232733
v -0.860349 0.196064 -0.249132
v -0.849697 0.236712 -0.260652
v -0.829076 0.319892 -0.269231
v -0.840075 0.278425 -0.268682
v -0.818350 0.360405 -0.262531
v -0.808179 0.399107 -0.247710
v -0.798994 0.434091 -0.224813
v -0.791274 0.463363 -0.195880
v -0.784603 0.488563 -0.162245
v -0.778133 0.512893 -0.125554
v -0.773219 0.531866 -0.085832
v -0.770612 0.542694 -0.043555
v -0.769950 0.546085 -0.000007
v -0.770849 0.542784 0.043511
v -0.773405 0.532931 0.085973
v -0.777380 0.516566 0.126973
v -0.781691 0.498084 0.169238
v -0.788022 0.471937 0.205210
v -0.797056 0.439014 0.231212
v -0.807815 0.399318 0.248886
v -0.818234 0.359976 0.264461
v -0.828732 0.318988 0.273652
v -0.839255 0.276892 0.274720
v -0.849848 0.234779 0.269536
v -0.860869 0.193702 0.261107
v -0.871494 0.154634 0.246842
v -0.881152 0.118409 0.225490
v -0.889555 0.086165 0.197399
v -0.896629 0.058851 0.163973
v -0.902272 0.036986 0.126354
v -0.906454 0.020861 0.085951
v -0.909017 0.011000 0.043511
v -0.909878 0.007685 -0.000000
v -0.908982 0.010987 -0.043513
v -0.906380 0.020839 -0.085924
v -0.902418 0.037267 -0.125081
v -0.897145 0.060106 -0.158372
v -0.890322 0.088392 -0.186760
v -0.881788 0.120879 -0.212382
v -0.872089 0.156977 -0.233959
v -0.861767 0.195988 -0.250425
v -0.851061 0.236843 -0.262005
v -0.831612 0.320561 -0.269170
v -0.842609 0.279098 -0.268602
v -0.820884 0.361069 -0.262496
v -0.810714 0.399763 -0.247701
v -0.801540 0.434693 -0.224801
v -0.793848 0.463840 -0.195843
v -0.787201 0.488870 -0.162176
v -0.780676 0.513362 -0.125523
v -0.775729 0.532458 -0.085827
v -0.773120 0.543342 -0.043560
v -0.772475 0.546739 -0.000009
v -0.773383 0.543443 0.043511
v -0.775937 0.533591 0.085979
v -0.779892 0.517269 0.127052
v -0.784136 0.498944 0.169534
v -0.790464 0.472619 0.205490
v -0.799511 0.439820 0.231468
v -0.810309 0.400044 0.248988
v -0.820748 0.360616 0.264450
v -0.831242 0.319641 0.273601
v -0.841760 0.277550 0.274576
v -0.852330 0.235437 0.269271
v -0.863375 0.194361 0.260963
v -0.874023 0.155283 0.246812
v -0.883697 0.119040 0.225539
v -0.892105 0.086788 0.197467
v -0.899176 0.059483 0.164026
v -0.904811 0.037635 0.126374
v -0.908989 0.021520 0.085951
v -0.911551 0.011658 0.043511
v -0.912412 0.008344 -0.000000
v -0.911505 0.011642 -0.043513
v -0.908898 0.021493 -0.085918
v -0.904949 0.037933 -0.125022
v -0.899704 0.060798 -0.158211
v -0.892895 0.089103 -0.186506
v -0.884348 0.121580 -0.212166
v -0.874635 0.157665 -0.233794
v -0.864303 0.196669 -0.250299
v -0.853594 0.237520 -0.261905
v -0.833117 0.320798 -0.268112
v -0.844073 0.279490 -0.267535
v -0.822429 0.361154 -0.261492
v -0.812294 0.399699 -0.246788
v -0.803163 0.434452 -0.223975
v -0.795521 0.463399 -0.195102
v -0.788909 0.488212 -0.161536
v -0.782360 0.512731 -0.125045
v -0.777405 0.531850 -0.085514
v -0.774805 0.542745 -0.043407
v -0.774182 0.546138 -0.000011
v -0.775099 0.542858 0.043353
v -0.777642 0.533044 0.085672
v -0.781564 0.516822 0.126663
v -0.785738 0.498664 0.169143
v -0.792034 0.472333 0.204980
v -0.801063 0.439723 0.230830
v -0.811848 0.400035 0.248172
v -0.822265 0.360677 0.263480
v -0.832719 0.319862 0.272562
v -0.843204 0.277931 0.273462
v -0.853718 0.235971 0.268085
v -0.864741 0.195044 0.259898
v -0.875371 0.156095 0.245897
v -0.885026 0.119964 0.224778
v -0.893408 0.087821 0.196831
v -0.900449 0.060623 0.163494
v -0.906055 0.038874 0.125939
v -0.910212 0.022830 0.085639
v -0.912765 0.013004 0.043353
v -0.913623 0.009702 -0.000000
v -0.912704 0.012982 -0.043356
v -0.910101 0.022797 -0.085598
v -0.906182 0.039193 -0.124497
v -0.900987 0.062003 -0.157452
v -0.894217 0.090225 -0.185549
v -0.885689 0.122573 -0.211158
v -0.875996 0.158514 -0.232764
v -0.865690 0.197366 -0.249261
v -0.855018 0.238066 -0.260850
v -0.833787 0.320235 -0.263359
v -0.844550 0.279632 -0.262788
v -0.823278 0.359898 -0.256920
v -0.813313 0.397765 -0.242568
v -0.804353 0.431840 -0.220169
v -0.796863 0.460186 -0.191762
v -0.790343 0.484458 -0.158750
v -0.783832 0.508653 -0.122907
v -0.778920 0.527556 -0.084071
v -0.776373 0.538358 -0.042688
v -0.775808 0.541716 -0.000018
v -0.776747 0.538505 0.042621
v -0.779243 0.528859 0.084236
v -0.783059 0.512988 0.124658
v -0.787074 0.495248 0.166605
v -0.793232 0.469326 0.201891
v -0.802140 0.437289 0.227237
v -0.812766 0.398179 0.244132
v -0.823029 0.359357 0.259006
v -0.833311 0.319256 0.267870
v -0.843652 0.278051 0.268667
v -0.853985 0.236806 0.263293
v -0.864839 0.196571 0.255333
v -0.875324 0.158242 0.241733
v -0.884852 0.122673 0.221136
v -0.893104 0.091051 0.193717
v -0.900016 0.064335 0.160901
v -0.905506 0.043003 0.123885
v -0.909576 0.027268 0.084192
v -0.912085 0.017609 0.042620
v -0.912925 0.014361 -0.000000
v -0.911972 0.017568 -0.042625
v -0.909397 0.027216 -0.084127
v -0.905584 0.043373 -0.122201
v -0.900554 0.065867 -0.154326
v -0.893943 0.093660 -0.181741
v -0.885532 0.125436 -0.207017
v -0.875969 0.160736 -0.228404
v -0.865807 0.198907 -0.244768
v -0.855307 0.238912 -0.256211
v -0.835134 0.320352 -0.261812
v -0.845835 0.279977 -0.261240
v -0.824684 0.359790 -0.255435
v -0.814773 0.397436 -0.241205
v -0.805872 0.431271 -0.218940
v -0.798443 0.459373 -0.190672
v -0.791960 0.483391 -0.157824
v -0.785434 0.507557 -0.122209
v -0.780523 0.526438 -0.083606
v -0.777992 0.537234 -0.042460
v -0.777455 0.540584 -0.000021
v -0.778409 0.537398 0.042385
v -0.780890 0.527806 0.083776
v -0.784659 0.512067 0.124046
v -0.788598 0.494505 0.165893
v -0.794706 0.468648 0.201008
v -0.803578 0.436840 0.226171
v -0.814164 0.397898 0.242871
v -0.824389 0.359216 0.257560
v -0.834615 0.319349 0.266340
v -0.844909 0.278381 0.267066
v -0.855180 0.237369 0.261635
v -0.865991 0.197356 0.253807
v -0.876441 0.159219 0.240390
v -0.885935 0.123821 0.219995
v -0.894148 0.092363 0.192756
v -0.901017 0.065806 0.160100
v -0.906465 0.044618 0.123240
v -0.910503 0.028991 0.083726
v -0.912999 0.019384 0.042385
v -0.913828 0.016153 -0.000001
v -0.912856 0.019333 -0.042391
v -0.910288 0.028927 -0.083649
v -0.906514 0.045014 -0.121436
v -0.901551 0.067416 -0.153250
v -0.895006 0.095084 -0.180399
v -0.886625 0.126669 -0.205597
v -0.877097 0.161757 -0.226944
v -0.866977 0.199706 -0.243282
v -0.856531 0.239484 -0.254691
v -0.864275 0.327932 -0.261358
v -0.874943 0.287613 -0.260794
v -0.853847 0.367315 -0.255033
v -0.843943 0.404880 -0.240931
v -0.835126 0.438324 -0.218664
v -0.827899 0.465474 -0.190233
v -0.822012 0.485708 -0.156703
v -0.814469 0.513479 -0.121917
v -0.809306 0.533243 -0.083548
v -0.806822 0.544418 -0.042488
v -0.806479 0.547852 -0.000054
v -0.807604 0.544733 0.042345
v -0.810079 0.535144 0.083733
v -0.813626 0.519737 0.124491
v -0.817157 0.502571 0.167333
v -0.822637 0.476221 0.204331
v -0.832071 0.444633 0.227337
v -0.842776 0.405687 0.243304
v -0.853159 0.366507 0.257240
v -0.863373 0.326767 0.265755
v -0.873673 0.285893 0.265764
v -0.883595 0.244977 0.257780
v -0.894909 0.204993 0.252538
v -0.905573 0.166712 0.240212
v -0.915201 0.131148 0.220500
v -0.923460 0.099621 0.193525
v -0.930279 0.073186 0.160706
v -0.935634 0.052215 0.123492
v -0.939589 0.036780 0.083665
v -0.942079 0.027190 0.042346
v -0.942809 0.023926 -0.000005
v -0.941672 0.027045 -0.042364
v -0.939049 0.036620 -0.083514
v -0.935386 0.052783 -0.120922
v -0.930679 0.075364 -0.151987
v -0.924451 0.103256 -0.178185
v -0.915923 0.134654 -0.204052
v -0.906271 0.169598 -0.225937
v -0.896082 0.207464 -0.242576
v -0.885621 0.247177 -0.254186
v -0.872798 0.285431 -0.000000
v -0.865858 0.328152 -0.260150
v -0.876474 0.288015 -0.259601
v -0.855480 0.367355 -0.253852
v -0.845619 0.404744 -0.239834
v -0.836846 0.438014 -0.217677
v -0.829652 0.465015 -0.189370
v -0.823849 0.484754 -0.155915
v -0.816228 0.512786 -0.121371
v -0.811073 0.532483 -0.083181
v -0.808612 0.543635 -0.042306
v -0.808296 0.547065 -0.000059
v -0.809440 0.543969 0.042154
v -0.811906 0.534424 0.083361
v -0.815412 0.519101 0.123968
v -0.818898 0.502031 0.166660
v -0.824267 0.475860 0.203758
v -0.833721 0.444344 0.226392
v -0.844379 0.405548 0.242249
v -0.854729 0.366519 0.256078
v -0.864902 0.326964 0.264537
v -0.875176 0.286281 0.264523
v -0.885031 0.245559 0.256323
v -0.896349 0.205752 0.251367
v -0.906981 0.167618 0.239167
v -0.916581 0.132188 0.219612
v -0.924809 0.100789 0.192789
v -0.931592 0.074486 0.160092
v -0.936911 0.053635 0.122993
v -0.940838 0.038294 0.083297
v -0.943315 0.028752 0.042156
v -0.944020 0.025494 -0.000006
v -0.942864 0.028591 -0.042175
v -0.940245 0.038122 -0.083130
v -0.936612 0.054225 -0.120323
v -0.931957 0.076727 -0.151167
v -0.925802 0.104525 -0.177144
v -0.917298 0.135764 -0.202982
v -0.907673 0.170539 -0.224840
v -0.897521 0.208227 -0.241454
v -0.887102 0.247760 -0.253029
v -0.867510 0.324356 -0.234002
v -0.877016 0.288189 -0.233771
v -0.858222 0.359658 -0.228186
v -0.849349 0.393236 -0.215832
v -0.841462 0.423020 -0.196157
v -0.834735 0.447569 -0.170730
v -0.828483 0.468368 -0.141278
v -0.821954 0.490341 -0.109567
v -0.816988 0.507713 -0.075163
v -0.815007 0.518021 -0.038305
v -0.815153 0.521316 -0.000155
v -0.816566 0.518667 0.037964
v -0.818839 0.510081 0.075195
v -0.821587 0.496303 0.112056
v -0.824419 0.480958 0.150489
v -0.829431 0.457557 0.182376
v -0.837089 0.428932 0.204422
v -0.846564 0.393517 0.218581
v -0.856057 0.358233 0.230717
v -0.865496 0.322713 0.238189
v -0.875243 0.286206 0.238363
v -0.885026 0.249685 0.232954
v -0.895135 0.213713 0.226861
v -0.904856 0.178953 0.216450
v -0.913731 0.146576 0.199820
v -0.921274 0.118027 0.176210
v -0.927313 0.094594 0.146265
v -0.931876 0.076216 0.111954
v -0.935242 0.062778 0.075414
v -0.937269 0.054303 0.037991
v -0.937450 0.051205 -0.000029
v -0.935982 0.053844 -0.038056
v -0.933469 0.062418 -0.074731
v -0.930431 0.077140 -0.107439
v -0.926736 0.097779 -0.134056
v -0.922142 0.123635 -0.154408
v -0.914242 0.151284 -0.180676
v -0.905336 0.182450 -0.201513
v -0.896028 0.216309 -0.217296
v -0.886566 0.251900 -0.228031
v -0.866630 0.327994 -0.257891
v -0.877152 0.288197 -0.257361
v -0.856345 0.366864 -0.251645
v -0.846566 0.403924 -0.237788
v -0.837874 0.436876 -0.215837
v -0.830737 0.463614 -0.187763
v -0.824856 0.483576 -0.154679
v -0.817348 0.510955 -0.120351
v -0.812214 0.530513 -0.082492
v -0.809789 0.541615 -0.041964
v -0.809513 0.545033 -0.000067
v -0.810683 0.541977 0.041798
v -0.813134 0.532514 0.082666
v -0.816568 0.517348 0.122988
v -0.819981 0.500453 0.165382
v -0.825179 0.474596 0.202554
v -0.834639 0.443239 0.224608
v -0.845209 0.404726 0.240274
v -0.855496 0.365980 0.253911
v -0.865593 0.326770 0.262271
v -0.875810 0.286443 0.262228
v -0.885553 0.246078 0.253738
v -0.896859 0.206601 0.249201
v -0.907423 0.168752 0.237205
v -0.916965 0.133581 0.217916
v -0.925135 0.102427 0.191366
v -0.931852 0.076365 0.158906
v -0.937109 0.055728 0.122045
v -0.940987 0.040553 0.082612
v -0.943439 0.031099 0.041801
v -0.944103 0.027856 -0.000007
v -0.942920 0.030914 -0.041823
v -0.940311 0.040364 -0.082412
v -0.936732 0.056351 -0.119207
v -0.932164 0.078703 -0.149647
v -0.926134 0.106323 -0.175211
v -0.917678 0.137266 -0.200991
v -0.908108 0.171728 -0.222789
v -0.898025 0.209086 -0.239345
v -0.887688 0.248281 -0.250853
v -0.904727 0.293727 -0.000000
v -0.864679 0.401245 0.158410
v -0.870459 0.374609 0.172267
v -0.879695 0.378638 -0.172919
v -0.873218 0.403205 -0.157413
v -0.948193 0.103587 -0.000114
v -0.945577 0.105190 -0.030657
v -0.877642 0.347598 0.183780
v -0.869258 0.424820 -0.137041
v -0.942500 0.111688 -0.060077
v -0.887930 0.320110 0.190975
v -0.866479 0.443589 -0.113299
v -0.941024 0.123832 -0.086260
v -0.898456 0.291862 0.192992
v -0.861998 0.459197 -0.087429
v -0.939058 0.140722 -0.108725
v -0.907901 0.262929 0.190420
v -0.854857 0.470387 -0.060159
v -0.935630 0.161178 -0.128715
v -0.916816 0.233929 0.185000
v -0.852126 0.478103 -0.030718
v -0.930762 0.184181 -0.147472
v -0.924983 0.205553 0.176621
v -0.851126 0.480749 -0.000345
v -0.924223 0.209386 -0.164160
v -0.933363 0.179223 0.165039
v -0.852672 0.478775 0.030321
v -0.916600 0.236582 -0.177701
v -0.941277 0.155083 0.150212
v -0.854405 0.471807 0.060173
v -0.908855 0.265154 -0.186849
v -0.946324 0.139164 0.122525
v -0.856201 0.459846 0.088748
v -0.901366 0.294303 -0.190269
v -0.949061 0.125158 0.092826
v -0.857987 0.444456 0.116280
v -0.893968 0.323348 -0.189030
v -0.949681 0.113773 0.061860
v -0.860134 0.424941 0.140170
v -0.886689 0.351677 -0.183355
v -0.949216 0.106361 0.030635
v -0.942900 0.071580 -0.000060
v -0.862270 0.387989 -0.199291
v -0.849401 0.419152 0.187339
v -0.943182 0.074591 0.035117
v -0.870424 0.356973 -0.210842
v -0.842755 0.446904 0.167058
v -0.941773 0.082324 0.070185
v -0.878941 0.324348 -0.216556
v -0.838699 0.467484 0.137523
v -0.939367 0.094824 0.104747
v -0.887652 0.290910 -0.216797
v -0.836124 0.482708 0.103223
v -0.935579 0.111474 0.137473
v -0.896437 0.257351 -0.211818
v -0.833806 0.495844 0.069503
v -0.929797 0.132444 0.165833
v -0.905236 0.224464 -0.201719
v -0.831719 0.503780 0.035040
v -0.922266 0.158929 0.186781
v -0.913923 0.193191 -0.186676
v -0.830090 0.506108 -0.000250
v -0.913855 0.189334 0.201312
v -0.922130 0.164337 -0.167206
v -0.829479 0.502887 -0.035595
v -0.904813 0.221791 0.210840
v -0.928703 0.138184 -0.144833
v -0.831878 0.493576 -0.069581
v -0.895171 0.255136 0.216955
v -0.932907 0.114622 -0.123721
v -0.837612 0.478558 -0.101280
v -0.885435 0.288718 0.220979
v -0.935915 0.095423 -0.099004
v -0.843343 0.459505 -0.130835
v -0.875725 0.322241 0.220212
v -0.938497 0.081701 -0.069024
v -0.848376 0.439048 -0.158011
v -0.866193 0.354781 0.212989
v -0.941060 0.073847 -0.035224
v -0.854919 0.415688 -0.181327
v -0.857404 0.386890 0.201228
v -0.858544 0.410677 0.173046
v -0.872395 0.383806 -0.186297
v -0.947032 0.087695 -0.000088
v -0.865382 0.381200 0.186976
v -0.865422 0.409971 -0.169593
v -0.944821 0.089639 -0.032982
v -0.873491 0.351728 0.198695
v -0.859874 0.432517 -0.147789
v -0.942100 0.096865 -0.064600
v -0.883334 0.321635 0.205906
v -0.856036 0.452285 -0.122304
v -0.939965 0.109785 -0.092668
v -0.893383 0.290663 0.207316
v -0.850883 0.469482 -0.094543
v -0.937557 0.127796 -0.116295
v -0.903013 0.259373 0.204090
v -0.844586 0.482591 -0.064982
v -0.933826 0.149751 -0.137090
v -0.912320 0.228143 0.198263
v -0.841644 0.491000 -0.033298
v -0.928065 0.174461 -0.157447
v -0.920882 0.197600 0.189323
v -0.841883 0.494027 -0.000316
v -0.920552 0.201572 -0.175538
v -0.929220 0.169013 0.176419
v -0.843568 0.491905 0.032718
v -0.912383 0.230835 -0.189869
v -0.936935 0.143970 0.158078
v -0.845487 0.484461 0.064935
v -0.904111 0.261598 -0.199452
v -0.942434 0.125247 0.130471
v -0.847544 0.471789 0.096038
v -0.895949 0.292993 -0.203724
v -0.945673 0.110009 0.099032
v -0.849801 0.456451 0.126926
v -0.887881 0.324273 -0.203002
v -0.947134 0.098066 0.066117
v -0.853128 0.436469 0.153686
v -0.879977 0.354786 -0.197299
v -0.947697 0.090599 0.032904
v -0.862296 0.327139 -0.259575
v -0.872892 0.287086 -0.259013
v -0.851939 0.366260 -0.253304
v -0.842098 0.403568 -0.239330
v -0.833344 0.436765 -0.217226
v -0.826165 0.463718 -0.188978
v -0.820239 0.484100 -0.155729
v -0.812792 0.511398 -0.121116
v -0.807652 0.531049 -0.083003
v -0.805188 0.542179 -0.042215
v -0.804861 0.545598 -0.000057
v -0.805995 0.542505 0.042067
v -0.808455 0.532979 0.083189
v -0.811955 0.517699 0.123722
v -0.815440 0.500671 0.166323
v -0.820902 0.474445 0.202996
v -0.830240 0.443108 0.225932
v -0.840879 0.404387 0.241758
v -0.851209 0.365427 0.255547
v -0.861359 0.325955 0.263988
v -0.871605 0.285354 0.263982
v -0.881493 0.244713 0.256109
v -0.892724 0.204989 0.250850
v -0.903327 0.166943 0.238649
v -0.912903 0.131597 0.219114
v -0.921112 0.100269 0.192336
v -0.927884 0.074014 0.159719
v -0.933197 0.053195 0.122719
v -0.937119 0.037877 0.083122
v -0.939592 0.028353 0.042069
v -0.940302 0.025105 -0.000005
v -0.939156 0.028198 -0.042087
v -0.936547 0.037712 -0.082953
v -0.932920 0.053783 -0.120053
v -0.928270 0.076241 -0.150807
v -0.922124 0.103985 -0.176703
v -0.913634 0.135156 -0.202496
v -0.904028 0.169857 -0.224313
v -0.893896 0.207466 -0.240893
v -0.883499 0.246915 -0.252448
v -0.901635 0.304762 -0.072652
v -0.903944 0.293939 -0.074176
v -0.898983 0.315458 -0.069566
v -0.896403 0.325644 -0.064884
v -0.893915 0.334964 -0.058780
v -0.891733 0.343136 -0.051339
v -0.889769 0.350100 -0.042675
v -0.887815 0.355768 -0.033057
v -0.886146 0.359975 -0.022660
v -0.885527 0.362688 -0.011577
v -0.885654 0.363734 -0.000148
v -0.886187 0.362970 0.011298
v -0.886786 0.360338 0.022427
v -0.887382 0.355909 0.033047
v -0.887874 0.349657 0.042841
v -0.888170 0.341896 0.051565
v -0.890436 0.333555 0.058761
v -0.892486 0.324092 0.064529
v -0.894258 0.313657 0.068805
v -0.898905 0.303648 0.071513
v -0.903070 0.293153 0.072319
v -0.906792 0.282381 0.071515
v -0.910244 0.271572 0.069480
v -0.913352 0.260995 0.066203
v -0.916126 0.251016 0.061535
v -0.918608 0.242320 0.054947
v -0.920313 0.235574 0.045499
v -0.921451 0.230341 0.034583
v -0.922066 0.226446 0.023120
v -0.922089 0.223990 0.011481
v -0.921076 0.223107 -0.000109
v -0.919034 0.223908 -0.011593
v -0.916137 0.226391 -0.022752
v -0.915500 0.231456 -0.032992
v -0.914473 0.237888 -0.042306
v -0.913157 0.245457 -0.050804
v -0.911598 0.253915 -0.058548
v -0.909827 0.263090 -0.065253
v -0.907886 0.272892 -0.070540
v -0.905842 0.283250 -0.074178
v -0.804810 0.544031 0.042349
v -0.807284 0.534441 0.083739
v -0.893297 0.206733 -0.242575
v -0.882836 0.246449 -0.254181
v -0.920656 0.098919 0.193465
v -0.927480 0.072474 0.160659
v -0.810841 0.519031 0.124492
v -0.872156 0.286889 -0.260795
v -0.932842 0.051485 0.123472
v -0.814387 0.501862 0.167316
v -0.861485 0.327211 -0.261370
v -0.936804 0.036035 0.083668
v -0.819955 0.475437 0.204032
v -0.851055 0.366597 -0.255054
v -0.939295 0.026443 0.042350
v -0.829314 0.443927 0.227329
v -0.841150 0.404166 -0.240951
v -0.940036 0.023182 -0.000004
v -0.840020 0.404979 0.243315
v -0.832331 0.437620 -0.218685
v -0.938911 0.026306 -0.042366
v -0.850400 0.365802 0.257264
v -0.825102 0.464794 -0.190255
v -0.936293 0.035884 -0.083522
v -0.860612 0.326056 0.265787
v -0.819129 0.485505 -0.156815
v -0.932624 0.052045 -0.120940
v -0.870905 0.285174 0.265814
v -0.811703 0.512815 -0.121927
v -0.927903 0.074620 -0.152022
v -0.880865 0.244249 0.258097
v -0.806548 0.532562 -0.083549
v -0.921657 0.102505 -0.178247
v -0.892125 0.204263 0.252583
v -0.804056 0.543727 -0.042486
v -0.913132 0.133912 -0.204088
v -0.902780 0.165992 0.240209
v -0.803698 0.547155 -0.000052
v -0.903483 0.168862 -0.225950
v -0.912401 0.130441 0.220459
v -0.919312 0.239823 -0.002715
v -0.919715 0.238207 -0.002028
v -0.919965 0.237515 -0.000363
v -0.919905 0.238158 0.001304
v -0.919569 0.239755 0.001997
v -0.920728 0.240118 -0.000358
v -0.919569 0.241488 -0.001946
v -0.919510 0.242099 -0.000353
v -0.919735 0.241443 0.001236
v -0.891763 0.348328 -0.002661
v -0.891346 0.349932 -0.001974
v -0.891342 0.349930 0.001342
v -0.892179 0.346723 0.001342
v -0.892180 0.346723 -0.001974
v -0.893039 0.348659 -0.000316
v -0.892883 0.346304 -0.000316
v -0.892316 0.348471 0.001924
v -0.891755 0.350639 -0.000316
v -0.918624 0.249154 0.003283
v -0.918368 0.249228 -0.003329
v -0.925221 0.261577 0.003313
v -0.925115 0.261614 -0.003325
v -0.943998 0.272517 0.003322
v -0.943998 0.272517 -0.003322
v -0.952688 0.289169 0.003325
v -0.952688 0.289169 -0.003325
v -0.949793 0.305767 0.003323
v -0.949793 0.305767 -0.003323
v -0.948354 0.288856 -0.007849
v -0.943906 0.288635 -0.007852
v -0.941757 0.303679 -0.007848
v -0.945854 0.304744 -0.007847
v -0.939628 0.274246 -0.007846
v -0.935481 0.275986 -0.007849
v -0.917869 0.249388 0.007784
v -0.915564 0.249895 0.007783
v -0.920125 0.233871 0.005168
v -0.922386 0.263775 -0.007856
v -0.919816 0.265858 -0.007848
v -0.945854 0.304744 0.007847
v -0.941757 0.303679 0.007848
v -0.943906 0.288635 0.007852
v -0.948354 0.288856 0.007849
v -0.917287 0.249558 -0.007843
v -0.915009 0.250059 -0.007837
v -0.935488 0.275983 0.007848
v -0.939640 0.274242 0.007844
v -0.919970 0.265801 0.007833
v -0.922586 0.263702 0.007837
v -0.919487 0.234029 -0.005280
v -0.920476 0.236757 0.002835
v -0.920142 0.236842 -0.002930
v -0.919617 0.256142 -0.003325
v -0.919793 0.256086 0.003301
v -0.949456 0.280220 -0.003326
v -0.949456 0.280220 0.003326
v -0.944652 0.280912 -0.007849
v -0.940209 0.281775 -0.007854
v -0.919281 0.236716 0.006641
v -0.917491 0.257484 -0.007854
v -0.915344 0.258805 -0.007842
v -0.944652 0.280912 0.007849
v -0.940209 0.281775 0.007854
v -0.917847 0.257367 0.007820
v -0.915650 0.258700 0.007813
v -0.918518 0.236911 -0.006745
v -0.920165 0.232289 -0.002933
v -0.920531 0.232201 0.002819
v -0.895123 0.340135 0.003294
v -0.895123 0.340135 -0.003294
v -0.906822 0.332412 0.003314
v -0.906822 0.332412 -0.003314
v -0.928545 0.331991 0.003322
v -0.928545 0.331991 -0.003322
v -0.944242 0.321675 0.003325
v -0.944242 0.321675 -0.003325
v -0.940305 0.319839 -0.007849
v -0.936311 0.317866 -0.007852
v -0.925578 0.328363 -0.007844
v -0.922799 0.324821 -0.007848
v -0.894495 0.339490 0.007787
v -0.892721 0.337922 0.007784
v -0.889221 0.354307 0.005195
v -0.905550 0.329269 -0.007837
v -0.904287 0.326161 -0.007833
v -0.936311 0.317866 0.007852
v -0.940305 0.319839 0.007849
v -0.894499 0.339492 -0.007787
v -0.892724 0.337924 -0.007785
v -0.922799 0.324821 0.007848
v -0.925578 0.328363 0.007844
v -0.904287 0.326161 0.007833
v -0.905550 0.329269 0.007837
v -0.889241 0.354317 -0.005198
v -0.890969 0.352012 0.002867
v -0.890979 0.352017 -0.002868
v -0.899436 0.334592 -0.003305
v -0.899436 0.334592 0.003305
v -0.937063 0.327919 -0.003326
v -0.937063 0.327919 0.003326
v -0.933203 0.324976 -0.007849
v -0.929742 0.322059 -0.007854
v -0.889755 0.351343 0.006659
v -0.898327 0.332496 -0.007821
v -0.897057 0.330262 -0.007813
v -0.933203 0.324976 0.007849
v -0.929742 0.322059 0.007854
v -0.898327 0.332496 0.007820
v -0.897057 0.330262 0.007813
v -0.889780 0.351355 -0.006660
v -0.888914 0.356070 -0.002862
v -0.888903 0.356064 0.002859
v -0.871744 0.377817 0.124001
v -0.880808 0.355525 0.091160
v -0.885269 0.360988 -0.136822
v -0.890930 0.343315 -0.100938
v -0.939325 0.143364 -0.000096
v -0.930261 0.183213 -0.000096
v -0.884075 0.340323 0.099604
v -0.876123 0.356815 0.135038
v -0.888590 0.357966 -0.091360
v -0.881896 0.380747 -0.124192
v -0.927551 0.184457 -0.017980
v -0.937127 0.144616 -0.024264
v -0.887734 0.324410 0.106357
v -0.881711 0.335448 0.144302
v -0.887296 0.370859 -0.079329
v -0.880815 0.398250 -0.107705
v -0.923686 0.188614 -0.035314
v -0.933668 0.149940 -0.047629
v -0.894499 0.308710 0.110747
v -0.890567 0.314042 0.150353
v -0.885905 0.381895 -0.065479
v -0.879990 0.413357 -0.088671
v -0.921679 0.196437 -0.051001
v -0.931462 0.160115 -0.068489
v -0.901170 0.292517 0.112260
v -0.899556 0.292043 0.152424
v -0.883455 0.390932 -0.050378
v -0.877195 0.425789 -0.068059
v -0.919457 0.206670 -0.064852
v -0.928902 0.173859 -0.086636
v -0.907146 0.275889 0.111138
v -0.907531 0.269413 0.150785
v -0.879759 0.397434 -0.034395
v -0.871165 0.434535 -0.046548
v -0.917068 0.218641 -0.077392
v -0.925809 0.190137 -0.102938
v -0.912442 0.259030 0.107988
v -0.914627 0.246478 0.146494
v -0.877493 0.401662 -0.017371
v -0.867337 0.440292 -0.023567
v -0.914795 0.231763 -0.089012
v -0.922412 0.208123 -0.118189
v -0.917793 0.242949 0.103141
v -0.921902 0.224647 0.140001
v -0.875624 0.402978 0.000066
v -0.864279 0.442010 0.000032
v -0.912428 0.245878 -0.099163
v -0.918516 0.227561 -0.131650
v -0.923248 0.228146 0.096358
v -0.929556 0.204650 0.130991
v -0.875073 0.401581 0.017650
v -0.863844 0.440173 0.023980
v -0.909782 0.261026 -0.107168
v -0.913866 0.248548 -0.142409
v -0.928248 0.214848 0.087190
v -0.936703 0.186463 0.119155
v -0.875992 0.397494 0.035009
v -0.865198 0.434651 0.047591
v -0.906727 0.277144 -0.112454
v -0.908243 0.270985 -0.149590
v -0.930922 0.204932 0.071628
v -0.940835 0.173754 0.097594
v -0.876976 0.390548 0.051605
v -0.866594 0.425200 0.070181
v -0.903269 0.293903 -0.113388
v -0.902365 0.294100 -0.151737
v -0.932195 0.196469 0.054358
v -0.942421 0.162196 0.074012
v -0.877539 0.381045 0.067028
v -0.867521 0.412613 0.091464
v -0.899092 0.310899 -0.111765
v -0.896532 0.317147 -0.150255
v -0.932283 0.189669 0.036270
v -0.942100 0.152583 0.049327
v -0.878013 0.369116 0.080464
v -0.868411 0.396651 0.109798
v -0.894882 0.327507 -0.107644
v -0.890788 0.339617 -0.145342
v -0.931517 0.185039 0.017952
v -0.940728 0.145978 0.024378
vn 0.9707 -0.2401 0.0057
vn 0.9368 -0.3312 -0.1126
vn 0.9379 -0.3258 -0.1193
vn 0.9682 -0.2499 0.0116
vn 0.9655 -0.2605 -0.0009
vn 0.9437 -0.2971 0.1455
vn 0.9413 -0.3070 0.1403
vn 0.9659 -0.2589 -0.0032
vn 0.9715 -0.2370 0.0027
vn 0.9949 -0.0981 -0.0241
vn 0.9948 -0.1021 0.0026
vn 0.9697 -0.2444 0.0034
vn 0.9399 -0.3150 -0.1318
vn 0.9671 -0.2543 0.0078
vn 0.9358 -0.3293 0.1255
vn 0.9674 -0.2531 -0.0032
vn 0.9939 -0.1073 0.0236
vn 0.9683 -0.2498 0.0009
vn 0.9428 -0.3018 -0.1417
vn 0.9671 -0.2542 0.0021
vn 0.9313 -0.3480 0.1073
vn 0.9684 -0.2495 -0.0021
vn 0.9928 -0.1121 0.0424
vn 0.9684 -0.2496 -0.0027
vn 0.9440 -0.2959 -0.1456
vn 0.9671 -0.2546 -0.0004
vn 0.9275 -0.3634 0.0878
vn 0.9685 -0.2491 -0.0008
vn 0.9922 -0.1206 0.0323
vn 0.9697 -0.2441 -0.0060
vn 0.9462 -0.2870 -0.1491
vn 0.9667 -0.2559 -0.0003
vn 0.9247 -0.3748 0.0668
vn 0.9682 -0.2501 -0.0000
vn 0.9931 -0.1092 0.0439
vn 0.9713 -0.2380 -0.0038
vn 0.9526 -0.2640 -0.1513
vn 0.9666 -0.2562 0.0001
vn 0.9223 -0.3839 0.0451
vn 0.9679 -0.2512 -0.0000
vn 0.9836 -0.1497 0.1005
vn 0.9698 -0.2439 0.0083
vn 0.9622 -0.2284 -0.1482
vn 0.9669 -0.2551 -0.0001
vn 0.9209 -0.3892 0.0230
vn 0.9678 -0.2516 -0.0000
vn 0.9667 -0.2080 0.1494
vn 0.9672 -0.2534 0.0168
vn 0.9726 -0.1880 -0.1368
vn 0.9673 -0.2537 -0.0010
vn 0.9198 -0.3923 0.0006
vn 0.9672 -0.2541 0.0007
vn 0.9645 -0.2227 0.1418
vn 0.9676 -0.2521 0.0160
vn 0.9813 -0.1523 -0.1174
vn 0.9675 -0.2529 -0.0021
vn 0.9190 -0.3936 -0.0227
vn 0.9658 -0.2593 -0.0000
vn 0.9653 -0.2128 0.1513
vn 0.9687 -0.2477 0.0147
vn 0.9869 -0.1276 -0.0989
vn 0.9679 -0.2512 -0.0043
vn 0.9204 -0.3874 -0.0520
vn 0.9658 -0.2590 -0.0060
vn 0.9591 -0.2344 0.1589
vn 0.9696 -0.2443 0.0110
vn 0.9870 -0.1274 -0.0984
vn 0.9691 -0.2464 -0.0085
vn 0.9254 -0.3687 -0.0875
vn 0.9687 -0.2479 -0.0119
vn 0.9528 -0.2605 0.1559
vn 0.9698 -0.2439 0.0061
vn 0.9877 -0.1188 -0.1013
vn 0.9709 -0.2392 -0.0097
vn 0.9331 -0.3413 -0.1133
vn 0.9715 -0.2371 -0.0069
vn 0.9509 -0.2718 0.1481
vn 0.9677 -0.2519 0.0024
vn 0.9923 -0.1033 -0.0683
vn 0.9721 -0.2345 -0.0040
vn 0.2299 -0.3217 0.9185
vn 0.2152 -0.4659 0.8583
vn 0.5543 0.8175 -0.1564
vn 0.5610 0.8278 0.0008
vn 0.1549 -0.5884 -0.7936
vn 0.1858 -0.4844 -0.8549
vn 0.1935 -0.6078 0.7701
vn 0.5590 0.8160 0.1473
vn 0.2188 -0.3740 -0.9012
vn 0.1675 -0.7292 0.6635
vn 0.5538 0.7813 0.2879
vn 0.2514 -0.2692 -0.9297
vn 0.1404 -0.8257 0.5464
vn 0.5706 0.7351 0.3661
vn 0.2879 -0.1535 -0.9453
vn 0.1175 -0.8987 0.4226
vn 0.5755 0.6706 0.4681
vn 0.3316 -0.0121 -0.9433
vn 0.1006 -0.9516 0.2903
vn 0.5508 0.5289 0.6457
vn 0.3798 0.1505 -0.9127
vn 0.0912 -0.9849 0.1473
vn 0.4933 0.3528 0.7951
vn 0.4251 0.3218 -0.8460
vn 0.0880 -0.9961 0.0002
vn 0.4454 0.2456 0.8610
vn 0.4559 0.4827 -0.7478
vn 0.0906 -0.9850 -0.1471
vn 0.3939 0.1762 0.9021
vn 0.4624 0.6110 -0.6425
vn 0.0988 -0.9492 -0.2987
vn 0.3381 0.0327 0.9405
vn 0.4642 0.6796 -0.5680
vn 0.1092 -0.8789 -0.4642
vn 0.2819 -0.1146 0.9526
vn 0.4900 0.7265 -0.4818
vn 0.1203 -0.7770 -0.6179
vn 0.2464 -0.2190 0.9441
vn 0.5302 0.7813 -0.3294
vn 0.1331 -0.6797 -0.7213
vn 0.0010 0.9865 -0.1635
vn 0.0116 0.9999 -0.0012
vn -0.4269 -0.4345 -0.7931
vn -0.3868 -0.3324 -0.8602
vn -0.3392 -0.3250 0.8828
vn -0.3505 -0.4848 0.8013
vn 0.0113 0.9884 0.1516
vn -0.3472 -0.2280 -0.9096
vn -0.3748 -0.6174 0.6916
vn 0.0102 0.9541 0.2994
vn -0.3120 -0.1260 -0.9417
vn -0.4073 -0.7157 0.5673
vn 0.0343 0.9221 0.3853
vn -0.2754 -0.0096 -0.9613
vn -0.4386 -0.7854 0.4367
vn 0.0635 0.8628 0.5016
vn -0.2317 0.1348 -0.9634
vn -0.4601 -0.8359 0.2995
vn 0.0417 0.7174 0.6955
vn -0.1794 0.3017 -0.9363
vn -0.4708 -0.8690 0.1520
vn -0.0220 0.5234 0.8518
vn -0.1291 0.4786 -0.8685
vn -0.4743 -0.8803 -0.0001
vn -0.0967 0.4047 0.9093
vn -0.1003 0.6424 -0.7598
vn -0.4724 -0.8681 -0.1522
vn -0.1605 0.3276 0.9311
vn -0.1078 0.7638 -0.6364
vn -0.4657 -0.8303 -0.3061
vn -0.2264 0.1748 0.9582
vn -0.1227 0.8235 -0.5539
vn -0.4586 -0.7539 -0.4704
vn -0.2948 0.0258 0.9552
vn -0.0875 0.8722 -0.4812
vn -0.4560 -0.6380 -0.6205
vn -0.3374 -0.0656 0.9391
vn -0.0316 0.9404 -0.3386
vn -0.4510 -0.5256 -0.7213
vn -0.3404 -0.1678 0.9252
vn -0.9625 0.0808 -0.2589
vn -0.9537 0.1069 -0.2810
vn -0.9449 0.1127 0.3073
vn -0.9555 0.0465 0.2912
vn -0.8317 0.5551 -0.0033
vn -0.8296 0.5559 0.0517
vn -0.9441 0.1390 -0.2988
vn -0.9670 -0.0063 0.2547
vn -0.8304 0.5469 0.1060
vn -0.9355 0.1690 -0.3102
vn -0.9777 -0.0398 0.2064
vn -0.8316 0.5385 0.1359
vn -0.9249 0.2049 -0.3204
vn -0.9863 -0.0592 0.1542
vn -0.8206 0.5375 0.1945
vn -0.9107 0.2544 -0.3253
vn -0.9919 -0.0732 0.1034
vn -0.8308 0.4806 0.2807
vn -0.8931 0.3155 -0.3207
vn -0.9951 -0.0833 0.0525
vn -0.8539 0.4067 0.3247
vn -0.8750 0.3811 -0.2985
vn -0.9964 -0.0851 -0.0005
vn -0.8812 0.3542 0.3131
vn -0.8635 0.4349 -0.2555
vn -0.9957 -0.0766 -0.0525
vn -0.8940 0.3223 0.3112
vn -0.8644 0.4600 -0.2032
vn -0.9928 -0.0636 -0.1014
vn -0.9115 0.2653 0.3144
vn -0.8729 0.4556 -0.1744
vn -0.9877 -0.0435 -0.1505
vn -0.9294 0.2120 0.3020
vn -0.8640 0.4772 -0.1607
vn -0.9809 -0.0046 -0.1945
vn -0.9375 0.1936 0.2890
vn -0.8475 0.5170 -0.1200
vn -0.9739 0.0387 -0.2238
vn -0.9380 0.1716 0.3011
vn -0.8371 0.5437 -0.0604
vn -0.9557 0.1390 0.2596
vn -0.9656 0.0828 0.2464
vn -0.8622 0.5065 -0.0041
vn -0.8596 0.5092 0.0429
vn -0.9601 0.1322 -0.2464
vn -0.9523 0.1562 -0.2623
vn -0.9760 0.0337 0.2152
vn -0.8597 0.5028 0.0897
vn -0.9447 0.1816 -0.2730
vn -0.9849 0.0038 0.1733
vn -0.8507 0.5119 0.1197
vn -0.9370 0.2146 -0.2758
vn -0.9915 -0.0122 0.1298
vn -0.8648 0.4801 0.1471
vn -0.9270 0.2570 -0.2731
vn -0.9960 -0.0209 0.0870
vn -0.8788 0.4341 0.1982
vn -0.9147 0.3065 -0.2636
vn -0.9986 -0.0280 0.0440
vn -0.8928 0.3782 0.2445
vn -0.9011 0.3597 -0.2422
vn -0.9996 -0.0282 -0.0010
vn -0.8984 0.3414 0.2762
vn -0.8893 0.4075 -0.2074
vn -0.9988 -0.0185 -0.0444
vn -0.9147 0.3115 0.2575
vn -0.8837 0.4372 -0.1670
vn -0.9966 -0.0038 -0.0822
vn -0.9307 0.2617 0.2553
vn -0.8828 0.4452 -0.1498
vn -0.9927 0.0162 -0.1199
vn -0.9422 0.2161 0.2560
vn -0.8854 0.4457 -0.1318
vn -0.9857 0.0420 -0.1633
vn -0.9444 0.2027 0.2589
vn -0.8798 0.4655 -0.0963
vn -0.9769 0.0707 -0.2016
vn -0.9464 0.1909 0.2605
vn -0.8700 0.4903 -0.0515
vn -0.9687 0.1026 -0.2259
vn 0.1886 0.9697 0.1551
vn 0.1864 0.9343 0.3039
vn -0.1598 -0.2971 -0.9414
vn -0.1198 -0.1706 -0.9780
vn -0.2010 -0.6776 0.7074
vn -0.2367 -0.7846 0.5730
vn 0.1951 0.8971 0.3964
vn -0.0850 -0.0400 -0.9956
vn -0.2706 -0.8555 0.4415
vn 0.2017 0.8341 0.5133
vn -0.2946 -0.9052 0.3062
vn 0.1696 0.7035 0.6902
vn -0.0522 0.0869 -0.9948
vn -0.0024 0.2731 -0.9620
vn -0.3067 -0.9389 0.1561
vn 0.1193 0.5123 0.8505
vn 0.0453 0.4478 -0.8930
vn -0.3111 -0.9504 -0.0003
vn 0.0577 0.3834 0.9218
vn 0.0799 0.6162 -0.7835
vn -0.3120 -0.9370 -0.1568
vn 0.0057 0.2939 0.9558
vn 0.0794 0.7522 -0.6542
vn -0.3077 -0.8974 -0.3163
vn -0.0532 0.1387 0.9889
vn 0.0733 0.8203 -0.5671
vn -0.2972 -0.8197 -0.4897
vn -0.1192 -0.0196 0.9927
vn 0.0963 0.8654 -0.4918
vn -0.2822 -0.7056 -0.6500
vn -0.1591 -0.1155 0.9805
vn 0.1448 0.9286 -0.3417
vn -0.2640 -0.5975 -0.7572
vn -0.1633 -0.2196 0.9618
vn 0.1740 0.9705 -0.1671
vn -0.2391 -0.5075 -0.8278
vn -0.1614 -0.3813 0.9103
vn 0.1874 0.9823 -0.0014
vn -0.1993 -0.4025 -0.8935
vn -0.1756 -0.5447 0.8200
vn 0.2404 0.9581 0.1557
vn -0.0211 0.9886 0.1489
vn -0.0277 0.9570 0.2886
vn 0.2348 0.9248 0.2993
vn -0.0971 -0.3162 -0.9437
vn -0.3319 -0.2436 -0.9113
vn -0.3011 -0.1343 -0.9441
vn -0.0634 -0.2042 -0.9769
vn -0.1579 -0.6886 0.7077
vn -0.3944 -0.6080 0.6890
vn -0.4295 -0.7116 0.5561
vn -0.1919 -0.7955 0.5747
vn -0.0344 0.9320 0.3609
vn 0.2377 0.8967 0.3734
vn -0.2717 -0.0120 -0.9623
vn -0.0301 -0.0799 -0.9964
vn -0.4622 -0.7791 0.4236
vn -0.2228 -0.8697 0.4404
vn -0.0194 0.8766 0.4808
vn 0.2506 0.8339 0.4917
vn -0.2386 0.1344 -0.9618
vn 0.0080 0.0705 -0.9975
vn -0.4852 -0.8241 0.2924
vn -0.2446 -0.9207 0.3041
vn -0.0309 0.7181 0.6952
vn 0.2325 0.6640 0.7107
vn -0.1982 0.3009 -0.9328
vn 0.0527 0.2435 -0.9685
vn -0.4979 -0.8541 0.1503
vn -0.2560 -0.9539 0.1564
vn -0.1126 0.5132 0.8509
vn 0.1582 0.4548 0.8764
vn -0.1512 0.4824 -0.8628
vn 0.1011 0.4322 -0.8961
vn -0.5033 -0.8641 -0.0012
vn -0.2590 -0.9659 0.0003
vn -0.1792 0.3943 0.9014
vn 0.0951 0.3378 0.9364
vn -0.1081 0.6553 -0.7476
vn 0.1405 0.6116 -0.7786
vn -0.5016 -0.8516 -0.1524
vn -0.2557 -0.9540 -0.1567
vn -0.2046 0.3168 0.9261
vn 0.0602 0.2612 0.9634
vn -0.1113 0.7990 -0.5910
vn 0.1325 0.7629 -0.6327
vn -0.4926 -0.8142 -0.3074
vn -0.2468 -0.9146 -0.3202
vn -0.2449 0.1645 0.9555
vn 0.0083 0.1064 0.9943
vn -0.1559 0.8274 -0.5395
vn 0.1042 0.8046 -0.5846
vn -0.4756 -0.7385 -0.4779
vn -0.2320 -0.8340 -0.5006
vn -0.3145 -0.0120 0.9492
vn -0.0696 -0.0674 0.9953
vn -0.1028 0.8455 -0.5240
vn 0.1489 0.8266 -0.5428
vn -0.4558 -0.6242 -0.6345
vn -0.2148 -0.7155 -0.6648
vn -0.3533 -0.0586 0.9337
vn -0.1129 -0.1315 0.9849
vn -0.0442 0.9332 -0.3567
vn 0.2145 0.9048 -0.3678
vn -0.4418 -0.5286 -0.7248
vn -0.2000 -0.6197 -0.7589
vn -0.3311 -0.1191 0.9360
vn -0.1006 -0.2046 0.9737
vn -0.0281 0.9848 -0.1713
vn 0.2367 0.9559 -0.1740
vn -0.4103 -0.4558 -0.7899
vn -0.1751 -0.5408 -0.8227
vn -0.3371 -0.2957 0.8938
vn -0.1022 -0.3777 0.9203
vn -0.0214 0.9998 -0.0042
vn 0.2429 0.9701 -0.0011
vn -0.3693 -0.3536 -0.8594
vn -0.1355 -0.4322 -0.8915
vn -0.3636 -0.4650 0.8072
vn -0.1268 -0.5457 0.8283
vn -0.0563 -0.2431 0.9684
vn -0.1058 -0.4302 0.8965
vn -0.1058 -0.4299 0.8967
vn -0.0563 -0.2430 0.9684
vn 0.2482 0.9560 -0.1564
vn 0.2511 0.9680 -0.0002
vn 0.2511 0.9680 -0.0006
vn 0.2482 0.9560 -0.1565
vn -0.1886 -0.4536 -0.8710
vn -0.1205 -0.3387 -0.9331
vn -0.1875 -0.4511 -0.8726
vn -0.1395 -0.6085 0.7812
vn -0.1394 -0.6071 0.7823
vn 0.2478 0.9560 0.1567
vn 0.2478 0.9561 0.1564
vn -0.0709 -0.2636 -0.9620
vn -0.0708 -0.2633 -0.9621
vn -0.1277 -0.7543 0.6440
vn -0.1286 -0.7516 0.6469
vn 0.2402 0.9166 0.3196
vn 0.2402 0.9165 0.3198
vn -0.0094 -0.1103 -0.9939
vn -0.0096 -0.1110 -0.9938
vn -0.1048 -0.8038 0.5856
vn -0.1050 -0.8047 0.5844
vn 0.2308 0.8356 0.4985
vn 0.2308 0.8353 0.4990
vn 0.0718 0.0550 -0.9959
vn 0.0713 0.0543 -0.9960
vn -0.1486 -0.8360 0.5282
vn -0.1471 -0.8348 0.5305
vn 0.2248 0.7153 0.6617
vn 0.2248 0.7158 0.6611
vn 0.1187 0.1299 -0.9844
vn 0.1188 0.1300 -0.9844
vn -0.2139 -0.9074 0.3619
vn -0.2138 -0.9072 0.3622
vn 0.2183 0.6142 0.7584
vn 0.2185 0.6157 0.7571
vn 0.1084 0.2146 -0.9707
vn 0.1081 0.2170 -0.9702
vn -0.2428 -0.9546 0.1724
vn -0.2429 -0.9547 0.1717
vn 0.1915 0.5317 0.8250
vn 0.1924 0.5337 0.8235
vn 0.1016 0.3836 -0.9179
vn 0.1017 0.3855 -0.9171
vn -0.2507 -0.9681 0.0011
vn -0.2507 -0.9681 0.0004
vn 0.1477 0.4255 0.8928
vn 0.1482 0.4269 0.8920
vn 0.1182 0.5507 -0.8263
vn 0.1182 0.5509 -0.8261
vn -0.2482 -0.9561 -0.1558
vn -0.2482 -0.9561 -0.1560
vn 0.1060 0.3117 0.9442
vn 0.1062 0.3123 0.9440
vn 0.1466 0.6919 -0.7070
vn 0.1464 0.6911 -0.7078
vn -0.2452 -0.9214 -0.3015
vn -0.2452 -0.9215 -0.3013
vn 0.0692 0.2012 0.9771
vn 0.0693 0.2013 0.9771
vn 0.1810 0.7976 -0.5754
vn 0.1807 0.7968 -0.5767
vn -0.2588 -0.8881 -0.3798
vn -0.2589 -0.8881 -0.3799
vn 0.0329 0.0782 0.9964
vn 0.0329 0.0784 0.9964
vn 0.2135 0.8714 -0.4418
vn 0.2133 0.8710 -0.4426
vn -0.2778 -0.8253 -0.4917
vn -0.2779 -0.8236 -0.4944
vn -0.0084 -0.0711 0.9974
vn -0.0083 -0.0709 0.9974
vn 0.2365 0.9225 -0.3049
vn 0.2365 0.9225 -0.3050
vn -0.2591 -0.6647 -0.7007
vn -0.2568 -0.6545 -0.7112
vn -0.6893 0.5968 0.4107
vn -0.7389 0.4724 0.4805
vn -0.7736 0.3443 -0.5320
vn -0.7456 0.4486 -0.4927
vn -0.9451 -0.3157 0.0847
vn -0.9493 -0.3143 -0.0040
vn -0.7767 0.3936 0.4918
vn -0.7199 0.5490 -0.4248
vn -0.9499 -0.3000 -0.0884
vn -0.7897 0.3476 0.5054
vn -0.7078 0.6274 -0.3246
vn -0.9457 -0.2784 -0.1680
vn -0.8092 0.2600 0.5269
vn -0.7301 0.6195 -0.2883
vn -0.9360 -0.2424 -0.2554
vn -0.8427 0.1557 0.5154
vn -0.7172 0.6327 -0.2921
vn -0.9228 -0.1815 -0.3398
vn -0.8585 0.1455 0.4918
vn -0.6983 0.6865 -0.2026
vn -0.9111 -0.1208 -0.3940
vn -0.8404 0.1199 0.5286
vn -0.6876 0.7187 -0.1030
vn -0.8917 -0.0781 -0.4459
vn -0.8493 0.0063 0.5279
vn -0.6790 0.7341 -0.0089
vn -0.8701 -0.0242 -0.4924
vn -0.8676 -0.1049 0.4861
vn -0.6741 0.7340 0.0824
vn -0.8506 0.0345 -0.5248
vn -0.8875 -0.1968 0.4166
vn -0.6774 0.7164 0.1672
vn -0.8340 0.0948 -0.5436
vn -0.9081 -0.2552 0.3319
vn -0.6869 0.6957 0.2102
vn -0.8169 0.1644 -0.5528
vn -0.9260 -0.2855 0.2471
vn -0.6808 0.6745 0.2857
vn -0.7976 0.2481 -0.5498
vn -0.9379 -0.3036 0.1678
vn -0.9732 0.2299 -0.0000
vn -0.9701 0.2426 -0.0079
vn -0.9635 0.2672 -0.0161
vn -0.9714 0.2365 -0.0212
vn -0.9645 0.2629 -0.0264
vn -0.9610 0.2761 -0.0150
vn -0.9669 0.2551 -0.0067
vn -0.9702 0.2415 -0.0203
vn -0.9561 0.2931 0.0007
vn -0.9669 0.2551 0.0060
vn -0.9706 0.2406 -0.0090
vn -0.9609 0.2764 0.0140
vn -0.9704 0.2411 0.0168
vn -0.9729 0.2311 -0.0022
vn -0.9681 0.2502 -0.0147
vn -0.9739 0.2266 0.0116
vn -0.9669 0.2553 0.0045
vn -0.9709 0.2394 -0.0110
vn -0.9731 0.2305 -0.0076
vn -0.9605 0.2765 0.0329
vn -0.9692 0.2456 -0.0157
vn -0.9693 0.2442 -0.0300
vn -0.9654 0.2571 0.0439
vn -0.9657 0.2594 -0.0131
vn -0.9681 0.2486 -0.0301
vn -0.9706 0.2365 0.0439
vn -0.9627 0.2706 -0.0019
vn -0.9687 0.2467 -0.0260
vn -0.9745 0.2212 0.0371
vn -0.9631 0.2689 0.0107
vn -0.9697 0.2430 -0.0234
vn -0.9760 0.2161 0.0253
vn -0.9663 0.2571 0.0096
vn -0.9699 0.2424 -0.0247
vn -0.9756 0.2190 0.0145
vn -0.9659 0.2585 0.0143
vn -0.9688 0.2464 -0.0267
vn -0.9747 0.2235 0.0076
vn -0.9666 0.2552 0.0250
vn -0.9666 0.2547 -0.0275
vn -0.9683 0.2338 0.0877
vn -0.9581 0.2599 0.1201
vn -0.9665 0.2532 0.0426
vn -0.9723 0.2259 0.0599
vn -0.9401 0.2290 -0.2525
vn -0.9324 0.2656 -0.2453
vn -0.9235 0.3053 -0.2322
vn -0.9138 0.3475 -0.2101
vn -0.9011 0.3926 -0.1838
vn -0.8845 0.4379 -0.1609
vn -0.8689 0.4709 -0.1523
vn -0.8802 0.4599 -0.1171
vn -0.8939 0.4413 -0.0791
vn -0.8961 0.4404 -0.0548
vn -0.8892 0.4570 -0.0211
vn -0.8847 0.4653 0.0268
vn -0.8869 0.4554 0.0772
vn -0.8931 0.4377 0.1043
vn -0.9128 0.3913 0.1165
vn -0.9230 0.3617 0.1313
vn -0.9347 0.3294 0.1336
vn -0.9388 0.3082 0.1538
vn -0.9403 0.2986 0.1636
vn -0.9432 0.2732 0.1889
vn -0.9438 0.2358 0.2316
vn -0.9373 0.2152 0.2741
vn -0.9408 0.2022 0.2719
vn -0.9530 0.1638 0.2547
vn -0.9657 0.1098 0.2353
vn -0.9784 0.0513 0.2003
vn -0.9884 0.0132 0.1512
vn -0.9945 0.0044 0.1046
vn -0.9977 0.0101 0.0663
vn -0.9995 0.0209 0.0257
vn -0.9992 0.0370 -0.0160
vn -0.9974 0.0562 -0.0444
vn -0.9960 0.0684 -0.0577
vn -0.9948 0.0700 -0.0741
vn -0.9911 0.0661 -0.1152
vn -0.9799 0.0573 -0.1912
vn -0.9716 0.1041 -0.2126
vn -0.9632 0.1360 -0.2320
vn -0.9558 0.1628 -0.2449
vn -0.9482 0.1926 -0.2527
vn -0.9815 0.1906 -0.0191
vn -0.9656 0.2564 -0.0434
vn -0.9740 0.2256 0.0189
vn -0.9790 0.2030 0.0199
vn -0.9536 0.2636 -0.1457
vn -0.9712 0.2041 -0.1229
vn -0.9581 0.2594 -0.1216
vn -0.9510 0.2649 -0.1596
vn -0.9493 0.3095 0.0549
vn -0.9488 0.3142 0.0317
vn -0.9870 0.1609 -0.0062
vn -0.9822 0.1852 0.0303
vn -0.9617 0.2621 -0.0805
vn -0.9679 0.2386 -0.0787
vn -0.9282 0.3712 0.0271
vn -0.9198 0.3924 -0.0018
vn -0.9853 0.1652 0.0442
vn -0.9811 0.1851 0.0559
vn -0.9700 0.2432 0.0021
vn -0.9787 0.2045 0.0172
vn -0.9413 0.3365 0.0266
vn -0.9361 0.3517 0.0010
vn -0.9734 0.1959 0.1190
vn -0.9769 0.1964 0.0840
vn -0.9714 0.2369 0.0149
vn -0.9799 0.1989 0.0146
vn -0.9554 0.2947 0.0204
vn -0.9480 0.3183 -0.0025
vn -0.9682 0.2162 0.1262
vn -0.9778 0.1997 0.0627
vn -0.9729 0.2301 0.0238
vn -0.9808 0.1946 0.0156
vn -0.9597 0.2806 0.0157
vn -0.9532 0.3023 -0.0075
vn -0.9699 0.2252 0.0927
vn -0.9791 0.2026 0.0184
vn -0.9738 0.2253 0.0295
vn -0.9811 0.1928 0.0186
vn -0.9550 0.2962 0.0136
vn -0.9534 0.3015 -0.0136
vn -0.9677 0.2415 0.0723
vn -0.9760 0.2178 0.0009
vn -0.9739 0.2253 0.0288
vn -0.9807 0.1942 0.0215
vn -0.9495 0.3136 0.0061
vn -0.9502 0.3110 -0.0197
vn -0.9672 0.2506 0.0405
vn -0.9734 0.2290 -0.0013
vn -0.9731 0.2293 0.0222
vn -0.9804 0.1957 0.0241
vn -0.9518 0.3061 -0.0218
vn -0.9498 0.3108 -0.0348
vn -0.9686 0.2444 0.0463
vn -0.9739 0.2263 0.0197
vn -0.9724 0.2332 0.0113
vn -0.9812 0.1913 0.0251
vn -0.9556 0.2874 -0.0653
vn -0.9534 0.2973 -0.0513
vn -0.9713 0.2213 0.0876
vn -0.9760 0.2096 0.0584
vn -0.9699 0.2436 0.0030
vn -0.9792 0.2017 0.0227
vn -0.9598 0.2638 -0.0958
vn -0.9565 0.2852 -0.0607
vn -0.9734 0.1903 0.1277
vn -0.9778 0.1846 0.0991
vn -0.9654 0.2609 -0.0007
vn -0.9737 0.2270 0.0205
vn -0.9632 0.2445 -0.1121
vn -0.9596 0.2727 -0.0686
vn -0.9717 0.2071 0.1137
vn -0.9728 0.2192 0.0753
vn -0.9639 0.2664 0.0009
vn -0.9713 0.2369 0.0203
vn -0.9649 0.2365 -0.1139
vn -0.9610 0.2627 -0.0865
vn -0.9855 -0.1648 -0.0398
vn -0.9810 -0.1920 0.0288
vn -0.9994 0.0175 -0.0307
vn -0.9973 0.0439 -0.0588
vn -0.8167 0.4160 -0.3999
vn -0.8350 0.3382 -0.4340
vn -0.9271 0.3051 -0.2178
vn -0.9172 0.3381 -0.2110
vn -0.8954 0.3583 0.2643
vn -0.8732 0.4202 0.2469
vn -0.9410 0.2998 0.1572
vn -0.9481 0.2855 0.1400
vn -0.9707 -0.2208 0.0953
vn -0.9999 -0.0118 0.0027
vn -0.8485 0.2659 -0.4575
vn -0.9356 0.2686 -0.2292
vn -0.8376 0.4991 0.2220
vn -0.9251 0.3445 0.1595
vn -0.9564 -0.2361 0.1719
vn -0.9979 -0.0232 0.0611
vn -0.8600 0.1951 -0.4716
vn -0.9430 0.2338 -0.2367
vn -0.8015 0.5644 0.1973
vn -0.9080 0.3969 0.1344
vn -0.9359 -0.2252 0.2710
vn -0.9902 -0.0070 0.1395
vn -0.8729 0.1255 -0.4715
vn -0.9505 0.2003 -0.2374
vn -0.7792 0.6102 0.1433
vn -0.8970 0.4332 0.0878
vn -0.9060 -0.1433 0.3984
vn -0.9671 0.0457 0.2504
vn -0.8889 0.0631 -0.4538
vn -0.9603 0.1717 -0.2199
vn -0.7696 0.6365 0.0517
vn -0.8892 0.4565 0.0293
vn -0.8843 -0.0099 0.4669
vn -0.9474 0.1553 0.2798
vn -0.9075 0.0100 -0.4200
vn -0.9710 0.1495 -0.1864
vn -0.7601 0.6492 -0.0279
vn -0.8738 0.4862 0.0007
vn -0.8810 0.0791 0.4665
vn -0.9463 0.1956 0.2574
vn -0.9294 -0.0379 -0.3672
vn -0.9815 0.1304 -0.1403
vn -0.7435 0.6630 -0.0875
vn -0.8528 0.5217 -0.0232
vn -0.8713 0.1400 0.4703
vn -0.9442 0.2231 0.2423
vn -0.9505 -0.0736 -0.3020
vn -0.9890 0.1126 -0.0964
vn -0.7165 0.6838 -0.1377
vn -0.8292 0.5576 -0.0383
vn -0.8645 0.1939 0.4638
vn -0.9368 0.2603 0.2335
vn -0.9682 -0.0997 -0.2293
vn -0.9937 0.0914 -0.0641
vn -0.6945 0.6838 -0.2240
vn -0.8280 0.5510 -0.1039
vn -0.8676 0.2595 0.4242
vn -0.9269 0.3126 0.2075
vn -0.9811 -0.1127 -0.1570
vn -0.9960 0.0781 -0.0444
vn -0.7028 0.6340 -0.3226
vn -0.8487 0.4838 -0.2136
vn -0.8763 0.3313 0.3497
vn -0.9213 0.3566 0.1551
vn -0.9861 -0.1156 -0.1196
vn -0.9946 0.0797 -0.0663
vn -0.7428 0.5664 -0.3571
vn -0.8761 0.4149 -0.2456
vn -0.8898 0.3554 0.2861
vn -0.9346 0.3342 0.1218
vn -0.9865 -0.1340 -0.0944
vn -0.9938 0.0684 -0.0873
vn -0.7865 0.4950 -0.3693
vn -0.9004 0.3730 -0.2239
vn -0.9008 0.3420 0.2675
vn -0.9492 0.2873 0.1285
vn -0.9672 -0.2529 -0.0254
vn -0.9609 -0.2711 0.0570
vn -0.7703 0.4373 -0.4641
vn -0.7384 0.5335 -0.4126
vn -0.9691 -0.2278 -0.0947
vn -0.8531 0.3693 0.3686
vn -0.8467 0.3547 0.3966
vn -0.6946 0.6152 -0.3730
vn -0.9674 -0.2053 -0.1480
vn -0.8398 0.2978 0.4540
vn -0.6578 0.6705 -0.3431
vn -0.9590 -0.1870 -0.2128
vn -0.8312 0.2133 0.5134
vn -0.6594 0.7013 -0.2709
vn -0.9385 -0.1634 -0.3041
vn -0.8223 0.1539 0.5478
vn -0.6890 0.7023 -0.1791
vn -0.9133 -0.1392 -0.3827
vn -0.8283 0.1050 0.5504
vn -0.7103 0.6960 -0.1056
vn -0.8930 -0.0966 -0.4396
vn -0.8455 0.0304 0.5332
vn -0.7128 0.7008 -0.0279
vn -0.8726 -0.0340 -0.4873
vn -0.8594 -0.0759 0.5057
vn -0.7116 0.6995 0.0660
vn -0.8524 0.0282 -0.5222
vn -0.8798 -0.2012 0.4306
vn -0.7201 0.6750 0.1609
vn -0.8344 0.0979 -0.5423
vn -0.9061 -0.2806 0.3166
vn -0.7427 0.6355 0.2111
vn -0.8200 0.1755 -0.5449
vn -0.9303 -0.2964 0.2161
vn -0.7779 0.5783 0.2459
vn -0.8072 0.2581 -0.5308
vn -0.9485 -0.2864 0.1357
vn -0.8137 0.4951 0.3045
vn -0.7915 0.3442 -0.5050
vn -0.8436 0.4084 0.3486
vn 0.9673 -0.2537 -0.0028
vn 0.9668 -0.2557 -0.0020
vn 0.9669 -0.2550 -0.0018
vn 0.9671 -0.2543 -0.0015
vn 0.9670 -0.2547 -0.0018
vn 0.9659 -0.2590 -0.0060
vn 0.9653 -0.2610 -0.0072
vn 0.9664 -0.2571 -0.0010
vn 0.9671 -0.2544 0.0063
vn 0.9674 -0.2528 0.0118
vn 0.9675 -0.2526 0.0102
vn 0.9677 -0.2520 0.0036
vn 0.9683 -0.2499 -0.0052
vn 0.9691 -0.2462 -0.0144
vn 0.9702 -0.2412 -0.0225
vn 0.9661 -0.2581 -0.0067
vn 0.9625 -0.2712 0.0079
vn 0.9654 -0.2606 0.0008
vn 0.9674 -0.2534 -0.0024
vn 0.9689 -0.2473 -0.0040
vn 0.9707 -0.2404 -0.0045
vn 0.9674 -0.2533 -0.0074
vn 0.9633 -0.2682 -0.0095
vn 0.9650 -0.2622 -0.0067
vn 0.9667 -0.2559 -0.0027
vn 0.9677 -0.2521 0.0004
vn 0.9680 -0.2510 0.0017
vn 0.9680 -0.2509 0.0017
vn 0.9679 -0.2513 0.0006
vn 0.9679 -0.2512 0.0015
vn 0.9680 -0.2510 0.0055
vn 0.9681 -0.2507 0.0057
vn 0.9688 -0.2480 -0.0040
vn 0.9701 -0.2419 -0.0190
vn 0.9708 -0.2384 -0.0264
vn 0.9682 -0.2500 -0.0136
vn 0.9645 -0.2639 0.0013
vn 0.9648 -0.2628 0.0011
vn 0.9662 -0.2578 -0.0012
vn 0.9668 -0.2555 -0.0020
vn -0.9695 0.2450 -0.0003
vn -0.8752 0.3060 -0.3747
vn -0.8535 0.0478 -0.5188
vn -0.9927 0.1136 -0.0408
vn -0.9006 0.3177 0.2965
vn -0.8512 0.5232 -0.0402
vn -0.9441 -0.1458 0.2956
vn -0.8930 0.0509 0.4472
vn -0.9092 -0.1389 -0.3924
vn -0.9580 -0.2808 -0.0575
vn -0.8950 -0.0157 -0.4458
vn -0.9668 0.2516 -0.0446
vn -0.8435 0.2192 -0.4903
vn -0.9304 -0.1160 0.3476
vn -0.9978 -0.0663 0.0004
vn -0.7555 0.5551 0.3480
vn -0.9179 0.2393 0.3165
vn -0.7741 0.4498 -0.4454
vn -0.8389 0.5443 0.0012
vn -0.9926 0.0847 0.0869
vn -0.9547 0.0893 0.2837
vn -0.5790 -0.0288 0.8148
vn -0.9934 0.0045 0.1148
vn -0.8899 -0.4009 0.2176
vn -0.8756 -0.4036 -0.2654
vn -0.9820 -0.0046 -0.1890
vn -0.9981 0.0327 0.0517
vn -0.9698 0.0709 0.2333
vn -0.9268 0.0756 -0.3678
vn -0.9795 0.0785 -0.1853
vn -0.5503 -0.0362 -0.8342
vn -0.2672 -0.3136 -0.9112
vn 0.5387 0.5264 -0.6578
vn 0.7335 0.2187 -0.6436
vn -0.3874 -0.1719 -0.9057
vn -0.5930 -0.7455 0.3043
vn -0.5863 -0.7431 -0.3225
vn -0.9407 0.0599 -0.3339
vn -0.9860 0.0282 -0.1646
vn 0.4816 -0.0209 0.8762
vn 0.4991 -0.0188 -0.8663
vn -0.4005 -0.1729 0.8998
vn 0.7208 0.2134 0.6595
vn -0.6433 -0.6848 0.3425
vn -0.6417 -0.6842 -0.3465
vn -0.2913 -0.3518 0.8896
vn -0.2719 -0.3151 0.9093
vn 0.4468 0.4966 0.7441
vn 0.5687 0.3799 0.7296
vn -0.3545 -0.2078 0.9117
vn -0.8241 -0.4338 0.3644
vn -0.9307 -0.0818 0.3566
vn -0.9307 -0.0818 -0.3566
vn -0.8240 -0.4338 -0.3644
vn -0.2896 -0.3521 -0.8900
vn -0.4431 -0.0595 -0.8945
vn 0.6099 0.1087 -0.7850
vn 0.5687 0.3799 -0.7296
vn -0.3545 -0.2079 -0.9117
vn -0.4431 -0.0595 0.8945
vn -0.4334 0.1126 0.8941
vn -0.9189 0.1599 0.3606
vn 0.6640 -0.1387 -0.7348
vn -0.3794 0.0986 -0.9200
vn -0.8739 0.2271 -0.4297
vn 0.6099 0.1087 0.7850
vn 0.6810 -0.1769 0.7106
vn 0.4472 0.4980 -0.7430
vn 0.5346 0.5226 0.6642
vn -0.9132 0.3847 0.1343
vn -0.8749 0.4615 0.1471
vn -0.4863 0.2951 0.8225
vn -0.8747 0.3642 0.3198
vn -0.8753 0.4611 -0.1458
vn -0.5880 0.7734 -0.2367
vn -0.5879 0.7735 0.2369
vn -0.8793 0.3847 0.2808
vn -0.8953 0.4322 0.1080
vn -0.8760 0.3636 -0.3169
vn -0.4869 0.2949 -0.8222
vn -0.9138 0.3845 -0.1312
vn -0.0845 0.4066 -0.9097
vn -0.2651 0.3411 -0.9019
vn 0.5380 -0.5355 -0.6510
vn 0.2185 -0.7182 -0.6607
vn -0.1582 0.9369 -0.3118
vn -0.1582 0.9369 0.3118
vn -0.8804 0.3848 -0.2770
vn -0.8957 0.4322 -0.1040
vn 0.4431 -0.2140 0.8706
vn 0.4432 -0.2141 -0.8705
vn -0.2650 0.3412 0.9019
vn 0.5380 -0.5355 0.6510
vn -0.2291 0.9106 -0.3441
vn -0.2291 0.9106 0.3441
vn -0.0832 0.4490 0.8897
vn -0.0845 0.4066 0.9097
vn 0.1500 -0.6519 0.7434
vn -0.2085 0.3541 0.9117
vn 0.3120 -0.6086 0.7295
vn -0.5087 0.7800 0.3644
vn -0.5087 0.7800 -0.3644
vn -0.7732 0.5245 -0.3566
vn -0.7732 0.5245 0.3566
vn -0.0832 0.4490 -0.8897
vn -0.3581 0.2677 -0.8945
vn -0.2085 0.3541 -0.9117
vn 0.3120 -0.6086 -0.7295
vn 0.4799 -0.3918 -0.7850
vn -0.3581 0.2677 0.8945
vn 0.4799 -0.3918 0.7850
vn 0.1500 -0.6519 -0.7434
vn 0.2185 -0.7182 0.6607
vn -0.9804 0.1874 -0.0604
vn -0.9688 0.2403 -0.0601
vn -0.9684 0.2445 -0.0501
vn -0.9759 0.2162 -0.0300
vn -0.9648 0.2441 0.0974
vn -0.9694 0.2421 0.0405
vn -0.9817 0.1813 -0.0580
vn -0.9709 0.2347 -0.0482
vn -0.9641 0.2453 0.1016
vn -0.9814 0.1905 -0.0249
vn -0.9738 0.2236 -0.0424
vn -0.9590 0.2758 0.0644
vn -0.9753 0.2188 0.0295
vn -0.9759 0.2165 -0.0281
vn -0.9552 0.2954 0.0205
vn -0.9612 0.2612 0.0891
vn -0.9771 0.2128 -0.0012
vn -0.9520 0.3062 0.0021
vn -0.9451 0.3093 0.1052
vn -0.9766 0.2131 0.0301
vn -0.9461 0.3228 0.0264
vn -0.9470 0.3092 0.0867
vn -0.9747 0.2164 0.0552
vn -0.9391 0.3419 0.0343
vn -0.9507 0.3024 0.0686
vn -0.9736 0.2190 0.0648
vn -0.9325 0.3578 0.0488
vn -0.9450 0.3210 0.0631
vn -0.9744 0.2167 0.0602
vn -0.9436 0.3309 0.0100
vn -0.9294 0.3649 0.0559
vn -0.9763 0.2121 0.0418
vn -0.9606 0.2617 -0.0931
vn -0.9179 0.3948 0.0399
vn -0.9758 0.2171 -0.0253
vn -0.9673 0.2160 -0.1330
vn -0.9372 0.3458 0.0462
vn -0.9744 0.2125 -0.0734
vn -0.9707 0.2139 -0.1093
vn -0.9577 0.2791 0.0700
vt 0.961503 0.280604
vt 0.964971 0.280604
vt 0.964971 0.299591
vt 0.961503 0.299590
vt 0.961503 0.033779
vt 0.964971 0.033779
vt 0.964971 0.052765
vt 0.961503 0.052765
vt 0.961503 0.546416
vt 0.964971 0.546416
vt 0.964971 0.565402
vt 0.961503 0.565402
vt 0.964971 0.318577
vt 0.961503 0.318577
vt 0.964971 0.071752
vt 0.961503 0.071752
vt 0.964971 0.584389
vt 0.961503 0.584389
vt 0.964971 0.337564
vt 0.961503 0.337564
vt 0.964971 0.090739
vt 0.961503 0.090739
vt 0.964971 0.603375
vt 0.961503 0.603375
vt 0.964971 0.356550
vt 0.961503 0.356550
vt 0.964971 0.109725
vt 0.961503 0.109725
vt 0.964971 0.622362
vt 0.961503 0.622362
vt 0.964971 0.375537
vt 0.961503 0.375537
vt 0.964971 0.128712
vt 0.961503 0.128712
vt 0.964971 0.641348
vt 0.961503 0.641348
vt 0.964971 0.394523
vt 0.961503 0.394523
vt 0.964971 0.147698
vt 0.961503 0.147698
vt 0.964971 0.660335
vt 0.961503 0.660335
vt 0.964971 0.413510
vt 0.961503 0.413510
vt 0.964971 0.166685
vt 0.961503 0.166685
vt 0.964971 0.679321
vt 0.961503 0.679321
vt 0.964971 0.432496
vt 0.961503 0.432496
vt 0.964971 0.185671
vt 0.961503 0.185671
vt 0.964971 0.698308
vt 0.961503 0.698308
vt 0.964971 0.451483
vt 0.961503 0.451483
vt 0.964971 0.204658
vt 0.961503 0.204658
vt 0.964971 0.717295
vt 0.961503 0.717295
vt 0.964971 0.470469
vt 0.961503 0.470469
vt 0.964971 0.223644
vt 0.961503 0.223644
vt 0.964971 0.736281
vt 0.961503 0.736281
vt 0.964971 0.489456
vt 0.961503 0.489456
vt 0.964971 0.242631
vt 0.961503 0.242631
vt 0.964971 0.755268
vt 0.961503 0.755268
vt 0.964971 0.508442
vt 0.961503 0.508442
vt 0.964971 0.261617
vt 0.961503 0.261617
vt 0.964971 0.774254
vt 0.961503 0.774254
vt 0.964971 0.527429
vt 0.961503 0.527429
vt 0.961503 0.014792
vt 0.964971 0.014792
vt 0.965841 0.033779
vt 0.965841 0.052765
vt 0.965841 0.546416
vt 0.965841 0.565402
vt 0.965841 0.299591
vt 0.965841 0.318577
vt 0.965841 0.071752
vt 0.965841 0.584389
vt 0.965841 0.337564
vt 0.965841 0.090739
vt 0.965841 0.603375
vt 0.965841 0.356550
vt 0.965841 0.109725
vt 0.965841 0.622362
vt 0.965841 0.375537
vt 0.965841 0.128712
vt 0.965841 0.641348
vt 0.965841 0.394523
vt 0.965841 0.147698
vt 0.965841 0.660335
vt 0.965841 0.413510
vt 0.965841 0.166685
vt 0.965841 0.679321
vt 0.965841 0.432496
vt 0.965841 0.185671
vt 0.965841 0.698308
vt 0.965841 0.451483
vt 0.965841 0.204658
vt 0.965841 0.717295
vt 0.965841 0.470469
vt 0.965841 0.223644
vt 0.965841 0.736281
vt 0.965841 0.489456
vt 0.965841 0.242631
vt 0.965841 0.755268
vt 0.965841 0.508442
vt 0.965841 0.261617
vt 0.965841 0.774254
vt 0.965841 0.527429
vt 0.965841 0.280604
vt 0.965841 0.014792
vt 0.967005 0.546416
vt 0.967005 0.565402
vt 0.967005 0.299591
vt 0.967005 0.318577
vt 0.967005 0.052765
vt 0.967005 0.071752
vt 0.967005 0.584389
vt 0.967005 0.337564
vt 0.967005 0.090739
vt 0.967005 0.603375
vt 0.967005 0.356550
vt 0.967005 0.109725
vt 0.967005 0.622362
vt 0.967005 0.375537
vt 0.967005 0.128712
vt 0.967005 0.641348
vt 0.967005 0.394523
vt 0.967005 0.147698
vt 0.967005 0.660335
vt 0.967005 0.413510
vt 0.967005 0.166685
vt 0.967005 0.679321
vt 0.967005 0.432496
vt 0.967005 0.185671
vt 0.967005 0.698308
vt 0.967005 0.451483
vt 0.967005 0.204658
vt 0.967005 0.717294
vt 0.967005 0.470469
vt 0.967005 0.223644
vt 0.967005 0.736281
vt 0.967005 0.489456
vt 0.967005 0.242631
vt 0.967005 0.755268
vt 0.967005 0.508443
vt 0.967005 0.261617
vt 0.967005 0.774254
vt 0.967005 0.527429
vt 0.967005 0.280604
vt 0.967005 0.014792
vt 0.967005 0.033779
vt 0.967814 0.299590
vt 0.967814 0.318577
vt 0.967814 0.052765
vt 0.967814 0.071752
vt 0.967814 0.565402
vt 0.967814 0.584389
vt 0.967814 0.337564
vt 0.967814 0.090739
vt 0.967814 0.603375
vt 0.967814 0.356550
vt 0.967814 0.109725
vt 0.967814 0.622362
vt 0.967814 0.375537
vt 0.967814 0.128712
vt 0.967814 0.641348
vt 0.967814 0.394523
vt 0.967814 0.147698
vt 0.967814 0.660335
vt 0.967814 0.413510
vt 0.967814 0.166685
vt 0.967814 0.679321
vt 0.967814 0.432496
vt 0.967814 0.185671
vt 0.967814 0.698308
vt 0.967814 0.451483
vt 0.967814 0.204658
vt 0.967814 0.717294
vt 0.967814 0.470469
vt 0.967814 0.223644
vt 0.967814 0.736281
vt 0.967814 0.489456
vt 0.967814 0.242631
vt 0.967814 0.755268
vt 0.967814 0.508442
vt 0.967814 0.261617
vt 0.967814 0.774254
vt 0.967814 0.527429
vt 0.967814 0.280604
vt 0.967814 0.014792
vt 0.967814 0.033779
vt 0.967814 0.546416
vt 0.969908 0.052765
vt 0.969908 0.071752
vt 0.969908 0.565402
vt 0.969908 0.584389
vt 0.969908 0.318577
vt 0.969909 0.337564
vt 0.969909 0.090739
vt 0.969908 0.603375
vt 0.969908 0.356550
vt 0.969908 0.109725
vt 0.969908 0.622362
vt 0.969908 0.375537
vt 0.969909 0.128712
vt 0.969908 0.641348
vt 0.969908 0.394523
vt 0.969908 0.147698
vt 0.969909 0.660335
vt 0.969908 0.413510
vt 0.969908 0.166685
vt 0.969908 0.679321
vt 0.969909 0.432496
vt 0.969909 0.185671
vt 0.969908 0.698308
vt 0.969909 0.451483
vt 0.969908 0.204658
vt 0.969908 0.717295
vt 0.969908 0.470469
vt 0.969908 0.223644
vt 0.969908 0.736281
vt 0.969909 0.489456
vt 0.969909 0.242631
vt 0.969908 0.755268
vt 0.969908 0.508442
vt 0.969908 0.261617
vt 0.969908 0.774254
vt 0.969909 0.527429
vt 0.969908 0.280604
vt 0.969908 0.014792
vt 0.969908 0.033779
vt 0.969908 0.546416
vt 0.969908 0.299590
vt 0.970802 0.584389
vt 0.970802 0.603375
vt 0.970802 0.337564
vt 0.970802 0.356550
vt 0.970802 0.090739
vt 0.970802 0.109725
vt 0.970802 0.622362
vt 0.970802 0.375537
vt 0.970802 0.128712
vt 0.970802 0.641348
vt 0.970802 0.147698
vt 0.970802 0.660335
vt 0.970802 0.394523
vt 0.970802 0.413510
vt 0.970802 0.166685
vt 0.970802 0.679321
vt 0.970802 0.432496
vt 0.970802 0.185671
vt 0.970802 0.698308
vt 0.970802 0.451483
vt 0.970802 0.204658
vt 0.970802 0.717294
vt 0.970802 0.470469
vt 0.970802 0.223644
vt 0.970802 0.736281
vt 0.970802 0.489456
vt 0.970802 0.242631
vt 0.970802 0.755268
vt 0.970802 0.508443
vt 0.970802 0.261617
vt 0.970802 0.774254
vt 0.970802 0.527429
vt 0.970802 0.280604
vt 0.970802 0.014792
vt 0.970802 0.033779
vt 0.970802 0.546416
vt 0.970802 0.299590
vt 0.970802 0.052765
vt 0.970802 0.565402
vt 0.970802 0.318577
vt 0.970802 0.071752
vt 0.992496 0.616987
vt 0.993873 0.616987
vt 0.993873 0.637146
vt 0.992496 0.637146
vt 0.992496 0.354915
vt 0.993873 0.354915
vt 0.993873 0.375075
vt 0.992496 0.375075
vt 0.992496 0.092844
vt 0.993873 0.092844
vt 0.993873 0.113003
vt 0.992496 0.113003
vt 0.993873 0.657306
vt 0.992496 0.657306
vt 0.993873 0.395234
vt 0.992496 0.395234
vt 0.993873 0.133163
vt 0.992496 0.133163
vt 0.993873 0.677465
vt 0.992496 0.677465
vt 0.993873 0.415393
vt 0.992496 0.415393
vt 0.993873 0.153322
vt 0.992496 0.153322
vt 0.993873 0.697624
vt 0.992496 0.697624
vt 0.993873 0.435553
vt 0.992496 0.435553
vt 0.993873 0.173481
vt 0.992496 0.173481
vt 0.993873 0.717784
vt 0.992496 0.717784
vt 0.993873 0.455712
vt 0.992496 0.455712
vt 0.993873 0.193641
vt 0.992496 0.193641
vt 0.993873 0.737943
vt 0.992496 0.737943
vt 0.993873 0.475872
vt 0.992496 0.475871
vt 0.993873 0.213800
vt 0.992496 0.213800
vt 0.993873 0.758102
vt 0.992496 0.758102
vt 0.993873 0.496031
vt 0.992496 0.496031
vt 0.993873 0.233959
vt 0.992496 0.233959
vt 0.993873 0.778262
vt 0.992496 0.778262
vt 0.993873 0.516190
vt 0.992496 0.516190
vt 0.993873 0.254119
vt 0.992496 0.254119
vt 0.993873 0.798421
vt 0.992496 0.798421
vt 0.993873 0.536349
vt 0.992496 0.536349
vt 0.993873 0.274278
vt 0.992496 0.274278
vt 0.993873 0.818580
vt 0.992496 0.818580
vt 0.993873 0.556509
vt 0.992496 0.556509
vt 0.993873 0.294437
vt 0.992496 0.294437
vt 0.992496 0.012207
vt 0.993873 0.012207
vt 0.993873 0.032366
vt 0.992496 0.032366
vt 0.993873 0.576668
vt 0.992496 0.576668
vt 0.993873 0.314597
vt 0.992496 0.314597
vt 0.993873 0.052525
vt 0.992496 0.052525
vt 0.993873 0.596828
vt 0.992496 0.596828
vt 0.993873 0.334756
vt 0.992496 0.334756
vt 0.993873 0.072685
vt 0.992496 0.072685
vt 0.936298 0.357647
vt 0.936298 0.339493
vt 0.951486 0.339493
vt 0.951486 0.357647
vt 0.936298 0.593638
vt 0.936298 0.575485
vt 0.951486 0.575485
vt 0.951486 0.593638
vt 0.936298 0.103502
vt 0.936298 0.085349
vt 0.951487 0.085349
vt 0.951487 0.103502
vt 0.936298 0.321340
vt 0.951486 0.321340
vt 0.936298 0.557331
vt 0.951486 0.557331
vt 0.936298 0.067195
vt 0.951487 0.067195
vt 0.936298 0.303187
vt 0.951486 0.303187
vt 0.936298 0.539178
vt 0.951486 0.539178
vt 0.936298 0.049042
vt 0.951487 0.049042
vt 0.936298 0.285034
vt 0.951486 0.285034
vt 0.936298 0.521025
vt 0.951486 0.521025
vt 0.936299 0.030889
vt 0.951487 0.030889
vt 0.936298 0.266881
vt 0.951486 0.266881
vt 0.936298 0.502872
vt 0.951486 0.502872
vt 0.936299 0.012736
vt 0.951487 0.012736
vt 0.936298 0.248728
vt 0.951486 0.248728
vt 0.936298 0.484719
vt 0.951486 0.484719
vt 0.936299 0.738863
vt 0.936299 0.720709
vt 0.951487 0.720709
vt 0.951487 0.738862
vt 0.936298 0.230574
vt 0.951486 0.230574
vt 0.936298 0.466566
vt 0.951486 0.466566
vt 0.936299 0.702556
vt 0.951487 0.702556
vt 0.936298 0.212421
vt 0.951486 0.212421
vt 0.936298 0.448413
vt 0.951486 0.448412
vt 0.936298 0.684403
vt 0.951487 0.684403
vt 0.936298 0.194268
vt 0.951486 0.194268
vt 0.936298 0.430259
vt 0.951486 0.430259
vt 0.936298 0.666250
vt 0.951487 0.666250
vt 0.936298 0.176115
vt 0.951486 0.176115
vt 0.936298 0.412106
vt 0.951486 0.412106
vt 0.936298 0.648097
vt 0.951487 0.648097
vt 0.936298 0.157962
vt 0.951486 0.157962
vt 0.936298 0.393953
vt 0.951486 0.393953
vt 0.936298 0.629944
vt 0.951486 0.629944
vt 0.936298 0.139808
vt 0.951486 0.139808
vt 0.936298 0.375800
vt 0.951486 0.375800
vt 0.936298 0.611791
vt 0.951486 0.611791
vt 0.936298 0.121655
vt 0.951487 0.121655
vt 0.994829 0.697624
vt 0.994829 0.717784
vt 0.994829 0.435553
vt 0.994829 0.455712
vt 0.994829 0.173481
vt 0.994829 0.193641
vt 0.994829 0.737943
vt 0.994829 0.475871
vt 0.994829 0.213800
vt 0.994829 0.758102
vt 0.994829 0.496031
vt 0.994829 0.233959
vt 0.994829 0.778262
vt 0.994829 0.516190
vt 0.994829 0.254119
vt 0.994829 0.798421
vt 0.994829 0.536350
vt 0.994829 0.274278
vt 0.994829 0.818580
vt 0.994829 0.556509
vt 0.994829 0.294437
vt 0.994829 0.012207
vt 0.994829 0.032366
vt 0.994829 0.576668
vt 0.994829 0.314597
vt 0.994829 0.052525
vt 0.994829 0.596828
vt 0.994829 0.334756
vt 0.994829 0.072685
vt 0.994829 0.616987
vt 0.994829 0.354915
vt 0.994829 0.092844
vt 0.994829 0.637146
vt 0.994829 0.375075
vt 0.994829 0.113003
vt 0.994829 0.657305
vt 0.994829 0.395234
vt 0.994829 0.133163
vt 0.994829 0.677465
vt 0.994829 0.415393
vt 0.994829 0.153322
vt 0.995964 0.173481
vt 0.995964 0.193641
vt 0.995964 0.717784
vt 0.995964 0.737943
vt 0.995964 0.455712
vt 0.995964 0.475871
vt 0.995964 0.213800
vt 0.995964 0.758102
vt 0.995964 0.496031
vt 0.995964 0.233959
vt 0.995964 0.778262
vt 0.995964 0.516190
vt 0.995964 0.254119
vt 0.995964 0.798421
vt 0.995964 0.536349
vt 0.995964 0.274278
vt 0.995964 0.818580
vt 0.995964 0.556509
vt 0.995964 0.294437
vt 0.995964 0.012207
vt 0.995964 0.032366
vt 0.995964 0.576668
vt 0.995964 0.314597
vt 0.995964 0.052525
vt 0.995964 0.596828
vt 0.995964 0.334756
vt 0.995964 0.072685
vt 0.995964 0.616987
vt 0.995964 0.354915
vt 0.995964 0.092844
vt 0.995964 0.637146
vt 0.995964 0.375075
vt 0.995964 0.113003
vt 0.995964 0.657306
vt 0.995964 0.395234
vt 0.995964 0.133163
vt 0.995964 0.677465
vt 0.995964 0.415393
vt 0.995964 0.153322
vt 0.995964 0.697624
vt 0.995964 0.435553
vt 0.575613 0.864548
vt 0.576918 0.857291
vt 0.593351 0.861547
vt 0.592515 0.866202
vt 0.719224 0.829504
vt 0.711907 0.814947
vt 0.720772 0.809561
vt 0.728841 0.825553
vt 0.702364 0.801735
vt 0.710293 0.795028
vt 0.690890 0.790167
vt 0.697677 0.782308
vt 0.677760 0.780528
vt 0.683239 0.771710
vt 0.663293 0.773053
vt 0.667332 0.763492
vt 0.647844 0.767921
vt 0.650344 0.757851
vt 0.631788 0.765257
vt 0.632691 0.754924
vt 0.615519 0.765123
vt 0.614804 0.754779
vt 0.599433 0.767522
vt 0.597118 0.757417
vt 0.583926 0.772400
vt 0.580062 0.762770
vt 0.569339 0.779581
vt 0.564040 0.770691
vt 0.556077 0.788989
vt 0.549455 0.781023
vt 0.544438 0.800329
vt 0.536664 0.793492
vt 0.534706 0.813328
vt 0.525973 0.807784
vt 0.527111 0.827666
vt 0.517636 0.823543
vt 0.521826 0.842991
vt 0.511840 0.840381
vt 0.518963 0.858932
vt 0.508707 0.857884
vt 0.518570 0.875109
vt 0.508286 0.875632
vt 0.520634 0.891146
vt 0.510554 0.893212
vt 0.525081 0.906677
vt 0.515424 0.910233
vt 0.531713 0.921353
vt 0.522755 0.926308
vt 0.533699 0.925846
vt 0.543745 0.938665
vt 0.536060 0.945640
vt 0.525074 0.931557
vt 0.555604 0.949876
vt 0.549050 0.957931
vt 0.569007 0.959169
vt 0.563750 0.968123
vt 0.583661 0.966310
vt 0.579834 0.975962
vt 0.599233 0.971119
vt 0.596935 0.981245
vt 0.615360 0.973473
vt 0.614651 0.983834
vt 0.631657 0.973307
vt 0.632558 0.983654
vt 0.647730 0.970618
vt 0.650226 0.980703
vt 0.663188 0.965461
vt 0.667226 0.975049
vt 0.677692 0.958011
vt 0.683158 0.966836
vt 0.690834 0.948347
vt 0.697614 0.956228
vt 0.702318 0.936765
vt 0.710242 0.943495
vt 0.711859 0.923541
vt 0.720733 0.928954
vt 0.719225 0.908995
vt 0.728830 0.912961
vt 0.724237 0.893483
vt 0.734340 0.895905
vt 0.726773 0.877384
vt 0.737128 0.878204
vt 0.726774 0.861089
vt 0.737128 0.860289
vt 0.724239 0.844998
vt 0.734342 0.842596
vt 0.647673 0.828973
vt 0.653622 0.833346
vt 0.642514 0.846200
vt 0.638702 0.843396
vt 0.647601 0.909433
vt 0.641032 0.912830
vt 0.634440 0.897138
vt 0.638651 0.894961
vt 0.575438 0.871926
vt 0.592406 0.870935
vt 0.641117 0.825579
vt 0.634500 0.841221
vt 0.653565 0.905059
vt 0.642473 0.892158
vt 0.576397 0.879256
vt 0.593027 0.875639
vt 0.634114 0.823248
vt 0.630012 0.839727
vt 0.658774 0.899812
vt 0.645812 0.888795
vt 0.578468 0.886378
vt 0.594367 0.880208
vt 0.626835 0.822035
vt 0.625347 0.838949
vt 0.663103 0.893818
vt 0.648586 0.884954
vt 0.581910 0.893828
vt 0.596580 0.884950
vt 0.619457 0.821969
vt 0.620619 0.838906
vt 0.666446 0.887225
vt 0.650729 0.880729
vt 0.586754 0.900468
vt 0.599650 0.889184
vt 0.612161 0.823051
vt 0.615943 0.839598
vt 0.668722 0.880193
vt 0.652188 0.876223
vt 0.592143 0.905637
vt 0.603099 0.892507
vt 0.605122 0.825253
vt 0.611431 0.841010
vt 0.669876 0.872894
vt 0.652928 0.871545
vt 0.598239 0.909902
vt 0.607006 0.895248
vt 0.598514 0.828525
vt 0.607195 0.843106
vt 0.669881 0.865506
vt 0.652932 0.866810
vt 0.604905 0.913172
vt 0.611279 0.897349
vt 0.592493 0.832781
vt 0.603336 0.845833
vt 0.668736 0.858208
vt 0.652198 0.862133
vt 0.611985 0.915371
vt 0.615819 0.898762
vt 0.587207 0.837920
vt 0.599947 0.849127
vt 0.666471 0.851177
vt 0.650746 0.857627
vt 0.619313 0.916448
vt 0.620517 0.899455
vt 0.582783 0.843816
vt 0.597111 0.852906
vt 0.663136 0.844587
vt 0.648610 0.853403
vt 0.626714 0.916378
vt 0.625262 0.899411
vt 0.579327 0.850325
vt 0.594895 0.857080
vt 0.658819 0.838593
vt 0.645844 0.849562
vt 0.634012 0.915163
vt 0.629940 0.898633
vt 0.656851 0.950447
vt 0.643793 0.954788
vt 0.642157 0.948223
vt 0.654215 0.944216
vt 0.680248 0.802520
vt 0.689923 0.812284
vt 0.684770 0.816656
vt 0.675839 0.807640
vt 0.537533 0.847084
vt 0.542009 0.834134
vt 0.548189 0.836816
vt 0.544052 0.848780
vt 0.630218 0.957053
vt 0.629619 0.950313
vt 0.697959 0.823439
vt 0.692188 0.826955
vt 0.548433 0.822027
vt 0.554126 0.825634
vt 0.616453 0.957190
vt 0.616905 0.950435
vt 0.704167 0.835702
vt 0.697920 0.838278
vt 0.556658 0.811058
vt 0.561725 0.815505
vt 0.602827 0.955195
vt 0.604318 0.948588
vt 0.708385 0.848785
vt 0.701812 0.850357
vt 0.566490 0.801494
vt 0.570806 0.806676
vt 0.589663 0.951121
vt 0.592157 0.944816
vt 0.710517 0.862366
vt 0.703779 0.862897
vt 0.577692 0.793572
vt 0.581152 0.799362
vt 0.577270 0.945065
vt 0.580706 0.939209
vt 0.710512 0.876116
vt 0.703772 0.875592
vt 0.589986 0.787480
vt 0.592505 0.793739
vt 0.565930 0.937171
vt 0.570231 0.931895
vt 0.708368 0.889700
vt 0.701790 0.888133
vt 0.603082 0.783380
vt 0.604597 0.789955
vt 0.555890 0.927616
vt 0.560962 0.923034
vt 0.704135 0.902787
vt 0.697880 0.900216
vt 0.616659 0.781364
vt 0.617133 0.788096
vt 0.547321 0.916593
vt 0.552569 0.911584
vt 0.697917 0.915059
vt 0.692137 0.911545
vt 0.630388 0.781483
vt 0.629809 0.788208
vt 0.546046 0.913666
vt 0.540314 0.901081
vt 0.546669 0.898718
vt 0.689863 0.926215
vt 0.684700 0.921844
vt 0.643935 0.783736
vt 0.642317 0.790291
vt 0.536524 0.887869
vt 0.543138 0.886492
vt 0.680169 0.935983
vt 0.675749 0.930862
vt 0.656969 0.788071
vt 0.654350 0.794296
vt 0.534769 0.874266
vt 0.541503 0.873909
vt 0.669072 0.944124
vt 0.665501 0.938377
vt 0.669173 0.794383
vt 0.665616 0.800126
vt 0.535104 0.860567
vt 0.541808 0.861242
vt 0.659643 0.957049
vt 0.645526 0.961739
vt 0.684917 0.797095
vt 0.672940 0.788299
vt 0.672853 0.950207
vt 0.528011 0.859852
vt 0.527649 0.874641
vt 0.659742 0.781476
vt 0.684853 0.941407
vt 0.529537 0.889317
vt 0.645647 0.776792
vt 0.695333 0.930843
vt 0.533606 0.903553
vt 0.630999 0.774359
vt 0.704039 0.918779
vt 0.539721 0.917063
vt 0.616155 0.774234
vt 0.710761 0.905509
vt 0.541297 0.920668
vt 0.550546 0.932474
vt 0.601477 0.776417
vt 0.715335 0.891357
vt 0.561391 0.942755
vt 0.587317 0.780849
vt 0.717651 0.876669
vt 0.573640 0.951263
vt 0.574028 0.787443
vt 0.717654 0.861802
vt 0.587029 0.957794
vt 0.561917 0.796007
vt 0.715346 0.847118
vt 0.601252 0.962190
vt 0.551291 0.806349
vt 0.710788 0.832971
vt 0.615977 0.964341
vt 0.542404 0.818210
vt 0.704068 0.819714
vt 0.630854 0.964190
vt 0.535465 0.831296
vt 0.695381 0.807652
vt 0.530633 0.845289
vt 0.382091 0.867290
vt 0.494603 0.876145
vt 0.491832 0.893637
vt 0.486360 0.910480
vt 0.478320 0.926259
vt 0.467910 0.940587
vt 0.455388 0.953109
vt 0.441060 0.963519
vt 0.425281 0.971559
vt 0.408438 0.977032
vt 0.390946 0.979802
vt 0.373236 0.979802
vt 0.355745 0.977031
vt 0.338902 0.971559
vt 0.323122 0.963519
vt 0.308795 0.953109
vt 0.296272 0.940587
vt 0.285862 0.926259
vt 0.277822 0.910480
vt 0.272350 0.893637
vt 0.269579 0.876145
vt 0.269580 0.858435
vt 0.272350 0.840944
vt 0.277823 0.824101
vt 0.285863 0.808321
vt 0.296272 0.793994
vt 0.308795 0.781471
vt 0.323122 0.771062
vt 0.338902 0.763022
vt 0.355745 0.757549
vt 0.373236 0.754779
vt 0.390946 0.754779
vt 0.408438 0.757549
vt 0.425281 0.763022
vt 0.441060 0.771062
vt 0.455388 0.781471
vt 0.467910 0.793994
vt 0.478320 0.808321
vt 0.486360 0.824101
vt 0.491832 0.840944
vt 0.494603 0.858436
vt 0.622685 0.869130
vt 0.979492 0.072685
vt 0.979492 0.092844
vt 0.979492 0.334756
vt 0.979492 0.354915
vt 0.979492 0.596828
vt 0.979492 0.616987
vt 0.979492 0.052525
vt 0.979492 0.314597
vt 0.979492 0.576668
vt 0.979492 0.032366
vt 0.979492 0.294437
vt 0.979492 0.556509
vt 0.979492 0.012207
vt 0.979492 0.274278
vt 0.979492 0.536349
vt 0.979492 0.798421
vt 0.979492 0.818580
vt 0.979492 0.254119
vt 0.979492 0.516190
vt 0.979492 0.778262
vt 0.979492 0.233959
vt 0.979492 0.496031
vt 0.979492 0.758102
vt 0.979492 0.213800
vt 0.979492 0.475871
vt 0.979492 0.737943
vt 0.979492 0.193641
vt 0.979492 0.455712
vt 0.979492 0.717784
vt 0.979492 0.173481
vt 0.979492 0.435553
vt 0.979492 0.697624
vt 0.979492 0.153322
vt 0.979492 0.415393
vt 0.979492 0.677465
vt 0.979492 0.133163
vt 0.979492 0.395234
vt 0.979492 0.657305
vt 0.979492 0.113003
vt 0.979492 0.375075
vt 0.979492 0.637146
vt 0.985905 0.962556
vt 0.990540 0.967372
vt 0.980631 0.971866
vt 0.973706 0.964135
vt 0.979493 0.961393
vt 0.971132 0.975959
vt 0.970610 0.969647
vt 0.991557 0.974358
vt 0.988210 0.981994
vt 0.975231 0.981883
vt 0.032655 0.702584
vt 0.026588 0.711268
vt 0.026589 0.700580
vt 0.036868 0.714658
vt 0.036568 0.707913
vt 0.016310 0.714657
vt 0.020048 0.721335
vt 0.020524 0.702584
vt 0.016611 0.707911
vt 0.033130 0.721335
vt 0.692844 0.104179
vt 0.695666 0.104438
vt 0.696285 0.113735
vt 0.692779 0.113548
vt 0.692713 0.119543
vt 0.686823 0.119104
vt 0.687520 0.113206
vt 0.693079 0.100989
vt 0.694664 0.102315
vt 0.685995 0.103696
vt 0.688830 0.103856
vt 0.684026 0.112892
vt 0.682179 0.125523
vt 0.679633 0.125178
vt 0.680423 0.119193
vt 0.682348 0.119043
vt 0.692302 0.126116
vt 0.686773 0.125896
vt 0.687312 0.101739
vt 0.689083 0.100672
vt 0.697947 0.114057
vt 0.682325 0.112970
vt 0.697025 0.119928
vt 0.698793 0.120264
vt 0.691269 0.142856
vt 0.687467 0.142895
vt 0.695056 0.141890
vt 0.696727 0.125968
vt 0.697810 0.140689
vt 0.697845 0.146394
vt 0.694827 0.147142
vt 0.691062 0.147830
vt 0.691119 0.152372
vt 0.687401 0.152416
vt 0.687548 0.147908
vt 0.683685 0.141841
vt 0.683561 0.151942
vt 0.680465 0.151428
vt 0.680767 0.146260
vt 0.683800 0.147123
vt 0.694953 0.151943
vt 0.695302 0.162588
vt 0.691326 0.162587
vt 0.679984 0.162588
vt 0.683060 0.162588
vt 0.687043 0.162588
vt 0.697990 0.151493
vt 0.698336 0.162588
vt 0.709284 0.113091
vt 0.709850 0.119499
vt 0.709733 0.140832
vt 0.699167 0.125768
vt 0.710099 0.125780
vt 0.709762 0.146303
vt 0.709983 0.162588
vt 0.709848 0.151105
vt 0.680877 0.140567
vt 0.692845 0.220996
vt 0.692779 0.211627
vt 0.696285 0.211441
vt 0.695666 0.220737
vt 0.687520 0.211970
vt 0.686823 0.206071
vt 0.692713 0.205633
vt 0.694664 0.222860
vt 0.693080 0.224186
vt 0.685995 0.221480
vt 0.684026 0.212284
vt 0.688831 0.221320
vt 0.682179 0.199652
vt 0.682348 0.206133
vt 0.680423 0.205983
vt 0.679633 0.199997
vt 0.686773 0.199279
vt 0.692302 0.199060
vt 0.687313 0.223437
vt 0.689084 0.224504
vt 0.697947 0.211118
vt 0.682325 0.212206
vt 0.697025 0.205247
vt 0.698793 0.204911
vt 0.687467 0.182280
vt 0.691269 0.182319
vt 0.695056 0.183285
vt 0.696727 0.199208
vt 0.697810 0.184486
vt 0.694827 0.178033
vt 0.697845 0.178781
vt 0.691062 0.177345
vt 0.687547 0.177268
vt 0.687401 0.172759
vt 0.691119 0.172804
vt 0.683685 0.183334
vt 0.683561 0.173234
vt 0.683800 0.178052
vt 0.680767 0.178915
vt 0.680465 0.173747
vt 0.694952 0.173232
vt 0.697990 0.173682
vt 0.709850 0.205676
vt 0.709284 0.212084
vt 0.709733 0.184344
vt 0.710099 0.199396
vt 0.699167 0.199408
vt 0.709762 0.178873
vt 0.709848 0.174071
vt 0.680877 0.184608
vt 0.638085 0.931693
vt 0.647623 0.928523
vt 0.671794 0.827624
vt 0.664731 0.820493
vt 0.563758 0.843571
vt 0.560485 0.853036
vt 0.628167 0.933346
vt 0.677662 0.835771
vt 0.568455 0.834725
vt 0.618109 0.933442
vt 0.682195 0.844728
vt 0.574466 0.826712
vt 0.608151 0.931979
vt 0.685274 0.854282
vt 0.581649 0.819728
vt 0.598531 0.928994
vt 0.686830 0.864201
vt 0.589833 0.813944
vt 0.589473 0.924556
vt 0.686824 0.874243
vt 0.598813 0.809496
vt 0.581187 0.918766
vt 0.685256 0.884163
vt 0.608379 0.806503
vt 0.573858 0.911751
vt 0.682163 0.893720
vt 0.618295 0.805032
vt 0.567240 0.902706
vt 0.677620 0.902681
vt 0.628322 0.805122
vt 0.562568 0.892548
vt 0.671737 0.910828
vt 0.638215 0.806770
vt 0.559767 0.882874
vt 0.664657 0.917960
vt 0.647733 0.809938
vt 0.558471 0.872917
vt 0.656551 0.923905
vt 0.656645 0.814549
vt 0.558711 0.862895
s 1
usemtl metal_trash_can_rust
f 2994/3653/3435 3034/3654/3436 3035/3655/3437 2995/3656/3438
f 2981/3657/3439 3021/3658/3440 3022/3659/3441 2982/3660/3442
f 2968/3661/3443 3008/3662/3444 3009/3663/3445 2969/3664/3446
f 2995/3656/3438 3035/3655/3437 3036/3665/3447 2996/3666/3448
f 2982/3660/3442 3022/3659/3441 3023/3667/3449 2983/3668/3450
f 2969/3664/3446 3009/3663/3445 3010/3669/3451 2970/3670/3452
f 2996/3666/3448 3036/3665/3447 3037/3671/3453 2997/3672/3454
f 2983/3668/3450 3023/3667/3449 3024/3673/3455 2984/3674/3456
f 2970/3670/3452 3010/3669/3451 3011/3675/3457 2971/3676/3458
f 2997/3672/3454 3037/3671/3453 3038/3677/3459 2998/3678/3460
f 2984/3674/3456 3024/3673/3455 3025/3679/3461 2985/3680/3462
f 2971/3676/3458 3011/3675/3457 3012/3681/3463 2972/3682/3464
f 2998/3678/3460 3038/3677/3459 3000/3683/3465 2960/3684/3466
f 2985/3680/3462 3025/3679/3461 3026/3685/3467 2986/3686/3468
f 2972/3682/3464 3012/3681/3463 3013/3687/3469 2973/3688/3470
f 2960/3684/3466 3000/3683/3465 2999/3689/3471 2959/3690/3472
f 2986/3686/3468 3026/3685/3467 3027/3691/3473 2987/3692/3474
f 2973/3688/3470 3013/3687/3469 3014/3693/3475 2974/3694/3476
f 2959/3690/3472 2999/3689/3471 3001/3695/3477 2961/3696/3478
f 2987/3692/3474 3027/3691/3473 3028/3697/3479 2988/3698/3480
f 2974/3694/3476 3014/3693/3475 3015/3699/3481 2975/3700/3482
f 2961/3696/3478 3001/3695/3477 3002/3701/3483 2962/3702/3484
f 2988/3698/3480 3028/3697/3479 3029/3703/3485 2989/3704/3486
f 2975/3700/3482 3015/3699/3481 3016/3705/3487 2976/3706/3488
f 2962/3702/3484 3002/3701/3483 3003/3707/3489 2963/3708/3490
f 2989/3704/3486 3029/3703/3485 3030/3709/3491 2990/3710/3492
f 2976/3706/3488 3016/3705/3487 3017/3711/3493 2977/3712/3494
f 2963/3708/3490 3003/3707/3489 3004/3713/3495 2964/3714/3496
f 2990/3710/3492 3030/3709/3491 3031/3715/3497 2991/3716/3498
f 2977/3712/3494 3017/3711/3493 3018/3717/3499 2978/3718/3500
f 2964/3714/3496 3004/3713/3495 3005/3719/3501 2965/3720/3502
f 2991/3716/3498 3031/3715/3497 3032/3721/3503 2992/3722/3504
f 2978/3718/3500 3018/3717/3499 3019/3723/3505 2979/3724/3506
f 2965/3720/3502 3005/3719/3501 3006/3725/3507 2966/3726/3508
f 2992/3722/3504 3032/3721/3503 3033/3727/3509 2993/3728/3510
f 2979/3724/3506 3019/3723/3505 3020/3729/3511 2980/3730/3512
f 2966/3726/3508 3006/3725/3507 3007/3731/3513 2967/3732/3514
f 2993/3728/3510 3033/3727/3509 3034/3654/3436 2994/3653/3435
f 2980/3733/3512 3020/3734/3511 3021/3658/3440 2981/3657/3439
f 2967/3732/3514 3007/3731/3513 3008/3662/3444 2968/3661/3443
f 3021/3658/3440 3061/3735/3515 3062/3736/3516 3022/3659/3441
f 3008/3662/3444 3048/3737/3517 3049/3738/3518 3009/3663/3445
f 3035/3655/3437 3075/3739/3519 3076/3740/3520 3036/3665/3447
f 3022/3659/3441 3062/3736/3516 3063/3741/3521 3023/3667/3449
f 3009/3663/3445 3049/3738/3518 3050/3742/3522 3010/3669/3451
f 3036/3665/3447 3076/3740/3520 3077/3743/3523 3037/3671/3453
f 3023/3667/3449 3063/3741/3521 3064/3744/3524 3024/3673/3455
f 3010/3669/3451 3050/3742/3522 3051/3745/3525 3011/3675/3457
f 3037/3671/3453 3077/3743/3523 3078/3746/3526 3038/3677/3459
f 3024/3673/3455 3064/3744/3524 3065/3747/3527 3025/3679/3461
f 3011/3675/3457 3051/3745/3525 3052/3748/3528 3012/3681/3463
f 3038/3677/3459 3078/3746/3526 3040/3749/3529 3000/3683/3465
f 3025/3679/3461 3065/3747/3527 3066/3750/3530 3026/3685/3467
f 3012/3681/3463 3052/3748/3528 3053/3751/3531 3013/3687/3469
f 3000/3683/3465 3040/3749/3529 3039/3752/3532 2999/3689/3471
f 3026/3685/3467 3066/3750/3530 3067/3753/3533 3027/3691/3473
f 3013/3687/3469 3053/3751/3531 3054/3754/3534 3014/3693/3475
f 2999/3689/3471 3039/3752/3532 3041/3755/3535 3001/3695/3477
f 3027/3691/3473 3067/3753/3533 3068/3756/3536 3028/3697/3479
f 3014/3693/3475 3054/3754/3534 3055/3757/3537 3015/3699/3481
f 3001/3695/3477 3041/3755/3535 3042/3758/3538 3002/3701/3483
f 3028/3697/3479 3068/3756/3536 3069/3759/3539 3029/3703/3485
f 3015/3699/3481 3055/3757/3537 3056/3760/3540 3016/3705/3487
f 3002/3701/3483 3042/3758/3538 3043/3761/3541 3003/3707/3489
f 3029/3703/3485 3069/3759/3539 3070/3762/3542 3030/3709/3491
f 3016/3705/3487 3056/3760/3540 3057/3763/3543 3017/3711/3493
f 3003/3707/3489 3043/3761/3541 3044/3764/3544 3004/3713/3495
f 3030/3709/3491 3070/3762/3542 3071/3765/3545 3031/3715/3497
f 3017/3711/3493 3057/3763/3543 3058/3766/3546 3018/3717/3499
f 3004/3713/3495 3044/3764/3544 3045/3767/3547 3005/3719/3501
f 3031/3715/3497 3071/3765/3545 3072/3768/3548 3032/3721/3503
f 3018/3717/3499 3058/3766/3546 3059/3769/3549 3019/3723/3505
f 3005/3719/3501 3045/3767/3547 3046/3770/3550 3006/3725/3507
f 3032/3721/3503 3072/3768/3548 3073/3771/3551 3033/3727/3509
f 3019/3723/3505 3059/3769/3549 3060/3772/3552 3020/3729/3511
f 3006/3725/3507 3046/3770/3550 3047/3773/3553 3007/3731/3513
f 3033/3727/3509 3073/3771/3551 3074/3774/3554 3034/3654/3436
f 3020/3734/3511 3060/3775/3552 3061/3735/3515 3021/3658/3440
f 3007/3731/3513 3047/3773/3553 3048/3737/3517 3008/3662/3444
f 3034/3654/3436 3074/3774/3554 3075/3739/3519 3035/3655/3437
f 3048/3737/3517 3088/3776/3555 3089/3777/3556 3049/3738/3518
f 3075/3739/3519 3115/3778/3557 3116/3779/3558 3076/3740/3520
f 3062/3736/3516 3102/3780/3559 3103/3781/3560 3063/3741/3521
f 3049/3738/3518 3089/3777/3556 3090/3782/3561 3050/3742/3522
f 3076/3740/3520 3116/3779/3558 3117/3783/3562 3077/3743/3523
f 3063/3741/3521 3103/3781/3560 3104/3784/3563 3064/3744/3524
f 3050/3742/3522 3090/3782/3561 3091/3785/3564 3051/3745/3525
f 3077/3743/3523 3117/3783/3562 3118/3786/3565 3078/3746/3526
f 3064/3744/3524 3104/3784/3563 3105/3787/3566 3065/3747/3527
f 3051/3745/3525 3091/3785/3564 3092/3788/3567 3052/3748/3528
f 3078/3746/3526 3118/3786/3565 3080/3789/3568 3040/3749/3529
f 3065/3747/3527 3105/3787/3566 3106/3790/3569 3066/3750/3530
f 3052/3748/3528 3092/3788/3567 3093/3791/3570 3053/3751/3531
f 3040/3749/3529 3080/3789/3568 3079/3792/3571 3039/3752/3532
f 3066/3750/3530 3106/3790/3569 3107/3793/3572 3067/3753/3533
f 3053/3751/3531 3093/3791/3570 3094/3794/3573 3054/3754/3534
f 3039/3752/3532 3079/3792/3571 3081/3795/3574 3041/3755/3535
f 3067/3753/3533 3107/3793/3572 3108/3796/3575 3068/3756/3536
f 3054/3754/3534 3094/3794/3573 3095/3797/3576 3055/3757/3537
f 3041/3755/3535 3081/3795/3574 3082/3798/3577 3042/3758/3538
f 3068/3756/3536 3108/3796/3575 3109/3799/3578 3069/3759/3539
f 3055/3757/3537 3095/3797/3576 3096/3800/3579 3056/3760/3540
f 3042/3758/3538 3082/3798/3577 3083/3801/3580 3043/3761/3541
f 3069/3759/3539 3109/3799/3578 3110/3802/3581 3070/3762/3542
f 3056/3760/3540 3096/3800/3579 3097/3803/3582 3057/3763/3543
f 3043/3761/3541 3083/3801/3580 3084/3804/3583 3044/3764/3544
f 3070/3762/3542 3110/3802/3581 3111/3805/3584 3071/3765/3545
f 3057/3763/3543 3097/3803/3582 3098/3806/3585 3058/3766/3546
f 3044/3764/3544 3084/3804/3583 3085/3807/3586 3045/3767/3547
f 3071/3765/3545 3111/3805/3584 3112/3808/3587 3072/3768/3548
f 3058/3766/3546 3098/3806/3585 3099/3809/3588 3059/3769/3549
f 3045/3767/3547 3085/3807/3586 3086/3810/3589 3046/3770/3550
f 3072/3768/3548 3112/3808/3587 3113/3811/3590 3073/3771/3551
f 3059/3769/3549 3099/3809/3588 3100/3812/3591 3060/3772/3552
f 3046/3770/3550 3086/3810/3589 3087/3813/3592 3047/3773/3553
f 3073/3771/3551 3113/3811/3590 3114/3814/3593 3074/3774/3554
f 3060/3775/3552 3100/3815/3591 3101/3816/3594 3061/3735/3515
f 3047/3773/3553 3087/3813/3592 3088/3776/3555 3048/3737/3517
f 3074/3774/3554 3114/3814/3593 3115/3778/3557 3075/3739/3519
f 3061/3735/3515 3101/3816/3594 3102/3780/3559 3062/3736/3516
f 3115/3778/3557 3155/3817/3595 3156/3818/3596 3116/3779/3558
f 3102/3780/3559 3142/3819/3597 3143/3820/3598 3103/3781/3560
f 3089/3777/3556 3129/3821/3599 3130/3822/3600 3090/3782/3561
f 3116/3779/3558 3156/3818/3596 3157/3823/3601 3117/3783/3562
f 3103/3781/3560 3143/3820/3598 3144/3824/3602 3104/3784/3563
f 3090/3782/3561 3130/3822/3600 3131/3825/3603 3091/3785/3564
f 3117/3783/3562 3157/3823/3601 3158/3826/3604 3118/3786/3565
f 3104/3784/3563 3144/3824/3602 3145/3827/3605 3105/3787/3566
f 3091/3785/3564 3131/3825/3603 3132/3828/3606 3092/3788/3567
f 3118/3786/3565 3158/3826/3604 3120/3829/3607 3080/3789/3568
f 3105/3787/3566 3145/3827/3605 3146/3830/3608 3106/3790/3569
f 3092/3788/3567 3132/3828/3606 3133/3831/3609 3093/3791/3570
f 3080/3789/3568 3120/3829/3607 3119/3832/3610 3079/3792/3571
f 3106/3790/3569 3146/3830/3608 3147/3833/3611 3107/3793/3572
f 3093/3791/3570 3133/3831/3609 3134/3834/3612 3094/3794/3573
f 3079/3792/3571 3119/3832/3610 3121/3835/3613 3081/3795/3574
f 3107/3793/3572 3147/3833/3611 3148/3836/3614 3108/3796/3575
f 3094/3794/3573 3134/3834/3612 3135/3837/3615 3095/3797/3576
f 3081/3795/3574 3121/3835/3613 3122/3838/3616 3082/3798/3577
f 3108/3796/3575 3148/3836/3614 3149/3839/3617 3109/3799/3578
f 3095/3797/3576 3135/3837/3615 3136/3840/3618 3096/3800/3579
f 3082/3798/3577 3122/3838/3616 3123/3841/3619 3083/3801/3580
f 3109/3799/3578 3149/3839/3617 3150/3842/3620 3110/3802/3581
f 3096/3800/3579 3136/3840/3618 3137/3843/3621 3097/3803/3582
f 3083/3801/3580 3123/3841/3619 3124/3844/3622 3084/3804/3583
f 3110/3802/3581 3150/3842/3620 3151/3845/3623 3111/3805/3584
f 3097/3803/3582 3137/3843/3621 3138/3846/3624 3098/3806/3585
f 3084/3804/3583 3124/3844/3622 3125/3847/3625 3085/3807/3586
f 3111/3805/3584 3151/3845/3623 3152/3848/3626 3112/3808/3587
f 3098/3806/3585 3138/3846/3624 3139/3849/3627 3099/3809/3588
f 3085/3807/3586 3125/3847/3625 3126/3850/3628 3086/3810/3589
f 3112/3808/3587 3152/3848/3626 3153/3851/3629 3113/3811/3590
f 3099/3809/3588 3139/3849/3627 3140/3852/3630 3100/3812/3591
f 3086/3810/3589 3126/3850/3628 3127/3853/3631 3087/3813/3592
f 3113/3811/3590 3153/3851/3629 3154/3854/3632 3114/3814/3593
f 3100/3815/3591 3140/3855/3630 3141/3856/3633 3101/3816/3594
f 3087/3813/3592 3127/3853/3631 3128/3857/3634 3088/3776/3555
f 3114/3814/3593 3154/3854/3632 3155/3817/3595 3115/3778/3557
f 3101/3816/3594 3141/3856/3633 3142/3819/3597 3102/3780/3559
f 3088/3776/3555 3128/3857/3634 3129/3821/3599 3089/3777/3556
f 3142/3819/3597 3182/3858/3635 3183/3859/3636 3143/3820/3598
f 3129/3821/3599 3169/3860/3637 3170/3861/3638 3130/3822/3600
f 3156/3818/3596 3196/3862/3639 3197/3863/3640 3157/3823/3601
f 3143/3820/3598 3183/3859/3636 3184/3864/3641 3144/3824/3602
f 3130/3822/3600 3170/3861/3638 3171/3865/3642 3131/3825/3603
f 3157/3823/3601 3197/3863/3640 3198/3866/3643 3158/3826/3604
f 3144/3824/3602 3184/3864/3641 3185/3867/3644 3145/3827/3605
f 3131/3825/3603 3171/3865/3642 3172/3868/3645 3132/3828/3606
f 3158/3826/3604 3198/3866/3643 3160/3869/3646 3120/3829/3607
f 3145/3827/3605 3185/3867/3644 3186/3870/3647 3146/3830/3608
f 3132/3828/3606 3172/3868/3645 3173/3871/3648 3133/3831/3609
f 3120/3829/3607 3160/3869/3646 3159/3872/3649 3119/3832/3610
f 3146/3830/3608 3186/3870/3647 3187/3873/3650 3147/3833/3611
f 3133/3831/3609 3173/3871/3648 3174/3874/3651 3134/3834/3612
f 3119/3832/3610 3159/3872/3649 3161/3875/3652 3121/3835/3613
f 3147/3833/3611 3187/3873/3650 3188/3876/3653 3148/3836/3614
f 3134/3834/3612 3174/3874/3651 3175/3877/3654 3135/3837/3615
f 3121/3835/3613 3161/3875/3652 3162/3878/3655 3122/3838/3616
f 3148/3836/3614 3188/3876/3653 3189/3879/3656 3149/3839/3617
f 3135/3837/3615 3175/3877/3654 3176/3880/3657 3136/3840/3618
f 3122/3838/3616 3162/3878/3655 3163/3881/3658 3123/3841/3619
f 3149/3839/3617 3189/3879/3656 3190/3882/3659 3150/3842/3620
f 3136/3840/3618 3176/3880/3657 3177/3883/3660 3137/3843/3621
f 3123/3841/3619 3163/3881/3658 3164/3884/3661 3124/3844/3622
f 3150/3842/3620 3190/3882/3659 3191/3885/3662 3151/3845/3623
f 3137/3843/3621 3177/3883/3660 3178/3886/3663 3138/3846/3624
f 3124/3844/3622 3164/3884/3661 3165/3887/3664 3125/3847/3625
f 3151/3845/3623 3191/3885/3662 3192/3888/3665 3152/3848/3626
f 3138/3846/3624 3178/3886/3663 3179/3889/3666 3139/3849/3627
f 3125/3847/3625 3165/3887/3664 3166/3890/3667 3126/3850/3628
f 3152/3848/3626 3192/3888/3665 3193/3891/3668 3153/3851/3629
f 3139/3849/3627 3179/3889/3666 3180/3892/3669 3140/3852/3630
f 3126/3850/3628 3166/3890/3667 3167/3893/3670 3127/3853/3631
f 3153/3851/3629 3193/3891/3668 3194/3894/3671 3154/3854/3632
f 3140/3855/3630 3180/3895/3669 3181/3896/3672 3141/3856/3633
f 3127/3853/3631 3167/3893/3670 3168/3897/3673 3128/3857/3634
f 3154/3854/3632 3194/3894/3671 3195/3898/3674 3155/3817/3595
f 3141/3856/3633 3181/3896/3672 3182/3858/3635 3142/3819/3597
f 3128/3857/3634 3168/3897/3673 3169/3860/3637 3129/3821/3599
f 3155/3817/3595 3195/3898/3674 3196/3862/3639 3156/3818/3596
f 3170/3861/3638 3210/3899/3675 3211/3900/3676 3171/3865/3642
f 3197/3863/3640 3237/3901/3677 3238/3902/3678 3198/3866/3643
f 3184/3864/3641 3224/3903/3679 3225/3904/3680 3185/3867/3644
f 3171/3865/3642 3211/3900/3676 3212/3905/3681 3172/3868/3645
f 3198/3866/3643 3238/3902/3678 3200/3906/3682 3160/3869/3646
f 3185/3867/3644 3225/3904/3680 3226/3907/3683 3186/3870/3647
f 3172/3868/3645 3212/3905/3681 3213/3908/3684 3173/3871/3648
f 3186/3870/3647 3226/3907/3683 3227/3909/3685 3187/3873/3650
f 3173/3871/3648 3213/3908/3684 3214/3910/3686 3174/3874/3651
f 3159/3872/3649 3199/3911/3687 3201/3912/3688 3161/3875/3652
f 3187/3873/3650 3227/3909/3685 3228/3913/3689 3188/3876/3653
f 3174/3874/3651 3214/3910/3686 3215/3914/3690 3175/3877/3654
f 3161/3875/3652 3201/3912/3688 3202/3915/3691 3162/3878/3655
f 3188/3876/3653 3228/3913/3689 3229/3916/3692 3189/3879/3656
f 3175/3877/3654 3215/3914/3690 3216/3917/3693 3176/3880/3657
f 3162/3878/3655 3202/3915/3691 3203/3918/3694 3163/3881/3658
f 3189/3879/3656 3229/3916/3692 3230/3919/3695 3190/3882/3659
f 3176/3880/3657 3216/3917/3693 3217/3920/3696 3177/3883/3660
f 3163/3881/3658 3203/3918/3694 3204/3921/3697 3164/3884/3661
f 3190/3882/3659 3230/3919/3695 3231/3922/3698 3191/3885/3662
f 3177/3883/3660 3217/3920/3696 3218/3923/3699 3178/3886/3663
f 3164/3884/3661 3204/3921/3697 3205/3924/3700 3165/3887/3664
f 3191/3885/3662 3231/3922/3698 3232/3925/3701 3192/3888/3665
f 3178/3886/3663 3218/3923/3699 3219/3926/3702 3179/3889/3666
f 3165/3887/3664 3205/3924/3700 3206/3927/3703 3166/3890/3667
f 3192/3888/3665 3232/3925/3701 3233/3928/3704 3193/3891/3668
f 3179/3889/3666 3219/3926/3702 3220/3929/3705 3180/3892/3669
f 3166/3890/3667 3206/3927/3703 3207/3930/3706 3167/3893/3670
f 3193/3891/3668 3233/3928/3704 3234/3931/3707 3194/3894/3671
f 3180/3895/3669 3220/3932/3705 3221/3933/3708 3181/3896/3672
f 3167/3893/3670 3207/3930/3706 3208/3934/3709 3168/3897/3673
f 3194/3894/3671 3234/3931/3707 3235/3935/3710 3195/3898/3674
f 3181/3896/3672 3221/3933/3708 3222/3936/3711 3182/3858/3635
f 3168/3897/3673 3208/3934/3709 3209/3937/3712 3169/3860/3637
f 3195/3898/3674 3235/3935/3710 3236/3938/3713 3196/3862/3639
f 3182/3858/3635 3222/3936/3711 3223/3939/3714 3183/3859/3636
f 3169/3860/3637 3209/3937/3712 3210/3899/3675 3170/3861/3638
f 3196/3862/3639 3236/3938/3713 3237/3901/3677 3197/3863/3640
f 3183/3859/3636 3223/3939/3714 3224/3903/3679 3184/3864/3641
f 3601/3940/3715 3250/3941/3716 3251/3942/3717 3602/3943/3718
f 3603/3944/3719 3277/3945/3720 3278/3946/3721 3604/3947/3722
f 3605/3948/3723 3264/3949/3724 3265/3950/3725 3606/3951/3726
f 3602/3943/3718 3251/3942/3717 3252/3952/3727 3607/3953/3728
f 3604/3947/3722 3278/3946/3721 3240/3954/3729 3608/3955/3730
f 3606/3951/3726 3265/3950/3725 3266/3956/3731 3609/3957/3732
f 3607/3953/3728 3252/3952/3727 3253/3958/3733 3610/3959/3734
f 3608/3955/3730 3240/3954/3729 3239/3960/3735 3611/3961/3736
f 3609/3957/3732 3266/3956/3731 3267/3962/3737 3612/3963/3738
f 3610/3959/3734 3253/3958/3733 3254/3964/3739 3613/3965/3740
f 3611/3961/3736 3239/3960/3735 3241/3966/3741 3614/3967/3742
f 3612/3963/3738 3267/3962/3737 3268/3968/3743 3615/3969/3744
f 3613/3965/3740 3254/3964/3739 3255/3970/3745 3616/3971/3746
f 3614/3967/3742 3241/3966/3741 3242/3972/3747 3617/3973/3748
f 3615/3969/3744 3268/3968/3743 3269/3974/3749 3618/3975/3750
f 3616/3971/3746 3255/3970/3745 3256/3976/3751 3619/3977/3752
f 3617/3973/3748 3242/3972/3747 3243/3978/3753 3620/3979/3754
f 3618/3975/3750 3269/3974/3749 3270/3980/3755 3621/3981/3756
f 3619/3977/3752 3256/3976/3751 3257/3982/3757 3622/3983/3758
f 3620/3979/3754 3243/3978/3753 3244/3984/3759 3623/3985/3760
f 3621/3981/3756 3270/3980/3755 3271/3986/3761 3624/3987/3762
f 3622/3983/3758 3257/3982/3757 3258/3988/3763 3625/3989/3764
f 3623/3985/3760 3244/3984/3759 3245/3990/3765 3626/3991/3766
f 3624/3987/3762 3271/3986/3761 3272/3992/3767 3627/3993/3768
f 3625/3989/3764 3258/3988/3763 3259/3994/3769 3628/3995/3770
f 3626/3991/3766 3245/3990/3765 3246/3996/3771 3629/3997/3772
f 3627/3993/3768 3272/3992/3767 3273/3998/3773 3630/3999/3774
f 3628/3995/3770 3259/3994/3769 3260/4000/3775 3631/4001/3776
f 3629/3997/3772 3246/3996/3771 3247/4002/3777 3632/4003/3778
f 3630/3999/3774 3273/3998/3773 3274/4004/3779 3633/4005/3780
f 3631/4006/3776 3260/4007/3775 3261/4008/3781 3634/4009/3782
f 3632/4003/3778 3247/4002/3777 3248/4010/3783 3635/4011/3784
f 3633/4005/3780 3274/4004/3779 3275/4012/3785 3636/4013/3786
f 3634/4009/3782 3261/4008/3781 3262/4014/3787 3637/4015/3788
f 3635/4011/3784 3248/4010/3783 3249/4016/3789 3638/4017/3790
f 3636/4013/3786 3275/4012/3785 3276/4018/3791 3639/4019/3792
f 3637/4015/3788 3262/4014/3787 3263/4020/3793 3640/4021/3794
f 3638/4017/3790 3249/4016/3789 3250/3941/3716 3601/3940/3715
f 3639/4019/3792 3276/4018/3791 3277/3945/3720 3603/3944/3719
f 3640/4021/3794 3263/4020/3793 3264/3949/3724 3605/3948/3723
f 2961/4022/3795 2962/4023/3796 3524/4024/3797 3523/4025/3798
f 2988/4026/3799 2989/4027/3800 3551/4028/3801 3550/4029/3802
f 2975/4030/3803 2976/4031/3804 3538/4032/3804 3537/4033/3805
f 2962/4023/3796 2963/4034/3806 3525/4035/3807 3524/4024/3797
f 2989/4027/3800 2990/4036/3808 3552/4037/3809 3551/4028/3801
f 2976/4031/3804 2977/4038/3810 3539/4039/3811 3538/4032/3804
f 2963/4034/3806 2964/4040/3812 3526/4041/3813 3525/4035/3807
f 2990/4036/3808 2991/4042/3814 3553/4043/3815 3552/4037/3809
f 2977/4038/3810 2978/4044/3816 3540/4045/3817 3539/4039/3811
f 2964/4040/3812 2965/4046/3818 3527/4047/3819 3526/4041/3813
f 2991/4042/3814 2992/4048/3820 3554/4049/3821 3553/4043/3815
f 2978/4044/3816 2979/4050/3822 3541/4051/3823 3540/4045/3817
f 2965/4046/3818 2966/4052/3824 3528/4053/3825 3527/4047/3819
f 2992/4048/3820 2993/4054/3826 3555/4055/3827 3554/4049/3821
f 2979/4050/3822 2980/4056/3828 3542/4057/3829 3541/4051/3823
f 2966/4052/3824 2967/4058/3830 3529/4059/3831 3528/4053/3825
f 2993/4054/3826 2994/4060/3832 3556/4061/3833 3555/4055/3827
f 2980/4062/3828 2981/4063/3834 3543/4064/3835 3542/4065/3829
f 2967/4058/3830 2968/4066/3836 3530/4067/3837 3529/4059/3831
f 2994/4060/3832 2995/4068/3838 3557/4069/3839 3556/4061/3833
f 2981/4063/3834 2982/4070/3840 3544/4071/3841 3543/4064/3835
f 2968/4066/3836 2969/4072/3842 3531/4073/3843 3530/4067/3837
f 2995/4068/3838 2996/4074/3844 3558/4075/3845 3557/4069/3839
f 2982/4070/3840 2983/4076/3846 3545/4077/3847 3544/4071/3841
f 2969/4072/3842 2970/4078/3848 3532/4079/3849 3531/4073/3843
f 2996/4074/3844 2997/4080/3850 3559/4081/3851 3558/4075/3845
f 2983/4076/3846 2984/4082/3852 3546/4083/3853 3545/4077/3847
f 2970/4078/3848 2971/4084/3854 3533/4085/3855 3532/4079/3849
f 2997/4080/3850 2998/4086/3856 3560/4087/3857 3559/4081/3851
f 2984/4082/3852 2985/4088/3858 3547/4089/3859 3546/4083/3853
f 2971/4084/3854 2972/4090/3860 3534/4091/3861 3533/4085/3855
f 2998/4086/3856 2960/4092/3862 3522/4093/3863 3560/4087/3857
f 2985/4088/3858 2986/4094/3864 3548/4095/3865 3547/4089/3859
f 2972/4090/3860 2973/4096/3866 3535/4097/3867 3534/4091/3861
f 2960/4092/3862 2959/4098/3868 3521/4099/3869 3522/4093/3863
f 2986/4094/3864 2987/4100/3870 3549/4101/3871 3548/4095/3865
f 2973/4096/3866 2974/4102/3872 3536/4103/3873 3535/4097/3867
f 2959/4098/3868 2961/4022/3795 3523/4025/3798 3521/4099/3869
f 2987/4100/3870 2988/4026/3799 3550/4029/3802 3549/4101/3871
f 2974/4102/3872 2975/4030/3803 3537/4033/3805 3536/4103/3873
f 3255/3970/3745 3254/3964/3739 3295/4104/3874 3296/4105/3875
f 3242/3972/3747 3241/3966/3741 3282/4106/3876 3283/4107/3877
f 3269/3974/3749 3268/3968/3743 3309/4108/3878 3310/4109/3879
f 3256/3976/3751 3255/3970/3745 3296/4105/3875 3297/4110/3880
f 3243/3978/3753 3242/3972/3747 3283/4107/3877 3284/4111/3881
f 3270/3980/3755 3269/3974/3749 3310/4109/3879 3311/4112/3882
f 3257/3982/3757 3256/3976/3751 3297/4110/3880 3298/4113/3883
f 3244/3984/3759 3243/3978/3753 3284/4111/3881 3285/4114/3884
f 3271/3986/3761 3270/3980/3755 3311/4112/3882 3312/4115/3885
f 3258/3988/3763 3257/3982/3757 3298/4113/3883 3299/4116/3886
f 3245/3990/3765 3244/3984/3759 3285/4114/3884 3286/4117/3887
f 3272/3992/3767 3271/3986/3761 3312/4115/3885 3313/4118/3888
f 3259/3994/3769 3258/3988/3763 3299/4116/3886 3300/4119/3889
f 3246/3996/3771 3245/3990/3765 3286/4117/3887 3287/4120/3890
f 3273/3998/3773 3272/3992/3767 3313/4118/3888 3314/4121/3891
f 3260/4000/3775 3259/3994/3769 3300/4119/3889 3301/4122/3892
f 3247/4002/3777 3246/3996/3771 3287/4120/3890 3288/4123/3893
f 3274/4004/3779 3273/3998/3773 3314/4121/3891 3315/4124/3894
f 3261/4008/3781 3260/4007/3775 3301/4125/3892 3302/4126/3895
f 3248/4010/3783 3247/4002/3777 3288/4123/3893 3289/4127/3896
f 3275/4012/3785 3274/4004/3779 3315/4124/3894 3316/4128/3897
f 3262/4014/3787 3261/4008/3781 3302/4126/3895 3303/4129/3898
f 3249/4016/3789 3248/4010/3783 3289/4127/3896 3290/4130/3899
f 3276/4018/3791 3275/4012/3785 3316/4128/3897 3317/4131/3900
f 3263/4020/3793 3262/4014/3787 3303/4129/3898 3304/4132/3901
f 3250/3941/3716 3249/4016/3789 3290/4130/3899 3291/4133/3902
f 3277/3945/3720 3276/4018/3791 3317/4131/3900 3318/4134/3903
f 3264/3949/3724 3263/4020/3793 3304/4132/3901 3305/4135/3904
f 3251/3942/3717 3250/3941/3716 3291/4133/3902 3292/4136/3905
f 3278/3946/3721 3277/3945/3720 3318/4134/3903 3319/4137/3906
f 3265/3950/3725 3264/3949/3724 3305/4135/3904 3306/4138/3907
f 3252/3952/3727 3251/3942/3717 3292/4136/3905 3293/4139/3908
f 3240/3954/3729 3278/3946/3721 3319/4137/3906 3281/4140/3909
f 3266/3956/3731 3265/3950/3725 3306/4138/3907 3307/4141/3910
f 3253/3958/3733 3252/3952/3727 3293/4139/3908 3294/4142/3911
f 3239/3960/3735 3240/3954/3729 3281/4140/3909 3280/4143/3912
f 3267/3962/3737 3266/3956/3731 3307/4141/3910 3308/4144/3913
f 3254/3964/3739 3253/3958/3733 3294/4142/3911 3295/4104/3874
f 3241/3966/3741 3239/3960/3735 3280/4143/3912 3282/4106/3876
f 3268/3968/3743 3267/3962/3737 3308/4144/3913 3309/4108/3878
f 3310/4109/3879 3309/4108/3878 3389/4145/3914 3390/4146/3915
f 3297/4110/3880 3296/4105/3875 3376/4147/3916 3377/4148/3917
f 3284/4111/3881 3283/4107/3877 3363/4149/3918 3364/4150/3919
f 3311/4112/3882 3310/4109/3879 3390/4146/3915 3391/4151/3920
f 3298/4113/3883 3297/4110/3880 3377/4148/3917 3378/4152/3921
f 3285/4114/3884 3284/4111/3881 3364/4150/3919 3365/4153/3922
f 3312/4115/3885 3311/4112/3882 3391/4151/3920 3392/4154/3923
f 3299/4116/3886 3298/4113/3883 3378/4152/3921 3379/4155/3924
f 3286/4117/3887 3285/4114/3884 3365/4153/3922 3366/4156/3925
f 3313/4118/3888 3312/4115/3885 3392/4154/3923 3393/4157/3926
f 3300/4119/3889 3299/4116/3886 3379/4155/3924 3380/4158/3927
f 3287/4120/3890 3286/4117/3887 3366/4156/3925 3367/4159/3928
f 3314/4121/3891 3313/4118/3888 3393/4157/3926 3394/4160/3929
f 3301/4122/3892 3300/4119/3889 3380/4158/3927 3381/4161/3930
f 3288/4123/3893 3287/4120/3890 3367/4159/3928 3368/4162/3931
f 3315/4124/3894 3314/4121/3891 3394/4160/3929 3395/4163/3932
f 3302/4126/3895 3301/4125/3892 3381/4164/3930 3382/4165/3933
f 3289/4127/3896 3288/4123/3893 3368/4162/3931 3369/4166/3934
f 3316/4128/3897 3315/4124/3894 3395/4163/3932 3396/4167/3935
f 3303/4129/3898 3302/4126/3895 3382/4165/3933 3383/4168/3936
f 3290/4130/3899 3289/4127/3896 3369/4166/3934 3370/4169/3937
f 3317/4131/3900 3316/4128/3897 3396/4167/3935 3397/4170/3938
f 3304/4132/3901 3303/4129/3898 3383/4168/3936 3384/4171/3939
f 3291/4133/3902 3290/4130/3899 3370/4169/3937 3371/4172/3940
f 3318/4134/3903 3317/4131/3900 3397/4170/3938 3398/4173/3941
f 3305/4135/3904 3304/4132/3901 3384/4171/3939 3385/4174/3942
f 3292/4136/3905 3291/4133/3902 3371/4172/3940 3372/4175/3943
f 3319/4137/3906 3318/4134/3903 3398/4173/3941 3399/4176/3944
f 3306/4138/3907 3305/4135/3904 3385/4174/3942 3386/4177/3945
f 3293/4139/3908 3292/4136/3905 3372/4175/3943 3373/4178/3946
f 3281/4140/3909 3319/4137/3906 3399/4176/3944 3361/4179/3947
f 3307/4141/3910 3306/4138/3907 3386/4177/3945 3387/4180/3948
f 3294/4142/3911 3293/4139/3908 3373/4178/3946 3374/4181/3949
f 3280/4143/3912 3281/4140/3909 3361/4179/3947 3360/4182/3950
f 3308/4144/3913 3307/4141/3910 3387/4180/3948 3388/4183/3951
f 3295/4104/3874 3294/4142/3911 3374/4181/3949 3375/4184/3952
f 3282/4106/3876 3280/4143/3912 3360/4182/3950 3362/4185/3953
f 3309/4108/3878 3308/4144/3913 3388/4183/3951 3389/4145/3914
f 3296/4105/3875 3295/4104/3874 3375/4184/3952 3376/4147/3916
f 3283/4107/3877 3282/4106/3876 3362/4185/3953 3363/4149/3918
f 3759/4186/3954 3754/4187/3955 3577/4188/3956 3578/4189/3957
f 3321/4190/3958 3320/4191/3959 3360/4192/3950 3361/4193/3947
f 3320/4191/3959 3322/4194/3960 3362/4195/3953 3360/4192/3950
f 3322/4194/3960 3323/4196/3961 3363/4197/3918 3362/4195/3953
f 3323/4196/3961 3324/4198/3962 3364/4199/3919 3363/4197/3918
f 3324/4198/3962 3325/4200/3963 3365/4201/3922 3364/4199/3919
f 3325/4200/3963 3326/4202/3964 3366/4203/3925 3365/4201/3922
f 3326/4202/3964 3327/4204/3965 3367/4205/3928 3366/4203/3925
f 3327/4204/3965 3328/4206/3966 3368/4207/3931 3367/4205/3928
f 3328/4206/3966 3329/4208/3967 3369/4209/3934 3368/4207/3931
f 3329/4208/3967 3330/4210/3968 3370/4211/3937 3369/4209/3934
f 3330/4210/3968 3331/4212/3969 3371/4213/3940 3370/4211/3937
f 3331/4212/3969 3332/4214/3970 3372/4215/3943 3371/4213/3940
f 3332/4214/3970 3333/4216/3971 3373/4217/3946 3372/4215/3943
f 3333/4216/3971 3334/4218/3972 3374/4219/3949 3373/4217/3946
f 3334/4218/3972 3335/4220/3973 3375/4221/3952 3374/4219/3949
f 3335/4220/3973 3336/4222/3974 3376/4223/3916 3375/4221/3952
f 3336/4222/3974 3337/4224/3975 3377/4225/3917 3376/4223/3916
f 3337/4224/3975 3338/4226/3976 3378/4227/3921 3377/4225/3917
f 3338/4226/3976 3339/4228/3977 3379/4229/3924 3378/4227/3921
f 3339/4228/3977 3340/4230/3978 3380/4231/3927 3379/4229/3924
f 3340/4230/3978 3341/4232/3979 3381/4233/3930 3380/4231/3927
f 3341/4234/3979 3342/4235/3980 3382/4236/3933 3381/4237/3930
f 3342/4235/3980 3343/4238/3981 3383/4239/3936 3382/4236/3933
f 3343/4238/3981 3344/4240/3982 3384/4241/3939 3383/4239/3936
f 3344/4240/3982 3345/4242/3983 3385/4243/3942 3384/4241/3939
f 3345/4242/3983 3346/4244/3984 3386/4245/3945 3385/4243/3942
f 3346/4244/3984 3347/4246/3985 3387/4247/3948 3386/4245/3945
f 3347/4246/3985 3348/4248/3986 3388/4249/3951 3387/4247/3948
f 3348/4248/3986 3349/4250/3987 3389/4251/3914 3388/4249/3951
f 3349/4250/3987 3350/4252/3988 3390/4253/3915 3389/4251/3914
f 3350/4252/3988 3351/4254/3989 3391/4255/3920 3390/4253/3915
f 3351/4254/3989 3352/4256/3990 3392/4257/3923 3391/4255/3920
f 3352/4256/3990 3353/4258/3991 3393/4259/3926 3392/4257/3923
f 3353/4258/3991 3354/4260/3992 3394/4261/3929 3393/4259/3926
f 3354/4260/3992 3355/4262/3993 3395/4263/3932 3394/4261/3929
f 3355/4262/3993 3356/4264/3994 3396/4265/3935 3395/4263/3932
f 3356/4264/3994 3357/4266/3995 3397/4267/3938 3396/4265/3935
f 3357/4266/3995 3358/4268/3996 3398/4269/3941 3397/4267/3938
f 3358/4268/3996 3359/4270/3997 3399/4271/3944 3398/4269/3941
f 3359/4270/3997 3321/4190/3958 3361/4193/3947 3399/4271/3944
f 3761/4272/3998 3756/4273/3999 3564/4274/4000 3565/4275/4001
f 3763/4276/4002 3758/4277/4003 3591/4278/4004 3592/4279/4005
f 3765/4280/4006 3759/4186/3954 3578/4189/3957 3579/4281/4007
f 3767/4282/4008 3761/4272/3998 3565/4275/4001 3566/4283/4009
f 3769/4284/4010 3763/4276/4002 3592/4279/4005 3593/4285/4011
f 3771/4286/4012 3765/4280/4006 3579/4281/4007 3580/4287/4013
f 3773/4288/4014 3767/4282/4008 3566/4283/4009 3567/4289/4015
f 3775/4290/4016 3769/4284/4010 3593/4285/4011 3594/4291/4017
f 3777/4292/4018 3771/4286/4012 3580/4287/4013 3581/4293/4019
f 3779/4294/4020 3773/4288/4014 3567/4289/4015 3568/4295/4021
f 3781/4296/4022 3775/4290/4016 3594/4291/4017 3595/4297/4023
f 3783/4298/4024 3777/4292/4018 3581/4293/4019 3582/4299/4025
f 3785/4300/4026 3779/4294/4020 3568/4295/4021 3569/4301/4027
f 3787/4302/4028 3781/4296/4022 3595/4297/4023 3596/4303/4029
f 3789/4304/4030 3783/4298/4024 3582/4299/4025 3583/4305/4031
f 3791/4306/4032 3785/4300/4026 3569/4301/4027 3570/4307/4033
f 3793/4308/4034 3787/4302/4028 3596/4303/4029 3597/4309/4035
f 3795/4310/4036 3789/4304/4030 3583/4305/4031 3584/4311/4037
f 3797/4312/4038 3791/4306/4032 3570/4307/4033 3571/4313/4039
f 3799/4314/4040 3793/4308/4034 3597/4309/4035 3598/4315/4041
f 3801/4316/4042 3795/4310/4036 3584/4311/4037 3585/4317/4043
f 3803/4318/4044 3797/4312/4038 3571/4313/4039 3572/4319/4045
f 3805/4320/4046 3799/4314/4040 3598/4315/4041 3599/4321/4047
f 3807/4322/4048 3801/4316/4042 3585/4317/4043 3586/4323/4049
f 3809/4324/4050 3803/4318/4044 3572/4319/4045 3573/4325/4051
f 3811/4326/4052 3805/4320/4046 3599/4321/4047 3600/4327/4053
f 3813/4328/4054 3807/4322/4048 3586/4323/4049 3587/4329/4055
f 3815/4330/4056 3809/4324/4050 3573/4325/4051 3574/4331/4057
f 3817/4332/4058 3811/4326/4052 3600/4327/4053 3562/4333/4059
f 3819/4334/4060 3813/4328/4054 3587/4329/4055 3588/4335/4061
f 3821/4336/4062 3815/4330/4056 3574/4331/4057 3575/4337/4063
f 3823/4338/4064 3817/4332/4058 3562/4333/4059 3561/4339/4065
f 3825/4340/4066 3819/4334/4060 3588/4335/4061 3589/4341/4067
f 3827/4342/4068 3821/4336/4062 3575/4337/4063 3576/4343/4069
f 3829/4344/4070 3823/4338/4064 3561/4339/4065 3563/4345/4071
f 3831/4346/4072 3825/4340/4066 3589/4341/4067 3590/4347/4073
f 3754/4187/3955 3827/4342/4068 3576/4343/4069 3577/4188/3956
f 3756/4273/3999 3829/4344/4070 3563/4345/4071 3564/4274/4000
f 3758/4277/4003 3831/4346/4072 3590/4347/4073 3591/4278/4004
f 3483/4348/4074 3520/4349/4075 3440/4350/4076 3405/4351/4077
f 3482/4352/4078 3519/4353/4079 3439/4354/4080 3403/4355/4081
f 3481/4356/4082 3518/4357/4083 3438/4358/4084 3401/4359/4085
f 3520/4349/4075 3517/4360/4086 3437/4361/4087 3440/4350/4076
f 3519/4353/4079 3516/4362/4088 3436/4363/4089 3439/4354/4080
f 3518/4357/4083 3515/4364/4090 3435/4365/4091 3438/4358/4084
f 3517/4360/4086 3514/4366/4092 3434/4367/4093 3437/4361/4087
f 3516/4362/4088 3513/4368/4094 3433/4369/4095 3436/4363/4089
f 3515/4364/4090 3512/4370/4096 3432/4371/4097 3435/4365/4091
f 3514/4366/4092 3511/4372/4098 3431/4373/4099 3434/4367/4093
f 3513/4368/4094 3510/4374/4100 3430/4375/4101 3433/4369/4095
f 3512/4370/4096 3509/4376/4102 3429/4377/4103 3432/4371/4097
f 3511/4372/4098 3508/4378/4104 3428/4379/4105 3431/4373/4099
f 3510/4374/4100 3507/4380/4106 3427/4381/4107 3430/4375/4101
f 3509/4376/4102 3506/4382/4108 3426/4383/4109 3429/4377/4103
f 3508/4378/4104 3505/4384/4110 3425/4385/4111 3428/4379/4105
f 3507/4380/4106 3504/4386/4112 3424/4387/4113 3427/4381/4107
f 3506/4382/4108 3503/4388/4114 3423/4389/4115 3426/4383/4109
f 3505/4384/4110 3502/4390/4116 3422/4391/4117 3425/4385/4111
f 3504/4386/4112 3501/4392/4118 3421/4393/4119 3424/4387/4113
f 3503/4388/4114 3500/4394/4120 3420/4395/4121 3423/4389/4115
f 3502/4390/4116 3499/4396/4122 3419/4397/4123 3422/4391/4117
f 3501/4392/4118 3498/4398/4124 3418/4399/4125 3421/4393/4119
f 3500/4394/4120 3497/4400/4126 3417/4401/4127 3420/4395/4121
f 3499/4396/4122 3496/4402/4128 3416/4403/4129 3419/4397/4123
f 3498/4398/4124 3495/4404/4130 3415/4405/4131 3418/4399/4125
f 3497/4400/4126 3494/4406/4132 3414/4407/4133 3417/4401/4127
f 3496/4408/4128 3493/4409/4134 3413/4410/4135 3416/4403/4129
f 3495/4404/4130 3492/4411/4136 3412/4412/4137 3415/4405/4131
f 3494/4406/4132 3491/4413/4138 3411/4414/4139 3414/4407/4133
f 3493/4409/4134 3490/4415/4140 3410/4416/4141 3413/4410/4135
f 3492/4411/4136 3489/4417/4142 3409/4418/4143 3412/4412/4137
f 3491/4413/4138 3488/4419/4144 3408/4420/4145 3411/4414/4139
f 3490/4415/4140 3487/4421/4146 3407/4422/4147 3410/4416/4141
f 3489/4417/4142 3486/4423/4148 3406/4424/4149 3409/4418/4143
f 3488/4419/4144 3485/4425/4150 3404/4426/4151 3408/4420/4145
f 3487/4421/4146 3484/4427/4152 3402/4428/4153 3407/4422/4147
f 3486/4423/4148 3483/4348/4074 3405/4351/4077 3406/4424/4149
f 3485/4425/4150 3482/4352/4078 3403/4355/4081 3404/4426/4151
f 3484/4427/4152 3481/4356/4082 3401/4359/4085 3402/4428/4153
f 3441/4429/4154 3444/4430/4155 3520/4349/4075 3483/4348/4074
f 3324/4198/3962 3323/4196/3961 3442/4431/4156 3479/4432/4157
f 3351/4254/3989 3350/4252/3988 3441/4429/4154 3478/4433/4158
f 3338/4226/3976 3337/4224/3975 3480/4434/4159 3477/4435/4160
f 3325/4200/3963 3324/4198/3962 3479/4432/4157 3476/4436/4161
f 3352/4256/3990 3351/4254/3989 3478/4433/4158 3475/4437/4162
f 3339/4228/3977 3338/4226/3976 3477/4435/4160 3474/4438/4163
f 3326/4202/3964 3325/4200/3963 3476/4436/4161 3473/4439/4164
f 3353/4258/3991 3352/4256/3990 3475/4437/4162 3472/4440/4165
f 3340/4230/3978 3339/4228/3977 3474/4438/4163 3471/4441/4166
f 3327/4204/3965 3326/4202/3964 3473/4439/4164 3470/4442/4167
f 3354/4260/3992 3353/4258/3991 3472/4440/4165 3469/4443/4168
f 3341/4232/3979 3340/4230/3978 3471/4441/4166 3468/4444/4169
f 3328/4206/3966 3327/4204/3965 3470/4442/4167 3467/4445/4170
f 3355/4262/3993 3354/4260/3992 3469/4443/4168 3466/4446/4171
f 3342/4235/3980 3341/4234/3979 3468/4447/4169 3465/4448/4172
f 3329/4208/3967 3328/4206/3966 3467/4445/4170 3464/4449/4173
f 3356/4264/3994 3355/4262/3993 3466/4446/4171 3463/4450/4174
f 3343/4238/3981 3342/4235/3980 3465/4448/4172 3462/4451/4175
f 3330/4210/3968 3329/4208/3967 3464/4449/4173 3461/4452/4176
f 3357/4266/3995 3356/4264/3994 3463/4450/4174 3460/4453/4177
f 3344/4240/3982 3343/4238/3981 3462/4451/4175 3459/4454/4178
f 3331/4212/3969 3330/4210/3968 3461/4452/4176 3458/4455/4179
f 3358/4268/3996 3357/4266/3995 3460/4453/4177 3457/4456/4180
f 3345/4242/3983 3344/4240/3982 3459/4454/4178 3456/4457/4181
f 3332/4214/3970 3331/4212/3969 3458/4455/4179 3455/4458/4182
f 3359/4270/3997 3358/4268/3996 3457/4456/4180 3454/4459/4183
f 3346/4244/3984 3345/4242/3983 3456/4457/4181 3453/4460/4184
f 3333/4216/3971 3332/4214/3970 3455/4458/4182 3452/4461/4185
f 3321/4190/3958 3359/4270/3997 3454/4459/4183 3451/4462/4186
f 3347/4246/3985 3346/4244/3984 3453/4460/4184 3450/4463/4187
f 3334/4218/3972 3333/4216/3971 3452/4461/4185 3449/4464/4188
f 3320/4191/3959 3321/4190/3958 3451/4462/4186 3448/4465/4189
f 3348/4248/3986 3347/4246/3985 3450/4463/4187 3447/4466/4190
f 3335/4220/3973 3334/4218/3972 3449/4464/4188 3446/4467/4191
f 3322/4194/3960 3320/4191/3959 3448/4465/4189 3445/4468/4192
f 3349/4250/3987 3348/4248/3986 3447/4466/4190 3444/4430/4155
f 3336/4222/3974 3335/4220/3973 3446/4467/4191 3443/4469/4193
f 3323/4196/3961 3322/4194/3960 3445/4468/4192 3442/4431/4156
f 3350/4252/3988 3349/4250/3987 3444/4430/4155 3441/4429/4154
f 3479/4432/4157 3442/4431/4156 3482/4352/4078 3485/4425/4150
f 3478/4433/4158 3441/4429/4154 3483/4348/4074 3486/4423/4148
f 3477/4435/4160 3480/4434/4159 3484/4427/4152 3487/4421/4146
f 3476/4436/4161 3479/4432/4157 3485/4425/4150 3488/4419/4144
f 3475/4437/4162 3478/4433/4158 3486/4423/4148 3489/4417/4142
f 3474/4438/4163 3477/4435/4160 3487/4421/4146 3490/4415/4140
f 3473/4439/4164 3476/4436/4161 3488/4419/4144 3491/4413/4138
f 3472/4440/4165 3475/4437/4162 3489/4417/4142 3492/4411/4136
f 3471/4441/4166 3474/4438/4163 3490/4415/4140 3493/4409/4134
f 3470/4442/4167 3473/4439/4164 3491/4413/4138 3494/4406/4132
f 3469/4443/4168 3472/4440/4165 3492/4411/4136 3495/4404/4130
f 3468/4444/4169 3471/4441/4166 3493/4409/4134 3496/4408/4128
f 3467/4445/4170 3470/4442/4167 3494/4406/4132 3497/4400/4126
f 3466/4446/4171 3469/4443/4168 3495/4404/4130 3498/4398/4124
f 3465/4448/4172 3468/4447/4169 3496/4402/4128 3499/4396/4122
f 3464/4449/4173 3467/4445/4170 3497/4400/4126 3500/4394/4120
f 3463/4450/4174 3466/4446/4171 3498/4398/4124 3501/4392/4118
f 3462/4451/4175 3465/4448/4172 3499/4396/4122 3502/4390/4116
f 3461/4452/4176 3464/4449/4173 3500/4394/4120 3503/4388/4114
f 3460/4453/4177 3463/4450/4174 3501/4392/4118 3504/4386/4112
f 3459/4454/4178 3462/4451/4175 3502/4390/4116 3505/4384/4110
f 3458/4455/4179 3461/4452/4176 3503/4388/4114 3506/4382/4108
f 3457/4456/4180 3460/4453/4177 3504/4386/4112 3507/4380/4106
f 3456/4457/4181 3459/4454/4178 3505/4384/4110 3508/4378/4104
f 3455/4458/4182 3458/4455/4179 3506/4382/4108 3509/4376/4102
f 3454/4459/4183 3457/4456/4180 3507/4380/4106 3510/4374/4100
f 3453/4460/4184 3456/4457/4181 3508/4378/4104 3511/4372/4098
f 3452/4461/4185 3455/4458/4182 3509/4376/4102 3512/4370/4096
f 3451/4462/4186 3454/4459/4183 3510/4374/4100 3513/4368/4094
f 3450/4463/4187 3453/4460/4184 3511/4372/4098 3514/4366/4092
f 3449/4464/4188 3452/4461/4185 3512/4370/4096 3515/4364/4090
f 3448/4465/4189 3451/4462/4186 3513/4368/4094 3516/4362/4088
f 3447/4466/4190 3450/4463/4187 3514/4366/4092 3517/4360/4086
f 3446/4467/4191 3449/4464/4188 3515/4364/4090 3518/4357/4083
f 3445/4468/4192 3448/4465/4189 3516/4362/4088 3519/4353/4079
f 3444/4430/4155 3447/4466/4190 3517/4360/4086 3520/4349/4075
f 3443/4469/4193 3446/4467/4191 3518/4357/4083 3481/4356/4082
f 3442/4431/4156 3445/4468/4192 3519/4353/4079 3482/4352/4078
f 3337/4224/3975 3336/4222/3974 3443/4469/4193 3480/4434/4159
f 3160/3869/3646 3200/3906/3682 3199/3911/3687 3159/3872/3649
f 3481/4356/4082 3484/4427/4152 3480/4434/4159 3443/4469/4193
f 3279/4470/4194 3522/4471/4195 3521/4472/4195
f 3279/4470/4194 3521/4472/4195 3523/4473/4196
f 3279/4470/4194 3523/4473/4196 3524/4474/4197
f 3279/4470/4194 3524/4474/4197 3525/4475/4198
f 3279/4470/4194 3525/4475/4198 3526/4476/4199
f 3279/4470/4194 3526/4476/4199 3527/4477/4200
f 3279/4470/4194 3527/4477/4200 3528/4478/4201
f 3279/4470/4194 3528/4478/4201 3529/4479/4202
f 3279/4470/4194 3529/4479/4202 3530/4480/4203
f 3279/4470/4194 3530/4480/4203 3531/4481/4204
f 3279/4470/4194 3531/4481/4204 3532/4482/4205
f 3279/4470/4194 3532/4482/4205 3533/4483/4206
f 3279/4470/4194 3533/4483/4206 3534/4484/4207
f 3279/4470/4194 3534/4484/4207 3535/4485/4208
f 3279/4470/4194 3535/4485/4208 3536/4486/4209
f 3279/4470/4194 3536/4486/4209 3537/4487/4210
f 3279/4470/4194 3537/4487/4210 3538/4488/4211
f 3279/4470/4194 3538/4488/4211 3539/4489/4212
f 3279/4470/4194 3539/4489/4212 3540/4490/4213
f 3279/4470/4194 3540/4490/4213 3541/4491/4214
f 3279/4470/4194 3541/4491/4214 3542/4492/4215
f 3279/4470/4194 3542/4492/4215 3543/4493/4216
f 3279/4470/4194 3543/4493/4216 3544/4494/4217
f 3279/4470/4194 3544/4494/4217 3545/4495/4218
f 3279/4470/4194 3545/4495/4218 3546/4496/4219
f 3279/4470/4194 3546/4496/4219 3547/4497/4220
f 3279/4470/4194 3547/4497/4220 3548/4498/4221
f 3279/4470/4194 3548/4498/4221 3549/4499/4222
f 3279/4470/4194 3549/4499/4222 3550/4500/4223
f 3279/4470/4194 3550/4500/4223 3551/4501/4224
f 3279/4470/4194 3551/4501/4224 3552/4502/4225
f 3279/4470/4194 3552/4502/4225 3553/4503/4226
f 3279/4470/4194 3553/4503/4226 3554/4504/4227
f 3279/4470/4194 3554/4504/4227 3555/4505/4228
f 3279/4470/4194 3555/4505/4228 3556/4506/4229
f 3279/4470/4194 3556/4506/4229 3557/4507/4230
f 3279/4470/4194 3557/4507/4230 3558/4508/4231
f 3279/4470/4194 3558/4508/4231 3559/4509/4232
f 3279/4470/4194 3559/4509/4232 3560/4510/4233
f 3279/4470/4194 3560/4510/4233 3522/4471/4195
f 3400/4511/4234 3561/4339/4065 3562/4333/4059
f 3400/4511/4234 3563/4345/4071 3561/4339/4065
f 3400/4511/4234 3564/4274/4000 3563/4345/4071
f 3400/4511/4234 3565/4275/4001 3564/4274/4000
f 3400/4511/4234 3566/4283/4009 3565/4275/4001
f 3400/4511/4234 3567/4289/4015 3566/4283/4009
f 3400/4511/4234 3568/4295/4021 3567/4289/4015
f 3400/4511/4234 3569/4301/4027 3568/4295/4021
f 3400/4511/4234 3570/4307/4033 3569/4301/4027
f 3400/4511/4234 3571/4313/4039 3570/4307/4033
f 3400/4511/4234 3572/4319/4045 3571/4313/4039
f 3400/4511/4234 3573/4325/4051 3572/4319/4045
f 3400/4511/4234 3574/4331/4057 3573/4325/4051
f 3400/4511/4234 3575/4337/4063 3574/4331/4057
f 3400/4511/4234 3576/4343/4069 3575/4337/4063
f 3400/4511/4234 3577/4188/3956 3576/4343/4069
f 3400/4511/4234 3578/4189/3957 3577/4188/3956
f 3400/4511/4234 3579/4281/4007 3578/4189/3957
f 3400/4511/4234 3580/4287/4013 3579/4281/4007
f 3400/4511/4234 3581/4293/4019 3580/4287/4013
f 3400/4511/4234 3582/4299/4025 3581/4293/4019
f 3400/4511/4234 3583/4305/4031 3582/4299/4025
f 3400/4511/4234 3584/4311/4037 3583/4305/4031
f 3400/4511/4234 3585/4317/4043 3584/4311/4037
f 3400/4511/4234 3586/4323/4049 3585/4317/4043
f 3400/4511/4234 3587/4329/4055 3586/4323/4049
f 3400/4511/4234 3588/4335/4061 3587/4329/4055
f 3400/4511/4234 3589/4341/4067 3588/4335/4061
f 3400/4511/4234 3590/4347/4073 3589/4341/4067
f 3400/4511/4234 3591/4278/4004 3590/4347/4073
f 3400/4511/4234 3592/4279/4005 3591/4278/4004
f 3400/4511/4234 3593/4285/4011 3592/4279/4005
f 3400/4511/4234 3594/4291/4017 3593/4285/4011
f 3400/4511/4234 3595/4297/4023 3594/4291/4017
f 3400/4511/4234 3596/4303/4029 3595/4297/4023
f 3400/4511/4234 3597/4309/4035 3596/4303/4029
f 3400/4511/4234 3598/4315/4041 3597/4309/4035
f 3400/4511/4234 3599/4321/4047 3598/4315/4041
f 3400/4511/4234 3600/4327/4053 3599/4321/4047
f 3400/4511/4234 3562/4333/4059 3600/4327/4053
f 3223/4512/3714 3640/4021/3794 3605/3948/3723 3224/4513/3679
f 3236/4514/3713 3639/4019/3792 3603/3944/3719 3237/4515/3677
f 3209/4516/3712 3638/4017/3790 3601/3940/3715 3210/4517/3675
f 3222/4518/3711 3637/4015/3788 3640/4021/3794 3223/4512/3714
f 3235/4519/3710 3636/4013/3786 3639/4019/3792 3236/4514/3713
f 3208/4520/3709 3635/4011/3784 3638/4017/3790 3209/4516/3712
f 3221/4521/3708 3634/4009/3782 3637/4015/3788 3222/4518/3711
f 3234/4522/3707 3633/4005/3780 3636/4013/3786 3235/4519/3710
f 3207/4523/3706 3632/4003/3778 3635/4011/3784 3208/4520/3709
f 3220/4524/3705 3631/4006/3776 3634/4009/3782 3221/4521/3708
f 3233/4525/3704 3630/3999/3774 3633/4005/3780 3234/4522/3707
f 3206/4526/3703 3629/3997/3772 3632/4003/3778 3207/4523/3706
f 3219/4527/3702 3628/3995/3770 3631/4001/3776 3220/4528/3705
f 3232/4529/3701 3627/3993/3768 3630/3999/3774 3233/4525/3704
f 3205/4530/3700 3626/3991/3766 3629/3997/3772 3206/4526/3703
f 3218/4531/3699 3625/3989/3764 3628/3995/3770 3219/4527/3702
f 3231/4532/3698 3624/3987/3762 3627/3993/3768 3232/4529/3701
f 3204/4533/3697 3623/3985/3760 3626/3991/3766 3205/4530/3700
f 3217/4534/3696 3622/3983/3758 3625/3989/3764 3218/4531/3699
f 3230/4535/3695 3621/3981/3756 3624/3987/3762 3231/4532/3698
f 3203/4536/3694 3620/3979/3754 3623/3985/3760 3204/4533/3697
f 3216/4537/3693 3619/3977/3752 3622/3983/3758 3217/4534/3696
f 3229/4538/3692 3618/3975/3750 3621/3981/3756 3230/4535/3695
f 3202/4539/3691 3617/3973/3748 3620/3979/3754 3203/4536/3694
f 3215/4540/3690 3616/3971/3746 3619/3977/3752 3216/4537/3693
f 3228/4541/3689 3615/3969/3744 3618/3975/3750 3229/4538/3692
f 3201/4542/3688 3614/3967/3742 3617/3973/3748 3202/4539/3691
f 3214/4543/3686 3613/3965/3740 3616/3971/3746 3215/4540/3690
f 3227/4544/3685 3612/3963/3738 3615/3969/3744 3228/4541/3689
f 3199/4545/3687 3611/3961/3736 3614/3967/3742 3201/4542/3688
f 3213/4546/3684 3610/3959/3734 3613/3965/3740 3214/4543/3686
f 3226/4547/3683 3609/3957/3732 3612/3963/3738 3227/4544/3685
f 3200/4548/3682 3608/3955/3730 3611/3961/3736 3199/4545/3687
f 3212/4549/3681 3607/3953/3728 3610/3959/3734 3213/4546/3684
f 3225/4550/3680 3606/3951/3726 3609/3957/3732 3226/4547/3683
f 3238/4551/3678 3604/3947/3722 3608/3955/3730 3200/4548/3682
f 3211/4552/3676 3602/3943/3718 3607/3953/3728 3212/4549/3681
f 3224/4513/3679 3605/3948/3723 3606/3951/3726 3225/4550/3680
f 3237/4515/3677 3603/3944/3719 3604/3947/3722 3238/4551/3678
f 3210/4517/3675 3601/3940/3715 3602/3943/3718 3211/4552/3676
f 3647/4553/4235 3641/4554/4236 3646/4555/4237
f 3649/4556/4238 3648/4557/4239 3646/4555/4237
f 3644/4558/4240 3645/4559/4241 3646/4555/4237
f 3642/4560/4242 3643/4561/4243 3646/4555/4237
f 3648/4557/4239 3647/4553/4235 3646/4555/4237
f 3645/4559/4241 3649/4556/4238 3646/4555/4237
f 3643/4562/4243 3644/4558/4240 3646/4555/4237
f 3641/4554/4236 3642/4560/4242 3646/4555/4237
f 3654/4563/4244 3655/4564/4245 3650/4565/4246
f 3653/4566/4247 3655/4564/4245 3656/4567/4248
f 3652/4568/4249 3655/4564/4245 3657/4569/4250
f 3651/4570/4251 3655/4564/4245 3658/4571/4252
f 3656/4567/4248 3655/4564/4245 3654/4563/4244
f 3657/4572/4250 3655/4564/4245 3653/4566/4247
f 3658/4571/4252 3655/4564/4245 3652/4568/4249
f 3650/4565/4246 3655/4564/4245 3651/4570/4251
f 3691/4573/4253 3699/4574/4254 3675/4575/4255 3659/4576/4256
f 3659/4576/4256 3694/4577/4257 3693/4578/4258 3660/4579/4259
f 3691/4573/4253 3708/4580/4260 3677/4581/4261 3699/4574/4254
f 3706/4582/4262 3692/4583/4263 3660/4579/4259 3684/4584/4264
f 3678/4585/4265 3679/4586/4266 3701/4587/4267 3700/4588/4268
f 3694/4577/4257 3661/4589/4269 3662/4590/4270 3693/4578/4258
f 3690/4591/4271 3707/4592/4272 3692/4583/4263 3706/4582/4262
f 3699/4574/4254 3676/4593/4273 3675/4575/4255
f 3684/4584/4264 3685/4594/4274 3706/4582/4262
f 3704/4595/4275 3694/4577/4257 3659/4576/4256 3675/4575/4255
f 3675/4575/4255 3676/4593/4273 3705/4596/4276 3704/4595/4275
f 3662/4590/4270 3678/4585/4265 3700/4588/4268 3693/4578/4258
f 3661/4589/4269 3663/4597/4277 3664/4598/4278 3662/4590/4270
f 3687/4599/4279 3663/4597/4277 3661/4589/4269 3689/4600/4280
f 3686/4601/4281 3703/4602/4282 3702/4603/4283 3687/4599/4279
f 3696/4604/4284 3665/4605/4285 3666/4606/4286 3695/4607/4287
f 3678/4585/4265 3662/4590/4270 3664/4598/4278 3673/4608/4288
f 3669/4609/4289 3670/4610/4290 3698/4611/4291 3697/4612/4292
f 3702/4603/4283 3696/4604/4284 3663/4597/4277 3687/4599/4279
f 3683/4613/4293 3680/4614/4294 3667/4615/4295 3665/4605/4285
f 3671/4616/4296 3670/4610/4290 3669/4609/4289 3672/4617/4297
f 3697/4612/4292 3695/4607/4287 3666/4606/4286 3669/4609/4289
f 3672/4617/4297 3669/4609/4289 3666/4606/4286 3668/4618/4298
f 3682/4619/4299 3681/4620/4300 3680/4614/4294 3683/4613/4293
f 3707/4592/4272 3708/4580/4260 3691/4573/4253 3692/4583/4263
f 3705/4596/4276 3676/4593/4273 3685/4621/4274 3701/4622/4267
f 3700/4588/4268 3684/4584/4264 3660/4579/4259 3693/4578/4258
f 3674/4623/4301 3686/4601/4281 3688/4624/4302 3679/4625/4266
f 3703/4602/4282 3686/4601/4281 3674/4623/4301 3698/4626/4291
f 3697/4612/4292 3673/4608/4288 3664/4598/4278 3695/4607/4287
f 3671/4627/4296 3681/4620/4300 3682/4619/4299 3670/4628/4290
f 3698/4611/4291 3674/4629/4301 3673/4608/4288 3697/4612/4292
f 3703/4602/4282 3698/4626/4291 3670/4628/4290 3682/4619/4299
f 3673/4608/4288 3674/4629/4301 3679/4586/4266 3678/4585/4265
f 3701/4587/4267 3685/4594/4274 3684/4584/4264 3700/4588/4268
f 3705/4596/4276 3701/4622/4267 3679/4625/4266 3688/4624/4302
f 3703/4602/4282 3682/4619/4299 3683/4613/4293 3702/4603/4283
f 3702/4603/4283 3683/4613/4293 3665/4605/4285 3696/4604/4284
f 3688/4624/4302 3686/4601/4281 3687/4599/4279 3689/4600/4280
f 3705/4596/4276 3688/4624/4302 3689/4600/4280 3704/4595/4275
f 3704/4595/4275 3689/4600/4280 3661/4589/4269 3694/4577/4257
f 3665/4605/4285 3667/4615/4295 3668/4618/4298 3666/4606/4286
f 3692/4583/4263 3691/4573/4253 3659/4576/4256 3660/4579/4259
f 3663/4597/4277 3696/4604/4284 3695/4607/4287 3664/4598/4278
f 3735/4630/4303 3709/4631/4304 3721/4632/4305 3743/4633/4306
f 3709/4631/4304 3710/4634/4307 3737/4635/4308 3738/4636/4309
f 3735/4630/4303 3743/4633/4306 3723/4637/4310 3752/4638/4311
f 3750/4639/4312 3728/4640/4313 3710/4634/4307 3736/4641/4314
f 3724/4642/4315 3744/4643/4316 3745/4644/4317 3725/4645/4318
f 3738/4636/4309 3737/4635/4308 3712/4646/4319 3711/4647/4320
f 3734/4648/4321 3750/4639/4312 3736/4641/4314 3751/4649/4322
f 3743/4633/4306 3721/4632/4305 3722/4650/4323
f 3728/4640/4313 3750/4639/4312 3729/4651/4324
f 3748/4652/4325 3721/4632/4305 3709/4631/4304 3738/4636/4309
f 3721/4632/4305 3748/4652/4325 3749/4653/4326 3722/4650/4323
f 3712/4646/4319 3737/4635/4308 3744/4643/4316 3724/4642/4315
f 3711/4647/4320 3712/4646/4319 3714/4654/4327 3713/4655/4328
f 3731/4656/4329 3733/4657/4330 3711/4647/4320 3713/4655/4328
f 3730/4658/4331 3731/4656/4329 3746/4659/4332 3747/4660/4333
f 3740/4661/4334 3739/4662/4335 3716/4663/4336 3715/4664/4337
f 3724/4642/4315 3719/4665/4338 3714/4654/4327 3712/4646/4319
f 3717/4666/4339 3741/4667/4340 3742/4668/4341 3718/4669/4342
f 3746/4659/4332 3731/4656/4329 3713/4655/4328 3740/4661/4334
f 3727/4670/4343 3715/4664/4337 3667/4615/4295 3680/4614/4294
f 3671/4616/4296 3672/4617/4297 3717/4666/4339 3718/4669/4342
f 3741/4667/4340 3717/4666/4339 3716/4663/4336 3739/4662/4335
f 3672/4617/4297 3668/4618/4298 3716/4663/4336 3717/4666/4339
f 3726/4671/4344 3727/4670/4343 3680/4614/4294 3681/4620/4300
f 3751/4649/4322 3736/4641/4314 3735/4630/4303 3752/4638/4311
f 3749/4653/4326 3745/4672/4317 3729/4673/4324 3722/4650/4323
f 3744/4643/4316 3737/4635/4308 3710/4634/4307 3728/4640/4313
f 3720/4674/4345 3725/4675/4318 3732/4676/4346 3730/4658/4331
f 3747/4660/4333 3742/4677/4341 3720/4674/4345 3730/4658/4331
f 3741/4667/4340 3739/4662/4335 3714/4654/4327 3719/4665/4338
f 3671/4627/4296 3718/4678/4342 3726/4671/4344 3681/4620/4300
f 3742/4668/4341 3741/4667/4340 3719/4665/4338 3720/4679/4345
f 3747/4660/4333 3726/4671/4344 3718/4678/4342 3742/4677/4341
f 3719/4665/4338 3724/4642/4315 3725/4645/4318 3720/4679/4345
f 3745/4644/4317 3744/4643/4316 3728/4640/4313 3729/4651/4324
f 3749/4653/4326 3732/4676/4346 3725/4675/4318 3745/4672/4317
f 3747/4660/4333 3746/4659/4332 3727/4670/4343 3726/4671/4344
f 3746/4659/4332 3740/4661/4334 3715/4664/4337 3727/4670/4343
f 3732/4676/4346 3733/4657/4330 3731/4656/4329 3730/4658/4331
f 3749/4653/4326 3748/4652/4325 3733/4657/4330 3732/4676/4346
f 3748/4652/4325 3738/4636/4309 3711/4647/4320 3733/4657/4330
f 3715/4664/4337 3716/4663/4336 3668/4618/4298 3667/4615/4295
f 3736/4641/4314 3710/4634/4307 3709/4631/4304 3735/4630/4303
f 3713/4655/4328 3714/4654/4327 3739/4662/4335 3740/4661/4334
f 3405/4351/4077 3440/4350/4076 3832/4680/4347 3757/4681/4348
f 3757/4681/4348 3832/4680/4347 3831/4346/4072 3758/4277/4003
f 3403/4355/4081 3439/4354/4080 3830/4682/4349 3755/4683/4350
f 3755/4683/4350 3830/4682/4349 3829/4344/4070 3756/4273/3999
f 3401/4359/4085 3438/4358/4084 3828/4684/4351 3753/4685/4352
f 3753/4685/4352 3828/4684/4351 3827/4342/4068 3754/4187/3955
f 3440/4350/4076 3437/4361/4087 3826/4686/4353 3832/4680/4347
f 3832/4680/4347 3826/4686/4353 3825/4340/4066 3831/4346/4072
f 3439/4354/4080 3436/4363/4089 3824/4687/4354 3830/4682/4349
f 3830/4682/4349 3824/4687/4354 3823/4338/4064 3829/4344/4070
f 3438/4358/4084 3435/4365/4091 3822/4688/4355 3828/4684/4351
f 3828/4684/4351 3822/4688/4355 3821/4336/4062 3827/4342/4068
f 3437/4361/4087 3434/4367/4093 3820/4689/4356 3826/4686/4353
f 3826/4686/4353 3820/4689/4356 3819/4334/4060 3825/4340/4066
f 3436/4363/4089 3433/4369/4095 3818/4690/4357 3824/4687/4354
f 3824/4687/4354 3818/4690/4357 3817/4332/4058 3823/4338/4064
f 3435/4365/4091 3432/4371/4097 3816/4691/4358 3822/4688/4355
f 3822/4688/4355 3816/4691/4358 3815/4330/4056 3821/4336/4062
f 3434/4367/4093 3431/4373/4099 3814/4692/4359 3820/4689/4356
f 3820/4689/4356 3814/4692/4359 3813/4328/4054 3819/4334/4060
f 3433/4369/4095 3430/4375/4101 3812/4693/4360 3818/4690/4357
f 3818/4690/4357 3812/4693/4360 3811/4326/4052 3817/4332/4058
f 3432/4371/4097 3429/4377/4103 3810/4694/4361 3816/4691/4358
f 3816/4691/4358 3810/4694/4361 3809/4324/4050 3815/4330/4056
f 3431/4373/4099 3428/4379/4105 3808/4695/4362 3814/4692/4359
f 3814/4692/4359 3808/4695/4362 3807/4322/4048 3813/4328/4054
f 3430/4375/4101 3427/4381/4107 3806/4696/4363 3812/4693/4360
f 3812/4693/4360 3806/4696/4363 3805/4320/4046 3811/4326/4052
f 3429/4377/4103 3426/4383/4109 3804/4697/4364 3810/4694/4361
f 3810/4694/4361 3804/4697/4364 3803/4318/4044 3809/4324/4050
f 3428/4379/4105 3425/4385/4111 3802/4698/4365 3808/4695/4362
f 3808/4695/4362 3802/4698/4365 3801/4316/4042 3807/4322/4048
f 3427/4381/4107 3424/4387/4113 3800/4699/4366 3806/4696/4363
f 3806/4696/4363 3800/4699/4366 3799/4314/4040 3805/4320/4046
f 3426/4383/4109 3423/4389/4115 3798/4700/4367 3804/4697/4364
f 3804/4697/4364 3798/4700/4367 3797/4312/4038 3803/4318/4044
f 3425/4385/4111 3422/4391/4117 3796/4701/4368 3802/4698/4365
f 3802/4698/4365 3796/4701/4368 3795/4310/4036 3801/4316/4042
f 3424/4387/4113 3421/4393/4119 3794/4702/4369 3800/4699/4366
f 3800/4699/4366 3794/4702/4369 3793/4308/4034 3799/4314/4040
f 3423/4389/4115 3420/4395/4121 3792/4703/4370 3798/4700/4367
f 3798/4700/4367 3792/4703/4370 3791/4306/4032 3797/4312/4038
f 3422/4391/4117 3419/4397/4123 3790/4704/4371 3796/4701/4368
f 3796/4701/4368 3790/4704/4371 3789/4304/4030 3795/4310/4036
f 3421/4393/4119 3418/4399/4125 3788/4705/4372 3794/4702/4369
f 3794/4702/4369 3788/4705/4372 3787/4302/4028 3793/4308/4034
f 3420/4395/4121 3417/4401/4127 3786/4706/4373 3792/4703/4370
f 3792/4703/4370 3786/4706/4373 3785/4300/4026 3791/4306/4032
f 3419/4397/4123 3416/4403/4129 3784/4707/4374 3790/4704/4371
f 3790/4704/4371 3784/4707/4374 3783/4298/4024 3789/4304/4030
f 3418/4399/4125 3415/4405/4131 3782/4708/4375 3788/4705/4372
f 3788/4705/4372 3782/4708/4375 3781/4296/4022 3787/4302/4028
f 3417/4401/4127 3414/4407/4133 3780/4709/4376 3786/4706/4373
f 3786/4706/4373 3780/4709/4376 3779/4294/4020 3785/4300/4026
f 3416/4403/4129 3413/4410/4135 3778/4710/4377 3784/4707/4374
f 3784/4707/4374 3778/4710/4377 3777/4292/4018 3783/4298/4024
f 3415/4405/4131 3412/4412/4137 3776/4711/4378 3782/4708/4375
f 3782/4708/4375 3776/4711/4378 3775/4290/4016 3781/4296/4022
f 3414/4407/4133 3411/4414/4139 3774/4712/4379 3780/4709/4376
f 3780/4709/4376 3774/4712/4379 3773/4288/4014 3779/4294/4020
f 3413/4410/4135 3410/4416/4141 3772/4713/4380 3778/4710/4377
f 3778/4710/4377 3772/4713/4380 3771/4286/4012 3777/4292/4018
f 3412/4412/4137 3409/4418/4143 3770/4714/4381 3776/4711/4378
f 3776/4711/4378 3770/4714/4381 3769/4284/4010 3775/4290/4016
f 3411/4414/4139 3408/4420/4145 3768/4715/4382 3774/4712/4379
f 3774/4712/4379 3768/4715/4382 3767/4282/4008 3773/4288/4014
f 3410/4416/4141 3407/4422/4147 3766/4716/4383 3772/4713/4380
f 3772/4713/4380 3766/4716/4383 3765/4280/4006 3771/4286/4012
f 3409/4418/4143 3406/4424/4149 3764/4717/4384 3770/4714/4381
f 3770/4714/4381 3764/4717/4384 3763/4276/4002 3769/4284/4010
f 3408/4420/4145 3404/4426/4151 3762/4718/4385 3768/4715/4382
f 3768/4715/4382 3762/4718/4385 3761/4272/3998 3767/4282/4008
f 3407/4422/4147 3402/4428/4153 3760/4719/4386 3766/4716/4383
f 3766/4716/4383 3760/4719/4386 3759/4186/3954 3765/4280/4006
f 3406/4424/4149 3405/4351/4077 3757/4681/4348 3764/4717/4384
f 3764/4717/4384 3757/4681/4348 3758/4277/4003 3763/4276/4002
f 3404/4426/4151 3403/4355/4081 3755/4683/4350 3762/4718/4385
f 3762/4718/4385 3755/4683/4350 3756/4273/3999 3761/4272/3998
f 3402/4428/4153 3401/4359/4085 3753/4685/4352 3760/4719/4386
f 3760/4719/4386 3753/4685/4352 3754/4187/3955 3759/4186/3954
